// auto-generated by generate_initializers.sh
extern const unsigned char g_fsr4_model_v07_fp8_no_scale_performance_initializers_data[] = {
    0x59, 0x20, 0x55, 0x22, 0xfe, 0x25, 0xe9, 0xa5, 0xa6, 0x2a, 0x0d, 0xb2,
    0xbc, 0x31, 0x00, 0x00, 0x4b, 0x26, 0x15, 0x34, 0x3b, 0x37, 0xb2, 0x28,
    0x3e, 0x9d, 0x46, 0x22, 0x23, 0x2d, 0x00, 0x00, 0xa3, 0x33, 0xae, 0x2f,
    0x91, 0xb4, 0x35, 0xad, 0x39, 0xa4, 0x7f, 0x21, 0x23, 0x31, 0x00, 0x00,
    0x2f, 0x2e, 0xd8, 0x30, 0xce, 0xb4, 0x31, 0xb2, 0x80, 0x24, 0xd0, 0x27,
    0x59, 0x32, 0x00, 0x00, 0x34, 0xb1, 0xef, 0xa8, 0x6c, 0xbb, 0xfe, 0x28,
    0xbc, 0xb1, 0xa3, 0xa9, 0xf6, 0x31, 0x00, 0x00, 0x66, 0xaf, 0xd8, 0xaf,
    0x96, 0xba, 0xf8, 0x2c, 0x04, 0xab, 0xc9, 0xae, 0xc7, 0x32, 0x00, 0x00,
    0xda, 0x34, 0x4a, 0xb0, 0xbd, 0x21, 0xcb, 0x9d, 0x8d, 0xac, 0x3c, 0x2a,
    0x1b, 0x16, 0x00, 0x00, 0xde, 0x33, 0x00, 0xb0, 0x75, 0x32, 0x0b, 0x2c,
    0x24, 0xa8, 0x16, 0x25, 0x0c, 0xa2, 0x00, 0x00, 0x5e, 0x9a, 0x17, 0xa6,
    0xaa, 0x2c, 0x25, 0x2b, 0x1b, 0xa8, 0x12, 0xb5, 0x91, 0x2a, 0x00, 0x00,
    0x8f, 0x27, 0xc3, 0x9a, 0xf4, 0x25, 0x95, 0xa8, 0x14, 0xb0, 0xf6, 0xb6,
    0x78, 0xa9, 0x00, 0x00, 0x71, 0x2e, 0x1e, 0xae, 0x13, 0xb6, 0x06, 0x23,
    0x17, 0x1e, 0x88, 0x2b, 0xab, 0xaa, 0x00, 0x00, 0x35, 0x2f, 0x05, 0xad,
    0x53, 0xb1, 0x34, 0x2d, 0xd5, 0x9c, 0x07, 0x20, 0x30, 0xa4, 0x00, 0x00,
    0x10, 0x31, 0x09, 0x29, 0x83, 0x35, 0xa0, 0xac, 0xaa, 0xaa, 0x40, 0x2a,
    0xa6, 0xa1, 0x00, 0x00, 0x82, 0x26, 0x8d, 0xb4, 0x0e, 0x35, 0x09, 0xa8,
    0x1a, 0xa6, 0xe5, 0xad, 0x57, 0x24, 0x00, 0x00, 0x70, 0x2e, 0x1d, 0xb2,
    0xdd, 0x36, 0x46, 0xac, 0x06, 0xb0, 0xf6, 0x2a, 0xa1, 0x2c, 0x00, 0x00,
    0xa0, 0x2e, 0x3f, 0xb1, 0x77, 0x38, 0x61, 0xae, 0x36, 0xac, 0xf4, 0x2a,
    0x2e, 0x2f, 0x00, 0x00, 0x58, 0x29, 0xbe, 0xb1, 0x03, 0x32, 0x35, 0xb5,
    0xf4, 0x35, 0x20, 0xb0, 0xe2, 0x30, 0x00, 0x00, 0x12, 0x2d, 0xb2, 0xb1,
    0x89, 0x32, 0xe9, 0xb4, 0x34, 0x34, 0x9e, 0xa6, 0x6c, 0x2c, 0x00, 0x00,
    0x7b, 0x32, 0x97, 0xad, 0xf4, 0xba, 0x63, 0xa8, 0x1c, 0x2a, 0x7f, 0xa0,
    0x63, 0xa1, 0x00, 0x00, 0x00, 0x31, 0x66, 0xad, 0x94, 0xbb, 0x38, 0xa2,
    0xaf, 0x2c, 0x06, 0xad, 0x8c, 0xa1, 0x00, 0x00, 0x3d, 0xaa, 0x08, 0x2a,
    0x3c, 0xb8, 0x4f, 0xad, 0x89, 0x2d, 0xb4, 0xa6, 0x38, 0xab, 0x00, 0x00,
    0x2c, 0xa8, 0x7c, 0xa3, 0x38, 0xb6, 0xa7, 0xa7, 0x09, 0x27, 0x47, 0xac,
    0x91, 0xad, 0x00, 0x00, 0x00, 0xb1, 0x0a, 0x30, 0xc0, 0x37, 0xdf, 0xa8,
    0xf1, 0xad, 0x19, 0x1d, 0x57, 0x32, 0x00, 0x00, 0xbd, 0xac, 0xa7, 0x2c,
    0x78, 0x38, 0x6f, 0x2b, 0xcb, 0x9d, 0x2b, 0xb1, 0x9c, 0x32, 0x00, 0x00,
    0x05, 0xaf, 0xe8, 0x30, 0x4d, 0xb8, 0x5f, 0xb1, 0x36, 0xb1, 0x83, 0x30,
    0xb6, 0x2d, 0x00, 0x00, 0x7b, 0xad, 0xd6, 0x30, 0xf9, 0xb8, 0x77, 0xb0,
    0x4e, 0xb1, 0xd7, 0x2f, 0x60, 0x2b, 0x00, 0x00, 0x9e, 0xb6, 0x8e, 0x26,
    0xc2, 0x23, 0x57, 0xa6, 0x40, 0xa8, 0xe0, 0x28, 0xd6, 0xa4, 0x00, 0x00,
    0x7f, 0x32, 0x4c, 0x9a, 0x75, 0xb0, 0x01, 0xac, 0x20, 0xa3, 0x52, 0x2d,
    0x53, 0xa8, 0x00, 0x00, 0x6b, 0xab, 0xda, 0x2f, 0x89, 0xb5, 0xc5, 0x31,
    0x05, 0x31, 0x72, 0xb3, 0xad, 0x9d, 0x00, 0x00, 0x15, 0x25, 0x2d, 0x1d,
    0x42, 0xb5, 0xe2, 0x32, 0x13, 0x2c, 0x08, 0xb2, 0xbd, 0xaa, 0x00, 0x00,
    0xe0, 0x30, 0x5d, 0xb1, 0xd7, 0xb4, 0x1f, 0x27, 0x4c, 0xaf, 0x01, 0xa4,
    0x53, 0x2f, 0x00, 0x00, 0x6e, 0x31, 0x24, 0xb1, 0x24, 0xb8, 0xcd, 0xa5,
    0x8a, 0xb0, 0x39, 0x2b, 0x3f, 0x29, 0x00, 0x00, 0x4f, 0x2b, 0x7c, 0xaa,
    0x2a, 0x2f, 0xeb, 0xae, 0x40, 0xae, 0xb9, 0xa1, 0x7c, 0x2b, 0x00, 0x00,
    0x6d, 0x2e, 0x6f, 0x30, 0xce, 0x36, 0xc5, 0xa8, 0x24, 0xb1, 0xec, 0x30,
    0x6c, 0x28, 0x00, 0x00, 0xd6, 0xaf, 0x43, 0x2f, 0x60, 0xb5, 0x88, 0xb0,
    0x97, 0x1a, 0x78, 0x25, 0xf8, 0x31, 0x00, 0x00, 0x92, 0xb5, 0x6a, 0x31,
    0x8a, 0xb6, 0x41, 0xb2, 0x08, 0x21, 0x5e, 0x26, 0x31, 0x34, 0x00, 0x00,
    0x4b, 0x28, 0x83, 0x30, 0x34, 0xbc, 0x60, 0xab, 0xb7, 0xb1, 0xa9, 0x2d,
    0xf5, 0x2c, 0x00, 0x00, 0x5a, 0xa8, 0x0a, 0x25, 0x02, 0xbc, 0x3b, 0x9c,
    0xf7, 0xb1, 0xe6, 0x27, 0x3f, 0x32, 0x00, 0x00, 0xd0, 0x11, 0xb1, 0xaa,
    0x8c, 0x2c, 0xbe, 0xa4, 0xbf, 0xa8, 0xe6, 0x20, 0x8e, 0x91, 0x00, 0x00,
    0x33, 0xb3, 0x3c, 0xae, 0x66, 0x34, 0xed, 0x29, 0xe1, 0xa9, 0x79, 0xa9,
    0xfc, 0x21, 0x00, 0x00, 0xf4, 0xa3, 0xee, 0xa4, 0x81, 0x2d, 0x3c, 0xaa,
    0xda, 0xad, 0x97, 0xb4, 0xda, 0xab, 0x00, 0x00, 0xac, 0x24, 0x14, 0x22,
    0xbd, 0x2d, 0x0a, 0xa7, 0x13, 0xaf, 0x82, 0xb3, 0x4c, 0x22, 0x00, 0x00,
    0x2f, 0x2e, 0x38, 0xb1, 0x61, 0xb8, 0x73, 0xad, 0x66, 0x2b, 0x86, 0x2c,
    0xc3, 0xaa, 0x00, 0x00, 0x2f, 0x34, 0xb8, 0xaf, 0xa3, 0xb5, 0xf2, 0xa5,
    0xc8, 0x2c, 0x06, 0x2d, 0x4c, 0xa4, 0x00, 0x00, 0x12, 0x30, 0x7f, 0x35,
    0x00, 0x39, 0x2f, 0x23, 0xd6, 0x29, 0x57, 0x2e, 0xf4, 0x10, 0x00, 0x00,
    0xcd, 0x31, 0xdd, 0xa3, 0x99, 0x36, 0x9a, 0xa7, 0x8f, 0x12, 0xb7, 0x29,
    0xcf, 0xa9, 0x00, 0x00, 0xf5, 0x2c, 0x7b, 0xb0, 0xaf, 0x38, 0x56, 0x25,
    0x70, 0xab, 0xf8, 0xa8, 0x6f, 0x2e, 0x00, 0x00, 0xbe, 0x30, 0x87, 0xad,
    0x42, 0x3a, 0x18, 0xad, 0x52, 0xab, 0x21, 0x30, 0x29, 0x2d, 0x00, 0x00,
    0x3b, 0x2e, 0xf3, 0xaf, 0x0c, 0x30, 0x84, 0xb4, 0x6e, 0x35, 0x16, 0xac,
    0x26, 0x32, 0x00, 0x00, 0x24, 0x2e, 0x62, 0xb0, 0xba, 0x31, 0x73, 0xb5,
    0x3e, 0x34, 0x5a, 0x9f, 0x7d, 0x2e, 0x00, 0x00, 0x61, 0x31, 0xa2, 0xaf,
    0x0d, 0xbb, 0x17, 0x2c, 0x8e, 0x9f, 0x46, 0xad, 0x3b, 0xa9, 0x00, 0x00,
    0x7f, 0x33, 0xea, 0xae, 0x84, 0xbb, 0x0e, 0x2d, 0x04, 0x2e, 0x0d, 0xb1,
    0x09, 0x97, 0x00, 0x00, 0x32, 0xad, 0xb1, 0x31, 0xbb, 0xb6, 0x62, 0xaa,
    0x79, 0x2a, 0xea, 0x30, 0x46, 0xb1, 0x00, 0x00, 0xf3, 0xb3, 0xbe, 0x2d,
    0x47, 0xb4, 0x1b, 0xa6, 0x53, 0x85, 0x08, 0x32, 0x1d, 0xb1, 0x00, 0x00,
    0x59, 0xac, 0x9d, 0x2b, 0x08, 0x38, 0x40, 0xaa, 0x46, 0xab, 0x7e, 0x2b,
    0x29, 0x30, 0x00, 0x00, 0xee, 0xa4, 0x5a, 0x24, 0x9b, 0x39, 0x3f, 0x24,
    0x58, 0xa9, 0xbb, 0xab, 0x1b, 0x32, 0x00, 0x00, 0xc3, 0xaf, 0x8a, 0x2c,
    0xee, 0xb9, 0x00, 0xb0, 0xee, 0x9c, 0x1b, 0xa5, 0xfe, 0x30, 0x00, 0x00,
    0x9f, 0xae, 0xdf, 0x2d, 0xfa, 0xb9, 0xc9, 0xb0, 0x80, 0xa9, 0x9d, 0x2b,
    0x3a, 0x2f, 0x00, 0x00, 0xe6, 0xb1, 0x93, 0x30, 0x5c, 0x25, 0xbd, 0xa1,
    0x25, 0xa8, 0x73, 0x28, 0x98, 0x9c, 0x00, 0x00, 0xae, 0x33, 0x64, 0x2b,
    0x3f, 0xb1, 0x29, 0xa3, 0x88, 0xa8, 0x63, 0x1f, 0x94, 0x1e, 0x00, 0x00,
    0x0f, 0xb4, 0x59, 0x2c, 0xd3, 0xb4, 0x63, 0x34, 0xad, 0x2d, 0x54, 0xb4,
    0xec, 0x26, 0x00, 0x00, 0xab, 0xb0, 0x7c, 0x30, 0xef, 0xb4, 0x59, 0x2d,
    0x91, 0x2c, 0x29, 0xac, 0x8e, 0xae, 0x00, 0x00, 0x31, 0x30, 0x5c, 0xb1,
    0xe9, 0xb4, 0xe6, 0x92, 0xb9, 0xac, 0x13, 0x2f, 0x89, 0x2d, 0x00, 0x00,
    0x61, 0x31, 0x3e, 0xb1, 0x28, 0xb8, 0x4c, 0xa9, 0x73, 0xb2, 0x98, 0x2f,
    0x26, 0x2a, 0x00, 0x00, 0x00, 0x80, 0xb4, 0x3d, 0x00, 0xc0, 0xbc, 0x3d,
    0x00, 0x20, 0x92, 0xbc, 0x00, 0x80, 0xff, 0xbc, 0x00, 0x20, 0x2e, 0xbd,
    0x00, 0x20, 0x36, 0x3d, 0x00, 0x80, 0x0a, 0x3e, 0x00, 0xa0, 0x6c, 0xbd,
    0x00, 0x20, 0xac, 0xbd, 0x00, 0x20, 0x80, 0x3d, 0x00, 0x80, 0x65, 0xbd,
    0x00, 0xa0, 0x52, 0xbc, 0x00, 0x00, 0x32, 0x38, 0x00, 0x20, 0xab, 0x3c,
    0x00, 0x40, 0xdc, 0xba, 0x00, 0x20, 0x6b, 0xbc, 0x5a, 0xa0, 0x76, 0x3c,
    0x9d, 0xc4, 0x0b, 0xbd, 0xd0, 0xa3, 0xa7, 0x3c, 0xee, 0x51, 0x71, 0xbc,
    0x9a, 0xb8, 0x07, 0x3d, 0x04, 0x80, 0xc4, 0xbb, 0xd5, 0x3f, 0xdf, 0xbc,
    0x8d, 0x05, 0x1e, 0xbd, 0xb2, 0xdf, 0x04, 0xbc, 0x29, 0x49, 0x17, 0x3d,
    0xc0, 0x05, 0x51, 0x3d, 0xe8, 0x59, 0xd6, 0x3b, 0xbc, 0x9f, 0x99, 0xbc,
    0x96, 0x59, 0x33, 0xbd, 0x1b, 0x89, 0x29, 0x3c, 0xa1, 0x3d, 0x7a, 0x3c,
    0x3e, 0x0d, 0x91, 0xbe, 0x51, 0x65, 0x99, 0x3d, 0x9d, 0x72, 0xa1, 0x3d,
    0x5d, 0x2c, 0x85, 0xbd, 0x52, 0x97, 0x12, 0x3e, 0x9d, 0x9d, 0x0d, 0x3e,
    0xea, 0xa2, 0xab, 0x3c, 0x8f, 0xe5, 0x2e, 0x3d, 0x5a, 0x36, 0x8f, 0x3d,
    0xcc, 0x1e, 0x5d, 0x3e, 0x9a, 0x25, 0xaa, 0x3d, 0x77, 0x2b, 0x11, 0x3d,
    0x0e, 0xe0, 0xc4, 0x3d, 0x6b, 0xc9, 0xc6, 0x3d, 0xd9, 0x78, 0xb7, 0x3d,
    0xbe, 0x7a, 0x4a, 0x3e, 0xd4, 0x69, 0x47, 0xbe, 0x97, 0x97, 0x36, 0x3d,
    0x5f, 0x42, 0x94, 0x3d, 0xbb, 0xde, 0x17, 0x3e, 0xa3, 0xc3, 0xbf, 0x3d,
    0xb6, 0xf3, 0x3c, 0x3e, 0xdb, 0x06, 0x7c, 0x3c, 0x51, 0x16, 0x92, 0x3d,
    0x48, 0x3b, 0x5f, 0x3c, 0x10, 0x80, 0x96, 0x3d, 0x04, 0x1d, 0xb5, 0x3b,
    0xd4, 0x0d, 0x19, 0x3d, 0xf3, 0x47, 0xfa, 0x3c, 0xc3, 0x4e, 0x8a, 0xbb,
    0xc8, 0xe9, 0xc7, 0xbd, 0x00, 0x6f, 0x91, 0x3d, 0x43, 0x39, 0x61, 0xbd,
    0xc9, 0x66, 0x5c, 0x3d, 0x46, 0xa0, 0x94, 0x3d, 0xeb, 0xd4, 0x09, 0xbd,
    0xa1, 0x31, 0xfe, 0xbb, 0x57, 0x06, 0x21, 0x3d, 0x73, 0x88, 0xae, 0x3d,
    0x18, 0x0e, 0xe8, 0xbb, 0xc8, 0xff, 0x1c, 0xbc, 0x3b, 0xde, 0x21, 0x3d,
    0x0b, 0xe1, 0x16, 0xbe, 0xd7, 0x65, 0x02, 0xbe, 0x78, 0x0a, 0x14, 0xbc,
    0xa8, 0x3c, 0x66, 0x3b, 0x2d, 0x76, 0x02, 0xbd, 0x7a, 0xb4, 0x27, 0xbd,
    0xd8, 0xdf, 0xc5, 0x3b, 0x22, 0x8c, 0xc6, 0x3d, 0x1d, 0x11, 0x93, 0x3c,
    0x21, 0xe9, 0xa8, 0x3b, 0x64, 0x8b, 0xc1, 0x3d, 0x7a, 0x46, 0xa5, 0xbb,
    0x24, 0x78, 0x8d, 0x3d, 0x54, 0x35, 0xbf, 0xbd, 0xa6, 0xae, 0x03, 0x3c,
    0xa8, 0x83, 0xbb, 0x3c, 0x6e, 0x09, 0x8e, 0x3d, 0x62, 0x2a, 0x11, 0xbd,
    0x67, 0x28, 0x53, 0x3d, 0xc8, 0xcf, 0xf2, 0x39, 0x3d, 0x0a, 0x9c, 0x3c,
    0x94, 0x61, 0x32, 0x3d, 0x80, 0x04, 0xa4, 0x3d, 0x1e, 0xa1, 0x19, 0x3d,
    0x8a, 0xff, 0x93, 0x3d, 0xc5, 0xfe, 0x13, 0x3d, 0x71, 0xd2, 0x50, 0xbe,
    0x7b, 0x0d, 0xac, 0xbe, 0x57, 0x52, 0x8b, 0x3c, 0xd9, 0x8a, 0x16, 0x3d,
    0x00, 0x1b, 0x6d, 0x3e, 0xf8, 0x48, 0x3a, 0xbd, 0x05, 0xb3, 0xd2, 0x3c,
    0x89, 0xa1, 0xf8, 0xbc, 0xa8, 0xbf, 0xc0, 0x3d, 0xb7, 0xc9, 0xb6, 0xbc,
    0x73, 0x9c, 0xd2, 0x3c, 0x86, 0xa0, 0x01, 0xbe, 0xae, 0x8e, 0x25, 0x3d,
    0x60, 0x0e, 0xd3, 0xbc, 0x8c, 0xc2, 0x1a, 0x3c, 0x6f, 0xf2, 0x6b, 0xbe,
    0x61, 0xf8, 0x7d, 0x3c, 0x11, 0x4e, 0x07, 0x3d, 0x08, 0x40, 0x3b, 0xbd,
    0x95, 0x48, 0x10, 0x3e, 0x1d, 0x70, 0x04, 0x3d, 0xbe, 0x01, 0xae, 0x3d,
    0xdb, 0xeb, 0x94, 0x3d, 0x9d, 0x45, 0x80, 0x3c, 0x2b, 0x3b, 0x5d, 0xbc,
    0x33, 0x93, 0xe0, 0x3d, 0xd2, 0xc0, 0x43, 0x3d, 0x6a, 0xb3, 0x61, 0x3d,
    0x81, 0xb8, 0x8e, 0xbd, 0x26, 0xba, 0xbb, 0x3d, 0xce, 0xba, 0x8f, 0xbb,
    0x2a, 0xac, 0x53, 0xbc, 0xb9, 0xda, 0x07, 0xbc, 0x93, 0x6c, 0x04, 0x3d,
    0x20, 0x45, 0x85, 0x3d, 0xb1, 0x35, 0x93, 0x3d, 0x1f, 0x17, 0x7a, 0x3d,
    0x61, 0x3c, 0x67, 0x3c, 0x1b, 0xf4, 0x12, 0xbd, 0x95, 0xc3, 0x8d, 0x3d,
    0x31, 0x6c, 0xd9, 0xbd, 0x5b, 0xde, 0x84, 0xbd, 0x21, 0xc7, 0x80, 0x3c,
    0xec, 0x74, 0xa5, 0xbd, 0x09, 0x0b, 0xe0, 0x3c, 0xce, 0x0b, 0x8e, 0x3c,
    0xe4, 0x78, 0xdd, 0x3b, 0xad, 0x8c, 0xd6, 0xbc, 0xc0, 0xee, 0x8a, 0xbb,
    0xaf, 0xd2, 0xfd, 0x3b, 0xc0, 0x0b, 0xd2, 0x3b, 0x0e, 0x3e, 0x24, 0xbc,
    0x23, 0xea, 0x35, 0x3b, 0x65, 0xa4, 0x9b, 0x3b, 0x8b, 0x6c, 0x27, 0x3c,
    0x0e, 0xd3, 0x4e, 0xbc, 0x8c, 0x38, 0x6b, 0x3c, 0x93, 0x89, 0x9a, 0x3c,
    0xdd, 0xe4, 0xb2, 0xbc, 0x51, 0x57, 0x91, 0xbc, 0x06, 0xc9, 0x81, 0x3d,
    0xa8, 0x93, 0x96, 0xbc, 0x5f, 0xb0, 0xa8, 0xba, 0x77, 0x23, 0xea, 0x3b,
    0x8a, 0x24, 0xc1, 0xba, 0xd6, 0xc3, 0xdc, 0x3d, 0x0f, 0x3b, 0x55, 0x3d,
    0xc2, 0x33, 0xe1, 0x3d, 0x6e, 0xd6, 0xc6, 0x3c, 0x45, 0x40, 0x3d, 0xbd,
    0x72, 0x06, 0x8a, 0xbd, 0x5c, 0x1d, 0x6a, 0x3d, 0x6c, 0xe3, 0x89, 0x3a,
    0xaa, 0x7c, 0x01, 0x3d, 0x87, 0x83, 0x67, 0xbc, 0xbf, 0xe2, 0xfa, 0xbc,
    0xe3, 0x31, 0xbd, 0xb8, 0x7a, 0x56, 0xf3, 0xb9, 0xeb, 0x8b, 0xf7, 0x39,
    0x35, 0x76, 0x86, 0xb8, 0x53, 0x72, 0x34, 0x37, 0xaf, 0x58, 0x3b, 0xb9,
    0x73, 0x7a, 0x90, 0x39, 0x7f, 0xd7, 0x90, 0x39, 0x21, 0x4c, 0x8c, 0x39,
    0x98, 0x10, 0x86, 0xb8, 0xe7, 0xdc, 0x82, 0xb9, 0xff, 0xa4, 0x10, 0x3a,
    0x53, 0x44, 0x1e, 0x39, 0xde, 0x95, 0xa3, 0xb9, 0xa5, 0xf3, 0x7c, 0x38,
    0x25, 0x56, 0x8e, 0x39, 0x15, 0xfb, 0xff, 0xbd, 0x71, 0x08, 0x9e, 0xbd,
    0x48, 0xef, 0x97, 0xbc, 0xc7, 0x48, 0x00, 0xbe, 0x64, 0x6a, 0x03, 0xbd,
    0xd8, 0xb7, 0x2c, 0xbd, 0xac, 0x56, 0x60, 0xbd, 0xbd, 0x0a, 0x4f, 0xbd,
    0x1a, 0x20, 0x61, 0xbd, 0xf9, 0x76, 0xc9, 0xbc, 0x3d, 0xe0, 0x40, 0xbd,
    0xd5, 0x30, 0x7b, 0xbe, 0xa1, 0xa2, 0x36, 0xbd, 0x69, 0x91, 0x35, 0xbd,
    0x60, 0x71, 0x4e, 0xbd, 0xe8, 0x1c, 0xc9, 0xbc, 0x61, 0x06, 0xcf, 0xbc,
    0x7b, 0xa9, 0x5f, 0xbd, 0x0b, 0x98, 0xb3, 0xbc, 0xc5, 0x59, 0x1f, 0xbd,
    0xe0, 0xaa, 0x56, 0xbd, 0xc7, 0xfc, 0x9b, 0xbd, 0xc3, 0x60, 0xa5, 0xbd,
    0x31, 0xe9, 0x4e, 0xbe, 0x1b, 0x7c, 0x4e, 0xbd, 0xc9, 0xb8, 0x9c, 0xbc,
    0xd6, 0xf5, 0x71, 0xbd, 0x97, 0x91, 0x7e, 0x3d, 0x90, 0xc7, 0x15, 0xbd,
    0xcc, 0x5e, 0x36, 0xbd, 0x5e, 0xa1, 0x5a, 0xbd, 0xc3, 0x2c, 0x67, 0xbd,
    0x7b, 0xb4, 0xef, 0xbd, 0x07, 0x2f, 0x99, 0xbd, 0xc4, 0x63, 0x8f, 0xbd,
    0x8b, 0xd9, 0xbb, 0xbc, 0xca, 0xad, 0xbb, 0xbd, 0xed, 0x74, 0x57, 0xbd,
    0x54, 0x2d, 0x9d, 0xbd, 0x4c, 0x9a, 0x71, 0xbd, 0x69, 0xb1, 0x8a, 0x3d,
    0x19, 0x9d, 0x5f, 0x3d, 0x8b, 0xf2, 0x30, 0xbd, 0xa5, 0xed, 0x14, 0xbc,
    0x4c, 0x73, 0x8e, 0x3d, 0x36, 0x9a, 0x51, 0xbe, 0xf2, 0x26, 0x64, 0xbc,
    0x81, 0x19, 0xf3, 0x3b, 0x53, 0xe8, 0xdc, 0x3c, 0xa4, 0x0e, 0x8a, 0xbd,
    0x1e, 0x1d, 0x6b, 0x3c, 0xd8, 0xd4, 0x8e, 0xbd, 0x58, 0x16, 0x0e, 0xbd,
    0x98, 0xb9, 0x41, 0xbd, 0x3e, 0x6e, 0x39, 0xbd, 0x71, 0x40, 0x11, 0x3c,
    0xdd, 0xed, 0xbb, 0x3d, 0xe2, 0xeb, 0x90, 0xbd, 0x2b, 0x90, 0x63, 0xbd,
    0x25, 0xcd, 0xdd, 0xbc, 0xfe, 0x7e, 0xa3, 0xbc, 0x47, 0x9b, 0x98, 0xbd,
    0xa6, 0x8a, 0x4a, 0xbd, 0xed, 0x14, 0x3c, 0xbd, 0xcf, 0x93, 0x8f, 0x38,
    0x50, 0xad, 0xb8, 0xb8, 0x3f, 0x66, 0x5d, 0xb9, 0x05, 0x74, 0xd7, 0xb9,
    0xd0, 0x70, 0x16, 0xba, 0xea, 0xcf, 0x2a, 0xb9, 0x8e, 0x92, 0xb4, 0x37,
    0x14, 0xf5, 0xae, 0xb7, 0xc0, 0xf2, 0xb5, 0x39, 0x5a, 0x46, 0x1b, 0xba,
    0x02, 0xfd, 0x9c, 0xb7, 0x07, 0x4d, 0x84, 0x38, 0x4b, 0x49, 0x0d, 0xba,
    0x56, 0x5a, 0xc2, 0xb8, 0x3b, 0x0c, 0x8e, 0x38, 0x81, 0x95, 0xc2, 0xb9,
    0x7a, 0x6b, 0x63, 0x39, 0x00, 0xfd, 0x71, 0xb9, 0xf4, 0x02, 0x25, 0xb9,
    0x24, 0x6a, 0x3e, 0xba, 0xba, 0x74, 0xb7, 0xb8, 0xea, 0x5e, 0xb2, 0x39,
    0xef, 0xc6, 0x35, 0xb9, 0x10, 0x4b, 0x12, 0x3a, 0x40, 0xb1, 0x94, 0x38,
    0x47, 0x4f, 0x0a, 0x3a, 0xf0, 0x8c, 0x44, 0x38, 0x89, 0xf0, 0x97, 0x39,
    0x3c, 0xad, 0xb5, 0x39, 0xc4, 0x24, 0x21, 0xba, 0x60, 0x1a, 0xc3, 0xb8,
    0x45, 0xb8, 0x55, 0xba, 0x68, 0x57, 0x5d, 0x39, 0xc5, 0x04, 0x16, 0xb9,
    0xe5, 0xeb, 0x16, 0x38, 0x6a, 0xd3, 0x25, 0x3a, 0x7b, 0x25, 0x9a, 0x39,
    0x02, 0x80, 0x02, 0x3a, 0x8d, 0x69, 0x25, 0x3a, 0xa1, 0x11, 0x2d, 0x39,
    0xab, 0x54, 0xf2, 0x38, 0x4d, 0x17, 0xc8, 0xb9, 0x37, 0xfb, 0x3a, 0x3a,
    0x6a, 0xdb, 0x3d, 0xba, 0x37, 0x3d, 0x9a, 0xb9, 0xfa, 0x00, 0xe3, 0x39,
    0xff, 0x3d, 0x8c, 0xb8, 0xad, 0xb6, 0x94, 0x38, 0xf4, 0x1c, 0xd1, 0xbd,
    0xb9, 0xf9, 0xfc, 0xbc, 0x77, 0xba, 0x1b, 0x3d, 0x63, 0xaa, 0x0f, 0xbd,
    0x24, 0x56, 0x3a, 0x3c, 0xf3, 0x18, 0x9e, 0x3d, 0x8d, 0x31, 0x5e, 0xbd,
    0x14, 0x64, 0x60, 0xbd, 0x6d, 0x97, 0x90, 0xbd, 0x6c, 0xde, 0xff, 0xbc,
    0xc0, 0x18, 0x10, 0xbd, 0x2c, 0xb7, 0x84, 0xbd, 0x45, 0x2b, 0x7c, 0xbc,
    0x8e, 0xa7, 0x61, 0xbd, 0xad, 0x7c, 0x31, 0xbd, 0x1f, 0x42, 0xd0, 0xbd,
    0x5e, 0x1b, 0xac, 0xbc, 0x93, 0x9d, 0x72, 0xbe, 0xed, 0x37, 0x4c, 0xbd,
    0x57, 0x37, 0x0c, 0xbd, 0xa7, 0x0d, 0xa7, 0xbc, 0x50, 0x00, 0x1d, 0xbd,
    0x07, 0x78, 0x04, 0xbc, 0x66, 0x24, 0x26, 0x3d, 0x3d, 0x97, 0xca, 0xbd,
    0xd7, 0x5a, 0xa6, 0xbc, 0x3f, 0x03, 0x66, 0x3d, 0x66, 0xea, 0x6a, 0xbd,
    0x5a, 0xb7, 0x6d, 0xbd, 0xe4, 0x8f, 0x1f, 0xbd, 0x5d, 0x5f, 0xb6, 0xbd,
    0x5d, 0xef, 0x9e, 0x3d, 0x7d, 0x98, 0xd3, 0xbc, 0x4e, 0x47, 0xba, 0xbc,
    0x44, 0x71, 0x0d, 0xbd, 0x35, 0x4b, 0xeb, 0x3b, 0x4f, 0x2a, 0x97, 0xbd,
    0x7e, 0xaf, 0x1e, 0xbd, 0x99, 0x1b, 0xf7, 0xbd, 0x42, 0xb7, 0xa3, 0xbc,
    0x2b, 0x29, 0xce, 0xbc, 0x4b, 0x2d, 0x33, 0x3d, 0x86, 0x3b, 0xad, 0xbd,
    0x47, 0x15, 0xa7, 0xbd, 0x49, 0x22, 0x14, 0xbc, 0xc5, 0xec, 0xeb, 0x3a,
    0x6d, 0x1e, 0x99, 0xbd, 0x58, 0x04, 0x9d, 0xbd, 0x1a, 0xda, 0xae, 0xbc,
    0xbf, 0x3f, 0xf9, 0xbc, 0x9b, 0x11, 0x96, 0xbd, 0x11, 0xf0, 0xab, 0xbd,
    0x1c, 0x87, 0xef, 0xbd, 0xd8, 0x6e, 0x5e, 0xbd, 0xbe, 0x3c, 0x99, 0x3b,
    0x81, 0x68, 0x96, 0xbd, 0x09, 0x86, 0xbd, 0xbd, 0x21, 0x35, 0xce, 0xbc,
    0xb4, 0x6a, 0xc1, 0xbc, 0xe3, 0xc3, 0xa2, 0xbd, 0x3b, 0xbb, 0x0a, 0xbd,
    0xc4, 0x1b, 0x5b, 0xbd, 0xb8, 0xd2, 0x88, 0xbd, 0x15, 0xb8, 0x8c, 0xbd,
    0xf2, 0xc0, 0x74, 0x39, 0x69, 0x3b, 0x40, 0x39, 0xc5, 0x66, 0xd0, 0xb8,
    0x60, 0xeb, 0xba, 0x37, 0x08, 0xd8, 0xdf, 0x39, 0x00, 0xb0, 0xa0, 0x39,
    0xe7, 0x14, 0x99, 0x38, 0xa3, 0x79, 0x24, 0x38, 0x10, 0xfb, 0xc6, 0xb7,
    0xf7, 0x01, 0xd4, 0xb8, 0x4d, 0x63, 0x8a, 0x38, 0x7d, 0xcd, 0x29, 0x39,
    0x87, 0xf8, 0xb3, 0x39, 0x52, 0x88, 0xf9, 0xb8, 0x10, 0x43, 0xe3, 0xb7,
    0x6b, 0xcb, 0x16, 0xb9, 0x75, 0x11, 0xbb, 0x38, 0x10, 0xe5, 0x9a, 0x39,
    0x17, 0xc6, 0x25, 0x39, 0xf7, 0x12, 0x62, 0xb8, 0x7b, 0xa7, 0xe5, 0x39,
    0xd7, 0x91, 0xac, 0xb8, 0xe2, 0x2e, 0xa0, 0xb8, 0xab, 0xfc, 0x11, 0xb8,
    0x33, 0x1d, 0xb4, 0x38, 0xe5, 0x19, 0x4a, 0x39, 0xc7, 0x18, 0xc1, 0xb7,
    0xfb, 0x72, 0x85, 0xb9, 0x84, 0xbf, 0x8c, 0xb8, 0x54, 0xc6, 0x20, 0x39,
    0x1d, 0x33, 0xe5, 0xb9, 0x04, 0x2b, 0x8b, 0x39, 0x69, 0xc8, 0x66, 0xbe,
    0x57, 0xe2, 0x1c, 0x3e, 0x1d, 0xf8, 0x86, 0xbd, 0x13, 0x7d, 0xa1, 0x3c,
    0xf9, 0xcc, 0x1e, 0x3b, 0x81, 0x68, 0x44, 0xbd, 0x05, 0x49, 0xf4, 0x3d,
    0x0d, 0xf9, 0x90, 0xbd, 0xcb, 0x67, 0x47, 0xbc, 0x78, 0x48, 0x01, 0xbe,
    0xe5, 0xc2, 0x96, 0xbd, 0x49, 0xb2, 0x2d, 0x3c, 0xbd, 0xff, 0xea, 0xbd,
    0x3a, 0x4c, 0x45, 0x3d, 0x5d, 0xa3, 0x39, 0xbd, 0xaf, 0x58, 0x0f, 0x3d,
    0x58, 0xab, 0xa3, 0x3b, 0xf6, 0xf6, 0x12, 0x3c, 0x98, 0xc9, 0x27, 0x3a,
    0x02, 0x89, 0x9e, 0x3c, 0xcf, 0x2d, 0xa3, 0x3d, 0x46, 0x13, 0x5d, 0x3d,
    0x12, 0x86, 0x94, 0x3b, 0x01, 0x21, 0xe2, 0x3d, 0x2e, 0x9f, 0x49, 0x3d,
    0x82, 0xc7, 0x54, 0x3c, 0x1e, 0x99, 0xf9, 0x3c, 0x24, 0xfa, 0x47, 0xbd,
    0x41, 0x98, 0x55, 0xbb, 0x50, 0x68, 0xc8, 0xbd, 0xb9, 0xad, 0xce, 0xbc,
    0x84, 0xa3, 0x19, 0x3d, 0xa6, 0x60, 0x40, 0x3d, 0x71, 0xfe, 0x5d, 0xbd,
    0xbe, 0x9f, 0x81, 0x3c, 0x3f, 0x0d, 0x94, 0x3d, 0xbc, 0x2a, 0xaa, 0x3d,
    0xd8, 0x27, 0x11, 0xbd, 0x4d, 0xc7, 0x08, 0xbd, 0x71, 0xc7, 0xcd, 0x3d,
    0x8b, 0xa3, 0x18, 0xbd, 0xd0, 0xb6, 0x82, 0xbd, 0x99, 0xc9, 0x61, 0xbc,
    0xd3, 0x93, 0x2b, 0xbe, 0x60, 0x26, 0x8c, 0xbd, 0x3e, 0x12, 0x81, 0x3b,
    0x1d, 0x99, 0x3e, 0xbd, 0xfe, 0xcc, 0x39, 0x3e, 0xe4, 0x78, 0x5d, 0x3d,
    0xb7, 0xe9, 0x92, 0xbd, 0xdf, 0xf3, 0x56, 0x3d, 0x85, 0x39, 0xf4, 0x3d,
    0x19, 0x03, 0x07, 0xbd, 0xee, 0x29, 0xcd, 0xbd, 0x44, 0xcc, 0x7a, 0xbd,
    0x31, 0x87, 0x86, 0xbd, 0xb4, 0x5c, 0x6e, 0x3e, 0x28, 0xef, 0x0f, 0xbe,
    0x46, 0x59, 0x1e, 0xbe, 0xa6, 0x41, 0xe7, 0x3c, 0x45, 0x90, 0xf2, 0xbd,
    0x54, 0x83, 0x5b, 0x3c, 0xd0, 0xc5, 0x06, 0xbd, 0x1a, 0x0d, 0x4d, 0xbc,
    0x98, 0x57, 0x28, 0x39, 0x3f, 0x17, 0x25, 0x39, 0xda, 0xaf, 0x75, 0x3a,
    0x58, 0x54, 0x24, 0xba, 0x43, 0x15, 0x31, 0xba, 0x41, 0x73, 0x1e, 0xb9,
    0xf5, 0x8f, 0x00, 0xb9, 0x82, 0x42, 0xfc, 0x39, 0xe7, 0x8e, 0x29, 0x3a,
    0x70, 0x87, 0x66, 0xb9, 0x90, 0x98, 0xf4, 0xb9, 0x9d, 0x54, 0x47, 0xb9,
    0x8b, 0x44, 0x11, 0xba, 0xb3, 0x60, 0x68, 0x38, 0xe0, 0x04, 0x67, 0xb9,
    0x67, 0x3c, 0xca, 0x39, 0xf4, 0xee, 0xa0, 0xb9, 0x3f, 0x8a, 0x94, 0x39,
    0x6f, 0xae, 0x88, 0x3a, 0xbb, 0xf3, 0x90, 0xb9, 0x97, 0xe2, 0x86, 0x3a,
    0xcf, 0x76, 0x0c, 0xb8, 0x77, 0x5a, 0x3b, 0xb8, 0x55, 0x97, 0xfb, 0x38,
    0xaf, 0x61, 0x4a, 0x3a, 0x18, 0xcc, 0xe1, 0xb9, 0x60, 0xab, 0x3f, 0xb8,
    0x62, 0xf5, 0xf2, 0x39, 0xf3, 0x3e, 0x7a, 0xb9, 0xfb, 0x29, 0xb7, 0x37,
    0x13, 0x1c, 0x63, 0xb9, 0xca, 0x21, 0xdd, 0x39, 0x2b, 0x30, 0xb7, 0xbd,
    0x7c, 0x5e, 0x0d, 0xbe, 0x3b, 0x2d, 0xf1, 0xbd, 0x33, 0x93, 0xdd, 0xbd,
    0xf6, 0x4a, 0x6b, 0x3d, 0x08, 0xc3, 0xf7, 0xbd, 0x75, 0xf3, 0x45, 0xbd,
    0xec, 0xdc, 0x65, 0xbe, 0x32, 0x58, 0x9c, 0x3d, 0xdf, 0x6a, 0xe8, 0xbc,
    0x04, 0xd1, 0x8f, 0xbd, 0x24, 0x0a, 0x46, 0xbe, 0xaf, 0x9a, 0xae, 0xbd,
    0x7f, 0x37, 0x82, 0xbd, 0xfe, 0x85, 0xc6, 0x3d, 0xe7, 0x85, 0xd2, 0xbd,
    0x8e, 0x3c, 0xfd, 0xbc, 0xc0, 0xe7, 0x22, 0xbc, 0xae, 0x4a, 0x95, 0x3d,
    0x16, 0x90, 0x7b, 0x3d, 0xa2, 0x4e, 0x46, 0x3b, 0x10, 0x40, 0x8a, 0xbd,
    0x9b, 0x36, 0xc5, 0xbc, 0xe3, 0x1e, 0x07, 0x3d, 0xda, 0x1f, 0x13, 0xbd,
    0x48, 0x8d, 0xe3, 0x3c, 0x92, 0x22, 0x28, 0x3c, 0xd6, 0xad, 0x28, 0xbe,
    0x83, 0x5b, 0x77, 0xbd, 0x48, 0xe9, 0x4b, 0xbd, 0x7b, 0xc5, 0x46, 0x3d,
    0x6c, 0xeb, 0x47, 0x3d, 0x23, 0xfe, 0x21, 0xbd, 0x00, 0x8f, 0x91, 0xbe,
    0x45, 0xa6, 0x31, 0xbe, 0x7a, 0xd0, 0xd0, 0xbd, 0x1b, 0x4c, 0x5b, 0xbd,
    0x4e, 0x21, 0x50, 0xbe, 0xf8, 0x1c, 0x06, 0xbe, 0x93, 0x05, 0x6f, 0xbd,
    0x50, 0x28, 0x53, 0xbc, 0x8c, 0xad, 0x56, 0xbd, 0x6d, 0x00, 0x0e, 0xbe,
    0x36, 0x1c, 0xd4, 0x3c, 0x1e, 0x59, 0x55, 0xbe, 0x1b, 0x81, 0x87, 0xbb,
    0xfc, 0x92, 0xd3, 0xbc, 0xa4, 0x24, 0xf5, 0xbd, 0x43, 0x56, 0x4d, 0xbd,
    0x1c, 0x1e, 0x94, 0xbc, 0x89, 0xaf, 0xbc, 0xbc, 0xcf, 0x3c, 0x96, 0xbe,
    0x06, 0x2a, 0xe7, 0xbc, 0x12, 0xa8, 0x1f, 0xbe, 0x9c, 0x92, 0x95, 0xbd,
    0x5b, 0x84, 0x83, 0x3c, 0x09, 0xca, 0x2d, 0xbd, 0xc5, 0x52, 0x3b, 0xbd,
    0x5c, 0xdf, 0x35, 0xbd, 0x6b, 0x60, 0x01, 0x3d, 0x5d, 0xe1, 0x9c, 0xbd,
    0x91, 0x5e, 0x50, 0xbd, 0x4a, 0xda, 0xb5, 0xbe, 0x0d, 0xf4, 0x6d, 0xbd,
    0x9a, 0x0c, 0xc3, 0x3d, 0x05, 0x3e, 0xd2, 0xbd, 0xd7, 0x4a, 0x3f, 0x3d,
    0x28, 0x5d, 0xc7, 0xbd, 0x27, 0xd9, 0xdf, 0xbd, 0x3b, 0xa9, 0x34, 0xba,
    0x19, 0xb5, 0x7a, 0xbd, 0xbe, 0x2d, 0x16, 0xbe, 0xb7, 0x05, 0xfc, 0xbd,
    0x28, 0xf7, 0xe0, 0xbe, 0x34, 0x43, 0xb9, 0x3b, 0x1d, 0x1f, 0x08, 0xbd,
    0x8e, 0x7e, 0xbd, 0xbd, 0xd7, 0x5f, 0x99, 0x3d, 0xea, 0x58, 0x03, 0xbd,
    0xde, 0xd3, 0x9c, 0x3d, 0x70, 0xf6, 0x12, 0xbe, 0x18, 0xf0, 0xbe, 0xbd,
    0xf2, 0x95, 0x9a, 0xbd, 0xd2, 0x99, 0x09, 0x3d, 0x30, 0xf0, 0xa4, 0x3d,
    0x85, 0x08, 0x10, 0xbd, 0x5c, 0x39, 0xaa, 0xbd, 0x6f, 0x81, 0x25, 0xbe,
    0x40, 0xd5, 0xf5, 0xbc, 0x87, 0x50, 0xf4, 0xbd, 0xaf, 0x88, 0x88, 0xbc,
    0xb0, 0x36, 0x81, 0xbc, 0xab, 0x7b, 0xb3, 0xbd, 0x26, 0xf2, 0xce, 0xbd,
    0x3f, 0x0d, 0x9c, 0xbd, 0x3c, 0x9f, 0xa4, 0x3c, 0x84, 0x61, 0xc1, 0xbc,
    0xc7, 0x7a, 0x1e, 0xbd, 0x75, 0x8f, 0xe4, 0xbc, 0x05, 0xe3, 0x9c, 0xbd,
    0x9e, 0x39, 0x3b, 0x3d, 0x60, 0x03, 0x5c, 0x3e, 0x7c, 0x51, 0x9c, 0x3d,
    0xf4, 0x3d, 0x49, 0x3c, 0xfe, 0x2b, 0xfe, 0xbd, 0x0c, 0x19, 0x27, 0xbe,
    0x2d, 0x53, 0x7f, 0xbd, 0xf6, 0x1f, 0xa0, 0xbd, 0xaa, 0x17, 0x00, 0x3d,
    0xb6, 0x37, 0x51, 0x3b, 0x39, 0xa6, 0x8c, 0x3d, 0xcd, 0x29, 0xcb, 0xbd,
    0x9a, 0xc1, 0x52, 0xbe, 0x7b, 0x0b, 0xfc, 0xbc, 0xd6, 0xfc, 0x42, 0xbe,
    0x8e, 0xa5, 0x56, 0xbd, 0x80, 0x91, 0x6a, 0x3d, 0xc8, 0x2e, 0xdb, 0xbc,
    0x9a, 0xd4, 0xe4, 0xbd, 0xfb, 0x99, 0x0f, 0x3d, 0x3e, 0x76, 0xbc, 0xbd,
    0xc0, 0xc1, 0xc3, 0xbd, 0x8d, 0x34, 0x08, 0xbe, 0xb8, 0x4f, 0xd9, 0xbd,
    0x96, 0x4d, 0x50, 0xbe, 0x83, 0xab, 0x4c, 0xbb, 0xdb, 0x67, 0xa5, 0xbd,
    0x9d, 0x4f, 0x2b, 0xbd, 0xb3, 0x77, 0x45, 0x38, 0xf3, 0x3c, 0x54, 0x38,
    0xff, 0x85, 0x4c, 0xb9, 0xb9, 0xb3, 0xaa, 0x39, 0xf5, 0xf3, 0x8f, 0xba,
    0xbb, 0x2b, 0x98, 0xb8, 0x0c, 0x27, 0x86, 0xb9, 0xbb, 0xa9, 0x09, 0xb9,
    0x62, 0x8c, 0x1a, 0x39, 0x60, 0x80, 0x5d, 0xb8, 0x1f, 0xcb, 0xca, 0x39,
    0xf2, 0x9e, 0x0b, 0x3a, 0xd0, 0xda, 0x88, 0xb9, 0x81, 0x6f, 0x15, 0xb9,
    0x67, 0x27, 0x69, 0xba, 0x83, 0x78, 0x70, 0x39, 0xb2, 0x74, 0xe5, 0x38,
    0xe5, 0xe0, 0x36, 0x3a, 0xec, 0x40, 0x06, 0x38, 0xe0, 0x13, 0xe9, 0xb9,
    0xd0, 0xff, 0x8c, 0xb9, 0x15, 0x33, 0x05, 0x3a, 0xaf, 0x60, 0x16, 0x3a,
    0xa3, 0xcc, 0x0c, 0x39, 0x67, 0x39, 0x6c, 0xb6, 0x48, 0x4e, 0x8f, 0xb9,
    0x5f, 0x42, 0x99, 0x38, 0x3f, 0x55, 0xd5, 0x38, 0x98, 0xde, 0x6a, 0x38,
    0xdb, 0x1a, 0xa7, 0xb9, 0x7d, 0xe6, 0xd8, 0x39, 0x30, 0xb4, 0xa9, 0x38,
    0x37, 0xef, 0x42, 0xba, 0x32, 0x5f, 0x0d, 0xba, 0x19, 0xe0, 0x35, 0xba,
    0xfa, 0xfe, 0xf6, 0xb9, 0x0f, 0x2c, 0x43, 0xba, 0x1c, 0xad, 0x1f, 0x3a,
    0x77, 0x71, 0x23, 0x39, 0xd0, 0x3a, 0x92, 0xb9, 0x4b, 0xe7, 0x88, 0x39,
    0x0b, 0x18, 0x19, 0xb8, 0x03, 0x49, 0x54, 0x3a, 0x73, 0xa9, 0x65, 0xb7,
    0xc3, 0xd0, 0xa7, 0xba, 0xf7, 0x3b, 0x08, 0xba, 0x75, 0xe6, 0x62, 0xba,
    0x05, 0x50, 0x57, 0xba, 0x87, 0x8e, 0xaf, 0xba, 0xc2, 0x5c, 0xee, 0x38,
    0x65, 0xb4, 0x93, 0xb9, 0xcb, 0x91, 0xa4, 0x39, 0x1f, 0x93, 0xfc, 0xb8,
    0x29, 0xf7, 0x17, 0xb9, 0x0a, 0x8f, 0x52, 0x39, 0xd5, 0x51, 0x89, 0x3a,
    0x3d, 0x0e, 0xe9, 0x38, 0x15, 0xfe, 0x83, 0xba, 0x30, 0xa6, 0x8e, 0xb7,
    0xd8, 0xba, 0x9a, 0x3a, 0x4d, 0x38, 0x8d, 0xb9, 0x40, 0x1f, 0xda, 0xb9,
    0xbf, 0xdf, 0xe7, 0x39, 0x12, 0x8e, 0x75, 0xba, 0x4f, 0x02, 0x75, 0x3a,
    0x9a, 0x23, 0xac, 0xb8, 0x71, 0x7d, 0x01, 0xba, 0xc3, 0xe9, 0x8e, 0xba,
    0xe8, 0xff, 0x22, 0xba, 0x32, 0x24, 0x74, 0x38, 0xe9, 0x68, 0xca, 0x39,
    0x7c, 0x69, 0x04, 0x3a, 0x41, 0xce, 0x8c, 0xb9, 0x5b, 0x58, 0xb0, 0xb9,
    0x8b, 0x68, 0x19, 0x3a, 0x8f, 0x92, 0x92, 0xb8, 0x2b, 0xb4, 0x00, 0xba,
    0x1b, 0x8b, 0x92, 0xb9, 0x63, 0x75, 0x53, 0xb9, 0x87, 0xa6, 0x4a, 0x39,
    0x37, 0x1b, 0x3b, 0xba, 0xcf, 0xe5, 0xa0, 0x39, 0x6a, 0x26, 0x27, 0x3a,
    0x37, 0xd5, 0xc1, 0x39, 0x7d, 0xd9, 0x59, 0xb8, 0xd3, 0x1d, 0xc3, 0x39,
    0x27, 0x2a, 0x8a, 0x39, 0xdf, 0xb4, 0x7f, 0xba, 0x79, 0x67, 0x3d, 0x3a,
    0xdc, 0x04, 0x0c, 0xb9, 0xe9, 0x2d, 0x9a, 0x39, 0x6f, 0xcc, 0x89, 0x3a,
    0x8e, 0x13, 0x3e, 0xb9, 0xdb, 0x16, 0x06, 0xba, 0x6b, 0x9f, 0xc1, 0x39,
    0x75, 0x0f, 0xf0, 0xb9, 0x20, 0x18, 0x38, 0xbe, 0x8d, 0x2d, 0x8d, 0xbe,
    0x9d, 0x44, 0x6e, 0xbe, 0x96, 0x44, 0x92, 0xbd, 0x34, 0x21, 0x1c, 0x3d,
    0xc4, 0xa1, 0x00, 0xbe, 0x2f, 0x6b, 0x16, 0xbe, 0x0f, 0xc7, 0x62, 0xbc,
    0x12, 0xbd, 0x9a, 0xbd, 0xf8, 0x12, 0x67, 0xbe, 0xbd, 0xc0, 0x01, 0x3c,
    0x9d, 0xf6, 0xea, 0x3c, 0x00, 0x9b, 0x49, 0xbc, 0x25, 0x29, 0xfb, 0xbd,
    0x31, 0xeb, 0xb5, 0xbc, 0x3f, 0xd9, 0xfb, 0x3d, 0xce, 0xc7, 0x1e, 0x3d,
    0x7e, 0x97, 0xfb, 0xbd, 0xca, 0xe6, 0xd4, 0xbc, 0x80, 0x71, 0x2a, 0xbe,
    0x98, 0xc0, 0xe8, 0x3a, 0x5c, 0x48, 0x0b, 0xbe, 0xd0, 0x7d, 0x0e, 0x3c,
    0xf3, 0x91, 0x19, 0xbe, 0x23, 0xb0, 0xf7, 0x3d, 0x4c, 0x30, 0x60, 0x3d,
    0xdf, 0x26, 0x3b, 0xbe, 0x95, 0x21, 0x99, 0xbe, 0x4e, 0x8b, 0xec, 0x3c,
    0x07, 0x30, 0x71, 0xbd, 0x73, 0x11, 0x0c, 0xbc, 0xe2, 0xa9, 0xed, 0xbd,
    0x89, 0xb0, 0xb0, 0xbb, 0x70, 0x34, 0x79, 0x3c, 0x26, 0xf4, 0x18, 0xbe,
    0x02, 0x8b, 0xc1, 0xbb, 0x87, 0x2e, 0x00, 0xbd, 0xa6, 0xf9, 0x2b, 0x3d,
    0x8f, 0xed, 0x6b, 0xbb, 0x69, 0xac, 0x0a, 0xbe, 0x52, 0xb1, 0x8f, 0xbd,
    0x0a, 0x5a, 0x38, 0x3d, 0xe6, 0x7b, 0x05, 0xbe, 0xb8, 0x8f, 0xc2, 0x3d,
    0x14, 0x78, 0x4d, 0x3d, 0x06, 0x34, 0xd9, 0x3c, 0x27, 0xd4, 0xfd, 0xbd,
    0xcf, 0x01, 0x9c, 0x3c, 0x02, 0x13, 0x7b, 0xbd, 0xa3, 0x6e, 0xae, 0xbd,
    0x1e, 0x5c, 0xb0, 0xbd, 0xd0, 0xae, 0x0e, 0xbe, 0xfe, 0xf5, 0xf8, 0xbc,
    0xe8, 0x16, 0x9c, 0xbd, 0x30, 0xaa, 0xf3, 0x3b, 0xed, 0xc6, 0xa9, 0x3d,
    0xdc, 0x0b, 0x27, 0x3b, 0xad, 0x93, 0x17, 0xbe, 0x75, 0x41, 0xd0, 0x3d,
    0x94, 0x96, 0x27, 0x3d, 0x4a, 0xb4, 0x03, 0xbe, 0x39, 0x15, 0xd5, 0xbd,
    0x2b, 0x41, 0x98, 0xbd, 0xa0, 0x63, 0x15, 0xbe, 0x6c, 0x26, 0x93, 0xbd,
    0x21, 0xe8, 0x91, 0xbd, 0x09, 0xc8, 0x45, 0x3d, 0xa9, 0xb6, 0x6e, 0xbd,
    0xc3, 0xca, 0x8d, 0xbd, 0x98, 0xf3, 0x66, 0xbd, 0xef, 0xd1, 0x36, 0xbd,
    0x5d, 0x78, 0x61, 0xbd, 0x9e, 0xcc, 0x36, 0xbd, 0x4b, 0x05, 0x0f, 0xbe,
    0xcc, 0x1b, 0xdd, 0x3c, 0xaa, 0x16, 0x40, 0xbb, 0x8d, 0x8f, 0x84, 0xbd,
    0x88, 0xbb, 0x65, 0xbd, 0x6f, 0xa4, 0x5f, 0xbd, 0xd8, 0x77, 0x84, 0x3b,
    0x16, 0xcd, 0xc8, 0xbd, 0xda, 0x68, 0x5f, 0xbe, 0xe4, 0xaf, 0x10, 0xbc,
    0xa7, 0xb7, 0xd5, 0x3d, 0x29, 0x63, 0xcb, 0xbb, 0xf7, 0x44, 0x93, 0xbd,
    0xaf, 0x1b, 0xb3, 0x3d, 0x2e, 0x2f, 0x49, 0x3d, 0x9b, 0xbb, 0x92, 0xbe,
    0xce, 0x27, 0x6c, 0xbd, 0xa2, 0x2b, 0xc0, 0xbc, 0xac, 0xbd, 0x9c, 0x3d,
    0xd4, 0xc1, 0x21, 0xbe, 0x16, 0xad, 0x72, 0xbe, 0x44, 0xfc, 0x66, 0x3d,
    0x3c, 0xc2, 0xfb, 0xbc, 0xa7, 0x11, 0xaa, 0xbd, 0xc1, 0x70, 0xcc, 0x3b,
    0x26, 0xc1, 0x3c, 0x3d, 0x49, 0xc8, 0xba, 0xbc, 0x00, 0x35, 0x4c, 0xbe,
    0xdc, 0xbf, 0x07, 0xba, 0x92, 0x58, 0xf4, 0x3b, 0x69, 0xea, 0xde, 0xbc,
    0x4d, 0x64, 0xe3, 0xbd, 0x1e, 0x64, 0xff, 0x3c, 0xc9, 0xd6, 0x96, 0x3d,
    0xdc, 0x07, 0x9d, 0x3d, 0x77, 0x13, 0x2c, 0xbe, 0x56, 0x38, 0xd7, 0x3d,
    0xe8, 0xea, 0xf0, 0xbc, 0x69, 0xd6, 0xb8, 0x3d, 0x1b, 0xfa, 0x2e, 0xbe,
    0xe0, 0xfc, 0xdf, 0xbb, 0xe3, 0x21, 0x48, 0x3d, 0xb8, 0xe7, 0x1d, 0xbe,
    0xd4, 0xfd, 0xcc, 0xbd, 0xd7, 0xbf, 0x44, 0xbe, 0xb1, 0x2d, 0x49, 0xbe,
    0x30, 0xa6, 0x97, 0xbd, 0xb3, 0x65, 0x9a, 0x3c, 0x05, 0xa0, 0x77, 0x3d,
    0x89, 0x33, 0x11, 0x3c, 0xcf, 0xda, 0xfc, 0xbd, 0x3f, 0x3d, 0x11, 0x3e,
    0xc5, 0xcc, 0x2d, 0x3d, 0xc2, 0x0d, 0x3e, 0x3d, 0xe5, 0xef, 0xab, 0xbd,
    0x13, 0xf2, 0xdb, 0xb9, 0x82, 0x40, 0xba, 0xb9, 0xaf, 0x4a, 0x01, 0x3a,
    0x29, 0x24, 0x09, 0x3a, 0x7e, 0x6e, 0x2c, 0x39, 0x08, 0xf1, 0xcf, 0x39,
    0x65, 0xc1, 0x96, 0x3a, 0x1b, 0x6e, 0x63, 0xba, 0x77, 0x4f, 0x96, 0xb9,
    0x44, 0xfe, 0xc1, 0xba, 0x40, 0x97, 0xb7, 0x39, 0x23, 0xad, 0x99, 0x38,
    0x7a, 0xcf, 0x5b, 0x3a, 0x3a, 0x1f, 0x11, 0xba, 0xbc, 0x04, 0xae, 0xb9,
    0xb7, 0xf1, 0x8e, 0xba, 0xd0, 0x26, 0x22, 0x3a, 0x63, 0xe8, 0xb9, 0x38,
    0x07, 0x76, 0x80, 0x3a, 0x10, 0x4d, 0x13, 0x3a, 0x05, 0x0c, 0xe3, 0xb9,
    0xb5, 0x17, 0x30, 0xba, 0x37, 0xce, 0x0c, 0x39, 0xf0, 0x18, 0x20, 0xba,
    0xaa, 0x2d, 0x77, 0xba, 0x6b, 0x06, 0xe5, 0xb9, 0x32, 0x91, 0x41, 0xba,
    0xda, 0xe2, 0x21, 0xba, 0xc9, 0xdf, 0x35, 0xba, 0x76, 0x80, 0x1b, 0x3a,
    0xef, 0xe8, 0x2e, 0xb9, 0xa8, 0xab, 0xd8, 0x39, 0x49, 0xf3, 0x2a, 0xba,
    0x63, 0xe3, 0xae, 0x39, 0xf5, 0x25, 0x13, 0x39, 0xc2, 0xec, 0x11, 0x3a,
    0xb1, 0xb6, 0x2a, 0x39, 0x0c, 0x96, 0x2b, 0xba, 0x52, 0x94, 0x13, 0xb9,
    0x1a, 0x15, 0xde, 0xb5, 0xe7, 0xe5, 0xd8, 0x39, 0x28, 0x71, 0x48, 0x38,
    0xeb, 0x25, 0x5e, 0xba, 0x1a, 0x0f, 0x37, 0x39, 0x3d, 0xf3, 0x7f, 0xb9,
    0x76, 0xa6, 0xaf, 0x39, 0xb7, 0xe6, 0xb8, 0x38, 0x82, 0xb5, 0xf2, 0x39,
    0xc7, 0x5a, 0x93, 0xb9, 0xb8, 0x52, 0x9e, 0xb9, 0x1a, 0xae, 0x55, 0xba,
    0x50, 0x35, 0x6f, 0x39, 0x54, 0xd0, 0xa1, 0x39, 0x07, 0x9a, 0x1e, 0x38,
    0x9e, 0x58, 0x19, 0xba, 0x63, 0xb2, 0x2b, 0x3a, 0xc2, 0x00, 0x48, 0x3a,
    0xed, 0x09, 0x98, 0xb8, 0xd7, 0x2b, 0x24, 0x3a, 0x40, 0x6b, 0x44, 0xb8,
    0x92, 0x60, 0x3a, 0x39, 0x83, 0x5f, 0x23, 0xb9, 0xe3, 0x6d, 0xe2, 0x39,
    0xaf, 0x9b, 0x0c, 0xba, 0xfb, 0xf9, 0x01, 0xba, 0x63, 0x7e, 0x42, 0xb9,
    0xa5, 0x46, 0xaf, 0x39, 0xf7, 0x15, 0xbc, 0x39, 0xca, 0x93, 0xdf, 0xb9,
    0x91, 0x62, 0x26, 0x39, 0xe0, 0xbc, 0xcf, 0xb5, 0x33, 0x17, 0x79, 0x39,
    0xda, 0x83, 0xdc, 0xb9, 0x07, 0x14, 0x11, 0xb9, 0x9b, 0x66, 0x80, 0x3a,
    0xef, 0xd2, 0x90, 0xb9, 0x1f, 0x59, 0x0e, 0xb9, 0x92, 0x84, 0x24, 0xb9,
    0x05, 0x58, 0x79, 0xb8, 0xdf, 0x47, 0x7d, 0xb8, 0x03, 0x7e, 0x11, 0x39,
    0x0e, 0x06, 0x2a, 0x39, 0x50, 0xc8, 0x18, 0x3a, 0x68, 0xc8, 0x85, 0x39,
    0xbf, 0x23, 0x80, 0xb9, 0x7d, 0x8f, 0x52, 0x3a, 0x6e, 0xfc, 0xa9, 0xb9,
    0xd6, 0x95, 0xa9, 0x39, 0x67, 0xd8, 0x8c, 0x39, 0xa2, 0x94, 0x16, 0x39,
    0xa7, 0x2f, 0x1d, 0xba, 0xa6, 0xf1, 0xa4, 0xba, 0x7f, 0x39, 0xc2, 0x3a,
    0x1a, 0xb8, 0xa7, 0x39, 0xd7, 0xf9, 0x37, 0xb9, 0x4b, 0x80, 0x66, 0xb9,
    0x89, 0x2a, 0x99, 0xbc, 0x10, 0x32, 0x53, 0x3d, 0xb4, 0x60, 0x9d, 0xbd,
    0x33, 0x4a, 0xd3, 0x3d, 0x5d, 0xeb, 0xce, 0x3c, 0xf8, 0x98, 0x1e, 0xbd,
    0x84, 0xef, 0x12, 0x3d, 0xc2, 0xef, 0x05, 0xbe, 0xca, 0xd7, 0x57, 0x3d,
    0x99, 0x27, 0x3f, 0xbe, 0x4f, 0xb4, 0xab, 0xbd, 0x68, 0xf3, 0xc6, 0x3d,
    0x9b, 0xf6, 0x8b, 0x3d, 0x93, 0x44, 0xac, 0xbd, 0x48, 0x1a, 0xfe, 0x3b,
    0x5d, 0xd2, 0xf6, 0xbd, 0x2f, 0x57, 0x36, 0xbe, 0xa6, 0x53, 0x20, 0xbe,
    0x5d, 0xaa, 0xd6, 0xbd, 0x67, 0x05, 0x8d, 0x3d, 0x3b, 0xd3, 0x9a, 0xbc,
    0xe6, 0x19, 0x3b, 0x3d, 0x66, 0x1b, 0xd8, 0x3c, 0xf8, 0x60, 0xed, 0xbc,
    0xb3, 0x95, 0xce, 0xbd, 0x86, 0x12, 0x0e, 0xbc, 0x7e, 0x10, 0x7f, 0xbd,
    0x19, 0xfb, 0x81, 0xbc, 0xc8, 0x0f, 0xd9, 0xbd, 0xb0, 0x1c, 0xd3, 0xbb,
    0x4a, 0xf0, 0x11, 0xbd, 0xaf, 0x35, 0x2b, 0x3d, 0x35, 0x03, 0xfe, 0xbd,
    0x31, 0xdc, 0xf3, 0xbd, 0xf7, 0x79, 0x5c, 0xbe, 0x86, 0x5e, 0x6a, 0xbd,
    0x2d, 0x94, 0x6b, 0xbe, 0xc9, 0xde, 0x0c, 0xbd, 0xa0, 0x3d, 0xd2, 0xbd,
    0x50, 0x98, 0xca, 0xbd, 0x50, 0x13, 0x88, 0x3d, 0xb4, 0xb9, 0x90, 0xbc,
    0x70, 0x3f, 0x0c, 0xbd, 0xe6, 0xb1, 0x4d, 0xbd, 0xc7, 0x23, 0x73, 0xbe,
    0x0c, 0xdb, 0x4d, 0xbe, 0xc0, 0x2d, 0x16, 0xbd, 0x08, 0xd0, 0x67, 0x3b,
    0x57, 0xee, 0x30, 0xbe, 0x9b, 0x7c, 0x10, 0xbe, 0xa8, 0xe9, 0x38, 0xbc,
    0x53, 0x47, 0xac, 0xbd, 0xa5, 0xe5, 0x4a, 0x3d, 0x05, 0x22, 0x22, 0x3e,
    0x1a, 0x15, 0xeb, 0xbc, 0x9b, 0xbe, 0x26, 0xbd, 0x3d, 0xb9, 0x40, 0x3c,
    0x6f, 0xe4, 0x8e, 0x3b, 0xbb, 0xb2, 0x87, 0xbd, 0x04, 0xd4, 0x1e, 0xbe,
    0x07, 0x23, 0x0b, 0xbd, 0x5b, 0xc6, 0xbb, 0xbc, 0x91, 0x13, 0x34, 0xbd,
    0xad, 0x7b, 0x89, 0x3d, 0xd5, 0x33, 0x33, 0xbc, 0xb6, 0xe8, 0xc5, 0xbc,
    0x4a, 0x6a, 0x45, 0x3d, 0xdf, 0x9b, 0x43, 0xbd, 0xe5, 0xed, 0xde, 0x3d,
    0xe1, 0xb5, 0x8f, 0xbb, 0x7a, 0x83, 0xc4, 0xbd, 0xe6, 0x1d, 0x1a, 0xbe,
    0x8b, 0x18, 0xf5, 0xbd, 0xf7, 0xc0, 0x09, 0xbe, 0x97, 0x02, 0x00, 0xbe,
    0xd7, 0x9d, 0x22, 0x3d, 0x4b, 0x12, 0x39, 0x3d, 0x73, 0x5d, 0xef, 0x3c,
    0xa3, 0x13, 0xda, 0x3d, 0x45, 0xbf, 0xb5, 0xbd, 0x62, 0x86, 0x16, 0xbe,
    0xb0, 0x1b, 0x19, 0x3d, 0x1f, 0xe8, 0xb4, 0xbc, 0x61, 0x7d, 0xbc, 0xbd,
    0xea, 0x75, 0x23, 0xbd, 0xf4, 0x89, 0xb8, 0x3d, 0x9c, 0x70, 0x8b, 0x3c,
    0xf6, 0xcb, 0x84, 0x3c, 0xd9, 0x7c, 0xd2, 0xbc, 0x96, 0x7e, 0x95, 0xbd,
    0x8b, 0x0c, 0xda, 0xbc, 0x9a, 0x00, 0x6a, 0xbe, 0x1f, 0xfe, 0xe1, 0x3d,
    0xf5, 0xee, 0xcf, 0x3d, 0xa0, 0xc6, 0x28, 0xbe, 0x7b, 0x2a, 0x40, 0xbd,
    0x3c, 0x3b, 0x8d, 0xbd, 0x57, 0x12, 0x11, 0xbe, 0x51, 0x89, 0x69, 0xbc,
    0x4a, 0x11, 0x7e, 0xbc, 0xd3, 0xc5, 0x13, 0x3b, 0x09, 0x2d, 0xde, 0xba,
    0x54, 0x7c, 0x6c, 0xbd, 0xf6, 0xea, 0xa1, 0x3d, 0x8a, 0x4f, 0x2c, 0x3e,
    0xfb, 0x0a, 0x96, 0xbc, 0x82, 0x95, 0xe4, 0xbc, 0x06, 0x00, 0x00, 0xbe,
    0x85, 0x92, 0x20, 0xbc, 0xc1, 0xbf, 0x76, 0xbd, 0x05, 0x10, 0x2d, 0xbe,
    0x64, 0xe6, 0xd6, 0x3a, 0x26, 0x97, 0xbc, 0x3d, 0xe8, 0x9a, 0xa9, 0xbd,
    0xcc, 0x21, 0x02, 0xbd, 0xdf, 0xa2, 0xa2, 0xbc, 0x96, 0x41, 0x97, 0xbc,
    0xe7, 0x7c, 0x61, 0xbd, 0x5c, 0x00, 0x14, 0x3e, 0x59, 0xd3, 0x65, 0xbc,
    0xbd, 0x22, 0x75, 0xbb, 0xe4, 0x35, 0x8f, 0xbe, 0x0a, 0x6b, 0x10, 0xbb,
    0x97, 0x25, 0x17, 0xba, 0x95, 0xfc, 0x48, 0xbe, 0x4c, 0xe3, 0x0d, 0x3b,
    0x6d, 0xd4, 0x86, 0xbb, 0x2c, 0x97, 0x29, 0xbd, 0xeb, 0xf8, 0x36, 0xba,
    0x60, 0x04, 0x32, 0x3a, 0x66, 0xbb, 0xb6, 0xb8, 0x26, 0x17, 0x9e, 0xb7,
    0xad, 0xbf, 0xa4, 0xb9, 0xab, 0x33, 0x18, 0x3a, 0x70, 0x15, 0xa2, 0x37,
    0xda, 0xe0, 0x6c, 0x36, 0xef, 0xcd, 0x21, 0x3a, 0x1b, 0x13, 0xa5, 0xb8,
    0x2b, 0x50, 0x48, 0xb9, 0x1f, 0x13, 0x9a, 0xba, 0x12, 0x9b, 0xd6, 0x38,
    0xc1, 0x78, 0x26, 0xba, 0x2f, 0xc6, 0x63, 0xba, 0x6e, 0x6c, 0x3b, 0xba,
    0xf3, 0xac, 0xa5, 0xb9, 0xd8, 0x0e, 0xba, 0xba, 0x97, 0x9a, 0x77, 0x39,
    0xaa, 0xf8, 0x4c, 0x3a, 0x42, 0x84, 0x03, 0x3a, 0xc0, 0xc9, 0xec, 0xb9,
    0x7b, 0x68, 0x00, 0xba, 0xaf, 0xe3, 0x0a, 0x39, 0xf8, 0x1e, 0x9b, 0xba,
    0xe8, 0x04, 0x9f, 0xba, 0x53, 0xf1, 0x87, 0xb9, 0xf3, 0xe5, 0x76, 0x39,
    0xd3, 0x96, 0xe3, 0x39, 0xa2, 0x79, 0xc5, 0xb9, 0xa3, 0x7d, 0xb8, 0x39,
    0x5a, 0x8b, 0x80, 0x39, 0xf0, 0x1a, 0x93, 0x3a, 0x0d, 0xd8, 0xd6, 0xb9,
    0x10, 0xb6, 0xf6, 0xb8, 0x84, 0x62, 0x48, 0x39, 0x9f, 0x02, 0x5c, 0x39,
    0x8d, 0x6c, 0x7f, 0x3a, 0x20, 0x7f, 0x9a, 0xb8, 0x8f, 0x6f, 0x2a, 0x3a,
    0xfd, 0x22, 0x46, 0xba, 0xa3, 0x57, 0xb9, 0xb9, 0xe6, 0xcb, 0x29, 0xb9,
    0x05, 0x80, 0x93, 0xba, 0x96, 0x4d, 0x11, 0xba, 0x39, 0x0a, 0x03, 0xba,
    0x08, 0x87, 0xec, 0xb9, 0x2d, 0x99, 0x28, 0xb9, 0x93, 0x16, 0xbe, 0x3a,
    0xd8, 0x29, 0xf0, 0xb9, 0x33, 0x63, 0x80, 0x38, 0x8f, 0xf3, 0x56, 0xb9,
    0x43, 0x25, 0x35, 0x3a, 0x2a, 0xa2, 0x96, 0xb7, 0xda, 0x23, 0xaa, 0xb9,
    0xf3, 0x34, 0x27, 0xba, 0x2d, 0x2a, 0xcf, 0xb8, 0xac, 0x41, 0x87, 0x3a,
    0x31, 0x44, 0x0a, 0xba, 0x83, 0x86, 0xf6, 0xba, 0x57, 0x04, 0xc9, 0x39,
    0xe8, 0x70, 0x6f, 0x39, 0x4a, 0x3f, 0x71, 0xba, 0x3a, 0xb2, 0x98, 0xb9,
    0xcd, 0x07, 0xe2, 0xbd, 0x41, 0x8b, 0x2c, 0x3d, 0xa1, 0x91, 0x58, 0x3b,
    0x1a, 0x31, 0x25, 0x3d, 0xf6, 0x58, 0x20, 0xbd, 0xbe, 0xd4, 0x9f, 0xbc,
    0xcb, 0xbb, 0x89, 0xbc, 0xff, 0x36, 0x96, 0x3b, 0xb9, 0xdb, 0x60, 0xbd,
    0xab, 0xad, 0x0b, 0xbd, 0x09, 0x8b, 0x68, 0x3d, 0x2d, 0xe7, 0x14, 0xbd,
    0x97, 0x62, 0x7a, 0xbc, 0xc5, 0x16, 0x02, 0x3d, 0x28, 0x9f, 0x65, 0x3b,
    0xa7, 0xf4, 0x38, 0x3d, 0x96, 0x7d, 0xd7, 0xbd, 0x45, 0x6a, 0xbb, 0x3d,
    0xe3, 0x22, 0x35, 0x3d, 0xe2, 0xa5, 0x7b, 0x3a, 0x82, 0x79, 0xe4, 0x3d,
    0x04, 0xaa, 0x0b, 0x3d, 0x3b, 0x3b, 0x30, 0xbd, 0xa2, 0x25, 0xc7, 0xba,
    0x9c, 0x01, 0x81, 0x3d, 0xfb, 0xf9, 0xc3, 0x3d, 0xce, 0x9b, 0xcb, 0x3b,
    0x9b, 0x2d, 0x05, 0xbe, 0xad, 0x25, 0x00, 0xbe, 0x92, 0xe5, 0xb4, 0xbc,
    0xbf, 0x4e, 0xf6, 0xbb, 0x8c, 0x3b, 0xae, 0x3b, 0xdf, 0xd0, 0x70, 0xb9,
    0x3a, 0xae, 0x36, 0x3a, 0xcf, 0x05, 0x95, 0x39, 0x3b, 0x92, 0x16, 0x39,
    0xfc, 0xdd, 0x8f, 0x3a, 0xe7, 0xa9, 0x26, 0x3a, 0x91, 0xa6, 0x92, 0xb9,
    0xb8, 0x52, 0x3b, 0x39, 0xaf, 0xe2, 0x50, 0x39, 0x28, 0xde, 0xbb, 0xb9,
    0x83, 0xc4, 0x35, 0x39, 0xd3, 0x2c, 0x0d, 0xb7, 0xa4, 0x6a, 0x0b, 0xba,
    0x8f, 0x62, 0x26, 0xba, 0xb9, 0x5f, 0x91, 0x39, 0xaf, 0x2e, 0xd4, 0xb9,
    0xc1, 0xf3, 0xcd, 0xbc, 0xcf, 0xa6, 0x5b, 0xbe, 0x2a, 0x7f, 0x66, 0xbd,
    0xe4, 0xf3, 0x32, 0xbe, 0xb1, 0x1c, 0x0f, 0xbe, 0xa6, 0x36, 0x8b, 0xbe,
    0x23, 0x5a, 0x91, 0xbd, 0xc9, 0x6d, 0x48, 0xbd, 0x32, 0x3b, 0x37, 0xbe,
    0x6c, 0xe4, 0x67, 0xbd, 0x9c, 0x0f, 0x56, 0xbd, 0xb6, 0x90, 0xbf, 0x3b,
    0xbe, 0xf2, 0x68, 0xbd, 0x58, 0x70, 0x93, 0xbe, 0x45, 0x6a, 0x05, 0xbe,
    0xcc, 0xee, 0xcc, 0xbd, 0x64, 0x12, 0xd9, 0xbd, 0xee, 0x81, 0xdb, 0xbd,
    0x45, 0xd8, 0x86, 0xbd, 0x43, 0x90, 0x03, 0xbe, 0xbc, 0x6f, 0x0f, 0xbe,
    0x73, 0xba, 0xa7, 0xbc, 0x8b, 0xa1, 0x9c, 0xbd, 0xa3, 0x86, 0xcd, 0xbc,
    0xa6, 0x15, 0x7b, 0xbe, 0x30, 0x6e, 0x4a, 0x3e, 0xe8, 0xb3, 0xde, 0xbc,
    0xc4, 0x1c, 0x84, 0xbe, 0x3b, 0x9f, 0x00, 0x3c, 0xf6, 0x04, 0x05, 0x3e,
    0xd1, 0x72, 0x8a, 0x3d, 0xdc, 0x0d, 0x50, 0x3d, 0x12, 0xbc, 0x0b, 0xbe,
    0xa8, 0xaf, 0x20, 0xbe, 0xd8, 0x48, 0x06, 0xbe, 0xe6, 0xc0, 0xa9, 0xbd,
    0x0b, 0x57, 0xfc, 0xbd, 0xc4, 0xcb, 0xa9, 0xbd, 0xbe, 0xa7, 0x30, 0xbd,
    0xf2, 0xc5, 0x2f, 0x3d, 0xe8, 0x14, 0xf2, 0xbd, 0x69, 0x5e, 0x14, 0xbe,
    0x34, 0x93, 0x06, 0xbe, 0xca, 0x3d, 0x04, 0xbe, 0x60, 0x82, 0x0d, 0xbe,
    0x1b, 0x13, 0x39, 0xbe, 0x4b, 0x0a, 0x60, 0xbe, 0x06, 0xf1, 0x32, 0x3e,
    0x20, 0x67, 0x82, 0x3c, 0x0e, 0x72, 0xf5, 0xbc, 0x78, 0xdb, 0x41, 0xbc,
    0x00, 0x52, 0x00, 0xbe, 0x8e, 0xe8, 0xf6, 0xbd, 0x5e, 0x79, 0x22, 0xbe,
    0x03, 0x37, 0xf9, 0xbd, 0x08, 0xa3, 0x99, 0xbd, 0x56, 0xc1, 0xf8, 0xbd,
    0xfe, 0x78, 0x27, 0x3e, 0x77, 0xfe, 0xe5, 0xbd, 0x75, 0x62, 0xe3, 0xbd,
    0x41, 0xcb, 0x1e, 0x3d, 0xfc, 0x29, 0x7f, 0xbd, 0xc1, 0xe0, 0xcb, 0xbd,
    0x37, 0x71, 0xa9, 0xbd, 0x98, 0x9d, 0xa4, 0x39, 0xea, 0x4a, 0xe0, 0xb8,
    0xab, 0x7f, 0x03, 0x38, 0x8a, 0x4b, 0x98, 0x39, 0xc0, 0xf2, 0x55, 0x38,
    0x17, 0x91, 0x92, 0xb9, 0x5b, 0x8b, 0xdb, 0xb9, 0x9f, 0x41, 0xb3, 0xb7,
    0x60, 0x2d, 0x9f, 0x37, 0x5a, 0x6f, 0x78, 0xb9, 0xb6, 0x80, 0x28, 0xb8,
    0xa9, 0xf7, 0x95, 0x39, 0x4f, 0x64, 0xa1, 0x38, 0xe2, 0x18, 0xce, 0x38,
    0xd0, 0xc0, 0x48, 0xba, 0x26, 0x8f, 0x14, 0xba, 0x00, 0x01, 0x17, 0x37,
    0x9c, 0x08, 0xc6, 0xb9, 0xc3, 0x99, 0x1b, 0x3a, 0x68, 0xf2, 0x6b, 0xb9,
    0xe3, 0xef, 0xa4, 0x39, 0xf7, 0x91, 0x0b, 0x3a, 0xf5, 0x16, 0x9a, 0x39,
    0xd9, 0xc7, 0x36, 0xb9, 0x39, 0x55, 0xc0, 0x39, 0x26, 0xf2, 0x80, 0xb9,
    0xcc, 0xe0, 0x35, 0xba, 0x1a, 0xb6, 0x9a, 0x38, 0x93, 0xf0, 0x63, 0x38,
    0x0b, 0x68, 0x49, 0xb8, 0xc9, 0x9c, 0x01, 0xba, 0xce, 0xcf, 0x07, 0xba,
    0x37, 0x96, 0x0a, 0xba, 0xf7, 0x0b, 0x31, 0xb8, 0x17, 0x5c, 0xb8, 0xb9,
    0x6f, 0x10, 0x41, 0x39, 0x45, 0x00, 0xbe, 0xb8, 0x0a, 0x6b, 0xa5, 0xb9,
    0xef, 0x06, 0x39, 0x3a, 0x95, 0x97, 0xd9, 0xb9, 0x53, 0x39, 0x90, 0x39,
    0x8d, 0xba, 0xf2, 0x39, 0x4b, 0xcb, 0x75, 0xb9, 0x17, 0x3f, 0x85, 0xb8,
    0x53, 0xa1, 0xda, 0xb9, 0xa3, 0xe4, 0x4b, 0x3a, 0x7e, 0x5f, 0x2b, 0x3a,
    0x79, 0x29, 0x94, 0xb9, 0xf8, 0x2f, 0xfa, 0xbd, 0x4d, 0x76, 0x03, 0xbd,
    0xa3, 0xbe, 0x3f, 0x3d, 0x9c, 0x85, 0xda, 0x3c, 0x88, 0x21, 0xd6, 0x3c,
    0xdb, 0xb7, 0x1f, 0xbe, 0x89, 0x56, 0x58, 0xbe, 0x9b, 0x07, 0x08, 0xbc,
    0xff, 0x7b, 0x23, 0xbe, 0x51, 0xec, 0x3f, 0x3e, 0x47, 0x4d, 0xe3, 0x3a,
    0x05, 0x5f, 0x98, 0xbe, 0x82, 0x4f, 0x9d, 0xbd, 0xec, 0x4c, 0x21, 0x3e,
    0x62, 0x94, 0x68, 0xbe, 0x96, 0xcf, 0xbe, 0xbc, 0x3f, 0x47, 0x41, 0x3d,
    0xcb, 0xfb, 0x87, 0x3d, 0x0a, 0x3a, 0x84, 0xbe, 0x58, 0xb2, 0xa9, 0xbe,
    0x72, 0x75, 0x47, 0xbe, 0x87, 0xd5, 0xa3, 0xbe, 0xb0, 0x25, 0x7c, 0x3c,
    0x36, 0xde, 0xde, 0xbe, 0x5a, 0x94, 0x4f, 0x3e, 0x7e, 0xd3, 0xe2, 0x3d,
    0xc9, 0xf5, 0x74, 0x3c, 0xb4, 0x99, 0x14, 0xbd, 0xd9, 0x71, 0x37, 0xbe,
    0x49, 0xbe, 0x77, 0x3d, 0x02, 0x1c, 0xcf, 0xbd, 0xed, 0xa0, 0x99, 0x3d,
    0x7a, 0x89, 0x20, 0x3e, 0xc9, 0xcb, 0xb8, 0x3c, 0x08, 0x59, 0x98, 0x3c,
    0xf8, 0x22, 0x08, 0xbd, 0xe8, 0xee, 0x80, 0xbd, 0x73, 0x3f, 0xba, 0x3b,
    0x86, 0x18, 0x71, 0x3d, 0x27, 0x90, 0x5c, 0xbe, 0x0b, 0x34, 0x10, 0xbd,
    0xe2, 0x84, 0x6b, 0x3c, 0x81, 0x16, 0xce, 0x3d, 0xe1, 0x82, 0x06, 0xbc,
    0xe6, 0x8a, 0xf1, 0x3c, 0x74, 0xee, 0xfc, 0x3d, 0x6e, 0x69, 0x95, 0x3d,
    0xb5, 0xe1, 0xae, 0xbd, 0x49, 0x3a, 0x07, 0xbe, 0x03, 0x35, 0x4c, 0xbe,
    0x81, 0xa7, 0x44, 0x3d, 0x48, 0x6b, 0x91, 0x3e, 0x20, 0x82, 0x2e, 0xbe,
    0x8d, 0x93, 0x5d, 0x3d, 0x8b, 0x67, 0x1c, 0xbd, 0xda, 0x60, 0xdf, 0xbd,
    0x83, 0x58, 0x0f, 0x3e, 0xf2, 0x4f, 0x90, 0xbe, 0x3b, 0x80, 0x73, 0xbd,
    0x7f, 0x1a, 0x6b, 0xbe, 0x06, 0x53, 0x1f, 0xbe, 0x48, 0xb5, 0x5d, 0xbe,
    0x54, 0x17, 0x22, 0xbe, 0xef, 0x71, 0xec, 0xbc, 0xf7, 0x05, 0x31, 0xba,
    0xa5, 0x42, 0x97, 0x39, 0xc3, 0xf9, 0x61, 0x37, 0x71, 0x20, 0x91, 0x39,
    0x6f, 0x48, 0x27, 0x3a, 0xd6, 0x31, 0x48, 0xba, 0x5b, 0xb5, 0xee, 0xb9,
    0x57, 0xbc, 0x81, 0x39, 0x63, 0x05, 0x5b, 0x38, 0xcc, 0x46, 0xab, 0x39,
    0x35, 0xb2, 0x36, 0x3a, 0xa7, 0x28, 0x15, 0x39, 0x3b, 0x2e, 0x15, 0x3a,
    0x52, 0xac, 0xc8, 0xb9, 0x93, 0xdd, 0xac, 0x39, 0xf7, 0x0e, 0xab, 0x39,
    0xdd, 0x93, 0xd7, 0x38, 0x57, 0x88, 0x45, 0xb9, 0x3f, 0x31, 0xc2, 0x39,
    0x43, 0xe7, 0x12, 0x38, 0x7b, 0x66, 0xd0, 0xb7, 0x22, 0x4f, 0xca, 0xb9,
    0x94, 0xb4, 0x05, 0x3a, 0xf7, 0xa0, 0x0a, 0x3a, 0xef, 0xaa, 0x95, 0xb8,
    0xb0, 0x84, 0x4b, 0x3a, 0x5a, 0x3e, 0x67, 0x38, 0xfe, 0x14, 0x8f, 0x38,
    0x4b, 0xe0, 0x89, 0xb9, 0xa7, 0xcc, 0xc6, 0xb7, 0xd3, 0xe9, 0xf9, 0xb6,
    0x60, 0x88, 0xb6, 0x39, 0x99, 0x0c, 0xb0, 0xbc, 0xd1, 0xcd, 0x4a, 0x3d,
    0x13, 0x7e, 0x3d, 0xbd, 0xdf, 0x43, 0x53, 0xbc, 0x01, 0x8d, 0x20, 0xbc,
    0x58, 0xb7, 0xeb, 0x3d, 0x73, 0x28, 0x2f, 0x3d, 0x8c, 0x4b, 0x11, 0xbc,
    0xdd, 0xf5, 0x19, 0x3c, 0xcd, 0x2d, 0xe8, 0xbb, 0x8a, 0xac, 0xa6, 0xbb,
    0xa4, 0x59, 0x47, 0x3d, 0x99, 0xdb, 0x08, 0xbc, 0x5b, 0x6e, 0x2d, 0xbd,
    0x34, 0x5d, 0xdf, 0xbc, 0xd6, 0x96, 0xa5, 0x3a, 0x2f, 0x97, 0x9a, 0xbd,
    0x56, 0xb8, 0xa9, 0xbd, 0x05, 0x0e, 0x11, 0xbe, 0x34, 0x64, 0xe6, 0x3c,
    0x4c, 0x73, 0xb0, 0x39, 0x05, 0xdb, 0xf1, 0xbd, 0x9b, 0x23, 0xd2, 0xbb,
    0xc6, 0x0a, 0x12, 0xbe, 0x99, 0x39, 0x22, 0xbd, 0x6a, 0x2d, 0x93, 0xbc,
    0x70, 0xd2, 0xcb, 0xbc, 0x16, 0xc4, 0x22, 0xbc, 0x66, 0x4d, 0x2a, 0xbe,
    0x39, 0x91, 0xb2, 0xbc, 0x89, 0x54, 0x06, 0xba, 0xc6, 0x13, 0x06, 0x3d,
    0xd8, 0x87, 0x30, 0xbe, 0x7c, 0xad, 0xa3, 0xbe, 0x37, 0x93, 0xe6, 0xbc,
    0x5f, 0xe8, 0xb0, 0xbd, 0x63, 0xef, 0x5f, 0x3d, 0x0d, 0x5e, 0x3e, 0x3d,
    0x89, 0x62, 0x37, 0xbb, 0x28, 0x1a, 0x94, 0xbc, 0xaa, 0x6b, 0x5b, 0xbe,
    0x62, 0xe1, 0x4e, 0xbe, 0x76, 0x1e, 0x23, 0x3d, 0x47, 0x3b, 0xae, 0xbc,
    0x97, 0xae, 0xcc, 0x3b, 0x2f, 0x4b, 0xb8, 0xbc, 0x87, 0x4c, 0x41, 0x3d,
    0x78, 0xdc, 0x21, 0x3b, 0x2f, 0x9b, 0xba, 0xbd, 0x5c, 0x4f, 0xb0, 0x3c,
    0x2c, 0x0e, 0x3f, 0x3c, 0xc9, 0xd8, 0xc0, 0xbc, 0x11, 0x66, 0x5f, 0xbd,
    0x00, 0xd1, 0xe6, 0x3c, 0x28, 0x68, 0x98, 0x3c, 0x9f, 0x06, 0x16, 0x3d,
    0x78, 0x09, 0xec, 0xbc, 0x53, 0x5f, 0x71, 0xbd, 0xfa, 0xf3, 0x22, 0xbd,
    0xd2, 0x64, 0x95, 0x3d, 0x82, 0xfb, 0x41, 0x3c, 0x2f, 0x58, 0x93, 0x3c,
    0x4d, 0x87, 0xc6, 0xbd, 0x37, 0xd4, 0xfd, 0xbc, 0x09, 0xf3, 0x0a, 0xbd,
    0x8e, 0xb0, 0xa9, 0x3c, 0xa9, 0x39, 0xb8, 0xbd, 0x4b, 0xf4, 0x9a, 0x3c,
    0x92, 0xb1, 0xc6, 0x3a, 0x95, 0x24, 0xf5, 0x3d, 0xc0, 0x97, 0x94, 0x3d,
    0x7d, 0x7b, 0x47, 0xbd, 0x16, 0x8b, 0x16, 0x3d, 0x12, 0x5d, 0x25, 0xbd,
    0xc7, 0x52, 0x01, 0x3c, 0x93, 0x7c, 0x50, 0x3e, 0xd1, 0x1b, 0xa7, 0xbd,
    0xd7, 0x36, 0x2a, 0x3d, 0x0c, 0xe1, 0x4e, 0xbd, 0x40, 0x48, 0x38, 0x3d,
    0x8b, 0x6c, 0xe1, 0x3d, 0xe6, 0x86, 0x65, 0x3d, 0x7d, 0x96, 0xe6, 0x3d,
    0xe4, 0x94, 0x9d, 0x3d, 0x09, 0x1d, 0x0b, 0x3c, 0x56, 0xda, 0x8e, 0x3d,
    0x06, 0x47, 0x62, 0x3e, 0xce, 0x62, 0x23, 0xbd, 0x1c, 0xea, 0x06, 0x3e,
    0x1b, 0xc1, 0xf0, 0x3d, 0xe0, 0xb4, 0xa1, 0x3d, 0x96, 0x68, 0x94, 0xbb,
    0x51, 0x79, 0x1d, 0xbd, 0xe1, 0x2b, 0x94, 0xbb, 0x89, 0xee, 0x70, 0x3d,
    0xad, 0x2d, 0xb3, 0xbb, 0x32, 0x24, 0xb5, 0xbd, 0x53, 0x07, 0x55, 0xbd,
    0x2d, 0x89, 0x63, 0x3d, 0xda, 0x07, 0x7c, 0x3e, 0x28, 0xf7, 0x3f, 0xbe,
    0x16, 0xdd, 0x3b, 0x3e, 0x23, 0x1f, 0xaf, 0xbe, 0xf0, 0x29, 0xd8, 0x3e,
    0x31, 0x65, 0x37, 0x3e, 0x78, 0x81, 0xb4, 0x3d, 0x55, 0x4e, 0xe7, 0x3d,
    0x91, 0xf7, 0x49, 0x3e, 0x29, 0x0c, 0x1d, 0x3e, 0xa0, 0x05, 0x15, 0x3b,
    0xa5, 0x7c, 0xd7, 0x3e, 0x56, 0x3c, 0x65, 0xbe, 0x5f, 0x0d, 0x7b, 0x3e,
    0x56, 0xef, 0xae, 0xbe, 0x0d, 0x44, 0x04, 0x3f, 0xc2, 0xcd, 0x86, 0xbd,
    0x54, 0xa6, 0x03, 0xbe, 0x74, 0xbb, 0xee, 0xbd, 0x30, 0xe0, 0x56, 0x3e,
    0xc1, 0x7a, 0x74, 0xbd, 0x22, 0xd8, 0xc0, 0x3d, 0xb3, 0x9e, 0x40, 0xbd,
    0xb4, 0x3e, 0x89, 0x3d, 0x77, 0x22, 0x59, 0x3d, 0xd3, 0xe8, 0x85, 0xbe,
    0x46, 0xa4, 0x13, 0x3e, 0xa5, 0x1a, 0x6a, 0x3e, 0x3e, 0xa7, 0x22, 0x3c,
    0x7c, 0x8e, 0xba, 0xbd, 0x5f, 0x39, 0x21, 0xbd, 0xa6, 0x90, 0x61, 0x3d,
    0x45, 0x71, 0x08, 0x3c, 0xfd, 0xc2, 0x4f, 0x3c, 0xb3, 0xb5, 0x2a, 0x3e,
    0x65, 0x03, 0x16, 0xbd, 0x1b, 0xca, 0x73, 0x3d, 0x9e, 0x4d, 0x34, 0x3d,
    0x02, 0xe1, 0x8b, 0xbd, 0xe2, 0x5d, 0x35, 0xbe, 0xed, 0xab, 0x2b, 0x3e,
    0xbf, 0x4f, 0x21, 0xbd, 0x5a, 0x2b, 0x67, 0xbc, 0x02, 0x95, 0x90, 0x3b,
    0xed, 0xe1, 0x1d, 0x3e, 0x80, 0x13, 0x0f, 0xbc, 0x67, 0x93, 0xc9, 0xbe,
    0x79, 0x02, 0xc2, 0xbe, 0x03, 0x77, 0xab, 0x3d, 0xb3, 0xba, 0xcf, 0x3b,
    0x12, 0xb5, 0x07, 0xbe, 0xb8, 0xdc, 0x75, 0xbc, 0x6b, 0xe2, 0xcf, 0xbb,
    0x00, 0x00, 0x80, 0x3f, 0x00, 0x00, 0x00, 0x00, 0x9f, 0x83, 0x8f, 0x12,
    0x06, 0x90, 0x9b, 0x18, 0x01, 0x19, 0x01, 0x08, 0x82, 0x94, 0x8e, 0x14,
    0x80, 0x00, 0x83, 0x22, 0x1e, 0x8a, 0x8f, 0x94, 0x94, 0x20, 0x96, 0x97,
    0x0d, 0x0e, 0x98, 0x85, 0x89, 0x06, 0x85, 0x83, 0x90, 0x02, 0x81, 0x1a,
    0x11, 0x92, 0x12, 0x18, 0x06, 0x9e, 0x0b, 0x1b, 0x19, 0x12, 0x06, 0x9b,
    0x91, 0x18, 0x12, 0x8e, 0x95, 0x18, 0x05, 0x96, 0x13, 0xa3, 0x0e, 0x0e,
    0x0b, 0x88, 0x97, 0x91, 0x13, 0x1b, 0x16, 0x1f, 0x81, 0x0b, 0x9c, 0x9d,
    0x06, 0x05, 0x98, 0x90, 0x94, 0x8f, 0x24, 0x20, 0x07, 0x94, 0xa3, 0x92,
    0x15, 0x9b, 0x22, 0x9c, 0x09, 0xa1, 0x1c, 0x9c, 0x8c, 0x8f, 0x9c, 0x21,
    0x8a, 0x9c, 0x8a, 0x92, 0x04, 0x92, 0x8e, 0x0e, 0x8a, 0x99, 0x8e, 0x01,
    0x1a, 0x12, 0x9b, 0x1f, 0x88, 0x1c, 0x16, 0x9b, 0x90, 0x1a, 0x11, 0x88,
    0x04, 0x81, 0x83, 0x0c, 0x20, 0x99, 0x91, 0x9d, 0x83, 0x20, 0x20, 0x96,
    0x88, 0x1e, 0x9e, 0x07, 0x8e, 0x23, 0x9c, 0x92, 0x81, 0x83, 0x9f, 0x12,
    0x0f, 0x9b, 0x0e, 0x19, 0x9b, 0x05, 0x18, 0x1d, 0x04, 0x95, 0x97, 0x9a,
    0x18, 0x19, 0x12, 0x99, 0x1e, 0x8d, 0x89, 0x99, 0x15, 0x19, 0x96, 0xa0,
    0x04, 0x8d, 0x93, 0x85, 0x9d, 0x92, 0x11, 0x1c, 0x02, 0xa2, 0xa0, 0x14,
    0x01, 0xa2, 0x1b, 0x02, 0x12, 0x90, 0x0c, 0x87, 0x9d, 0x95, 0x13, 0x21,
    0x0a, 0xa3, 0x96, 0x93, 0x0c, 0x99, 0x0d, 0x96, 0x83, 0x88, 0x81, 0x0b,
    0x90, 0x09, 0x87, 0x97, 0x09, 0x0f, 0x81, 0x1b, 0x13, 0x8c, 0x96, 0x21,
    0x0d, 0x9c, 0x86, 0x93, 0xa5, 0x85, 0x21, 0x25, 0x93, 0xa3, 0xa8, 0x1d,
    0x17, 0xa0, 0x24, 0x93, 0x19, 0x9c, 0x17, 0xa0, 0x9a, 0x08, 0x14, 0x28,
    0x07, 0x98, 0x11, 0x19, 0x1b, 0x9d, 0x91, 0x0a, 0x84, 0x9d, 0x1b, 0x00,
    0x01, 0x16, 0x92, 0x26, 0x01, 0xa1, 0xa7, 0x21, 0x05, 0x8a, 0x24, 0x18,
    0x96, 0x93, 0x1f, 0x19, 0x11, 0x11, 0x19, 0x0c, 0x1a, 0x9e, 0x8e, 0xa3,
    0x9c, 0x1d, 0x81, 0x9b, 0x22, 0x1e, 0x1e, 0xa1, 0x15, 0x1f, 0xa2, 0xa9,
    0x9a, 0x24, 0x20, 0x8b, 0x85, 0x20, 0x9b, 0x20, 0x97, 0x92, 0x96, 0x9e,
    0x8f, 0x04, 0x03, 0x20, 0x15, 0x1f, 0x91, 0x96, 0x83, 0x23, 0x9d, 0x9a,
    0x15, 0xa0, 0x0f, 0x22, 0x20, 0x97, 0x19, 0x81, 0x8b, 0x03, 0x86, 0x21,
    0x8e, 0xa1, 0x80, 0x95, 0x19, 0xa8, 0x92, 0x1b, 0x89, 0x97, 0x20, 0x96,
    0x96, 0x96, 0xa0, 0x16, 0x1e, 0xa2, 0x1c, 0x05, 0xa0, 0xa9, 0x88, 0x02,
    0x09, 0x9b, 0x98, 0x10, 0x24, 0xa9, 0x8c, 0x9b, 0x96, 0x01, 0x8b, 0x93,
    0x98, 0xa0, 0x9e, 0x99, 0x1e, 0x11, 0x95, 0x19, 0x03, 0x9c, 0x1e, 0x93,
    0x91, 0x8a, 0x01, 0x9b, 0x17, 0x86, 0x93, 0x21, 0xa4, 0x9e, 0x19, 0x21,
    0x8a, 0x9c, 0xa5, 0x98, 0x1b, 0xa0, 0x07, 0x11, 0x04, 0x9a, 0x14, 0x9c,
    0x26, 0x9b, 0xa1, 0x9d, 0x19, 0xa2, 0x13, 0x21, 0x92, 0x0f, 0x19, 0x93,
    0x9f, 0xa4, 0x04, 0x11, 0x21, 0x1c, 0x1d, 0xa4, 0x93, 0x27, 0x86, 0x11,
    0x07, 0x15, 0x98, 0x84, 0x22, 0x80, 0x91, 0x28, 0x95, 0x91, 0x0f, 0x22,
    0x02, 0xa0, 0x9d, 0x1a, 0x93, 0xa6, 0x24, 0x12, 0x1b, 0x18, 0x83, 0x1e,
    0xa1, 0x8e, 0x07, 0x81, 0x9d, 0x05, 0x93, 0x91, 0x84, 0x1f, 0x95, 0x91,
    0xa0, 0x9c, 0x20, 0xa6, 0x1f, 0x11, 0x0b, 0x21, 0x1b, 0xa4, 0x8c, 0x21,
    0x8b, 0xaa, 0x20, 0x13, 0x0a, 0x8b, 0x88, 0x1e, 0xa1, 0x9a, 0x28, 0x0f,
    0x8c, 0xaa, 0xa8, 0x21, 0x19, 0xa2, 0x24, 0x9d, 0x10, 0xa9, 0x8c, 0x9c,
    0xa4, 0x97, 0x18, 0x13, 0x94, 0xa6, 0x8b, 0x95, 0x14, 0xa3, 0x0d, 0x20,
    0x17, 0x9e, 0x13, 0x9d, 0x89, 0x14, 0x98, 0x98, 0x09, 0x09, 0x94, 0x13,
    0x98, 0x21, 0x01, 0x13, 0xa1, 0x22, 0x9a, 0x95, 0x89, 0x99, 0x0a, 0x11,
    0x01, 0x8d, 0x95, 0x85, 0x82, 0x19, 0x87, 0x94, 0x01, 0x92, 0x1c, 0x9c,
    0x08, 0x09, 0xa1, 0x9e, 0x08, 0x19, 0x1a, 0x17, 0x14, 0x14, 0x87, 0x02,
    0x0e, 0xa0, 0x04, 0x90, 0x85, 0x09, 0x87, 0x96, 0x99, 0x0a, 0x8b, 0x05,
    0x0b, 0x02, 0x01, 0x0c, 0x1a, 0x9e, 0x20, 0x16, 0x95, 0x9c, 0x10, 0x20,
    0x84, 0xa2, 0xa1, 0x95, 0x8c, 0x99, 0x03, 0x1a, 0x83, 0x1e, 0x97, 0x1a,
    0x0e, 0x8a, 0x88, 0x85, 0x88, 0x9a, 0x9d, 0xa3, 0x08, 0x8d, 0x0e, 0x0b,
    0x97, 0xa3, 0x0c, 0xa1, 0x18, 0x0b, 0x9b, 0x1a, 0x18, 0x99, 0x91, 0x17,
    0x88, 0x18, 0x99, 0x9b, 0x91, 0x9a, 0x96, 0xa0, 0x0d, 0x0e, 0x00, 0x22,
    0x88, 0x99, 0x8b, 0x92, 0x91, 0x9f, 0x19, 0x16, 0x8e, 0x12, 0x8a, 0x19,
    0xa6, 0x95, 0x18, 0x1e, 0x13, 0x9d, 0xa9, 0x15, 0x18, 0xa3, 0x1c, 0x12,
    0x05, 0x22, 0x21, 0x9b, 0x1d, 0x18, 0xa1, 0x90, 0x08, 0x96, 0x92, 0x9a,
    0x99, 0x21, 0x95, 0x1c, 0xa6, 0x23, 0x99, 0x86, 0x18, 0x04, 0x21, 0x8d,
    0x13, 0x0e, 0x90, 0x9e, 0x0c, 0x14, 0x00, 0x04, 0x19, 0x9a, 0x9e, 0x20,
    0x10, 0x8a, 0x89, 0x08, 0x01, 0x16, 0x8e, 0x18, 0x8d, 0x82, 0x90, 0x11,
    0x02, 0x21, 0x98, 0x1c, 0x96, 0x00, 0x1a, 0x86, 0x1c, 0x19, 0x04, 0x22,
    0x8c, 0x04, 0x82, 0x9f, 0x88, 0x02, 0x01, 0xa1, 0x02, 0x04, 0x06, 0x18,
    0x87, 0x9e, 0x9e, 0x92, 0x15, 0x94, 0x8e, 0x1e, 0x98, 0x1b, 0x98, 0x12,
    0x98, 0x09, 0x19, 0x15, 0x83, 0x8c, 0x9b, 0x0b, 0x0c, 0x10, 0x11, 0x04,
    0x82, 0x1d, 0x00, 0x01, 0xa1, 0x8f, 0x93, 0x26, 0x86, 0x89, 0x99, 0x13,
    0x1c, 0xa0, 0x09, 0x0d, 0x12, 0x1b, 0x22, 0x05, 0xa8, 0x9b, 0x20, 0xa1,
    0x90, 0x9e, 0xa2, 0x90, 0x14, 0x9d, 0x1b, 0x14, 0x93, 0xa9, 0xa0, 0x9e,
    0x8b, 0x83, 0x89, 0xa2, 0x11, 0x1a, 0x88, 0xa7, 0xa1, 0x25, 0x90, 0x95,
    0x24, 0xa4, 0xa0, 0x9e, 0x82, 0x83, 0xa3, 0x19, 0x9a, 0x22, 0x0d, 0xa8,
    0x13, 0x1e, 0x04, 0x1f, 0x99, 0x1f, 0x9f, 0x9b, 0x08, 0x02, 0x1b, 0x22,
    0x1c, 0x17, 0x1b, 0x9b, 0x04, 0x21, 0x81, 0x9f, 0x83, 0x97, 0x03, 0x02,
    0x28, 0x22, 0xa3, 0x81, 0x90, 0x26, 0x27, 0xa1, 0xa1, 0x27, 0xaa, 0x0c,
    0x12, 0x1e, 0xa2, 0x00, 0x10, 0x1b, 0x23, 0x27, 0x8a, 0x88, 0x9d, 0x22,
    0x1d, 0x10, 0x8c, 0x8b, 0xa5, 0x21, 0x11, 0x00, 0x95, 0x98, 0x83, 0x2a,
    0x23, 0xa1, 0x1a, 0x22, 0x0f, 0x99, 0x20, 0x90, 0x9a, 0x2e, 0x21, 0x19,
    0x17, 0x20, 0x90, 0x14, 0x16, 0x9b, 0x08, 0x1c, 0x96, 0x94, 0x08, 0x9f,
    0x15, 0xa0, 0x1d, 0x23, 0x25, 0x1c, 0xa1, 0x96, 0x88, 0x2a, 0x27, 0x99,
    0xa2, 0x27, 0xa0, 0x8a, 0x07, 0x0c, 0x9e, 0x99, 0x9b, 0x94, 0x99, 0x19,
    0x8c, 0x12, 0x11, 0xa2, 0x90, 0x98, 0x98, 0x20, 0x9c, 0x02, 0x9f, 0xa2,
    0x0a, 0x24, 0x22, 0x05, 0x92, 0x9e, 0x94, 0x8a, 0x9a, 0x1d, 0xa4, 0x93,
    0x19, 0x81, 0x07, 0x12, 0x9e, 0x94, 0x21, 0x88, 0x84, 0xa7, 0xa4, 0x27,
    0x84, 0xa6, 0x1b, 0x9d, 0x00, 0x8e, 0x92, 0x03, 0x9c, 0x93, 0x8c, 0x03,
    0xa0, 0x16, 0x8c, 0x9a, 0x9c, 0x96, 0x21, 0x0f, 0x9a, 0xa0, 0x1c, 0x9c,
    0x18, 0x10, 0x99, 0xa5, 0x1d, 0x9c, 0x14, 0x15, 0x91, 0x9b, 0xa1, 0x16,
    0x1e, 0x94, 0x9c, 0x97, 0x98, 0x14, 0x82, 0x2a, 0x0f, 0x03, 0xa8, 0x8f,
    0x09, 0x9d, 0x28, 0x85, 0x83, 0x26, 0x91, 0x98, 0x0c, 0x1f, 0x93, 0x27,
    0x90, 0x9a, 0x86, 0x1a, 0x17, 0x92, 0x8e, 0x20, 0x9e, 0x2b, 0x24, 0x0a,
    0x2c, 0xa3, 0x9f, 0xb3, 0x1b, 0x2e, 0x8a, 0x1a, 0x91, 0x2c, 0xb4, 0x14,
    0x02, 0x32, 0x9b, 0x19, 0x82, 0x26, 0x14, 0xb0, 0x85, 0xaf, 0xa2, 0xb5,
    0x9e, 0xa5, 0x2e, 0xa0, 0x2f, 0x2d, 0x2a, 0xb2, 0x1d, 0x29, 0x1a, 0x24,
    0xa2, 0xad, 0xa3, 0x91, 0xa3, 0xa9, 0xa2, 0x2e, 0x23, 0x9c, 0x29, 0xa1,
    0x18, 0xa9, 0x24, 0x29, 0x29, 0x29, 0x20, 0x29, 0xa3, 0x2c, 0xaf, 0xa9,
    0xa8, 0x0c, 0x95, 0x30, 0xad, 0x93, 0x9f, 0x2e, 0x05, 0x9d, 0xb1, 0x9f,
    0x1a, 0xa5, 0x28, 0xac, 0x20, 0xb3, 0x8d, 0x83, 0x9c, 0x1b, 0x9f, 0x29,
    0x95, 0x21, 0x14, 0x22, 0x29, 0x14, 0x24, 0x9c, 0xa8, 0xb0, 0xa1, 0x99,
    0x9a, 0x16, 0x21, 0x34, 0x2f, 0xa2, 0x28, 0x2d, 0x24, 0x0f, 0x15, 0x94,
    0x19, 0xad, 0xa9, 0x2d, 0x21, 0x30, 0xa8, 0x20, 0xa2, 0xa5, 0x2f, 0xac,
    0xa0, 0x9a, 0x2d, 0x95, 0x29, 0x24, 0x9b, 0xa3, 0x2a, 0x9b, 0x25, 0xae,
    0x89, 0x27, 0x29, 0x01, 0x1c, 0x25, 0xad, 0x26, 0x20, 0x2a, 0x9c, 0x23,
    0x2a, 0x2c, 0xb1, 0x2f, 0x0d, 0x93, 0x14, 0x21, 0x96, 0x1e, 0xb2, 0x83,
    0x8b, 0xb3, 0x99, 0x09, 0x0c, 0x12, 0xad, 0x1b, 0x9e, 0x31, 0x91, 0x1d,
    0x2b, 0x30, 0x9a, 0xb2, 0xa2, 0xa8, 0xa8, 0x26, 0x23, 0xa6, 0xab, 0xb1,
    0x0b, 0x2d, 0x2b, 0x9f, 0x18, 0x29, 0x1f, 0xa5, 0xa1, 0x32, 0x9e, 0xa1,
    0x20, 0x30, 0x30, 0xa7, 0xa2, 0xa9, 0x81, 0x01, 0x23, 0x9e, 0xa1, 0x34,
    0x2c, 0x95, 0x24, 0x0e, 0x90, 0xa3, 0xa7, 0xb2, 0x13, 0xae, 0xa0, 0xb0,
    0xa8, 0xb2, 0x2a, 0x19, 0x2b, 0x32, 0x9a, 0xb3, 0x2d, 0x31, 0xa3, 0x2c,
    0x11, 0x96, 0x27, 0xa8, 0xab, 0x26, 0x0c, 0x9f, 0x25, 0xad, 0x1e, 0xa1,
    0x27, 0x28, 0xac, 0x2c, 0x9c, 0x2c, 0x31, 0xa6, 0xa8, 0x2e, 0x1b, 0xa6,
    0xab, 0xb1, 0x11, 0x1a, 0x92, 0x98, 0x0a, 0xa1, 0x89, 0x83, 0x13, 0x92,
    0x95, 0x08, 0xa0, 0x10, 0x19, 0xa6, 0x96, 0x9b, 0x90, 0x04, 0x0f, 0x9b,
    0x90, 0x08, 0x8f, 0x9b, 0x99, 0x1b, 0x19, 0x96, 0x18, 0x29, 0x1d, 0xa1,
    0x1f, 0x1b, 0xa4, 0x08, 0x97, 0x01, 0x1f, 0x99, 0x88, 0x11, 0x07, 0x9e,
    0x9b, 0x8a, 0x1f, 0x19, 0x03, 0x9a, 0x21, 0x11, 0x89, 0x9b, 0x98, 0x0d,
    0x15, 0x02, 0x99, 0xa7, 0x07, 0x9b, 0x19, 0x17, 0xa3, 0x96, 0x19, 0x14,
    0x00, 0x1a, 0x9e, 0x21, 0x9b, 0x9e, 0x8f, 0x22, 0x20, 0x10, 0x92, 0x14,
    0x21, 0x19, 0x09, 0x22, 0x92, 0x1e, 0x1a, 0x10, 0x08, 0x1e, 0x15, 0x16,
    0xa5, 0x12, 0x0d, 0x14, 0x1e, 0x10, 0x98, 0x1c, 0x1a, 0x15, 0x16, 0x1a,
    0x07, 0x0b, 0x09, 0x9d, 0xa1, 0x25, 0x20, 0xa4, 0xa2, 0x01, 0x19, 0x26,
    0x06, 0x99, 0x95, 0x9c, 0x8f, 0xa0, 0x1b, 0x24, 0x20, 0x29, 0x00, 0x90,
    0xa5, 0xa5, 0x21, 0x8e, 0x03, 0x9b, 0xa4, 0x9b, 0x22, 0xa5, 0x25, 0x90,
    0xa0, 0xa8, 0x01, 0x9f, 0xa9, 0xa2, 0x9f, 0x9d, 0x06, 0x21, 0x99, 0x81,
    0x19, 0x8d, 0xa6, 0x22, 0x03, 0x9a, 0x07, 0xa5, 0x8f, 0x19, 0x1e, 0x84,
    0x84, 0x85, 0x9e, 0x92, 0x9b, 0x22, 0x9d, 0x22, 0x24, 0x14, 0xa3, 0x18,
    0x21, 0x1a, 0x13, 0x8a, 0x8e, 0x14, 0x24, 0x1a, 0xa3, 0x18, 0x98, 0x19,
    0x18, 0x94, 0xa1, 0x18, 0x1d, 0x18, 0x95, 0x95, 0x9b, 0x1f, 0x07, 0x9c,
    0x88, 0x17, 0x05, 0x94, 0xa2, 0x21, 0x24, 0x95, 0x96, 0x84, 0x83, 0x91,
    0x1b, 0x0a, 0x0c, 0x1c, 0x94, 0x99, 0x9e, 0x22, 0x22, 0x87, 0x9d, 0x9d,
    0x96, 0x9c, 0x18, 0x1e, 0x14, 0x20, 0x96, 0x05, 0x09, 0x9c, 0x05, 0x0e,
    0x22, 0x21, 0x11, 0x82, 0x85, 0x85, 0x84, 0x10, 0x94, 0xa8, 0x9e, 0x18,
    0x11, 0xa2, 0x1f, 0x03, 0x95, 0x21, 0x1c, 0x10, 0x9f, 0x90, 0x0e, 0xa1,
    0x8c, 0x15, 0x89, 0x1c, 0x8c, 0x83, 0x0f, 0x0d, 0x14, 0x9a, 0x95, 0xa0,
    0x8c, 0x93, 0x0d, 0x07, 0x20, 0x07, 0x8f, 0x04, 0x91, 0x21, 0x81, 0x05,
    0x16, 0xa2, 0x9b, 0x11, 0x97, 0x99, 0x98, 0x00, 0x0f, 0x1f, 0x13, 0x0d,
    0x01, 0x9f, 0x19, 0x98, 0x17, 0x04, 0x9a, 0x98, 0x8b, 0x86, 0x14, 0x1f,
    0x97, 0x11, 0x84, 0x05, 0x88, 0x83, 0x1a, 0x91, 0x07, 0xa3, 0x83, 0x18,
    0x1b, 0x24, 0xa7, 0x1b, 0x04, 0x21, 0x1a, 0x18, 0x9a, 0x1d, 0x9d, 0x93,
    0x13, 0x24, 0x1d, 0x06, 0x1b, 0x1c, 0x12, 0x22, 0x12, 0x21, 0x06, 0x82,
    0x94, 0x15, 0x84, 0x8a, 0x9f, 0x12, 0x04, 0x97, 0x09, 0x06, 0x9a, 0x1c,
    0x93, 0x9c, 0x1b, 0x88, 0x89, 0x13, 0x07, 0x17, 0x92, 0x18, 0x11, 0x14,
    0x84, 0x99, 0x01, 0x90, 0x93, 0x9d, 0xa0, 0xa2, 0x11, 0x97, 0x19, 0x10,
    0x93, 0xa9, 0x06, 0x21, 0x22, 0x17, 0xa2, 0x14, 0x0f, 0x1b, 0x20, 0x8e,
    0x94, 0x21, 0x99, 0x95, 0x10, 0x1b, 0x15, 0x0d, 0xa1, 0x9a, 0x12, 0x0e,
    0x16, 0x9f, 0x88, 0x22, 0x05, 0xa2, 0x05, 0x83, 0x11, 0xa2, 0x99, 0x9d,
    0x91, 0x18, 0x0e, 0x9a, 0x1d, 0x98, 0x92, 0x9a, 0x19, 0x10, 0x99, 0xa1,
    0x14, 0x99, 0x8f, 0x8e, 0x93, 0x9c, 0x14, 0x96, 0x00, 0x93, 0x81, 0x03,
    0x8d, 0x90, 0x10, 0x85, 0x8d, 0x10, 0x9c, 0x88, 0x90, 0x8b, 0x06, 0x8c,
    0x1a, 0x9b, 0x03, 0x07, 0x92, 0x82, 0x8e, 0x90, 0x14, 0x9d, 0x96, 0x10,
    0x80, 0x1a, 0x9c, 0xa0, 0x82, 0x09, 0x19, 0x1c, 0x09, 0x0d, 0x99, 0x20,
    0x08, 0x06, 0x11, 0x89, 0x13, 0x11, 0x01, 0x9f, 0x92, 0x14, 0x14, 0x01,
    0x8a, 0x13, 0x19, 0x99, 0x12, 0x94, 0x8d, 0x94, 0x86, 0x8a, 0x11, 0x1a,
    0x02, 0x9c, 0x1d, 0x0c, 0x10, 0x08, 0x9e, 0x1b, 0x09, 0xa0, 0x1a, 0x13,
    0x1d, 0x14, 0xa1, 0x16, 0x0c, 0x82, 0xa0, 0x0d, 0x86, 0x85, 0x23, 0x0f,
    0x9d, 0x26, 0x1a, 0x10, 0x1e, 0x02, 0x06, 0xaa, 0x1c, 0x9e, 0x9b, 0xa3,
    0xa0, 0x17, 0x0b, 0x9b, 0x25, 0x8a, 0x8b, 0x94, 0x21, 0x13, 0xa2, 0xa8,
    0x95, 0x1b, 0x0e, 0x9d, 0x0f, 0xa3, 0x12, 0x99, 0x9a, 0x9d, 0x01, 0xa0,
    0x92, 0x8d, 0x1a, 0x28, 0x18, 0x16, 0x98, 0x95, 0x12, 0x81, 0x19, 0x9d,
    0x95, 0x9b, 0x15, 0x21, 0x22, 0x8a, 0x93, 0x9d, 0x96, 0x88, 0x20, 0x19,
    0x98, 0x12, 0xa3, 0x9f, 0x10, 0xa6, 0x98, 0x07, 0x24, 0x21, 0x92, 0x1f,
    0x8c, 0x20, 0x21, 0x25, 0x1a, 0x24, 0xa8, 0x9a, 0x9d, 0x9b, 0x8a, 0x15,
    0x9b, 0x98, 0x9a, 0x22, 0x25, 0x98, 0x24, 0x15, 0x87, 0x1a, 0x18, 0x89,
    0x84, 0x0b, 0x90, 0x96, 0xa2, 0xa2, 0x19, 0xaa, 0x08, 0xa3, 0x98, 0xa1,
    0x11, 0xa3, 0x1b, 0x22, 0x1b, 0xa9, 0x9c, 0x1a, 0x12, 0x11, 0xa1, 0x24,
    0x07, 0x1e, 0x18, 0x9f, 0x0e, 0x0b, 0x1c, 0x07, 0x94, 0x0a, 0x1a, 0x14,
    0x99, 0xa6, 0x21, 0xa6, 0x11, 0xa6, 0x89, 0x1f, 0x14, 0xa6, 0x24, 0x92,
    0xa1, 0xa8, 0x9e, 0x9b, 0x11, 0x1b, 0x26, 0x85, 0x8f, 0x99, 0x99, 0x0d,
    0x07, 0x1d, 0xa2, 0x11, 0x1f, 0x1c, 0x1b, 0x1a, 0x1d, 0x1a, 0xa0, 0x27,
    0x02, 0x8c, 0x18, 0x10, 0x9a, 0x17, 0x99, 0x85, 0x1c, 0x2b, 0x19, 0x21,
    0x9b, 0x82, 0xa1, 0xa4, 0x95, 0x24, 0x17, 0x84, 0x99, 0x1c, 0x00, 0x89,
    0x93, 0x9e, 0x1a, 0x97, 0x20, 0x1b, 0xa0, 0x1b, 0x19, 0xa0, 0x11, 0x18,
    0x8a, 0x90, 0x9c, 0x20, 0x12, 0x17, 0x8b, 0x13, 0x1e, 0x93, 0x11, 0xa9,
    0x08, 0x86, 0x06, 0x99, 0x89, 0x15, 0x0f, 0x9f, 0x89, 0x9b, 0x9b, 0x12,
    0x95, 0x14, 0x9d, 0x96, 0x96, 0x96, 0x14, 0x12, 0x92, 0x90, 0xa7, 0x22,
    0x1d, 0x13, 0x1a, 0x8f, 0x9d, 0x00, 0x9c, 0xa0, 0x0c, 0x0e, 0x8a, 0x0d,
    0x99, 0x8d, 0x9a, 0x83, 0x13, 0x98, 0x01, 0x01, 0x91, 0x96, 0x02, 0x02,
    0x0c, 0x06, 0x9a, 0x0e, 0x02, 0x1a, 0x12, 0x0a, 0x84, 0x16, 0x92, 0x91,
    0x18, 0x09, 0x9d, 0x13, 0x18, 0x02, 0x91, 0x9d, 0x08, 0x87, 0x02, 0x92,
    0xa0, 0x1c, 0x94, 0x1c, 0x14, 0x00, 0x1e, 0x93, 0x97, 0x82, 0x9c, 0x81,
    0x10, 0x93, 0x8a, 0x0e, 0x00, 0x17, 0x0f, 0x1e, 0x8c, 0x99, 0x92, 0x1a,
    0x85, 0x02, 0x05, 0x0a, 0x95, 0x83, 0x92, 0x1b, 0x14, 0x8e, 0x97, 0x02,
    0x23, 0x22, 0xa1, 0x21, 0x01, 0x1c, 0x25, 0xa5, 0x9b, 0x21, 0x12, 0x96,
    0x86, 0x9c, 0x99, 0xa0, 0x21, 0x21, 0xa0, 0x19, 0x86, 0x14, 0x21, 0x18,
    0x9b, 0x17, 0x03, 0x94, 0xa0, 0xa0, 0x02, 0x94, 0x9d, 0xa1, 0x19, 0x0e,
    0x06, 0x9a, 0xa1, 0x11, 0x0e, 0xa7, 0x25, 0x89, 0x86, 0x14, 0x14, 0x14,
    0x99, 0x9d, 0x1c, 0x94, 0x0b, 0x83, 0x98, 0x98, 0x13, 0xa0, 0x10, 0x0d,
    0x12, 0xa1, 0x91, 0x97, 0xa2, 0x92, 0x0d, 0x8f, 0x08, 0x9f, 0x9e, 0x22,
    0x12, 0x9d, 0x01, 0x01, 0x90, 0x22, 0x88, 0x82, 0x9e, 0x94, 0x00, 0x8c,
    0x1f, 0x16, 0x97, 0x96, 0x19, 0x1d, 0x9e, 0x98, 0x1d, 0x1a, 0x00, 0x94,
    0x0b, 0x80, 0x9b, 0x8b, 0x03, 0x20, 0x23, 0x04, 0x91, 0x15, 0xa1, 0x83,
    0x13, 0x9a, 0x9a, 0x15, 0x94, 0x19, 0x8e, 0x14, 0x11, 0x0c, 0x1b, 0x22,
    0x9c, 0x1f, 0x9c, 0x84, 0x05, 0x90, 0x90, 0x09, 0x03, 0x03, 0x92, 0xa2,
    0x82, 0x8d, 0x81, 0x1c, 0x14, 0x10, 0x9b, 0x1b, 0x15, 0x9a, 0x0b, 0x8b,
    0x1c, 0x1f, 0x91, 0x15, 0x88, 0x11, 0x1c, 0x98, 0x8e, 0x1d, 0x96, 0x99,
    0x00, 0x99, 0x09, 0x19, 0x81, 0x84, 0x90, 0x1b, 0x8c, 0x8b, 0x13, 0x86,
    0x14, 0x0b, 0x9e, 0x20, 0x03, 0x9f, 0x0c, 0x00, 0x22, 0xaa, 0xa6, 0x2a,
    0x17, 0x24, 0x19, 0xa1, 0x1d, 0x1e, 0x29, 0x1b, 0xa2, 0xac, 0xa4, 0x1e,
    0x1f, 0x02, 0x16, 0x18, 0x9f, 0xa9, 0x9a, 0x2a, 0xa9, 0x26, 0x1f, 0xa2,
    0x9a, 0xa1, 0xac, 0x9f, 0x2b, 0x22, 0x1b, 0x8d, 0x2d, 0x19, 0xaf, 0xa4,
    0x9d, 0x2c, 0x29, 0x0a, 0xa1, 0x27, 0x25, 0x93, 0xa1, 0x22, 0x13, 0xa5,
    0xa1, 0x17, 0x1e, 0x14, 0x21, 0x19, 0x28, 0x25, 0x28, 0x84, 0xa5, 0x25,
    0xa2, 0x9a, 0x18, 0x1f, 0xac, 0x9d, 0x25, 0x95, 0x23, 0xa2, 0xa9, 0xa3,
    0x2e, 0xa5, 0xa2, 0x1a, 0xa5, 0x90, 0xa6, 0xa1, 0x1f, 0x1e, 0xad, 0x27,
    0xa9, 0xa6, 0x27, 0x29, 0xab, 0x1b, 0x97, 0x25, 0xab, 0xa1, 0x15, 0xa9,
    0x9e, 0x23, 0xa5, 0x88, 0x08, 0x9b, 0x1e, 0xa2, 0x2b, 0x96, 0xa5, 0x0d,
    0xac, 0x19, 0x19, 0x9a, 0x2c, 0x0f, 0x18, 0xac, 0xae, 0xa3, 0x9f, 0xaa,
    0x20, 0x1c, 0xab, 0xab, 0x9f, 0x1d, 0x99, 0x10, 0xa0, 0x9b, 0x9d, 0xa5,
    0x1f, 0xa9, 0x07, 0x10, 0x8a, 0x0e, 0xb0, 0xa9, 0x88, 0x1b, 0x19, 0xa1,
    0xa8, 0xa1, 0xa5, 0x22, 0x24, 0x03, 0x9a, 0x19, 0x1a, 0x17, 0x20, 0x20,
    0x1b, 0x86, 0x91, 0x90, 0x28, 0x25, 0x16, 0xa2, 0x28, 0xa3, 0xa1, 0x2a,
    0x1b, 0x15, 0x2e, 0x20, 0x1c, 0x2b, 0x97, 0x98, 0x9c, 0x86, 0xa1, 0x99,
    0x01, 0xa0, 0x85, 0x9f, 0x27, 0x0c, 0x16, 0x05, 0x9b, 0x25, 0x93, 0x23,
    0xa2, 0x98, 0xa3, 0x12, 0x0a, 0xad, 0x24, 0xa4, 0x17, 0xae, 0x2a, 0x9c,
    0x12, 0x1c, 0x19, 0x0a, 0x07, 0x20, 0x96, 0x26, 0x9e, 0x1a, 0x97, 0xa3,
    0x29, 0x9c, 0x2b, 0x28, 0x1f, 0x8b, 0x20, 0x13, 0x1b, 0x9d, 0x9e, 0xaa,
    0x1a, 0x14, 0x8c, 0xa4, 0x29, 0xa1, 0x0e, 0x1e, 0x9a, 0x07, 0x25, 0x15,
    0x92, 0x1d, 0x12, 0x1d, 0x87, 0x9c, 0x2a, 0x20, 0x8e, 0x22, 0xa0, 0x26,
    0xa1, 0x2a, 0x0a, 0x9a, 0xa8, 0xa2, 0x92, 0x1c, 0x1c, 0x81, 0xa3, 0x99,
    0x22, 0x29, 0x27, 0xa3, 0x09, 0x08, 0x9d, 0x04, 0xab, 0x18, 0x1b, 0x26,
    0x90, 0x29, 0x20, 0x1d, 0x18, 0xa2, 0x2e, 0x2e, 0xa5, 0x12, 0x02, 0x1a,
    0x2d, 0x9e, 0x97, 0x1c, 0x30, 0x91, 0x95, 0xa3, 0x9c, 0x15, 0xa4, 0x0d,
    0x1b, 0x87, 0x1f, 0xa8, 0x0b, 0x81, 0xa8, 0xa3, 0x21, 0x23, 0x0f, 0x9a,
    0x2f, 0xa9, 0x9a, 0x8e, 0x26, 0x93, 0x1a, 0x90, 0xa4, 0x0f, 0x0d, 0x91,
    0xb0, 0x8a, 0x92, 0x2a, 0x19, 0x9c, 0x20, 0x9e, 0x2a, 0x10, 0x23, 0x1b,
    0x9f, 0xa1, 0x96, 0xa3, 0x2a, 0x2c, 0x93, 0xa5, 0x29, 0x90, 0x2d, 0xa9,
    0x1d, 0xa7, 0x9b, 0x21, 0x84, 0x16, 0x21, 0xa4, 0x21, 0x25, 0x26, 0x1b,
    0xa7, 0xab, 0x87, 0x84, 0x20, 0x16, 0x92, 0x9a, 0x2a, 0x9a, 0xa2, 0xaa,
    0x9d, 0x8c, 0x22, 0x13, 0xa4, 0x12, 0xa6, 0x16, 0x9b, 0x96, 0x2a, 0x19,
    0xac, 0x22, 0xaf, 0xa5, 0x18, 0xa2, 0x9f, 0xa2, 0x98, 0xa5, 0x07, 0x2a,
    0xb1, 0x06, 0x1a, 0x06, 0x2a, 0x1d, 0x1d, 0x22, 0xad, 0x28, 0x16, 0xaa,
    0x06, 0xa1, 0x30, 0x22, 0x30, 0x88, 0x94, 0x18, 0xa9, 0x99, 0x9e, 0xa4,
    0x2b, 0xa4, 0x88, 0x27, 0x8b, 0x26, 0xac, 0xa3, 0x99, 0xa7, 0x99, 0x98,
    0x23, 0x8a, 0x9a, 0x8a, 0xa4, 0x97, 0x08, 0x85, 0x9d, 0x20, 0x9a, 0x1b,
    0x15, 0x9d, 0x8c, 0x05, 0xa2, 0x00, 0x9b, 0x96, 0x05, 0x14, 0xa8, 0xa7,
    0xa5, 0x12, 0x25, 0xa1, 0x19, 0x8c, 0xa2, 0x21, 0xa1, 0x1c, 0x0f, 0x9f,
    0x17, 0xa3, 0x24, 0x9d, 0x94, 0xad, 0x84, 0x1c, 0x13, 0x95, 0x1d, 0xa5,
    0xa1, 0x21, 0xa3, 0x21, 0x1d, 0x94, 0x10, 0xa8, 0x2c, 0x88, 0x17, 0xa3,
    0x2b, 0x92, 0x91, 0x19, 0xa1, 0xa4, 0x8d, 0x22, 0x2d, 0x23, 0x1d, 0x11,
    0x9b, 0x97, 0x2d, 0x2c, 0x1b, 0x23, 0x18, 0x9e, 0x08, 0x0b, 0x22, 0xa4,
    0xa0, 0x20, 0x96, 0x0c, 0xa2, 0x20, 0x1e, 0xa5, 0xa6, 0x0e, 0x81, 0x16,
    0x83, 0x24, 0x90, 0x1e, 0xa2, 0x9e, 0x26, 0x25, 0x13, 0x99, 0x1d, 0x28,
    0x1a, 0x87, 0xa2, 0x9d, 0x23, 0xac, 0x9f, 0xa2, 0xa9, 0x11, 0x00, 0x81,
    0x85, 0x21, 0x81, 0xa6, 0x08, 0x2b, 0x22, 0x26, 0xa9, 0x2d, 0x81, 0xaa,
    0xab, 0x2f, 0xaa, 0xa2, 0x24, 0x95, 0x93, 0x27, 0x21, 0x12, 0xab, 0x22,
    0x29, 0x8d, 0x23, 0x1c, 0x24, 0x8f, 0xa5, 0x21, 0x29, 0x89, 0x92, 0x22,
    0xa0, 0xa8, 0x05, 0x84, 0x9d, 0xa6, 0xa5, 0x89, 0x8c, 0xa0, 0xaa, 0x0a,
    0xa3, 0xa8, 0x95, 0xab, 0x9b, 0x28, 0x9a, 0x13, 0x26, 0x92, 0x18, 0x25,
    0x9c, 0x96, 0xa2, 0x93, 0x1a, 0x25, 0x0b, 0x8b, 0x16, 0x1f, 0xa6, 0x0e,
    0x2a, 0x98, 0x18, 0x8d, 0x20, 0x2a, 0xaa, 0x87, 0x90, 0x1b, 0x1d, 0xa0,
    0x19, 0x92, 0x9c, 0x19, 0x18, 0x9c, 0xa9, 0x09, 0x18, 0x06, 0x90, 0x22,
    0x00, 0x10, 0x93, 0x0a, 0x15, 0x10, 0x94, 0xa5, 0x8d, 0x1f, 0x9a, 0x10,
    0xa8, 0x87, 0x83, 0x95, 0x84, 0x27, 0xa0, 0x92, 0xa8, 0x25, 0xa0, 0x8e,
    0x9d, 0x25, 0x9e, 0xa5, 0x19, 0x9b, 0xa7, 0xa1, 0x0b, 0xa8, 0x9c, 0x15,
    0x2b, 0x81, 0xa5, 0xa5, 0x1e, 0x12, 0x25, 0x1d, 0x9e, 0x9e, 0x21, 0x09,
    0x1a, 0x13, 0xa3, 0x1e, 0x23, 0x94, 0xa8, 0x9c, 0x30, 0x1b, 0x24, 0xaf,
    0x9b, 0x28, 0x9d, 0x1b, 0x1a, 0x22, 0xaa, 0xa9, 0x97, 0x29, 0xa7, 0x22,
    0x1e, 0x99, 0xa1, 0xb0, 0x20, 0xaa, 0x23, 0x9a, 0x22, 0x0e, 0x17, 0x21,
    0xa3, 0x17, 0x1f, 0x14, 0x92, 0x93, 0x99, 0xa5, 0x95, 0x11, 0xa5, 0x84,
    0x97, 0x9a, 0x16, 0x1f, 0x24, 0xab, 0x22, 0x1d, 0xa8, 0x18, 0x23, 0x91,
    0x0b, 0xa3, 0xa1, 0x95, 0x0d, 0x22, 0x22, 0x94, 0x9a, 0x8b, 0x1c, 0x27,
    0x9a, 0x93, 0x27, 0x1d, 0x17, 0xa2, 0x89, 0x1c, 0x18, 0x8c, 0x99, 0x22,
    0x90, 0x14, 0x9d, 0x26, 0x12, 0xa1, 0x08, 0x1b, 0xa8, 0x9b, 0x1f, 0x93,
    0xa9, 0x89, 0x2d, 0x9c, 0xa5, 0x1b, 0xa6, 0x00, 0x1d, 0xa2, 0x82, 0xa3,
    0x04, 0xa3, 0x0c, 0xa0, 0x26, 0x90, 0x2a, 0xa2, 0x9f, 0x86, 0x20, 0x21,
    0x9a, 0x16, 0x21, 0x17, 0x18, 0x9b, 0x8a, 0x86, 0x1c, 0x02, 0x19, 0x23,
    0x19, 0x25, 0x00, 0x21, 0x02, 0x2d, 0x1a, 0x1e, 0x24, 0x11, 0x94, 0x11,
    0x2d, 0x14, 0xa2, 0x11, 0x8c, 0x2a, 0x24, 0x9e, 0x9b, 0xa2, 0x17, 0x21,
    0x19, 0x22, 0x27, 0x9e, 0xa7, 0x11, 0x0c, 0x26, 0x8c, 0x24, 0xa6, 0x20,
    0x2e, 0xaa, 0x18, 0x2f, 0x2c, 0x8a, 0x9b, 0x06, 0x9f, 0x9c, 0x26, 0x9e,
    0x22, 0x94, 0x1d, 0x29, 0x1a, 0x28, 0x1c, 0x10, 0x1c, 0xa2, 0x32, 0xa4,
    0xa1, 0x19, 0x0f, 0x99, 0x27, 0x86, 0x22, 0x12, 0xa2, 0x11, 0x8f, 0xa4,
    0x0c, 0x1a, 0x8b, 0x25, 0x1f, 0x02, 0x9f, 0x8f, 0xaa, 0x92, 0xa0, 0x92,
    0x1d, 0x24, 0xa0, 0x86, 0xa2, 0xa6, 0x22, 0x84, 0x09, 0xa1, 0x21, 0x16,
    0x1e, 0x2a, 0x27, 0xa1, 0xa3, 0x99, 0x8f, 0x26, 0x1c, 0x89, 0xa1, 0x21,
    0xa4, 0x98, 0xa9, 0xa3, 0xad, 0x1a, 0x28, 0x00, 0xa2, 0x1c, 0x9f, 0x93,
    0x9b, 0x23, 0x1f, 0x0c, 0x16, 0xa2, 0x1e, 0x0b, 0x0c, 0x03, 0x27, 0x0d,
    0xa0, 0x87, 0x06, 0x9e, 0x99, 0x27, 0x9a, 0x23, 0x27, 0x1c, 0x19, 0x9b,
    0xa8, 0xa2, 0x9e, 0x2a, 0x06, 0x24, 0x00, 0x98, 0x27, 0xa2, 0x0b, 0xa9,
    0x90, 0x96, 0xaa, 0x95, 0xa7, 0xa4, 0x23, 0x02, 0x8a, 0x08, 0x1a, 0x1e,
    0x14, 0x94, 0x28, 0x81, 0x1b, 0x1c, 0x9a, 0x9d, 0x04, 0x25, 0x05, 0x12,
    0x0c, 0x0a, 0x27, 0x84, 0x92, 0x1a, 0x28, 0x98, 0x9f, 0x03, 0x20, 0x14,
    0x0f, 0x97, 0x90, 0x1c, 0x94, 0xa7, 0x8b, 0xa2, 0x82, 0x0d, 0x27, 0x19,
    0x99, 0x1f, 0x8f, 0x1f, 0x8e, 0x9b, 0x05, 0x11, 0x09, 0x9f, 0x99, 0xa3,
    0x09, 0x99, 0x9a, 0x0c, 0x10, 0x82, 0x91, 0x21, 0x96, 0x04, 0x01, 0x1f,
    0x91, 0x15, 0x1b, 0x2a, 0x02, 0x95, 0x05, 0x11, 0x0e, 0x1b, 0x16, 0xa2,
    0x12, 0x10, 0x13, 0x9f, 0x96, 0x1c, 0x05, 0x20, 0x93, 0x83, 0x81, 0x86,
    0x99, 0x91, 0x86, 0x12, 0x1c, 0x9a, 0x0f, 0x25, 0x92, 0x0b, 0x99, 0x9c,
    0x9a, 0x9d, 0x8b, 0x9c, 0x10, 0x13, 0x99, 0x11, 0x1a, 0x19, 0x05, 0x9f,
    0x03, 0x24, 0x05, 0x18, 0x8f, 0x15, 0x1e, 0x18, 0x00, 0x1a, 0x84, 0x8d,
    0x84, 0x02, 0x91, 0x1d, 0x04, 0x97, 0x8c, 0x15, 0x97, 0x1a, 0x0d, 0x9d,
    0x11, 0x16, 0x88, 0x9f, 0x93, 0x12, 0x9d, 0x14, 0x17, 0x8b, 0x8e, 0x0d,
    0x16, 0x98, 0x23, 0x90, 0x98, 0x29, 0x17, 0x19, 0x89, 0x91, 0x99, 0x98,
    0x02, 0x0e, 0x84, 0x03, 0x8e, 0x18, 0x12, 0x1f, 0x18, 0x1b, 0x10, 0x25,
    0x94, 0x11, 0x93, 0xa2, 0x15, 0x07, 0x9b, 0x0b, 0x03, 0x03, 0xa0, 0x8d,
    0x89, 0xa3, 0x9d, 0x1c, 0x85, 0x9d, 0x1b, 0xa5, 0x20, 0x9c, 0x1c, 0x98,
    0x22, 0x1f, 0xa1, 0x09, 0x09, 0x9e, 0x83, 0x1d, 0x92, 0x1b, 0x00, 0x89,
    0x11, 0x19, 0x15, 0x99, 0x1a, 0x13, 0x1b, 0x93, 0x91, 0x23, 0x12, 0xa1,
    0x9f, 0x95, 0x05, 0x1b, 0x13, 0x9e, 0x91, 0xa0, 0x89, 0x9d, 0xa0, 0x00,
    0x09, 0xa2, 0x91, 0x20, 0x8c, 0x91, 0xa1, 0x9c, 0x82, 0x94, 0x22, 0x14,
    0x92, 0x20, 0x15, 0x1b, 0x92, 0x21, 0x1d, 0x99, 0x94, 0x1a, 0x00, 0x1a,
    0x15, 0x1b, 0x05, 0x21, 0x84, 0x19, 0x21, 0x8e, 0x80, 0x1e, 0x1f, 0xa6,
    0x97, 0x97, 0xa1, 0x18, 0x0f, 0x95, 0x15, 0x11, 0x01, 0x13, 0x98, 0x1b,
    0x11, 0x18, 0x94, 0x84, 0x08, 0x97, 0x19, 0x8b, 0x9e, 0xa0, 0x87, 0xa4,
    0x1a, 0x81, 0x28, 0x20, 0x98, 0x1b, 0x9c, 0x22, 0x96, 0x10, 0x12, 0x99,
    0x96, 0xa0, 0x8b, 0xa3, 0x98, 0xa1, 0x95, 0x1e, 0x98, 0x0e, 0x98, 0x24,
    0x88, 0x1a, 0x14, 0x13, 0x03, 0x20, 0x26, 0x0c, 0x0d, 0x22, 0x98, 0x17,
    0x85, 0x10, 0x22, 0xa5, 0x83, 0x8f, 0x05, 0x9d, 0x07, 0x2a, 0x8f, 0x99,
    0x83, 0x18, 0x02, 0x96, 0x97, 0x90, 0x95, 0x97, 0x1e, 0x9c, 0x16, 0x07,
    0x0d, 0x20, 0x97, 0x92, 0x0b, 0x9c, 0x1f, 0x99, 0x90, 0xa2, 0x13, 0x83,
    0x89, 0x8e, 0x96, 0x1c, 0xa2, 0x0a, 0x9c, 0x1f, 0x10, 0x95, 0x1b, 0x16,
    0x9a, 0x96, 0x03, 0x19, 0x9a, 0x21, 0x10, 0x82, 0x98, 0x01, 0x96, 0xa0,
    0x82, 0x07, 0xa6, 0x99, 0x19, 0x22, 0x1a, 0x91, 0x91, 0x1f, 0xa1, 0x9c,
    0x92, 0x24, 0x24, 0xa6, 0x87, 0x86, 0x17, 0x1c, 0x1c, 0x25, 0x87, 0x98,
    0x90, 0x11, 0x91, 0x91, 0x8d, 0x1d, 0x97, 0x19, 0x8b, 0x81, 0x92, 0x05,
    0x85, 0x1d, 0x89, 0x97, 0x92, 0x15, 0x18, 0x99, 0x93, 0x9d, 0x01, 0x13,
    0x88, 0x85, 0x83, 0x08, 0x96, 0xa2, 0x9b, 0x1e, 0xa3, 0x18, 0x28, 0xaa,
    0x98, 0xa2, 0x16, 0xa6, 0x10, 0x0f, 0xa9, 0x15, 0x07, 0x9c, 0x99, 0x20,
    0x19, 0x0f, 0x8a, 0x21, 0x03, 0x94, 0x09, 0x86, 0x13, 0x0e, 0x1d, 0x85,
    0x09, 0x23, 0x12, 0x1c, 0x98, 0xa1, 0x1b, 0xa1, 0x11, 0x17, 0x9d, 0x97,
    0x1f, 0x14, 0x96, 0xa0, 0x85, 0xaa, 0x82, 0x22, 0x1b, 0x87, 0x1d, 0xa0,
    0x17, 0xa4, 0x1d, 0x23, 0x8c, 0x1d, 0x13, 0x18, 0x1c, 0x9c, 0x89, 0x2a,
    0x11, 0x1d, 0x1c, 0x12, 0x07, 0x23, 0x23, 0x25, 0x99, 0x1c, 0x8e, 0x8a,
    0x14, 0x9a, 0x05, 0x9c, 0x9c, 0x22, 0x84, 0x20, 0x96, 0x22, 0x03, 0x19,
    0x9b, 0x16, 0x92, 0x27, 0x1b, 0x21, 0x81, 0x18, 0x19, 0x91, 0x11, 0x83,
    0x0f, 0xa1, 0x9a, 0xa0, 0x19, 0x1e, 0x03, 0x02, 0x9c, 0x06, 0xa0, 0x0a,
    0x8a, 0x03, 0x04, 0x9c, 0x0c, 0x99, 0x06, 0x96, 0x8d, 0x9a, 0x94, 0x92,
    0x9b, 0x1b, 0x95, 0x14, 0x13, 0x93, 0x8e, 0x19, 0x8f, 0x18, 0x19, 0x21,
    0x96, 0x93, 0xa0, 0x18, 0x90, 0x1d, 0x14, 0x92, 0x91, 0x96, 0x90, 0x18,
    0x13, 0x88, 0x14, 0x88, 0x11, 0xa2, 0x8a, 0x91, 0xa1, 0x1a, 0x96, 0x04,
    0x21, 0x92, 0x17, 0x02, 0x13, 0x1b, 0x85, 0x99, 0x97, 0x0f, 0x91, 0x9a,
    0x83, 0x13, 0x90, 0x83, 0x14, 0x0a, 0x0c, 0x1d, 0x12, 0x20, 0x93, 0x04,
    0x06, 0x03, 0x1f, 0x11, 0x0d, 0x1e, 0x01, 0x1a, 0x93, 0x9b, 0x9a, 0x17,
    0x92, 0xa4, 0x16, 0x05, 0x87, 0x1f, 0x99, 0x84, 0x11, 0x17, 0x1a, 0x80,
    0xa4, 0x86, 0x13, 0x09, 0x1a, 0x1b, 0x0e, 0x81, 0x82, 0x94, 0x0f, 0x11,
    0x1e, 0x19, 0x85, 0x12, 0x92, 0x8a, 0x9a, 0x96, 0x00, 0x97, 0x9c, 0x09,
    0x96, 0x81, 0x22, 0x15, 0x19, 0x19, 0x0d, 0x21, 0x9f, 0x11, 0x0d, 0x98,
    0x07, 0x96, 0xa0, 0x91, 0x82, 0x96, 0xa0, 0x17, 0x03, 0xa5, 0x9c, 0x1e,
    0x9f, 0x0f, 0x22, 0x9a, 0x14, 0x9f, 0x16, 0x97, 0x18, 0x1f, 0x00, 0x18,
    0x99, 0x0e, 0xa0, 0x0d, 0x0d, 0x17, 0x0b, 0x9c, 0x12, 0x85, 0x15, 0x9d,
    0x1a, 0x01, 0x96, 0x93, 0x9c, 0x1b, 0x83, 0x0a, 0x8e, 0x83, 0x1c, 0x03,
    0x1a, 0xa0, 0x07, 0x99, 0x83, 0x11, 0x86, 0x97, 0x97, 0xa2, 0x13, 0x88,
    0x85, 0x95, 0x19, 0x85, 0x86, 0x95, 0x11, 0x06, 0x9a, 0x19, 0x01, 0x18,
    0x9d, 0x10, 0x01, 0x9b, 0x18, 0x11, 0x13, 0x21, 0x18, 0x1f, 0x1b, 0x16,
    0x02, 0x1a, 0x18, 0x8d, 0x8e, 0x15, 0x15, 0x9c, 0x97, 0x0b, 0x9e, 0x20,
    0x0e, 0x0d, 0x20, 0x11, 0x05, 0x0b, 0x89, 0x0e, 0x1c, 0x83, 0x15, 0x92,
    0x86, 0x90, 0x9a, 0x23, 0x9c, 0x0b, 0x0a, 0xaa, 0x08, 0x13, 0x12, 0x1d,
    0x1c, 0x1a, 0x96, 0x9b, 0x88, 0x85, 0x89, 0x27, 0x00, 0x9a, 0x01, 0xa7,
    0x0b, 0x9e, 0x9b, 0x1c, 0x1a, 0x23, 0x84, 0x1b, 0x9f, 0x02, 0x1c, 0x14,
    0x9c, 0xa8, 0x17, 0x1d, 0x19, 0x1c, 0x05, 0x1f, 0xa1, 0xa3, 0x16, 0x99,
    0x9c, 0x0f, 0xa0, 0xa6, 0x91, 0x29, 0x1a, 0x8c, 0x9b, 0x0f, 0x19, 0x06,
    0x1b, 0x0f, 0x90, 0x96, 0x8b, 0x9e, 0x08, 0x12, 0x9d, 0x9b, 0x9b, 0x14,
    0x98, 0x99, 0x24, 0x83, 0x9a, 0x03, 0x9e, 0x8d, 0x99, 0x03, 0x21, 0x20,
    0xa3, 0x12, 0x12, 0x1d, 0x81, 0x06, 0x22, 0x1c, 0xa1, 0xa1, 0x11, 0x11,
    0x98, 0x1e, 0x11, 0xa2, 0xa1, 0x18, 0x1c, 0x18, 0x93, 0x22, 0x8a, 0xa2,
    0x9a, 0x25, 0x8a, 0x8a, 0x20, 0x20, 0xa8, 0x15, 0xa2, 0x9a, 0x8e, 0x10,
    0x93, 0x97, 0x24, 0x11, 0x98, 0x28, 0x82, 0x24, 0x8a, 0x16, 0x86, 0x99,
    0x1a, 0xa0, 0x97, 0x96, 0x91, 0x19, 0x91, 0x92, 0x85, 0x9e, 0x8e, 0x18,
    0x19, 0x84, 0x98, 0x9f, 0x9a, 0x26, 0x10, 0x11, 0x05, 0x19, 0xa1, 0x13,
    0x1b, 0x9b, 0x1a, 0x21, 0x8d, 0x94, 0x1f, 0x0b, 0x99, 0x22, 0x27, 0xa8,
    0x19, 0x0f, 0xa4, 0x27, 0x1d, 0x95, 0x18, 0x9d, 0x1d, 0x19, 0x9f, 0x99,
    0x1d, 0x9e, 0x91, 0xa0, 0x1b, 0x1b, 0x20, 0x11, 0x90, 0x91, 0x1b, 0x1d,
    0xa4, 0xa3, 0x15, 0x24, 0x01, 0x23, 0xa1, 0x98, 0x1f, 0x8b, 0x9a, 0x90,
    0x95, 0x81, 0x1d, 0x12, 0x08, 0x13, 0x9a, 0x94, 0x1f, 0x18, 0x24, 0x2b,
    0x98, 0x24, 0x25, 0x10, 0x88, 0x87, 0x16, 0x20, 0x8e, 0x22, 0x0b, 0x8d,
    0x92, 0x91, 0x1b, 0x23, 0x96, 0x17, 0x88, 0x02, 0x97, 0x84, 0x16, 0x9c,
    0x9e, 0x22, 0x11, 0x89, 0x95, 0x81, 0xa1, 0x08, 0x18, 0x0e, 0x99, 0x22,
    0x97, 0x10, 0x8c, 0x1e, 0x1d, 0x2a, 0x0c, 0xb2, 0xa1, 0xab, 0xa6, 0xb2,
    0x9e, 0xa0, 0xa9, 0xa4, 0x33, 0x31, 0x2b, 0xaa, 0x1f, 0x92, 0xb3, 0xa8,
    0x84, 0x31, 0x0c, 0x14, 0x1f, 0x2b, 0x2a, 0x91, 0xa1, 0xa1, 0xa1, 0x33,
    0x00, 0x13, 0x30, 0xb3, 0x97, 0x1c, 0x1d, 0xb1, 0x1b, 0x24, 0x22, 0xac,
    0x33, 0x2e, 0x28, 0xa6, 0x96, 0x27, 0x29, 0x9f, 0x20, 0x8b, 0xb1, 0xac,
    0x98, 0x31, 0x99, 0x27, 0xa8, 0xa2, 0x29, 0x29, 0x09, 0x2b, 0x1f, 0x32,
    0xa0, 0xb4, 0x8b, 0xa2, 0x95, 0xb0, 0x1c, 0x2e, 0x0c, 0x24, 0x93, 0x90,
    0x11, 0x1e, 0xae, 0x30, 0xaa, 0x2a, 0x16, 0x31, 0x94, 0x22, 0x14, 0x24,
    0xae, 0xa2, 0x90, 0x32, 0xb0, 0xa5, 0x33, 0x9c, 0xa8, 0x32, 0xa1, 0x2b,
    0x26, 0x2a, 0xa8, 0x24, 0xa1, 0x22, 0xa7, 0x28, 0x92, 0xac, 0x22, 0xa7,
    0x95, 0x27, 0x1b, 0x9b, 0x9e, 0x19, 0x29, 0x32, 0xaa, 0xad, 0x24, 0x99,
    0x91, 0x28, 0x32, 0x95, 0x97, 0xa8, 0x21, 0xa9, 0x90, 0xa5, 0xa7, 0xab,
    0x2b, 0x2b, 0x9e, 0xb0, 0x1a, 0xa2, 0x02, 0xa9, 0xa6, 0xa3, 0x30, 0xb1,
    0x9d, 0xad, 0x31, 0x81, 0x2a, 0x24, 0x1f, 0xa9, 0xa3, 0x9d, 0xac, 0x2a,
    0xa3, 0x9d, 0xae, 0x21, 0xa4, 0xb0, 0xa4, 0xb3, 0xb2, 0xaa, 0x94, 0xaa,
    0x23, 0xab, 0xa7, 0x1c, 0x9b, 0x9e, 0xb0, 0x88, 0x96, 0xaf, 0x2f, 0x32,
    0x29, 0x31, 0xa8, 0x2e, 0x04, 0x28, 0x20, 0xaa, 0xa2, 0x2f, 0x26, 0x23,
    0x84, 0x2f, 0xb1, 0xa2, 0x2c, 0x99, 0x0d, 0x2a, 0xa7, 0xa1, 0x99, 0x23,
    0x1c, 0x19, 0xab, 0x2f, 0x25, 0xaa, 0x1f, 0xa8, 0x2c, 0x1e, 0xb0, 0x2a,
    0x9a, 0xb2, 0xa6, 0xae, 0x92, 0x2d, 0xa2, 0x32, 0x0e, 0xaa, 0xaa, 0xaa,
    0x2a, 0x22, 0xa6, 0xa5, 0xa9, 0x21, 0x20, 0x2c, 0x9a, 0x29, 0xa7, 0xac,
    0x1f, 0x12, 0x34, 0xb5, 0x90, 0x25, 0xa6, 0x2a, 0x17, 0x19, 0x00, 0x1a,
    0x97, 0x07, 0x89, 0x03, 0x1a, 0x22, 0x9d, 0xa5, 0x17, 0xa3, 0x12, 0xa2,
    0x02, 0x84, 0x17, 0x94, 0x00, 0x9f, 0x95, 0x19, 0x99, 0x00, 0x15, 0x17,
    0x05, 0x24, 0x9b, 0x09, 0x07, 0x9b, 0x0c, 0x19, 0x9b, 0x0d, 0x97, 0x23,
    0x0b, 0x1f, 0x11, 0x24, 0x99, 0x16, 0x15, 0x11, 0x22, 0x19, 0x86, 0x99,
    0x18, 0x20, 0x9a, 0x9d, 0x11, 0x99, 0x29, 0x8d, 0xa1, 0x1f, 0x92, 0x1c,
    0x0d, 0x92, 0x92, 0x1b, 0x95, 0x20, 0x24, 0xa5, 0x96, 0x99, 0x1e, 0x9d,
    0x13, 0x9e, 0x1c, 0x08, 0x14, 0x95, 0x95, 0x16, 0xa2, 0x08, 0x9a, 0x1b,
    0x0e, 0x15, 0x8e, 0x21, 0x81, 0xa5, 0x03, 0x25, 0x9a, 0x15, 0x8d, 0x9f,
    0xa1, 0x05, 0x88, 0x90, 0x93, 0x0b, 0xa2, 0x0c, 0x13, 0x27, 0x1b, 0x14,
    0x17, 0x25, 0x1c, 0x82, 0x0a, 0x16, 0x1b, 0x0b, 0x92, 0x98, 0x91, 0x9a,
    0x9e, 0xa3, 0x8e, 0x8d, 0x9e, 0x99, 0x10, 0x8f, 0x12, 0x89, 0x03, 0xa0,
    0x9c, 0x83, 0x92, 0x19, 0x8d, 0x1e, 0x9d, 0x82, 0xa0, 0x1c, 0x12, 0xa4,
    0x9e, 0xa9, 0x9e, 0x28, 0x98, 0x18, 0x21, 0x1a, 0xa5, 0x23, 0x9b, 0x21,
    0x0a, 0x21, 0x26, 0x9c, 0x9c, 0xa0, 0x1e, 0x92, 0x14, 0x16, 0x13, 0x1c,
    0x98, 0x26, 0xa1, 0x12, 0xa2, 0x97, 0x87, 0x0f, 0x91, 0x9d, 0x11, 0xa4,
    0x1b, 0x8d, 0x1f, 0x23, 0x11, 0x25, 0x9b, 0x28, 0xa5, 0x94, 0x24, 0x04,
    0x98, 0x96, 0x02, 0x0f, 0x02, 0x26, 0x93, 0xa1, 0x93, 0x90, 0x98, 0x9f,
    0xa5, 0x10, 0x93, 0x21, 0x8e, 0x12, 0x13, 0x21, 0xa0, 0x1c, 0x8c, 0x02,
    0x24, 0xa7, 0x90, 0x22, 0xa1, 0x06, 0x92, 0x26, 0x95, 0x18, 0x25, 0x93,
    0x9d, 0x8d, 0xa7, 0x8b, 0x2a, 0xa5, 0x06, 0x12, 0x15, 0x21, 0x9f, 0x27,
    0x92, 0x24, 0x21, 0x9c, 0x96, 0x89, 0x9a, 0x09, 0x22, 0x99, 0x1b, 0x11,
    0x9b, 0x9d, 0x17, 0x22, 0x93, 0xa1, 0x0b, 0x8f, 0x96, 0x18, 0x1c, 0x08,
    0x0c, 0x89, 0x98, 0x02, 0x09, 0x97, 0x02, 0x24, 0x0d, 0x82, 0x04, 0x9b,
    0x94, 0x8e, 0x95, 0x15, 0x8b, 0x0e, 0x8f, 0x06, 0x8e, 0xa0, 0x18, 0x20,
    0x92, 0x9e, 0x1e, 0x22, 0x8a, 0xa0, 0x9a, 0x18, 0x88, 0x01, 0x8c, 0x16,
    0xa3, 0x09, 0x9b, 0x9b, 0x9c, 0x8c, 0x01, 0x21, 0x13, 0x91, 0x05, 0x07,
    0x97, 0x06, 0x93, 0x18, 0x07, 0x9e, 0x91, 0x02, 0x99, 0x87, 0x10, 0x8f,
    0x9c, 0x9a, 0x22, 0x91, 0x0f, 0x99, 0x91, 0x1e, 0x0b, 0x10, 0x1b, 0xa0,
    0x8e, 0x92, 0x01, 0x03, 0x11, 0x19, 0x24, 0x92, 0x05, 0xa1, 0x0a, 0x0d,
    0x15, 0x88, 0x88, 0x06, 0x09, 0x81, 0x1f, 0x84, 0x95, 0x1c, 0x81, 0x9c,
    0x9c, 0x11, 0x86, 0x07, 0x9c, 0x11, 0xa3, 0x8a, 0x13, 0x9c, 0x9a, 0x94,
    0x13, 0x10, 0x94, 0x13, 0x1a, 0x27, 0x04, 0x28, 0x0e, 0x11, 0x92, 0x12,
    0x90, 0x07, 0x96, 0xa1, 0x8b, 0x0c, 0x1c, 0x1b, 0x07, 0x0b, 0x1c, 0x15,
    0x0c, 0x10, 0x95, 0x12, 0x84, 0x1c, 0x9a, 0x0e, 0x81, 0x8b, 0x9c, 0x14,
    0x11, 0x8a, 0x9b, 0x16, 0x95, 0x91, 0x02, 0x1a, 0x19, 0x90, 0x8c, 0x04,
    0x1e, 0x25, 0x92, 0x20, 0x20, 0x15, 0x11, 0x97, 0x0c, 0x1c, 0x15, 0x99,
    0x12, 0x1f, 0x06, 0xa3, 0x1a, 0x0d, 0x92, 0x82, 0x9d, 0x1b, 0x14, 0x96,
    0x14, 0x95, 0x8f, 0x10, 0x96, 0x19, 0x97, 0x91, 0x02, 0x9c, 0x11, 0x04,
    0x1a, 0x93, 0x0d, 0x20, 0x95, 0x82, 0x9d, 0x95, 0x82, 0x9b, 0x1c, 0x21,
    0x9b, 0x17, 0x13, 0x1a, 0x97, 0x0f, 0x03, 0x13, 0x97, 0x17, 0x8c, 0x92,
    0x84, 0x96, 0x83, 0x18, 0x92, 0x1f, 0x02, 0x06, 0x97, 0x9b, 0x1a, 0x1e,
    0x05, 0x03, 0xa1, 0x94, 0x12, 0xa3, 0x85, 0x9c, 0x8b, 0x18, 0xa2, 0x18,
    0x1c, 0x95, 0x99, 0x88, 0x97, 0x1e, 0x1d, 0x12, 0x9c, 0x93, 0x1a, 0x94,
    0x02, 0x1f, 0x83, 0x9d, 0x12, 0xa8, 0x04, 0xa1, 0x85, 0x96, 0x20, 0x29,
    0x86, 0x14, 0x17, 0x18, 0x0b, 0x94, 0x22, 0x24, 0x9f, 0x26, 0x8a, 0x9f,
    0x83, 0xa5, 0x23, 0x12, 0x83, 0x02, 0x81, 0x9c, 0x20, 0x86, 0x19, 0x28,
    0x9e, 0x29, 0x90, 0x83, 0x07, 0x1f, 0xa3, 0x89, 0x92, 0x1a, 0x16, 0xa2,
    0x93, 0x06, 0x1f, 0x9b, 0xa1, 0x24, 0x95, 0x24, 0x1a, 0x96, 0x9b, 0xa6,
    0x97, 0x9a, 0x19, 0xa5, 0x85, 0x9d, 0x28, 0x0b, 0x09, 0xa8, 0x08, 0x26,
    0x12, 0x91, 0x15, 0x91, 0xa2, 0x99, 0x91, 0x1e, 0x1a, 0x09, 0x1d, 0x07,
    0x95, 0x96, 0x16, 0x21, 0x96, 0x1e, 0x1c, 0x9a, 0x06, 0x89, 0x26, 0xa0,
    0x81, 0x08, 0x9e, 0xa4, 0x9c, 0x87, 0x14, 0x26, 0xa2, 0x1e, 0x97, 0x9d,
    0x9c, 0x21, 0x92, 0x17, 0x92, 0xa0, 0x9f, 0x1c, 0x1b, 0x89, 0x0e, 0x84,
    0x10, 0x89, 0x8e, 0x9c, 0x9b, 0x1b, 0xa2, 0x99, 0x8a, 0x8e, 0xa6, 0x14,
    0x1c, 0x08, 0x91, 0xa5, 0x99, 0x21, 0x92, 0x2b, 0x9a, 0x89, 0x91, 0x90,
    0x84, 0x20, 0x1d, 0x8e, 0x06, 0x97, 0x88, 0x93, 0x83, 0x25, 0x11, 0x22,
    0x9d, 0x83, 0x0f, 0x9c, 0x06, 0x1b, 0x9c, 0x11, 0x1f, 0x29, 0x14, 0xa4,
    0x1d, 0x8a, 0x95, 0x04, 0x8a, 0x0b, 0x9d, 0xa5, 0x14, 0x19, 0x82, 0x24,
    0x0b, 0x20, 0x0c, 0x1e, 0x9a, 0x98, 0x19, 0x1c, 0x8d, 0x24, 0xa1, 0x12,
    0x1c, 0x1a, 0x9c, 0x11, 0x20, 0x1d, 0x1a, 0x93, 0x9c, 0x18, 0xa1, 0x20,
    0x19, 0xa1, 0x1b, 0x1c, 0x9e, 0x21, 0x88, 0x9b, 0x20, 0xa7, 0x18, 0x2a,
    0x97, 0x1b, 0x07, 0x9d, 0x9b, 0x8d, 0x14, 0x20, 0x8e, 0x04, 0x98, 0x19,
    0x14, 0xa3, 0x19, 0x1b, 0x89, 0x11, 0xa3, 0x94, 0x91, 0xa0, 0x0a, 0x9c,
    0x87, 0x1f, 0x9a, 0x22, 0x28, 0x9d, 0x0c, 0x14, 0x0a, 0x93, 0x0a, 0x22,
    0x17, 0x95, 0x19, 0x84, 0x02, 0x22, 0x10, 0x9b, 0x19, 0xa0, 0x00, 0x99,
    0x16, 0x98, 0x1a, 0x95, 0x0c, 0x9b, 0x84, 0x13, 0x95, 0x96, 0x1d, 0x17,
    0xa0, 0x21, 0x97, 0x8e, 0x1c, 0xa4, 0x18, 0x1d, 0x11, 0x93, 0x18, 0x22,
    0x88, 0x9e, 0x03, 0x20, 0x8e, 0x25, 0x03, 0x82, 0x9a, 0x92, 0xa2, 0x1d,
    0x9c, 0x9e, 0x1c, 0xa1, 0x82, 0x9b, 0x84, 0x8d, 0x82, 0x8d, 0x9b, 0x24,
    0x14, 0x90, 0x9a, 0x13, 0x8b, 0x18, 0x21, 0xa1, 0x06, 0x99, 0x1e, 0x01,
    0x05, 0x14, 0x01, 0x1f, 0x18, 0x90, 0x07, 0x9c, 0x0b, 0x00, 0x01, 0x95,
    0x14, 0x17, 0x19, 0x1b, 0x16, 0x04, 0x0e, 0x21, 0x84, 0x86, 0x9c, 0x8b,
    0x82, 0x9e, 0x1a, 0x91, 0x87, 0x1a, 0x9e, 0xa2, 0x88, 0xa1, 0x18, 0x18,
    0xa7, 0x1d, 0x91, 0x93, 0x0d, 0x19, 0x9c, 0x95, 0x8e, 0x1d, 0x9b, 0x09,
    0x1f, 0x04, 0x9f, 0x99, 0x8a, 0x99, 0x0b, 0xa0, 0x99, 0x19, 0xa0, 0x11,
    0x8f, 0x09, 0x25, 0x25, 0x19, 0x24, 0x1b, 0x1d, 0x8d, 0x20, 0x98, 0x8b,
    0x17, 0xa2, 0x9c, 0x1b, 0x93, 0x17, 0x02, 0x8d, 0x9b, 0xa6, 0x97, 0x0d,
    0x9d, 0x04, 0x11, 0x98, 0x08, 0xa4, 0x98, 0x97, 0x18, 0x26, 0x01, 0x83,
    0x93, 0x19, 0x9b, 0x98, 0x19, 0x19, 0x1c, 0x9e, 0x92, 0x15, 0x00, 0x9f,
    0x1a, 0x01, 0x1d, 0x19, 0xa4, 0x27, 0x10, 0x84, 0x94, 0x14, 0x1a, 0x88,
    0x8e, 0x9d, 0x05, 0x17, 0x88, 0x17, 0x22, 0x05, 0x0a, 0x9e, 0x1a, 0x98,
    0xa0, 0x15, 0x9c, 0x12, 0x88, 0x9f, 0x13, 0x18, 0x9a, 0x18, 0x98, 0xa0,
    0x84, 0x9f, 0x1d, 0x1b, 0x93, 0x19, 0x9b, 0x1d, 0x05, 0x9a, 0x1b, 0x96,
    0x88, 0x11, 0x05, 0x07, 0x00, 0x9f, 0x1d, 0x20, 0x95, 0x12, 0xa5, 0x24,
    0x0c, 0x9b, 0x12, 0x98, 0x03, 0x19, 0xa1, 0x18, 0x25, 0x99, 0x11, 0x13,
    0x2d, 0x21, 0x20, 0x1b, 0x26, 0x0d, 0x9d, 0xa8, 0x03, 0xac, 0x26, 0x28,
    0x28, 0x24, 0x2b, 0xa0, 0x18, 0x9e, 0xa5, 0xa6, 0x15, 0x28, 0x22, 0x1f,
    0x23, 0x15, 0x29, 0x24, 0x1a, 0xa0, 0x28, 0x8f, 0x9a, 0xa0, 0x9f, 0x07,
    0x0c, 0xa3, 0x28, 0x12, 0x9d, 0x28, 0x14, 0xa4, 0x8a, 0x25, 0x1f, 0xa0,
    0x0d, 0x29, 0x1e, 0x9a, 0xa9, 0x22, 0x25, 0x28, 0x93, 0x95, 0x20, 0x99,
    0x11, 0xa4, 0x0f, 0x9a, 0xa0, 0x1c, 0xa1, 0x9b, 0x1d, 0x96, 0x29, 0x0d,
    0x26, 0xa3, 0x23, 0x20, 0x22, 0x1a, 0x2a, 0x21, 0x9f, 0x88, 0xa0, 0xa1,
    0xab, 0x8d, 0x9d, 0x9e, 0x9b, 0xaa, 0x95, 0x1f, 0x94, 0x2a, 0x28, 0x24,
    0x18, 0x1f, 0x22, 0xa8, 0x22, 0xa2, 0x94, 0x04, 0x9e, 0xab, 0x9c, 0xae,
    0x2a, 0x9b, 0x2b, 0x26, 0xab, 0xa1, 0x11, 0x13, 0x01, 0x05, 0xa0, 0xab,
    0x1a, 0xa4, 0x2c, 0xb0, 0x1b, 0xa3, 0xa5, 0x1d, 0x91, 0xa6, 0x17, 0x91,
    0x22, 0x1e, 0x27, 0x84, 0x18, 0xa9, 0xa4, 0x9b, 0x9c, 0x20, 0x2f, 0x86,
    0x27, 0xab, 0x25, 0xa0, 0x8c, 0xaa, 0x13, 0x19, 0x2b, 0x23, 0x26, 0x08,
    0x91, 0xa7, 0x29, 0xa9, 0x2c, 0x1e, 0x19, 0x03, 0x93, 0x1c, 0x24, 0xaf,
    0x92, 0xa2, 0x22, 0x92, 0x1b, 0xa9, 0x0a, 0xac, 0x9b, 0x05, 0x1b, 0x23,
    0xa1, 0x17, 0x30, 0x1f, 0x1a, 0xaf, 0x21, 0xa9, 0x24, 0x02, 0x1c, 0x16,
    0x05, 0x0f, 0x99, 0x18, 0x1d, 0x9d, 0x21, 0x28, 0x1b, 0x04, 0x1b, 0x25,
    0x18, 0xa7, 0xad, 0x9d, 0x86, 0x22, 0xa2, 0x81, 0xaf, 0x04, 0x1e, 0xa4,
    0x94, 0x8a, 0x2a, 0xa6, 0x26, 0x0a, 0x91, 0x99, 0x90, 0xb2, 0xa1, 0x89,
    0x16, 0x9c, 0x1c, 0xa1, 0x20, 0xae, 0x19, 0xad, 0x9b, 0x28, 0x85, 0x21,
    0x07, 0x26, 0xa4, 0x2f, 0xa9, 0xa8, 0x9c, 0x16, 0x86, 0xa9, 0x13, 0x22,
    0x98, 0x21, 0x8a, 0x03, 0x1f, 0x0f, 0x0b, 0x98, 0x10, 0xa8, 0xa4, 0xa8,
    0x22, 0x29, 0x2c, 0xb2, 0x23, 0xa4, 0x9d, 0x92, 0x22, 0xac, 0x15, 0xa5,
    0x1b, 0xac, 0x11, 0xa3, 0x29, 0x98, 0x1d, 0x9e, 0x99, 0xa4, 0x9b, 0x13,
    0x27, 0xa2, 0x1f, 0x28, 0xa7, 0x23, 0x1b, 0x28, 0xa0, 0x21, 0x2d, 0x14,
    0x08, 0xac, 0x91, 0x1d, 0xa2, 0x20, 0xa0, 0xa5, 0x1f, 0x22, 0xa1, 0x20,
    0xa4, 0x90, 0x1c, 0x15, 0xa7, 0x02, 0x1a, 0xaa, 0x0f, 0x9a, 0x32, 0xa4,
    0xb2, 0x22, 0x2b, 0x1b, 0x2f, 0xa3, 0xaa, 0xa1, 0x20, 0xac, 0x91, 0xa1,
    0x23, 0x96, 0x30, 0x2a, 0xa8, 0xa1, 0x2b, 0x22, 0x88, 0xa0, 0x26, 0x08,
    0x23, 0x27, 0x21, 0xac, 0x2a, 0xb2, 0x2c, 0x8b, 0x19, 0x93, 0x23, 0x14,
    0x2e, 0x21, 0x10, 0x16, 0x26, 0xa6, 0xa2, 0x29, 0x2d, 0xaa, 0xa2, 0x95,
    0x13, 0x0f, 0x28, 0xa3, 0x9a, 0x96, 0x28, 0xae, 0x16, 0x27, 0x0c, 0x2d,
    0x18, 0x1a, 0x26, 0xae, 0x1b, 0x03, 0x24, 0xa9, 0x06, 0x21, 0x12, 0x28,
    0x0e, 0x26, 0x94, 0x1b, 0x23, 0x21, 0x1e, 0x2a, 0xa0, 0x87, 0x25, 0xa3,
    0x1d, 0x03, 0xa3, 0x00, 0x2c, 0x9c, 0xa9, 0x21, 0x16, 0x22, 0x28, 0x1e,
    0x9f, 0x9b, 0x2b, 0x02, 0x1a, 0x09, 0x87, 0x9b, 0xa1, 0xa5, 0x08, 0x31,
    0x11, 0x28, 0x09, 0xad, 0xb1, 0xa0, 0x90, 0x24, 0x8b, 0x1b, 0xa7, 0xad,
    0x2b, 0xa7, 0x29, 0xa9, 0x29, 0xa2, 0x2a, 0x1e, 0x89, 0xa5, 0xa1, 0x8b,
    0x2b, 0x29, 0x9b, 0xa9, 0x21, 0x1b, 0x14, 0x8e, 0x22, 0x20, 0x22, 0xaa,
    0xa4, 0x94, 0x0b, 0x06, 0x0c, 0x23, 0x2e, 0x23, 0xa0, 0x27, 0x2f, 0x2f,
    0xa5, 0xad, 0x23, 0x1c, 0xa0, 0xa9, 0x2a, 0x85, 0xa1, 0xa0, 0xa8, 0x18,
    0x19, 0x89, 0x32, 0xad, 0x88, 0xa2, 0x9a, 0x25, 0x1a, 0x16, 0x0a, 0x12,
    0x84, 0xac, 0xa3, 0x90, 0x19, 0xa7, 0xac, 0xb0, 0x26, 0x1b, 0x9b, 0x00,
    0x33, 0x2a, 0x10, 0x21, 0x9e, 0x90, 0x9d, 0x8f, 0x22, 0x1e, 0xaa, 0x27,
    0x22, 0xa3, 0x97, 0xa1, 0x27, 0x17, 0x2d, 0xa9, 0x9d, 0x1b, 0xa2, 0x2d,
    0x30, 0x06, 0xa6, 0xa6, 0x24, 0x23, 0x9d, 0xac, 0xad, 0x21, 0x90, 0x30,
    0xa9, 0x99, 0x20, 0xa8, 0x1e, 0x27, 0x24, 0x92, 0x2b, 0x24, 0xa1, 0x0a,
    0xac, 0xad, 0x1c, 0x29, 0x21, 0x2a, 0x99, 0xab, 0x1e, 0xa2, 0xb4, 0x99,
    0xa4, 0x21, 0x29, 0xa0, 0x23, 0x21, 0xa3, 0xa4, 0x26, 0x1c, 0xab, 0xa6,
    0x1f, 0xa6, 0x28, 0x92, 0xaa, 0x22, 0x87, 0x2a, 0x22, 0x95, 0x29, 0x0f,
    0x07, 0x24, 0x25, 0xa5, 0x0f, 0xa2, 0x2b, 0xa2, 0x86, 0x8a, 0xad, 0x1d,
    0x31, 0x9a, 0x25, 0x30, 0x0d, 0xb1, 0x9a, 0x2c, 0xa0, 0x92, 0x27, 0x1d,
    0x06, 0x28, 0xa1, 0x89, 0x05, 0xb1, 0x21, 0x23, 0x98, 0x94, 0x21, 0xa5,
    0xac, 0xa5, 0xaa, 0x16, 0x95, 0xaa, 0x8a, 0x9a, 0x35, 0xa8, 0x14, 0x87,
    0x02, 0x9d, 0xa0, 0x86, 0x1b, 0x16, 0xa4, 0xad, 0x15, 0x1d, 0xa1, 0x9e,
    0x11, 0x03, 0x95, 0x0d, 0x9d, 0x06, 0x99, 0x18, 0x18, 0x27, 0x0a, 0x2d,
    0x21, 0x1b, 0xa1, 0x2c, 0xb7, 0xa9, 0x28, 0x90, 0xa6, 0xa5, 0x9b, 0x27,
    0x97, 0x1f, 0xac, 0x8f, 0x9f, 0xab, 0xa4, 0x8d, 0x2b, 0x1d, 0xac, 0xa9,
    0x28, 0x28, 0x26, 0x2d, 0xad, 0x24, 0x16, 0xa6, 0xac, 0x20, 0x28, 0x1d,
    0x2a, 0x8b, 0x21, 0x1a, 0xaa, 0x84, 0x90, 0xa0, 0x2a, 0x22, 0xac, 0x19,
    0x26, 0x12, 0xa9, 0xa4, 0x2f, 0xac, 0x18, 0xab, 0x2c, 0x97, 0x9e, 0x30,
    0x10, 0xad, 0xa6, 0x08, 0x99, 0xa1, 0x89, 0x2b, 0x01, 0x9f, 0xa7, 0x9f,
    0x9d, 0x84, 0x25, 0x12, 0x24, 0x92, 0x9e, 0x0c, 0x19, 0x9f, 0x1a, 0xa3,
    0x1f, 0x27, 0xb0, 0xa4, 0x8b, 0x8e, 0x81, 0x23, 0xa3, 0x98, 0x22, 0x1f,
    0x98, 0x9c, 0x1b, 0x19, 0x93, 0xa0, 0x10, 0x99, 0x21, 0x9f, 0x9e, 0x06,
    0x99, 0x85, 0x0b, 0x12, 0x95, 0xa3, 0x81, 0x8d, 0x82, 0x1b, 0x09, 0x12,
    0x85, 0x06, 0x0b, 0x1a, 0x8f, 0x1e, 0x19, 0xa2, 0x21, 0x9d, 0x10, 0x1d,
    0xa8, 0xa2, 0x23, 0x22, 0x0d, 0xb0, 0x27, 0x2e, 0x1b, 0x21, 0xa4, 0x9e,
    0xa6, 0xac, 0xa2, 0x29, 0x23, 0x15, 0xa1, 0x98, 0x94, 0x2c, 0x82, 0x21,
    0xa1, 0xa9, 0x99, 0x24, 0x95, 0x15, 0x13, 0x22, 0xa8, 0xa6, 0x9d, 0x16,
    0x00, 0x1b, 0xaa, 0x02, 0x9e, 0x16, 0x0a, 0x8f, 0x9e, 0x84, 0x0b, 0x06,
    0x20, 0x9c, 0x25, 0x04, 0x04, 0x0b, 0x19, 0x1d, 0x12, 0x1e, 0x20, 0x89,
    0x0a, 0x09, 0x18, 0x92, 0x27, 0x1d, 0xa5, 0xaf, 0x27, 0x2d, 0x1b, 0xa3,
    0x0c, 0xa3, 0xa0, 0x1f, 0xa8, 0x88, 0x9b, 0xab, 0x2a, 0x21, 0x21, 0xa7,
    0xa8, 0x89, 0xb0, 0x21, 0xa0, 0xad, 0x33, 0x2a, 0x29, 0xa5, 0x98, 0x96,
    0x27, 0x18, 0x28, 0xa2, 0x06, 0x22, 0x1d, 0xaa, 0x1f, 0x9e, 0xa0, 0x13,
    0x98, 0x21, 0xa5, 0x24, 0x23, 0x1a, 0x1b, 0xa2, 0x24, 0x21, 0x18, 0x1d,
    0x2d, 0x07, 0x1c, 0x1c, 0x22, 0x22, 0x91, 0x97, 0x30, 0x21, 0x22, 0x06,
    0x28, 0x14, 0x2b, 0x8e, 0xad, 0x96, 0xa2, 0x91, 0xa9, 0x9b, 0xa9, 0x1a,
    0x27, 0x11, 0x22, 0xa1, 0x2c, 0xa4, 0xab, 0x20, 0x9a, 0x24, 0x14, 0xa9,
    0x1d, 0x11, 0xa2, 0x06, 0xa5, 0x2a, 0x19, 0x9d, 0x9b, 0x27, 0x24, 0xa2,
    0x1f, 0x9f, 0x06, 0xa7, 0x83, 0x22, 0x2e, 0x18, 0x16, 0x21, 0xa4, 0x9a,
    0xa0, 0x1c, 0x24, 0x01, 0x1e, 0xa5, 0x22, 0x9e, 0x1a, 0x2a, 0x21, 0x99,
    0x9c, 0x9d, 0xa2, 0x1f, 0x9b, 0x9f, 0x01, 0x82, 0x9b, 0x29, 0xa3, 0x8b,
    0x1a, 0xad, 0x07, 0x91, 0x9f, 0x19, 0x22, 0x1a, 0x1a, 0x2a, 0xa6, 0x28,
    0x14, 0x14, 0x9c, 0xa6, 0x18, 0x1a, 0x96, 0x99, 0x1c, 0x15, 0x22, 0x86,
    0x19, 0x1b, 0x98, 0x92, 0x21, 0xa2, 0x02, 0x21, 0x97, 0x00, 0xa1, 0x1b,
    0x1b, 0x8b, 0x09, 0x9e, 0x22, 0x9a, 0x9f, 0x18, 0x22, 0x98, 0x10, 0x84,
    0x1f, 0x18, 0xa5, 0x19, 0x91, 0x0c, 0x26, 0x9e, 0x17, 0x9f, 0x95, 0x96,
    0x11, 0x89, 0x99, 0x24, 0x8c, 0x95, 0x91, 0x22, 0x9b, 0x1d, 0xa1, 0x97,
    0x86, 0x9b, 0x9c, 0x1d, 0x11, 0x12, 0x00, 0x9f, 0x1a, 0x1b, 0x1b, 0x9a,
    0x19, 0x0a, 0x1b, 0x10, 0x81, 0x98, 0x93, 0x9a, 0x25, 0x08, 0x16, 0x9e,
    0x8e, 0x98, 0x21, 0x9a, 0x87, 0x0d, 0x01, 0x92, 0x91, 0x98, 0xa0, 0x09,
    0x01, 0x9f, 0x93, 0x18, 0x91, 0x96, 0x85, 0x99, 0x00, 0x91, 0x15, 0x81,
    0x9a, 0x97, 0x0f, 0x8e, 0x1e, 0x95, 0x0d, 0x14, 0x85, 0x05, 0x80, 0x9f,
    0x11, 0x89, 0x9d, 0x8a, 0x1f, 0x0d, 0x17, 0x8d, 0x91, 0x15, 0x9a, 0xa0,
    0x1f, 0x83, 0x81, 0x98, 0x97, 0x18, 0x1b, 0x90, 0x11, 0x16, 0x10, 0x83,
    0x11, 0x00, 0x9b, 0x81, 0x00, 0x03, 0x93, 0x85, 0x17, 0x9b, 0x04, 0x04,
    0x97, 0x9d, 0x1b, 0x1c, 0x9a, 0x0e, 0x1e, 0x8d, 0x99, 0x19, 0x0c, 0x95,
    0x0c, 0x9f, 0x8b, 0x9b, 0x16, 0x12, 0x84, 0x8d, 0x92, 0x93, 0x9e, 0x9a,
    0x99, 0x9c, 0x01, 0x10, 0x24, 0x1d, 0x9c, 0xa1, 0x29, 0x24, 0x8d, 0x84,
    0x9c, 0xa1, 0x98, 0xa7, 0x11, 0x9a, 0x1f, 0x23, 0x87, 0x1c, 0x96, 0x9a,
    0x86, 0x94, 0x18, 0x99, 0x03, 0x82, 0x0c, 0x9a, 0x90, 0x94, 0x8c, 0x9b,
    0x10, 0x99, 0x9c, 0x09, 0x8c, 0x20, 0x93, 0x05, 0x19, 0x91, 0x11, 0x0e,
    0x14, 0x0a, 0xa6, 0x91, 0x93, 0x13, 0x16, 0x96, 0x1d, 0x11, 0x1d, 0x88,
    0x99, 0x90, 0x9c, 0x14, 0x0d, 0x9c, 0x9c, 0x03, 0x9c, 0x18, 0x14, 0x96,
    0x8a, 0x9c, 0x17, 0x19, 0x9f, 0x9a, 0x9b, 0x28, 0x98, 0x10, 0x11, 0x15,
    0x83, 0x8d, 0x0d, 0x08, 0x22, 0x9c, 0x18, 0x01, 0x20, 0x85, 0x27, 0x19,
    0x08, 0x9b, 0x1f, 0xa9, 0x90, 0x9b, 0x11, 0x1f, 0x1a, 0xa4, 0x1e, 0x9a,
    0x13, 0x02, 0x19, 0x1a, 0x88, 0x04, 0xa2, 0x8e, 0x19, 0x99, 0x18, 0x91,
    0x20, 0x9e, 0x9e, 0x17, 0x03, 0x15, 0x91, 0x97, 0x18, 0x0a, 0x8a, 0x96,
    0x02, 0x21, 0x94, 0x19, 0x9f, 0x17, 0x22, 0xa5, 0x93, 0x1d, 0x9d, 0x94,
    0x0f, 0x20, 0x13, 0x20, 0x9e, 0x89, 0x84, 0x15, 0x05, 0x9b, 0x24, 0x9d,
    0x1f, 0x18, 0xa0, 0x00, 0x08, 0x9f, 0x16, 0x1b, 0x82, 0x1a, 0x9a, 0xa4,
    0x8f, 0x15, 0x97, 0x98, 0xa1, 0x19, 0x20, 0x28, 0x22, 0x16, 0x82, 0x97,
    0x85, 0x88, 0x1d, 0xa0, 0x9f, 0x96, 0x13, 0x96, 0x92, 0x18, 0x1c, 0xa6,
    0x1d, 0x1c, 0x1b, 0x17, 0x92, 0x9a, 0x8e, 0x14, 0xa3, 0x1e, 0x1a, 0x02,
    0xa0, 0x94, 0x21, 0x99, 0x92, 0x13, 0x9b, 0x04, 0x9c, 0x1a, 0x05, 0x24,
    0x17, 0xa1, 0x9e, 0x99, 0xa2, 0x8e, 0x98, 0xa7, 0x9d, 0x14, 0x13, 0x21,
    0x06, 0x87, 0xa2, 0xa1, 0x22, 0x21, 0x9f, 0x84, 0x94, 0xa3, 0x8b, 0xa1,
    0x19, 0x18, 0xa0, 0x19, 0x90, 0x15, 0x18, 0x11, 0x15, 0x15, 0x29, 0x23,
    0x9e, 0x1b, 0x13, 0x8c, 0x13, 0x94, 0x95, 0x97, 0x9a, 0x1f, 0x12, 0x01,
    0x20, 0x25, 0x9e, 0x03, 0xa0, 0x0b, 0x9b, 0x03, 0x95, 0x9f, 0x94, 0x8f,
    0x92, 0x1c, 0x07, 0x94, 0x87, 0x21, 0xa1, 0x22, 0x1e, 0xa3, 0x11, 0x06,
    0x10, 0x23, 0x23, 0x13, 0x9f, 0xa5, 0x86, 0x1a, 0x11, 0x96, 0xa6, 0x1f,
    0x19, 0x21, 0x19, 0x94, 0x94, 0x13, 0x90, 0x82, 0x1f, 0x1e, 0x87, 0x22,
    0x19, 0x12, 0x90, 0x0f, 0x99, 0x8d, 0x96, 0x81, 0x23, 0x1c, 0x13, 0x17,
    0x90, 0x14, 0x20, 0x19, 0x21, 0x21, 0x8f, 0x18, 0x96, 0x94, 0x8c, 0x1e,
    0x97, 0x8d, 0x10, 0x1c, 0x83, 0x02, 0x12, 0x04, 0x97, 0x23, 0x9c, 0x09,
    0x9b, 0x99, 0x0e, 0x14, 0x0e, 0x12, 0xa2, 0x15, 0x8e, 0x05, 0x85, 0x9d,
    0x88, 0x0c, 0x99, 0x99, 0x18, 0x9f, 0x89, 0x89, 0x83, 0x93, 0x95, 0x07,
    0x04, 0x01, 0x12, 0x07, 0x94, 0x9b, 0x91, 0x19, 0x1d, 0x0f, 0x18, 0x1b,
    0x1b, 0x03, 0x9c, 0x24, 0x8e, 0x18, 0x04, 0x9e, 0x88, 0x9f, 0x8b, 0x1b,
    0x1a, 0x16, 0x1a, 0x9e, 0x8d, 0x11, 0x22, 0x12, 0x0d, 0x90, 0x93, 0x14,
    0x03, 0x95, 0x8d, 0x12, 0x8e, 0x16, 0x10, 0x99, 0x93, 0xa0, 0x10, 0x8f,
    0x85, 0x0d, 0x21, 0xa3, 0x11, 0x95, 0xa6, 0x1b, 0x21, 0xa1, 0x12, 0x22,
    0x1b, 0x8f, 0x9e, 0xa8, 0x8b, 0x18, 0x22, 0x1c, 0x18, 0x9a, 0x23, 0xa1,
    0x11, 0x0d, 0xa0, 0x28, 0x25, 0x23, 0xa2, 0xa1, 0x87, 0x14, 0x26, 0x1b,
    0x19, 0x9c, 0x12, 0x95, 0x0a, 0x95, 0x9b, 0x27, 0x8a, 0x94, 0x1d, 0x0b,
    0x82, 0x12, 0xa5, 0x94, 0x21, 0x99, 0x1f, 0xa0, 0x1a, 0x0a, 0x99, 0x99,
    0x8b, 0x88, 0x86, 0x18, 0x81, 0x89, 0x16, 0x94, 0xa2, 0x9e, 0x97, 0x1b,
    0x01, 0x15, 0x20, 0x90, 0x8a, 0x9b, 0x0a, 0x99, 0x17, 0x22, 0x92, 0x94,
    0x03, 0x82, 0x90, 0x07, 0x1c, 0x9d, 0x81, 0x81, 0x15, 0x07, 0x1c, 0x06,
    0x0f, 0x09, 0x15, 0x82, 0x93, 0x18, 0x98, 0x17, 0x84, 0x90, 0x16, 0x0c,
    0x10, 0xa0, 0x0a, 0x1a, 0x96, 0x27, 0x15, 0xa2, 0x1a, 0x18, 0x15, 0x9a,
    0x98, 0x0e, 0xa0, 0x95, 0x9b, 0x83, 0xa3, 0x00, 0x8e, 0x86, 0x0b, 0x8c,
    0x98, 0x9e, 0x1f, 0x9c, 0x20, 0x1a, 0x15, 0x1a, 0x95, 0x95, 0x0d, 0x01,
    0x90, 0x87, 0x9a, 0x0a, 0x9a, 0xa0, 0x8d, 0x17, 0x08, 0x86, 0x92, 0x89,
    0x93, 0x09, 0x9a, 0x1c, 0x91, 0x00, 0x96, 0x9b, 0x20, 0x9e, 0x14, 0x19,
    0x98, 0x90, 0x98, 0x1a, 0x8e, 0x1d, 0x19, 0x19, 0x04, 0x90, 0x87, 0x19,
    0x1e, 0x07, 0x22, 0x0c, 0x21, 0x96, 0x29, 0x15, 0x94, 0x81, 0x29, 0x8b,
    0x9d, 0x99, 0x10, 0x21, 0xa1, 0x93, 0x07, 0x88, 0x1a, 0x01, 0x07, 0x86,
    0x91, 0x0b, 0x96, 0x86, 0x06, 0x96, 0x08, 0x8c, 0x1f, 0x9f, 0x89, 0x0f,
    0xa0, 0x22, 0x0a, 0xa1, 0x9a, 0x84, 0x93, 0x1c, 0x00, 0x8e, 0xa8, 0x03,
    0x99, 0x22, 0x8c, 0x89, 0x9c, 0x9a, 0x19, 0x13, 0x15, 0x21, 0x18, 0x19,
    0x9e, 0x9d, 0x0d, 0x1a, 0x1f, 0x93, 0x07, 0x22, 0x26, 0x90, 0xa0, 0x9c,
    0x12, 0x19, 0x22, 0x22, 0x90, 0x9f, 0x1b, 0x9d, 0x9d, 0x1a, 0xa4, 0x1c,
    0x84, 0x18, 0x18, 0x27, 0x21, 0x1d, 0x13, 0x98, 0x06, 0x9f, 0x1d, 0xa1,
    0x90, 0x8b, 0x84, 0x09, 0x8c, 0x1a, 0x18, 0xaa, 0x00, 0x9f, 0x20, 0x91,
    0x86, 0x1d, 0x9d, 0x92, 0xa6, 0xa0, 0x22, 0xa3, 0x8d, 0x1d, 0x1e, 0x02,
    0x94, 0x18, 0xa0, 0x03, 0x93, 0x90, 0x08, 0x22, 0x9f, 0x03, 0xa8, 0x1d,
    0x8f, 0x99, 0x98, 0xa3, 0x09, 0x9e, 0x21, 0x8e, 0x05, 0x16, 0x9e, 0x9a,
    0x8a, 0xa8, 0x82, 0x9d, 0x1d, 0x10, 0x02, 0x07, 0x1c, 0x0a, 0x9d, 0x19,
    0x92, 0x20, 0x04, 0x94, 0x04, 0x07, 0x28, 0x0b, 0xa0, 0x8b, 0x95, 0x1a,
    0x06, 0x83, 0x95, 0x8b, 0x96, 0x12, 0x06, 0x86, 0x24, 0x28, 0xa2, 0x0b,
    0xa5, 0x86, 0x9f, 0x89, 0x85, 0x93, 0x1f, 0x8a, 0x8e, 0x1f, 0x1c, 0x19,
    0xa8, 0xa3, 0x1b, 0xaa, 0x08, 0x89, 0x9c, 0x81, 0x8b, 0xa0, 0xa2, 0x9b,
    0x00, 0x25, 0x97, 0x0d, 0x19, 0x94, 0x1f, 0xa2, 0xa0, 0x1c, 0x9b, 0x14,
    0x94, 0x1c, 0x88, 0x02, 0x1c, 0x1d, 0x85, 0x19, 0x27, 0x8f, 0x19, 0x95,
    0x8f, 0x06, 0xa0, 0x9b, 0x08, 0x1a, 0x23, 0x1c, 0x97, 0x8e, 0x8c, 0x13,
    0x8b, 0x9e, 0x23, 0xa4, 0x1c, 0x21, 0x96, 0x9e, 0xa0, 0x9c, 0x0b, 0x1f,
    0x0a, 0x09, 0xa0, 0x85, 0x9d, 0x9e, 0x97, 0x1b, 0x12, 0x10, 0x1a, 0x06,
    0x07, 0x8e, 0x95, 0x91, 0x9a, 0x89, 0x1f, 0x9a, 0xa1, 0x9c, 0x9b, 0x89,
    0x20, 0xa0, 0x93, 0x22, 0x11, 0x8c, 0x9a, 0x24, 0x8c, 0x19, 0x1b, 0x9a,
    0x8d, 0x99, 0x9d, 0x0d, 0x1d, 0x95, 0x14, 0x24, 0x9c, 0x9a, 0x19, 0x25,
    0x10, 0x23, 0xa0, 0xa0, 0x06, 0x21, 0x9b, 0x17, 0x8f, 0x99, 0x06, 0xa6,
    0x0f, 0x96, 0x18, 0x83, 0x93, 0x06, 0x98, 0x12, 0x81, 0x9c, 0x82, 0x0b,
    0x14, 0x13, 0x90, 0x8b, 0x05, 0x82, 0x9e, 0x07, 0x13, 0x1b, 0x09, 0x9d,
    0x22, 0x85, 0x91, 0x85, 0x89, 0x99, 0x82, 0x1b, 0xa0, 0x0a, 0x1b, 0x20,
    0x11, 0xa2, 0x9f, 0x1a, 0x9f, 0x19, 0x9e, 0x1a, 0x11, 0x14, 0x22, 0xa5,
    0x99, 0x98, 0x1d, 0x8f, 0x97, 0x84, 0x99, 0x98, 0x11, 0x1c, 0x83, 0x0d,
    0x99, 0x81, 0x96, 0x9a, 0x9a, 0x88, 0x16, 0x11, 0x8f, 0x9c, 0x94, 0x9a,
    0x87, 0x07, 0x99, 0x88, 0x84, 0x11, 0x94, 0x9c, 0x94, 0x0e, 0x19, 0x00,
    0x09, 0x9e, 0x93, 0x05, 0xa2, 0x9a, 0x9c, 0x1b, 0x8f, 0x14, 0x23, 0x89,
    0x8f, 0x14, 0x9a, 0x18, 0x9d, 0x9a, 0x10, 0x0d, 0x9f, 0x1f, 0x16, 0x90,
    0x99, 0x8a, 0x98, 0x88, 0x16, 0x04, 0x95, 0x91, 0xa0, 0x18, 0x03, 0x0a,
    0x9b, 0x9a, 0x14, 0x83, 0x10, 0x8b, 0x9c, 0x83, 0x1d, 0x19, 0x8a, 0x8a,
    0x87, 0xa0, 0x1d, 0x07, 0x1a, 0x96, 0xa7, 0x25, 0x26, 0x99, 0x18, 0x19,
    0x1c, 0x09, 0xa1, 0x9b, 0x14, 0x00, 0x22, 0x8b, 0x02, 0x1f, 0x8c, 0x08,
    0x0e, 0x94, 0x89, 0x18, 0x92, 0x9d, 0x1a, 0x8e, 0x8d, 0x9b, 0x9e, 0x96,
    0x15, 0x21, 0x98, 0x21, 0x12, 0x9a, 0x8e, 0x96, 0x89, 0x18, 0x9b, 0x92,
    0x93, 0x94, 0x15, 0x05, 0x96, 0x9f, 0x94, 0x83, 0x92, 0x06, 0x93, 0x1f,
    0x93, 0x18, 0x20, 0x18, 0x92, 0x88, 0x91, 0x0e, 0x14, 0x9b, 0x19, 0x0f,
    0x21, 0x98, 0x27, 0x04, 0x1b, 0x23, 0xa1, 0x21, 0x0a, 0x99, 0x1e, 0x1e,
    0x84, 0x29, 0xa5, 0x26, 0x90, 0x9d, 0x0f, 0x21, 0x0c, 0x0e, 0xa3, 0x11,
    0x15, 0x99, 0x18, 0x94, 0x29, 0x95, 0x9c, 0x21, 0x9b, 0x0b, 0x8e, 0x96,
    0x10, 0x17, 0x20, 0x19, 0x92, 0xa3, 0x1d, 0x82, 0x98, 0x25, 0xa1, 0x24,
    0x13, 0xa3, 0x13, 0x92, 0x89, 0x95, 0x87, 0xa2, 0xa0, 0x87, 0x08, 0x1a,
    0x1e, 0x0f, 0x1f, 0x95, 0x24, 0x13, 0xa2, 0x20, 0x83, 0x9f, 0x12, 0x08,
    0x94, 0x04, 0x90, 0xa5, 0x02, 0x95, 0x9e, 0x1d, 0x97, 0x20, 0x1a, 0x28,
    0x20, 0x19, 0x99, 0x9d, 0x84, 0x9e, 0x1b, 0xa1, 0x92, 0x9c, 0x99, 0x20,
    0x83, 0x1a, 0x1a, 0xa8, 0x19, 0xa1, 0x92, 0xa5, 0x05, 0x1b, 0x1a, 0x8b,
    0xa3, 0x22, 0x1d, 0x96, 0xa6, 0x12, 0x08, 0x24, 0x93, 0x82, 0x0a, 0x98,
    0x93, 0x1c, 0x15, 0x22, 0xa3, 0xa1, 0xa5, 0x00, 0xa0, 0x06, 0x8d, 0xa5,
    0x93, 0x9f, 0x95, 0x97, 0x92, 0x82, 0x14, 0x99, 0x1b, 0x1e, 0xa5, 0x23,
    0x85, 0x9c, 0x8d, 0x15, 0x01, 0x0c, 0xa1, 0x1c, 0x9b, 0x08, 0x8b, 0x91,
    0x11, 0x15, 0x29, 0x1e, 0xa6, 0x15, 0x96, 0x20, 0x0a, 0x11, 0x17, 0x8e,
    0x9d, 0x1c, 0x8b, 0x9c, 0x25, 0x24, 0xa4, 0x8f, 0xa3, 0x83, 0x96, 0x0e,
    0x95, 0x0f, 0x89, 0x15, 0x92, 0x82, 0x9f, 0x10, 0x89, 0xa3, 0x93, 0x99,
    0x1b, 0x95, 0x8b, 0x9c, 0x22, 0x10, 0x14, 0x9e, 0x91, 0x9f, 0x21, 0x20,
    0x92, 0xa0, 0x0b, 0x89, 0x1e, 0x13, 0x99, 0x1a, 0x8f, 0x19, 0x92, 0x9b,
    0x23, 0x87, 0x0f, 0x1d, 0x28, 0x11, 0x98, 0x1b, 0x92, 0x0f, 0xa0, 0x04,
    0x16, 0x19, 0x13, 0x19, 0x0e, 0x8b, 0x99, 0x03, 0x10, 0x18, 0xa1, 0x09,
    0x81, 0x0a, 0x88, 0x0b, 0x9b, 0x08, 0x9a, 0x1d, 0x09, 0x07, 0x8f, 0x92,
    0x02, 0x1e, 0x06, 0x14, 0x9e, 0x81, 0x14, 0xa0, 0x9b, 0xa1, 0x92, 0x9c,
    0x09, 0x81, 0x1b, 0xa5, 0x22, 0x1b, 0xa1, 0x11, 0x22, 0x9c, 0x92, 0x14,
    0x8d, 0x11, 0x1c, 0x21, 0x06, 0x8a, 0x92, 0x18, 0x98, 0xa1, 0x00, 0x96,
    0x1d, 0x1a, 0x21, 0x88, 0x1a, 0x96, 0x8b, 0x25, 0x05, 0x23, 0x81, 0xa4,
    0x15, 0x94, 0x95, 0x16, 0x0b, 0x04, 0x84, 0x9d, 0x8f, 0x94, 0xa2, 0x22,
    0x9b, 0x1b, 0x16, 0x8d, 0x0f, 0x92, 0x18, 0x06, 0xa1, 0x0c, 0x95, 0x21,
    0x10, 0x93, 0x8b, 0x1d, 0x93, 0x00, 0x89, 0xa0, 0x05, 0x9e, 0x9a, 0x0c,
    0x06, 0x99, 0x19, 0x18, 0x21, 0x19, 0xa5, 0x88, 0x8c, 0x13, 0x1f, 0x15,
    0x09, 0x12, 0x1a, 0x9d, 0x08, 0x14, 0x8b, 0x25, 0x9a, 0x9c, 0x23, 0x1b,
    0x86, 0x92, 0xa1, 0x96, 0x08, 0x9a, 0x8e, 0x91, 0x02, 0x03, 0x88, 0x9c,
    0x83, 0x8c, 0x12, 0x0c, 0x81, 0x1a, 0x06, 0xa0, 0x0b, 0x8b, 0xa0, 0x86,
    0x21, 0x9b, 0x8e, 0x18, 0x96, 0x03, 0x81, 0x05, 0x12, 0x99, 0x8a, 0x8e,
    0x9a, 0x93, 0x98, 0x05, 0x17, 0x06, 0x21, 0x9d, 0x99, 0x9e, 0x03, 0x04,
    0x8f, 0x02, 0xa1, 0x9b, 0x13, 0x10, 0x81, 0x1d, 0x8b, 0x14, 0x04, 0xa0,
    0x13, 0x1f, 0x94, 0x11, 0x97, 0xa0, 0x1a, 0x1c, 0x1a, 0xa1, 0x1e, 0x93,
    0x20, 0x83, 0x04, 0x8e, 0x97, 0x93, 0x0d, 0x1d, 0x0d, 0x1b, 0xa3, 0x05,
    0x8d, 0x93, 0x82, 0x9c, 0x91, 0x08, 0x08, 0xa2, 0xa2, 0x07, 0x9a, 0x22,
    0x9a, 0x98, 0x8c, 0x0e, 0x9a, 0x84, 0x14, 0x05, 0x11, 0x11, 0x86, 0x9f,
    0x88, 0x12, 0x8d, 0x9a, 0x18, 0x09, 0x82, 0x9f, 0x18, 0x16, 0x09, 0x9e,
    0x13, 0x9e, 0x88, 0x9d, 0x9a, 0x98, 0xa0, 0x16, 0x94, 0x10, 0x8e, 0x0e,
    0x9a, 0x99, 0x84, 0x10, 0x9f, 0x8b, 0x89, 0x84, 0x91, 0x15, 0x21, 0x83,
    0x92, 0x04, 0x82, 0x0b, 0x20, 0x06, 0x20, 0x91, 0x1f, 0x8c, 0x28, 0x1c,
    0x92, 0x95, 0x99, 0x06, 0x19, 0x22, 0x8d, 0x83, 0x1a, 0x9b, 0x1b, 0xa2,
    0xa0, 0x8b, 0x89, 0x0e, 0x92, 0x89, 0x9a, 0x90, 0x01, 0x99, 0x0a, 0x94,
    0x20, 0xa1, 0x89, 0x1b, 0xa0, 0x25, 0x04, 0x9f, 0x14, 0x9a, 0x21, 0xa2,
    0x8c, 0x1e, 0x91, 0x0b, 0x92, 0xa8, 0x28, 0xa0, 0x17, 0x1a, 0x91, 0x1c,
    0x86, 0x0a, 0x07, 0x9e, 0x96, 0x8d, 0x83, 0x22, 0x05, 0x98, 0x22, 0x93,
    0x23, 0x03, 0xa4, 0x19, 0x11, 0x99, 0x19, 0x0c, 0x99, 0x95, 0x1b, 0x89,
    0x9c, 0x9c, 0x82, 0x89, 0x84, 0x23, 0x0e, 0x2b, 0x1f, 0x0e, 0x93, 0xa0,
    0x98, 0x97, 0x1b, 0x9b, 0xa2, 0x9d, 0x10, 0x03, 0x9c, 0x1b, 0x16, 0xa6,
    0x9c, 0x87, 0x1f, 0x16, 0x09, 0x0e, 0x9f, 0x09, 0x9a, 0x22, 0x98, 0x17,
    0xa4, 0xa0, 0x1f, 0x89, 0x96, 0x93, 0x91, 0x9b, 0x06, 0x16, 0x85, 0x21,
    0x20, 0x9a, 0x9f, 0x90, 0x99, 0x89, 0x93, 0xa7, 0x17, 0x20, 0xa4, 0x85,
    0x99, 0x8a, 0x28, 0x18, 0x8e, 0x9a, 0xa0, 0x16, 0x08, 0x97, 0x89, 0x24,
    0x14, 0x08, 0x9f, 0x19, 0x95, 0x81, 0x01, 0x91, 0x14, 0x1e, 0x25, 0x23,
    0xa0, 0x94, 0x9a, 0x20, 0x00, 0x0d, 0x1c, 0x81, 0x9e, 0x1d, 0x00, 0x9c,
    0x1d, 0x26, 0xa8, 0x9c, 0xa3, 0x07, 0x99, 0x1b, 0x8f, 0x10, 0x19, 0x0a,
    0x9c, 0x96, 0x84, 0x09, 0xa0, 0x96, 0xa5, 0x22, 0x20, 0x91, 0x18, 0x9a,
    0x19, 0x1d, 0x22, 0x19, 0x95, 0x9b, 0x07, 0x1d, 0x20, 0x14, 0x9a, 0x1b,
    0x0e, 0x19, 0x95, 0x99, 0x92, 0x19, 0x04, 0x82, 0x1f, 0x01, 0x94, 0x1c,
    0x1c, 0x11, 0x8a, 0x0f, 0x92, 0x8d, 0x99, 0x98, 0x99, 0x98, 0x1e, 0x0b,
    0x87, 0xa0, 0xa2, 0x16, 0x1d, 0x18, 0x97, 0x27, 0x08, 0x13, 0x1a, 0xa4,
    0x14, 0x8a, 0x92, 0x8e, 0x14, 0x13, 0x90, 0x18, 0x19, 0x1c, 0x11, 0x86,
    0x0b, 0x04, 0x13, 0x08, 0x97, 0x92, 0x83, 0x08, 0x05, 0xa0, 0x21, 0x9a,
    0xa0, 0xa1, 0x01, 0x85, 0x86, 0x9e, 0x98, 0x09, 0x07, 0x96, 0x19, 0x1d,
    0x9b, 0x83, 0x1d, 0x98, 0x14, 0x97, 0x89, 0x0d, 0x0a, 0x83, 0xa0, 0x98,
    0x18, 0x09, 0x03, 0x1a, 0x06, 0x91, 0x1e, 0x94, 0x8c, 0x98, 0x14, 0x06,
    0x91, 0x9b, 0x93, 0x11, 0x19, 0x8a, 0x93, 0x01, 0x8e, 0x84, 0x13, 0x98,
    0x16, 0x8b, 0x13, 0x05, 0x11, 0x05, 0x00, 0x9a, 0x1a, 0x19, 0x93, 0x03,
    0x8a, 0x1b, 0x84, 0x0d, 0x1a, 0x95, 0x24, 0x0d, 0x9e, 0x1d, 0x81, 0x8b,
    0x87, 0x12, 0x9c, 0x98, 0x03, 0x9f, 0x86, 0x9d, 0xa0, 0x98, 0x9d, 0x8c,
    0x9b, 0x09, 0x83, 0x17, 0x12, 0x19, 0x86, 0x14, 0x14, 0x02, 0x02, 0x0b,
    0x01, 0x82, 0x07, 0x83, 0x10, 0x95, 0x87, 0x82, 0x9c, 0x17, 0x8d, 0x9a,
    0x84, 0x9b, 0x17, 0x91, 0x9f, 0x98, 0x88, 0x89, 0x91, 0x9a, 0x14, 0x04,
    0x0b, 0x21, 0x9b, 0x8e, 0x13, 0x12, 0x15, 0x99, 0x05, 0x8c, 0x03, 0x0b,
    0x08, 0x93, 0x1a, 0x17, 0x94, 0x9e, 0x10, 0x90, 0x9e, 0x10, 0x10, 0x03,
    0x93, 0x8c, 0x83, 0x00, 0x14, 0x8a, 0x95, 0x91, 0x07, 0x1b, 0x90, 0x03,
    0x1b, 0x16, 0x99, 0x14, 0x81, 0x02, 0x19, 0x19, 0x8c, 0x8b, 0x17, 0x14,
    0x90, 0x1b, 0x9e, 0xa2, 0x93, 0x84, 0x8a, 0x84, 0x0a, 0x04, 0x87, 0x96,
    0x8a, 0x9b, 0x18, 0x01, 0x99, 0x8a, 0x0f, 0x99, 0x81, 0x9b, 0x10, 0x12,
    0x97, 0x90, 0x0d, 0x13, 0x9b, 0x1a, 0x02, 0x96, 0x9a, 0x0e, 0x0b, 0x84,
    0x82, 0x8e, 0x1c, 0x91, 0x99, 0x95, 0x94, 0x85, 0x98, 0x9e, 0x10, 0x8e,
    0x99, 0x81, 0x18, 0x19, 0x9d, 0x11, 0x07, 0x92, 0x8c, 0x0d, 0x91, 0x1a,
    0x1b, 0x9a, 0x94, 0x8b, 0x92, 0xa5, 0x20, 0x94, 0x81, 0x1c, 0xa0, 0x1e,
    0x11, 0x21, 0x0e, 0x91, 0x1b, 0x25, 0x1e, 0x15, 0x8c, 0x9d, 0x01, 0x14,
    0x87, 0x90, 0x09, 0x9f, 0xa7, 0xa6, 0x20, 0xa1, 0x97, 0x1a, 0x16, 0x02,
    0x1d, 0x97, 0x22, 0x1f, 0xa0, 0xa0, 0x25, 0x8c, 0x2a, 0x28, 0x1c, 0x25,
    0x90, 0xa7, 0xaa, 0x1a, 0x96, 0x15, 0x06, 0x18, 0x98, 0x12, 0x1e, 0xa4,
    0xa9, 0xa1, 0x10, 0x9a, 0x18, 0x9f, 0x10, 0x92, 0x07, 0x0a, 0x20, 0x1e,
    0x15, 0x95, 0x1c, 0xa2, 0x15, 0x9b, 0x98, 0x13, 0x94, 0x91, 0x9d, 0x19,
    0x25, 0x12, 0x17, 0x25, 0x11, 0x9c, 0x1a, 0x97, 0x1c, 0x0d, 0x19, 0x27,
    0x0a, 0x18, 0x9f, 0x11, 0x19, 0x93, 0x99, 0x15, 0x07, 0x9c, 0x18, 0x16,
    0x0b, 0x07, 0xa4, 0x95, 0x8f, 0x12, 0xa0, 0x1c, 0x9f, 0x24, 0x13, 0x23,
    0x15, 0x9f, 0x24, 0xa2, 0xa6, 0xa1, 0x15, 0x90, 0x98, 0xa2, 0x10, 0x89,
    0x08, 0x97, 0x10, 0x89, 0x94, 0x96, 0x92, 0x1c, 0x22, 0x27, 0x1f, 0x87,
    0x86, 0xa1, 0xa0, 0x8e, 0x0f, 0x12, 0xa1, 0x0f, 0x90, 0x01, 0x12, 0x87,
    0x00, 0x11, 0x17, 0xa0, 0x89, 0xa3, 0x21, 0x86, 0x9e, 0x13, 0x8e, 0x1d,
    0x93, 0x05, 0x1e, 0xa0, 0x91, 0x9a, 0x20, 0x9b, 0x96, 0xa3, 0x83, 0x1d,
    0x1a, 0x1b, 0xa4, 0x17, 0x9c, 0x26, 0x02, 0x92, 0x98, 0x95, 0x90, 0xa1,
    0x91, 0x9c, 0x14, 0x1a, 0x14, 0x8b, 0xa2, 0x12, 0x12, 0x18, 0x1c, 0x16,
    0x11, 0x1d, 0x27, 0x94, 0x89, 0xa4, 0x21, 0x8d, 0x1a, 0x99, 0x9e, 0x91,
    0x88, 0x92, 0x88, 0x22, 0x22, 0x23, 0x23, 0x1f, 0x06, 0x86, 0x92, 0x18,
    0x98, 0x22, 0x9b, 0x82, 0x88, 0x9f, 0x24, 0x9a, 0x02, 0x16, 0x0f, 0x19,
    0x98, 0xab, 0x89, 0x89, 0x10, 0x9d, 0x1e, 0x8c, 0xa7, 0x1d, 0x87, 0x99,
    0x23, 0x14, 0x1a, 0x8c, 0x0b, 0xa4, 0xa1, 0x9a, 0x03, 0x1c, 0x14, 0x86,
    0x12, 0x00, 0x90, 0x03, 0x14, 0x00, 0x11, 0x17, 0x11, 0x9a, 0x19, 0x14,
    0x01, 0x9b, 0x13, 0x15, 0x85, 0x9c, 0x02, 0x88, 0x92, 0x98, 0x17, 0x8e,
    0x8a, 0x0c, 0x88, 0x98, 0x97, 0x9e, 0x8b, 0x8a, 0x9b, 0x97, 0x09, 0x8a,
    0x92, 0x89, 0x05, 0x95, 0x91, 0x19, 0x91, 0x82, 0x05, 0x8e, 0x9a, 0x0f,
    0x9b, 0x99, 0x10, 0x16, 0x1a, 0x01, 0x22, 0x18, 0x9d, 0x84, 0x18, 0x07,
    0x05, 0x81, 0x14, 0x1a, 0x0d, 0x97, 0x0c, 0x80, 0x17, 0x91, 0x1b, 0x10,
    0x9c, 0x13, 0x8d, 0x93, 0x89, 0x0f, 0x13, 0x06, 0x8f, 0x19, 0x01, 0x99,
    0x99, 0x9e, 0x8f, 0x12, 0x92, 0x21, 0x9c, 0x8d, 0x86, 0x03, 0x9e, 0x91,
    0x08, 0x0b, 0x87, 0x83, 0x03, 0x0a, 0x99, 0x81, 0x1b, 0x85, 0x83, 0x8b,
    0x04, 0x8d, 0x10, 0x08, 0x85, 0x9b, 0x07, 0x8e, 0x94, 0x98, 0x00, 0x13,
    0x94, 0x87, 0x93, 0x87, 0x8b, 0x19, 0x10, 0x82, 0x14, 0x81, 0x8b, 0x14,
    0x13, 0x14, 0x8b, 0x08, 0x13, 0x9a, 0x17, 0x09, 0x81, 0x90, 0x9f, 0x99,
    0x8d, 0x96, 0x10, 0x19, 0x1a, 0x0f, 0x15, 0x8e, 0x96, 0x99, 0x07, 0x14,
    0x82, 0xa4, 0x13, 0x18, 0x92, 0x86, 0x00, 0x89, 0x94, 0x87, 0x0b, 0x9f,
    0x02, 0x97, 0x8f, 0x82, 0x09, 0x1c, 0x1e, 0x18, 0x05, 0x1a, 0x03, 0x91,
    0x16, 0x09, 0x94, 0x18, 0x12, 0x98, 0x00, 0x83, 0x0b, 0x22, 0x1d, 0x1a,
    0x99, 0x1c, 0x0c, 0x9d, 0x88, 0x8e, 0x9b, 0x04, 0x0a, 0x8a, 0x12, 0x09,
    0x13, 0x8f, 0x95, 0x8f, 0x8a, 0x19, 0x82, 0x17, 0x16, 0x17, 0x12, 0x03,
    0x8b, 0x0d, 0x83, 0x07, 0x8e, 0x1b, 0x0f, 0x0f, 0x0e, 0x91, 0x19, 0x81,
    0x16, 0x1a, 0x17, 0x1a, 0x96, 0x92, 0x86, 0x0c, 0x98, 0x0b, 0x1b, 0x87,
    0x93, 0x8e, 0x15, 0x91, 0x02, 0x90, 0x17, 0x1b, 0x92, 0x0e, 0x18, 0x17,
    0x22, 0x9e, 0x1d, 0x18, 0xa1, 0x1b, 0x16, 0x99, 0x1e, 0x00, 0x03, 0x03,
    0x94, 0xa8, 0x1d, 0x02, 0x19, 0xa2, 0x14, 0x97, 0x1c, 0x16, 0x20, 0x19,
    0x99, 0x92, 0x1d, 0x0c, 0x92, 0x15, 0x99, 0x03, 0x00, 0x9f, 0x18, 0x98,
    0x91, 0x11, 0x04, 0x1b, 0x1d, 0x17, 0x21, 0x19, 0x0e, 0x89, 0x8c, 0x9f,
    0x22, 0x9b, 0xa1, 0x9f, 0xa8, 0x2a, 0x25, 0x13, 0xa1, 0xa8, 0x23, 0xa3,
    0x13, 0xa8, 0x8a, 0x88, 0x15, 0xa6, 0x1f, 0x9c, 0x1b, 0x09, 0xa6, 0x00,
    0x20, 0x26, 0x9f, 0x1e, 0x9d, 0x26, 0x20, 0x82, 0x9a, 0x9b, 0x09, 0x1f,
    0x8b, 0x29, 0x23, 0xa2, 0x97, 0x16, 0xa0, 0x19, 0x94, 0x1e, 0x8e, 0x11,
    0x0e, 0x14, 0x06, 0x93, 0xa4, 0xa8, 0x1f, 0x29, 0x9f, 0xa1, 0xa0, 0x97,
    0x03, 0x94, 0xa0, 0x9c, 0x20, 0x9d, 0x1d, 0x1b, 0x99, 0x24, 0xa6, 0x1d,
    0x22, 0x26, 0x20, 0x83, 0x23, 0x16, 0xa2, 0x83, 0x06, 0x9f, 0x85, 0x9a,
    0x98, 0x22, 0x2a, 0x17, 0xa5, 0xa2, 0x21, 0x1a, 0x22, 0x08, 0x9a, 0x15,
    0x1d, 0x98, 0x91, 0x18, 0x86, 0x18, 0xa8, 0x19, 0x25, 0x1e, 0x01, 0x9d,
    0x1a, 0x20, 0x1a, 0x90, 0x9a, 0x0b, 0x19, 0x9a, 0x86, 0x99, 0x1b, 0x09,
    0x9a, 0x17, 0x10, 0x91, 0xa2, 0x94, 0x97, 0x8d, 0x26, 0x1e, 0xa1, 0x22,
    0x88, 0x26, 0xa1, 0x24, 0x11, 0xa0, 0x91, 0xa9, 0x28, 0x93, 0xa1, 0x15,
    0x91, 0x95, 0x1e, 0x99, 0x99, 0x21, 0x83, 0x1a, 0x15, 0x24, 0x92, 0x11,
    0x87, 0x8b, 0x16, 0xa0, 0x1b, 0x16, 0x94, 0x98, 0xa3, 0x21, 0x99, 0x1a,
    0x19, 0x19, 0x19, 0x9b, 0x0b, 0x1d, 0x9c, 0x9f, 0x08, 0x13, 0x8e, 0x11,
    0x1c, 0x12, 0xa3, 0x99, 0x0a, 0x85, 0x18, 0x02, 0x22, 0x15, 0x14, 0x1c,
    0x99, 0x24, 0xa5, 0x24, 0x28, 0x82, 0xa9, 0xa9, 0x28, 0xa3, 0x22, 0xa2,
    0x14, 0x86, 0x24, 0x0d, 0x8f, 0xac, 0x24, 0x9b, 0x28, 0x23, 0x14, 0xa1,
    0x2c, 0x99, 0x9e, 0x93, 0xb3, 0x1f, 0x28, 0xa2, 0x23, 0xaa, 0x27, 0xa4,
    0x29, 0x9e, 0x24, 0xac, 0x92, 0x22, 0xa2, 0x24, 0x29, 0xa9, 0x2d, 0x1e,
    0x86, 0xa3, 0x0e, 0x29, 0x0a, 0x28, 0x2e, 0x24, 0x19, 0x92, 0x29, 0xab,
    0x02, 0xaa, 0x2a, 0xa4, 0xaa, 0x10, 0x95, 0x24, 0xb1, 0x8a, 0xa0, 0x19,
    0x95, 0x1b, 0x2b, 0xa4, 0x11, 0xac, 0xa2, 0x97, 0x95, 0xad, 0x08, 0x8f,
    0xa3, 0x26, 0xad, 0x9a, 0x0d, 0x9a, 0xa8, 0x22, 0x11, 0x29, 0x2d, 0x18,
    0x1c, 0x82, 0xa3, 0x9e, 0xa1, 0xa1, 0x2a, 0xa9, 0x2f, 0x93, 0xa8, 0x26,
    0xaa, 0x1c, 0xa8, 0x28, 0xa4, 0xa3, 0x95, 0x0b, 0x98, 0x13, 0xa0, 0xaa,
    0x2e, 0x9b, 0x97, 0x2d, 0xa9, 0x1c, 0x9f, 0x27, 0xa5, 0x94, 0x2c, 0x9d,
    0x99, 0x21, 0x99, 0x94, 0xa8, 0x99, 0x2b, 0x19, 0xa2, 0x2a, 0xaa, 0xa5,
    0xa1, 0xa4, 0x2b, 0xa4, 0xa9, 0x29, 0x0a, 0x22, 0x1a, 0x23, 0x2d, 0x2c,
    0x9d, 0x1a, 0x83, 0x1e, 0x2a, 0x2a, 0x97, 0xae, 0x14, 0xa1, 0x1c, 0xaa,
    0x19, 0x20, 0xad, 0xa5, 0x2b, 0xa7, 0x29, 0x95, 0xac, 0x30, 0xae, 0xa0,
    0x89, 0x87, 0xa8, 0xb0, 0x27, 0x90, 0x29, 0xa4, 0xab, 0x9a, 0xb3, 0x9a,
    0xa8, 0x25, 0x24, 0x28, 0xa6, 0x18, 0xa3, 0x18, 0x99, 0x9a, 0xa2, 0x9b,
    0x91, 0xa7, 0x17, 0xa9, 0x20, 0xa6, 0x89, 0xa2, 0x21, 0x1f, 0x1a, 0xab,
    0x25, 0x8d, 0x2a, 0x23, 0x30, 0xaf, 0x1d, 0x25, 0x0b, 0xaa, 0x2b, 0xa7,
    0xab, 0x1c, 0xa1, 0x83, 0xa0, 0x89, 0x1e, 0x30, 0x1e, 0x29, 0xa6, 0x1d,
    0x1c, 0x8f, 0x17, 0x8f, 0x27, 0xa6, 0x07, 0xab, 0x2f, 0x9a, 0x9b, 0xaa,
    0xb3, 0x22, 0x29, 0x18, 0xa6, 0x14, 0x23, 0xa1, 0xa6, 0x1d, 0x04, 0x85,
    0x22, 0x04, 0x1e, 0x2f, 0x9f, 0x10, 0x25, 0x25, 0x18, 0xa4, 0x86, 0x8b,
    0x99, 0x1e, 0x08, 0x26, 0x21, 0x19, 0x9d, 0x89, 0x84, 0x98, 0x16, 0x05,
    0x1c, 0xa0, 0xa4, 0x1e, 0x23, 0xa2, 0x19, 0x14, 0x01, 0x1a, 0x26, 0x1d,
    0xa0, 0x06, 0x28, 0x90, 0x97, 0x12, 0x24, 0x95, 0x98, 0x18, 0x9b, 0xa0,
    0x19, 0xa3, 0x21, 0x09, 0x84, 0x86, 0xa6, 0x1a, 0x99, 0x9f, 0x1a, 0xa0,
    0x0d, 0x2a, 0x24, 0xa7, 0x03, 0x27, 0x1a, 0x96, 0x16, 0x8f, 0xaa, 0x21,
    0x2a, 0x19, 0x2b, 0x94, 0x1c, 0x97, 0x0c, 0x03, 0x1b, 0x85, 0xa2, 0x81,
    0x15, 0xa8, 0x1b, 0x03, 0x94, 0x1c, 0x91, 0x1e, 0x22, 0x27, 0x1b, 0x88,
    0x1a, 0x15, 0x9a, 0x9e, 0x84, 0x02, 0x97, 0x8d, 0x13, 0x23, 0x1e, 0x08,
    0x03, 0x8e, 0x8b, 0xa0, 0x83, 0x1a, 0xa4, 0x95, 0x1c, 0x17, 0xa7, 0x97,
    0x04, 0x81, 0x2c, 0x1b, 0xa7, 0x1c, 0x06, 0xa1, 0x01, 0xa8, 0x23, 0x21,
    0x98, 0x1e, 0x0b, 0x21, 0x0f, 0x86, 0xa0, 0x14, 0x24, 0xa5, 0x88, 0x1e,
    0x94, 0x28, 0x0d, 0x9c, 0x0e, 0x94, 0x14, 0xa4, 0x04, 0x96, 0x94, 0x94,
    0x9d, 0x18, 0x86, 0x11, 0x03, 0x13, 0x21, 0x94, 0x87, 0x9c, 0x25, 0x1c,
    0x03, 0x9c, 0x8c, 0x1b, 0x92, 0x9f, 0x99, 0x23, 0x1b, 0xa2, 0x29, 0x09,
    0xa5, 0x0d, 0x23, 0x15, 0x9c, 0x1a, 0x89, 0x14, 0x08, 0xa5, 0x92, 0x1a,
    0xa7, 0x12, 0x21, 0xa4, 0x8a, 0x22, 0x14, 0x99, 0x1e, 0x26, 0x2d, 0x9b,
    0x9d, 0x22, 0x16, 0xa2, 0x09, 0xa2, 0x0c, 0x10, 0x8e, 0x12, 0x05, 0x20,
    0xa8, 0xa2, 0xaa, 0x0b, 0x9c, 0x19, 0xa1, 0x21, 0x97, 0xa4, 0x27, 0x19,
    0x9b, 0x21, 0x1a, 0x1c, 0x99, 0x82, 0x9a, 0x90, 0x21, 0x9d, 0x85, 0x9c,
    0xa0, 0x00, 0x99, 0x06, 0x11, 0x92, 0x1d, 0x85, 0x18, 0x1d, 0x22, 0xa6,
    0x1b, 0x8b, 0x18, 0xa6, 0x0c, 0x19, 0x87, 0xa6, 0x14, 0x9b, 0xa6, 0x13,
    0x19, 0x0c, 0x19, 0x03, 0x94, 0x92, 0x18, 0x16, 0x9d, 0x98, 0x10, 0x98,
    0x87, 0x98, 0x94, 0x00, 0x94, 0x97, 0x8f, 0x84, 0x12, 0x09, 0x15, 0x95,
    0x8b, 0x82, 0x07, 0x15, 0x18, 0x9a, 0x8b, 0x8b, 0x9e, 0x9e, 0x84, 0x00,
    0x0d, 0x9c, 0x94, 0x04, 0x04, 0x06, 0x95, 0xa1, 0x8c, 0x10, 0x88, 0x82,
    0x93, 0x19, 0x17, 0x94, 0x1d, 0x95, 0x12, 0x20, 0x97, 0x8d, 0x18, 0x8b,
    0x98, 0x1a, 0x17, 0x91, 0x8c, 0x18, 0x8a, 0x82, 0x9a, 0x00, 0x19, 0x12,
    0x1a, 0x81, 0x93, 0x8e, 0x83, 0x1a, 0x99, 0x18, 0x8d, 0x15, 0x8e, 0x20,
    0x1a, 0x9e, 0x9d, 0x9c, 0x16, 0x19, 0x14, 0x22, 0x19, 0x00, 0x8b, 0x90,
    0x15, 0x9f, 0x13, 0x1b, 0x0a, 0xa7, 0x9f, 0x03, 0x11, 0x0e, 0x90, 0x86,
    0x02, 0x21, 0x90, 0x13, 0x00, 0x02, 0x19, 0x1e, 0x1d, 0x0a, 0x9e, 0x0c,
    0x20, 0x1a, 0x18, 0x15, 0x08, 0x19, 0x84, 0x98, 0x21, 0xa0, 0x95, 0x22,
    0x98, 0x8a, 0x9f, 0xa1, 0x1a, 0x91, 0x92, 0x1b, 0x24, 0x95, 0xa2, 0x92,
    0x09, 0x82, 0x10, 0x1c, 0x84, 0xa4, 0x89, 0x11, 0x0e, 0x07, 0x98, 0x87,
    0x00, 0x15, 0x9d, 0x04, 0x8c, 0x9d, 0x94, 0x0c, 0x81, 0x86, 0x03, 0x9d,
    0x94, 0x00, 0x8e, 0x0b, 0x18, 0x9b, 0x9a, 0x0a, 0x83, 0x86, 0x02, 0x1c,
    0x89, 0x15, 0x9b, 0x9e, 0x18, 0x18, 0x8d, 0x18, 0x10, 0x12, 0x1b, 0x05,
    0x04, 0x20, 0x88, 0x9d, 0x86, 0x11, 0x15, 0x1a, 0x8f, 0x97, 0x12, 0x04,
    0x90, 0x8e, 0x1b, 0x18, 0x9c, 0x18, 0x1b, 0x94, 0x0c, 0x93, 0x0e, 0x1a,
    0x92, 0x85, 0x9a, 0x01, 0x9f, 0x1e, 0x18, 0x83, 0x95, 0x19, 0x85, 0x8a,
    0x90, 0x1c, 0x1a, 0x1c, 0x8e, 0x8f, 0x99, 0x86, 0x97, 0x10, 0x17, 0x0c,
    0x9a, 0x0c, 0x96, 0x97, 0x9b, 0x1a, 0x1a, 0x11, 0xa1, 0x0b, 0x81, 0x9d,
    0x04, 0xa0, 0x91, 0x01, 0x9a, 0x90, 0x27, 0x16, 0x91, 0xa9, 0x02, 0x88,
    0x9e, 0x98, 0x27, 0x9b, 0x9e, 0xa8, 0x24, 0x88, 0xa8, 0xa1, 0x93, 0x1c,
    0x25, 0x26, 0x08, 0xa1, 0x14, 0x22, 0x29, 0x85, 0x87, 0xa5, 0x1b, 0x9c,
    0x91, 0x97, 0x23, 0x17, 0x22, 0xa5, 0x9b, 0x19, 0x16, 0x9f, 0x81, 0xa4,
    0x9a, 0x26, 0x23, 0x95, 0x95, 0x1d, 0x1b, 0xa2, 0x24, 0xa5, 0x00, 0x92,
    0x06, 0x15, 0x1c, 0x92, 0x96, 0x8f, 0x03, 0x81, 0x9c, 0x28, 0xa3, 0x1e,
    0x12, 0x1e, 0x22, 0x2b, 0x98, 0x1e, 0xab, 0xa7, 0x92, 0x29, 0xaa, 0x06,
    0xa9, 0x08, 0xa5, 0x28, 0x23, 0x83, 0x85, 0x12, 0x22, 0x22, 0x12, 0x1a,
    0x1f, 0x22, 0xa8, 0xa2, 0x97, 0xab, 0x91, 0x09, 0x29, 0x02, 0xa9, 0xaa,
    0x21, 0x1a, 0x97, 0x16, 0x13, 0x1d, 0x29, 0x0a, 0x81, 0xab, 0xad, 0x20,
    0x13, 0x1d, 0xa3, 0x9f, 0x21, 0x11, 0x16, 0x29, 0x24, 0x94, 0xa3, 0x06,
    0x25, 0x1d, 0xa2, 0x1d, 0xa6, 0x9f, 0x04, 0x2a, 0x0e, 0x9c, 0xa5, 0x24,
    0x1a, 0x06, 0xa1, 0x28, 0x1f, 0x91, 0x98, 0x21, 0xa1, 0xaf, 0xa4, 0x1d,
    0x12, 0x9a, 0xa7, 0x97, 0x17, 0x19, 0x90, 0x06, 0x09, 0x14, 0x0c, 0x24,
    0xa2, 0x12, 0x08, 0x25, 0x90, 0x02, 0x9b, 0xa2, 0x84, 0x05, 0xa8, 0x06,
    0xa1, 0x24, 0x22, 0x25, 0x26, 0xaa, 0x96, 0x1d, 0xa8, 0x1b, 0x82, 0x05,
    0xa4, 0x23, 0x25, 0x07, 0x14, 0x19, 0x1e, 0xa3, 0xa3, 0x1d, 0x21, 0x8f,
    0xa0, 0x88, 0x9c, 0x94, 0x9c, 0x90, 0x20, 0x16, 0xa4, 0x93, 0x28, 0xa1,
    0x20, 0x1d, 0x1c, 0x1a, 0x9e, 0x15, 0x9a, 0xa8, 0xa7, 0x2a, 0x25, 0x9d,
    0x22, 0x1d, 0x9d, 0x9f, 0x14, 0x29, 0x13, 0x9a, 0x11, 0x92, 0xa5, 0x85,
    0x01, 0x12, 0x0a, 0x19, 0x97, 0xa5, 0x95, 0x19, 0x08, 0x16, 0x02, 0xa3,
    0x06, 0x1b, 0x29, 0x96, 0x19, 0xa8, 0xa4, 0x9d, 0x98, 0x0f, 0x21, 0x81,
    0x83, 0x00, 0x10, 0x03, 0x8b, 0x96, 0x21, 0x07, 0x97, 0x96, 0x1a, 0x1b,
    0x00, 0x9d, 0x94, 0x93, 0x16, 0x19, 0x0c, 0x15, 0x10, 0x01, 0x1b, 0x9c,
    0x9a, 0x1d, 0x99, 0x9c, 0x0f, 0x89, 0x98, 0x15, 0xa1, 0x99, 0x8e, 0x8f,
    0x99, 0x0a, 0x9c, 0x9a, 0x1d, 0x03, 0x04, 0x98, 0x9f, 0x93, 0xa2, 0x17,
    0x11, 0x1d, 0x90, 0x0f, 0x8f, 0x12, 0x14, 0x20, 0x1a, 0x04, 0x00, 0x02,
    0x93, 0x08, 0x8d, 0x04, 0x8e, 0x05, 0x07, 0x0c, 0x0a, 0x8b, 0x8f, 0x98,
    0x84, 0x1f, 0x8e, 0x05, 0x9d, 0x08, 0x15, 0x8b, 0x15, 0xa0, 0x90, 0x93,
    0x90, 0x0c, 0x11, 0x1d, 0x8a, 0x94, 0x1f, 0x0a, 0x1c, 0x99, 0xa2, 0x07,
    0x06, 0x8d, 0x87, 0x00, 0x09, 0x05, 0x9e, 0x94, 0x1a, 0x0b, 0x99, 0x9f,
    0x81, 0x92, 0x98, 0x19, 0x11, 0x83, 0x8b, 0x84, 0x01, 0x84, 0x81, 0x1c,
    0x1a, 0x89, 0x94, 0x90, 0x0b, 0x94, 0x95, 0x96, 0x8b, 0x1b, 0x93, 0x14,
    0x15, 0x81, 0x9e, 0xa0, 0x0e, 0x8c, 0xa4, 0x9c, 0xa0, 0xa6, 0xa3, 0x16,
    0x0c, 0xa0, 0x8f, 0x05, 0x95, 0x11, 0x85, 0x8f, 0x1a, 0x91, 0x98, 0x00,
    0x88, 0x94, 0x0a, 0x9b, 0x84, 0x85, 0x89, 0x83, 0x83, 0x82, 0x10, 0x93,
    0x8c, 0x9a, 0x05, 0x81, 0x1b, 0x24, 0x25, 0x9e, 0x19, 0x81, 0x17, 0x16,
    0x8a, 0x9d, 0x9d, 0xa2, 0x9c, 0x07, 0x9b, 0x09, 0x1b, 0x20, 0x24, 0x04,
    0x99, 0x17, 0x0d, 0x0a, 0x8b, 0x9d, 0x9e, 0x99, 0x07, 0x07, 0x19, 0x15,
    0x9a, 0x0b, 0x86, 0x9d, 0x98, 0x0a, 0x83, 0x0f, 0x86, 0x00, 0x91, 0x93,
    0x8d, 0x08, 0x22, 0x92, 0x80, 0x14, 0x9e, 0x97, 0x19, 0x21, 0x10, 0x16,
    0x13, 0x1c, 0x8e, 0x06, 0x0b, 0x19, 0x9c, 0x0c, 0x91, 0x99, 0x16, 0x15,
    0x9b, 0x0c, 0x96, 0x93, 0x02, 0x01, 0x05, 0x9a, 0x98, 0x9c, 0x8b, 0x8c,
    0x82, 0x0c, 0x14, 0x20, 0x99, 0xa0, 0x07, 0x88, 0x0e, 0x97, 0x1e, 0x85,
    0x21, 0x9e, 0x96, 0x8b, 0x23, 0xa8, 0x1f, 0x1f, 0x1c, 0x1c, 0x11, 0x0c,
    0x96, 0x19, 0x8a, 0x9f, 0x14, 0x1a, 0xa2, 0x18, 0xa7, 0x23, 0xa6, 0x07,
    0xa1, 0x22, 0x23, 0x29, 0x93, 0xa6, 0x1c, 0xa9, 0x9f, 0xa0, 0x28, 0x24,
    0x0e, 0x19, 0x01, 0x1b, 0x96, 0x17, 0x0a, 0x10, 0x8b, 0x24, 0x9b, 0x85,
    0xa6, 0x1e, 0x1a, 0xa5, 0x21, 0xa9, 0x21, 0xa2, 0xa2, 0xa5, 0xa1, 0x99,
    0x25, 0x98, 0x12, 0x9e, 0x0c, 0xa2, 0x1f, 0x9c, 0x94, 0x2a, 0x23, 0xa4,
    0x10, 0x9b, 0x97, 0x1d, 0x99, 0x95, 0x95, 0x15, 0x10, 0x9a, 0x9b, 0xa1,
    0x9d, 0x24, 0x22, 0x94, 0x86, 0x06, 0x08, 0x24, 0x8a, 0x12, 0x99, 0x04,
    0xa8, 0xa2, 0x91, 0x13, 0x91, 0x94, 0x91, 0x9d, 0x18, 0x0d, 0x22, 0x04,
    0x15, 0xa6, 0x25, 0x06, 0xa4, 0x0c, 0x9a, 0x27, 0x1f, 0x93, 0xa3, 0x25,
    0x1a, 0x93, 0x23, 0xa1, 0x25, 0x9b, 0x9e, 0x21, 0x9f, 0x91, 0x11, 0x1c,
    0xa0, 0xa2, 0x9b, 0x8f, 0x20, 0x18, 0x95, 0x9f, 0x8a, 0x19, 0xa1, 0x03,
    0x22, 0xa9, 0x99, 0x0e, 0xa2, 0x25, 0xa2, 0x83, 0x21, 0x9c, 0x1a, 0x87,
    0x95, 0x8d, 0x17, 0x09, 0x22, 0x20, 0x9b, 0x91, 0xa5, 0xa4, 0xa4, 0x28,
    0xa3, 0x95, 0x81, 0xa9, 0x01, 0x1b, 0xa0, 0x01, 0x28, 0x14, 0x17, 0x93,
    0x99, 0xa0, 0x10, 0x8a, 0x19, 0x86, 0xa4, 0x27, 0x07, 0x00, 0xa3, 0x2c,
    0x8c, 0x9d, 0x93, 0x22, 0x1e, 0x9d, 0x98, 0xa8, 0xa0, 0x1d, 0x12, 0xa4,
    0xa0, 0x2c, 0x9c, 0x19, 0x1d, 0xa9, 0x07, 0xa0, 0x93, 0x9e, 0x21, 0x15,
    0x27, 0xa9, 0xa3, 0xa8, 0xa6, 0xa8, 0x23, 0x24, 0xa4, 0x1b, 0x23, 0x0c,
    0x19, 0xa4, 0x06, 0x2a, 0x9e, 0x01, 0x95, 0x27, 0x17, 0x21, 0x8f, 0x98,
    0xa5, 0x23, 0x1c, 0xa4, 0x18, 0x04, 0xa5, 0xa0, 0x0e, 0x25, 0x22, 0x82,
    0x23, 0x22, 0x2a, 0x23, 0x23, 0x25, 0xa3, 0x1e, 0x0a, 0x1c, 0x99, 0x20,
    0x08, 0x82, 0x14, 0x14, 0x8f, 0x03, 0x95, 0x02, 0x9f, 0x23, 0x21, 0x9d,
    0xa1, 0x11, 0xa6, 0xa4, 0x02, 0xa5, 0x25, 0x94, 0xa0, 0x14, 0x0f, 0x15,
    0x15, 0x17, 0xa4, 0x2a, 0x03, 0x29, 0x08, 0xab, 0x91, 0x1b, 0x0a, 0x0a,
    0x9f, 0xa6, 0x10, 0x10, 0x24, 0x15, 0x10, 0xa5, 0xa3, 0x1e, 0x9d, 0x19,
    0x0d, 0x18, 0x10, 0x17, 0x1c, 0xa2, 0x95, 0xa7, 0x0e, 0x1c, 0x9e, 0xa5,
    0x14, 0x1f, 0x17, 0xa6, 0x99, 0x26, 0x10, 0x9d, 0xa2, 0x28, 0x96, 0x15,
    0x2a, 0xa3, 0x1f, 0xa1, 0x11, 0x88, 0x9d, 0x05, 0x9a, 0x83, 0x8f, 0x81,
    0x86, 0x1a, 0x1d, 0x19, 0x8d, 0x0f, 0x11, 0x82, 0xaa, 0xa2, 0x1a, 0x9f,
    0xa8, 0xa9, 0x25, 0xa1, 0x85, 0x9e, 0x9e, 0xaa, 0xa2, 0xaa, 0x2e, 0xa3,
    0x9c, 0x1f, 0x22, 0xa2, 0x88, 0x9e, 0x07, 0x92, 0x9b, 0x19, 0x23, 0xa8,
    0x94, 0x09, 0x95, 0x92, 0xa0, 0x17, 0x07, 0x1c, 0x93, 0x9a, 0x8e, 0x20,
    0x1b, 0xa3, 0x9a, 0x92, 0x83, 0x1d, 0x0b, 0x9b, 0x1f, 0xa3, 0x25, 0x8d,
    0x9d, 0x0c, 0x9d, 0x0e, 0x17, 0x81, 0x99, 0x0c, 0xa2, 0xa3, 0x1c, 0x10,
    0xa5, 0x19, 0x02, 0xa3, 0x27, 0xa6, 0x0b, 0x1e, 0x0d, 0xa3, 0x11, 0x98,
    0xa0, 0xa5, 0x1f, 0x96, 0x24, 0x24, 0x28, 0x19, 0x27, 0x0d, 0x15, 0xa2,
    0x11, 0x91, 0x9b, 0x9f, 0x27, 0x19, 0xa1, 0x9b, 0x88, 0x24, 0x8d, 0xac,
    0xa5, 0x9b, 0x10, 0x10, 0x9c, 0xa4, 0x09, 0x03, 0x23, 0x9c, 0x18, 0x15,
    0xa5, 0x29, 0x9c, 0x17, 0x1f, 0x11, 0x84, 0x1b, 0xa8, 0x91, 0x10, 0x1a,
    0x24, 0x16, 0xa1, 0x9f, 0x05, 0x9d, 0x16, 0x1e, 0xa6, 0x9d, 0x11, 0xa2,
    0x98, 0x14, 0x91, 0x0a, 0x1c, 0x20, 0x21, 0x18, 0x2a, 0x9b, 0x99, 0x29,
    0x1e, 0x99, 0x21, 0x1c, 0xa7, 0x05, 0x82, 0x1c, 0x96, 0x9d, 0x25, 0x96,
    0x18, 0xa9, 0x07, 0x28, 0x84, 0x99, 0x86, 0x94, 0x99, 0x02, 0x9e, 0x19,
    0xa2, 0x28, 0x0d, 0xad, 0x1c, 0x91, 0xa1, 0x85, 0x12, 0x98, 0x12, 0x17,
    0x98, 0x96, 0x20, 0x08, 0x89, 0x14, 0x8b, 0x08, 0x1d, 0xa0, 0xa0, 0x8f,
    0x24, 0x28, 0x15, 0x9e, 0x29, 0xac, 0x9d, 0x01, 0xab, 0xa8, 0x06, 0xa8,
    0x92, 0x22, 0x21, 0x9e, 0x00, 0x98, 0x9f, 0x07, 0x83, 0xa7, 0x10, 0x22,
    0xa1, 0xa5, 0x27, 0xa9, 0x10, 0x15, 0x8d, 0x94, 0x9a, 0x98, 0x9b, 0x1f,
    0x1a, 0xa9, 0x93, 0x8b, 0xa3, 0x11, 0x8c, 0x23, 0x29, 0x9c, 0x18, 0xa5,
    0x1c, 0x8e, 0x1e, 0x2b, 0xa1, 0xa9, 0x96, 0x99, 0x13, 0x29, 0xa4, 0x1a,
    0x10, 0x99, 0x26, 0x2c, 0x0d, 0x06, 0x16, 0x26, 0x06, 0x16, 0xa1, 0x81,
    0x23, 0xa2, 0x21, 0x2b, 0x9e, 0x99, 0xa7, 0x24, 0x9c, 0xa0, 0x9c, 0x91,
    0xa6, 0x1e, 0x1b, 0x1e, 0x99, 0xa6, 0x9c, 0x9b, 0x16, 0xa6, 0x1c, 0x23,
    0x2a, 0x24, 0x1c, 0x2b, 0x20, 0x2c, 0x02, 0xa2, 0xa6, 0x92, 0x22, 0x20,
    0xa0, 0x96, 0x09, 0x13, 0x93, 0x88, 0x9c, 0x1a, 0x8f, 0x9a, 0xa6, 0x95,
    0xa2, 0x22, 0xa4, 0x1b, 0x04, 0x93, 0x8b, 0xa5, 0x94, 0x16, 0x89, 0x25,
    0x0c, 0xa7, 0x0d, 0x8a, 0x1d, 0x29, 0x23, 0x06, 0x86, 0x97, 0x25, 0x21,
    0x21, 0x21, 0x8e, 0x94, 0xa1, 0x98, 0x19, 0x12, 0xa5, 0x80, 0x1c, 0x8b,
    0x96, 0x2d, 0x11, 0xa8, 0x81, 0x9b, 0x97, 0x21, 0xa0, 0x8f, 0xa5, 0x03,
    0xa3, 0x14, 0x08, 0x95, 0x07, 0x9b, 0x8d, 0x94, 0x13, 0x0c, 0x00, 0x93,
    0x8d, 0x8a, 0x07, 0x87, 0x03, 0x1a, 0x14, 0x06, 0x16, 0x99, 0x19, 0x99,
    0x1c, 0xaf, 0x27, 0xa4, 0x26, 0x14, 0xa3, 0xa6, 0x20, 0x9e, 0x20, 0xa1,
    0xa7, 0x02, 0x25, 0x1c, 0x2a, 0xa1, 0x18, 0x2a, 0x2a, 0x25, 0x86, 0x17,
    0x22, 0x24, 0x2a, 0x9f, 0x81, 0x05, 0x0c, 0xa1, 0x21, 0x90, 0x07, 0x25,
    0x0f, 0x1a, 0x9c, 0x00, 0xa0, 0x0e, 0x16, 0x0f, 0xa7, 0x1b, 0x19, 0x12,
    0x80, 0x98, 0x9f, 0x9b, 0x19, 0x8d, 0xa3, 0x12, 0x0b, 0x8a, 0xa7, 0x86,
    0x08, 0x32, 0x16, 0x32, 0x25, 0x29, 0x1c, 0xab, 0x29, 0xa4, 0xa0, 0x81,
    0xae, 0xae, 0x9b, 0xa6, 0x13, 0x27, 0x06, 0x98, 0x1a, 0xa1, 0x9c, 0x1b,
    0x1b, 0x99, 0xaa, 0x19, 0x16, 0x1e, 0xa2, 0x8d, 0x00, 0x9f, 0x97, 0xa2,
    0x24, 0x89, 0x03, 0x2b, 0x0a, 0x27, 0xa1, 0x8d, 0xa9, 0x27, 0x1a, 0xaa,
    0x97, 0x97, 0x83, 0x0b, 0x91, 0x18, 0xa0, 0x10, 0x95, 0x23, 0x04, 0x8a,
    0xa0, 0x1b, 0x08, 0x95, 0x9d, 0x0b, 0x97, 0x9d, 0x12, 0xab, 0xa0, 0xa0,
    0x0f, 0x20, 0x94, 0x04, 0x94, 0xa2, 0x25, 0x90, 0x93, 0xa4, 0x25, 0xa2,
    0x12, 0x1c, 0xa1, 0x22, 0xa8, 0x18, 0x21, 0x9c, 0x20, 0x13, 0x9b, 0x9f,
    0x1a, 0x84, 0x1f, 0xa2, 0x89, 0x0c, 0x95, 0x96, 0x19, 0x14, 0xa4, 0x01,
    0x8b, 0xa0, 0x24, 0x9a, 0x22, 0xa0, 0xa0, 0x21, 0x9e, 0xa2, 0x23, 0xa2,
    0x27, 0x89, 0x93, 0x94, 0xa3, 0x95, 0x12, 0x20, 0x91, 0x0b, 0x28, 0x85,
    0x92, 0xa4, 0x13, 0x1b, 0x96, 0x06, 0xa2, 0x1b, 0x96, 0xa3, 0x24, 0x84,
    0x84, 0x93, 0x17, 0x24, 0x21, 0x13, 0x28, 0xa3, 0x1e, 0xa6, 0x20, 0xa9,
    0x23, 0x91, 0xa0, 0xa8, 0x12, 0xa5, 0x82, 0x22, 0x8f, 0xa5, 0x89, 0x20,
    0x20, 0x8b, 0x99, 0x8c, 0xab, 0x18, 0x93, 0x03, 0x9e, 0x9e, 0x1c, 0x03,
    0x8a, 0x99, 0xa6, 0x99, 0x24, 0x8b, 0x9d, 0x93, 0x95, 0x87, 0x9f, 0x8d,
    0x16, 0xa9, 0x1a, 0x27, 0x90, 0x1e, 0x10, 0x01, 0x1b, 0xac, 0x1d, 0x00,
    0x29, 0x16, 0x21, 0x25, 0x1f, 0x20, 0xa8, 0x09, 0xa6, 0x98, 0x85, 0x9a,
    0x14, 0x23, 0x1c, 0xa2, 0xa3, 0x29, 0x1f, 0x92, 0x82, 0x27, 0x93, 0x17,
    0x13, 0x9f, 0x15, 0x25, 0x08, 0xab, 0x93, 0x04, 0xa2, 0x24, 0x1e, 0x25,
    0x9b, 0x9b, 0x9b, 0x08, 0x9b, 0x20, 0xa0, 0x1d, 0x1f, 0x26, 0x94, 0x92,
    0xa9, 0x26, 0x1c, 0x1a, 0x97, 0x24, 0xa1, 0xa2, 0x0f, 0x26, 0x14, 0x15,
    0x89, 0x1d, 0x1c, 0x15, 0x8a, 0x1c, 0x1a, 0xa1, 0x26, 0xa8, 0x26, 0x87,
    0x24, 0x24, 0x16, 0x86, 0x1a, 0xa8, 0xa3, 0x99, 0xa5, 0x1c, 0x27, 0x18,
    0x90, 0x09, 0x90, 0x2b, 0xaa, 0x0d, 0xa1, 0x1a, 0x9a, 0xa2, 0x98, 0x21,
    0xa1, 0x10, 0x23, 0xa8, 0xa3, 0xa8, 0x27, 0x2a, 0x95, 0x9f, 0x11, 0x21,
    0xa7, 0x98, 0xa8, 0xa7, 0x22, 0xa2, 0x9a, 0x25, 0x18, 0x90, 0x0a, 0xa8,
    0x9d, 0x9a, 0x94, 0x16, 0x1a, 0x89, 0x81, 0x93, 0x93, 0xa8, 0x9d, 0x28,
    0x86, 0x04, 0x95, 0x19, 0x91, 0x91, 0x00, 0x09, 0x0a, 0x13, 0x81, 0x11,
    0x91, 0x91, 0x91, 0x82, 0x19, 0x9f, 0x8d, 0x0e, 0x93, 0x14, 0xa7, 0x19,
    0xaa, 0x99, 0xa2, 0x14, 0xa4, 0xa6, 0x22, 0x0a, 0x1b, 0x21, 0x24, 0x21,
    0xa7, 0x16, 0xa1, 0x20, 0x23, 0xa2, 0x25, 0x00, 0x1d, 0x11, 0x1c, 0x27,
    0x0f, 0xa8, 0x92, 0x14, 0x0a, 0xa2, 0x94, 0x0e, 0x18, 0x1b, 0xa0, 0x94,
    0xa9, 0x0c, 0x83, 0x19, 0xa5, 0xa8, 0xa3, 0xa9, 0x25, 0x12, 0x2a, 0xa2,
    0xa1, 0x24, 0xa0, 0x1c, 0xa8, 0x8f, 0x23, 0x9d, 0x06, 0x8b, 0x98, 0x20,
    0x1e, 0x24, 0x14, 0x22, 0x1d, 0x15, 0x89, 0x8d, 0x93, 0x1e, 0x27, 0x9f,
    0x85, 0x8e, 0x11, 0x91, 0x0d, 0x97, 0x10, 0x9c, 0x94, 0x97, 0x0c, 0x8c,
    0x03, 0x8a, 0x09, 0x02, 0x9d, 0xa2, 0x28, 0x98, 0x19, 0x02, 0xa1, 0xa4,
    0xab, 0xa0, 0xa0, 0xa5, 0xa9, 0x91, 0x24, 0x0f, 0x97, 0x9a, 0x9f, 0x19,
    0x02, 0x93, 0xa0, 0xa9, 0x99, 0xa3, 0x87, 0x07, 0x27, 0x24, 0x24, 0x8d,
    0x9b, 0x10, 0x85, 0x92, 0x94, 0x17, 0x8f, 0x1c, 0x93, 0x87, 0xa1, 0x0a,
    0x8c, 0x98, 0x93, 0x90, 0x8e, 0x26, 0x9b, 0x09, 0xa0, 0xa0, 0x81, 0xa2,
    0x18, 0x22, 0x1a, 0xa0, 0xa8, 0x29, 0x11, 0x90, 0x9b, 0x22, 0x98, 0x9e,
    0x21, 0x95, 0x1a, 0x03, 0x84, 0x9c, 0x1a, 0x92, 0x81, 0x17, 0x94, 0x1a,
    0x19, 0x94, 0x14, 0x00, 0x88, 0x13, 0x99, 0x18, 0x85, 0x0d, 0x94, 0x0d,
    0xa1, 0x92, 0x1b, 0x8b, 0x20, 0x25, 0xa2, 0x13, 0x06, 0x1c, 0x1a, 0x1c,
    0x9a, 0x9c, 0xa6, 0x95, 0x21, 0x22, 0xa5, 0x01, 0x25, 0x9c, 0x9a, 0x18,
    0x81, 0x23, 0x1c, 0x01, 0x99, 0x16, 0x20, 0x93, 0x0c, 0x1a, 0x27, 0x93,
    0x13, 0xb1, 0xa5, 0xb2, 0x9a, 0x81, 0x9b, 0x24, 0x14, 0x10, 0x18, 0x92,
    0x1b, 0x26, 0x1b, 0x23, 0x14, 0xa2, 0x91, 0x8a, 0x00, 0x1d, 0x9c, 0x1d,
    0x0b, 0x99, 0x91, 0x22, 0x1e, 0xa0, 0x13, 0x12, 0x18, 0x9b, 0x92, 0x14,
    0xa4, 0x20, 0x90, 0x1b, 0x9c, 0x10, 0xa6, 0x16, 0x02, 0x9a, 0x18, 0x9b,
    0x99, 0x18, 0x00, 0x0a, 0x97, 0x99, 0x04, 0x93, 0x0a, 0x12, 0x15, 0x09,
    0x02, 0x99, 0x92, 0x11, 0x1d, 0x87, 0x24, 0xa0, 0x1f, 0x14, 0x18, 0x94,
    0xa1, 0xa0, 0xad, 0xa9, 0x0d, 0x1a, 0x90, 0x1d, 0x29, 0x27, 0xa2, 0xa9,
    0x2a, 0x27, 0xa2, 0xa6, 0x95, 0x24, 0xa3, 0xa8, 0x84, 0xa8, 0x25, 0x28,
    0x88, 0x9a, 0x00, 0x1b, 0x0b, 0x10, 0x1b, 0x12, 0x83, 0x1a, 0x98, 0x21,
    0x9f, 0x9f, 0x1b, 0x95, 0x1c, 0x13, 0xa1, 0xa0, 0xa1, 0xa2, 0x86, 0x20,
    0x22, 0x10, 0xa1, 0x9a, 0x08, 0x83, 0x12, 0x9b, 0x9d, 0xa9, 0x9d, 0x27,
    0x01, 0xa2, 0x8c, 0xa0, 0x0b, 0x03, 0xa4, 0x12, 0x23, 0xa3, 0x28, 0x1e,
    0x8e, 0x23, 0xa4, 0x26, 0x05, 0x83, 0x24, 0xa5, 0x23, 0x03, 0xa2, 0x23,
    0xa4, 0x1a, 0x85, 0x23, 0x11, 0x9c, 0x1a, 0x1a, 0x9d, 0xa5, 0x1d, 0xa3,
    0x98, 0x20, 0x9c, 0x1a, 0x14, 0x82, 0x9f, 0x1c, 0x94, 0x8a, 0x29, 0x27,
    0x23, 0x22, 0x8d, 0xa7, 0xa1, 0x28, 0x93, 0x29, 0x0f, 0x0d, 0xa4, 0x86,
    0x13, 0x2c, 0x96, 0xa2, 0x86, 0x89, 0x1f, 0x29, 0x03, 0xa4, 0x17, 0x91,
    0x93, 0x82, 0x28, 0x21, 0x06, 0x06, 0x15, 0x94, 0x12, 0x95, 0x12, 0x91,
    0x02, 0x92, 0x0f, 0x03, 0x0a, 0x12, 0x8b, 0x15, 0x28, 0x19, 0xa8, 0x91,
    0x22, 0xa3, 0x11, 0x8e, 0x27, 0x20, 0x18, 0x1e, 0x25, 0x93, 0x9e, 0x18,
    0x9c, 0x1f, 0x06, 0x9d, 0xa2, 0x1f, 0x94, 0x07, 0x1f, 0x24, 0xa2, 0x98,
    0x27, 0x18, 0x15, 0x12, 0x17, 0xad, 0x19, 0x25, 0x1d, 0x28, 0x1b, 0x12,
    0x18, 0x93, 0x8c, 0x18, 0x1b, 0x9a, 0x25, 0x1b, 0x10, 0x86, 0x0d, 0x9b,
    0x13, 0x9d, 0x1b, 0x83, 0x15, 0x99, 0x21, 0xa1, 0x8a, 0x89, 0x15, 0x06,
    0x23, 0x06, 0xa4, 0x8d, 0x02, 0x2a, 0x84, 0x8b, 0x02, 0x0d, 0x8a, 0x21,
    0x95, 0x9a, 0xa4, 0x22, 0x9c, 0x20, 0x1a, 0x11, 0xa9, 0x0f, 0x98, 0xaa,
    0x11, 0xa1, 0xa1, 0x0d, 0x9c, 0xa2, 0xa8, 0xa7, 0x17, 0xa4, 0xa0, 0xa6,
    0x98, 0x24, 0x0b, 0xa1, 0x90, 0x28, 0x94, 0x09, 0x03, 0x21, 0x12, 0xac,
    0x1b, 0x99, 0x1c, 0xa4, 0x87, 0x00, 0x95, 0x0a, 0x23, 0xa1, 0x9e, 0x97,
    0x8f, 0x1d, 0x0e, 0x20, 0x8d, 0x11, 0x85, 0x1c, 0xa9, 0x97, 0x8a, 0xa6,
    0xa0, 0xa3, 0x0d, 0x23, 0x19, 0x26, 0xa4, 0xa0, 0xa0, 0xa0, 0x13, 0x85,
    0x99, 0x26, 0x1d, 0xa3, 0x82, 0x81, 0x2a, 0x92, 0x8d, 0x06, 0x26, 0x18,
    0x16, 0x1e, 0x1f, 0x20, 0xa4, 0x22, 0x12, 0xaa, 0x94, 0xa9, 0x21, 0x17,
    0x2d, 0xa5, 0x20, 0x28, 0x1b, 0x24, 0x23, 0x9b, 0x83, 0x18, 0x26, 0x29,
    0x1b, 0x27, 0x15, 0x8c, 0xaa, 0xa8, 0xa7, 0x1f, 0x81, 0x9b, 0x21, 0x05,
    0x99, 0x15, 0x10, 0x07, 0x19, 0xa2, 0x1a, 0x9a, 0x98, 0x20, 0x93, 0x14,
    0x2b, 0xa7, 0x22, 0x9c, 0x20, 0xa5, 0x9a, 0x9e, 0x22, 0x26, 0xa0, 0x1b,
    0x18, 0x14, 0x9b, 0xa2, 0x10, 0xa6, 0x9b, 0x21, 0x9c, 0x21, 0x21, 0x0b,
    0x21, 0xa5, 0x1a, 0x0c, 0x20, 0x18, 0x25, 0x23, 0xa4, 0x82, 0x18, 0xa4,
    0x9b, 0x90, 0xa3, 0x15, 0xa9, 0x26, 0x1d, 0xa0, 0x24, 0xa1, 0x98, 0xa1,
    0x12, 0x15, 0x81, 0x98, 0xa0, 0x99, 0x95, 0x8a, 0x99, 0xac, 0x8f, 0x0d,
    0x98, 0x2c, 0x9a, 0xab, 0x9b, 0xa7, 0x9c, 0x22, 0x00, 0x14, 0x96, 0x98,
    0x11, 0x25, 0x2a, 0x03, 0x1f, 0xa7, 0x20, 0xa0, 0x05, 0x06, 0x24, 0x1e,
    0x24, 0x22, 0x1a, 0x1e, 0x0c, 0x0d, 0x04, 0x8b, 0x21, 0xa9, 0x1a, 0x23,
    0x21, 0x23, 0x26, 0x9a, 0xa9, 0x95, 0x21, 0x9c, 0xa2, 0x23, 0xa6, 0x97,
    0x21, 0x17, 0x23, 0x1c, 0x19, 0xa5, 0x07, 0x12, 0x95, 0x20, 0x1e, 0x9e,
    0x18, 0x8e, 0x10, 0x14, 0x1c, 0x9c, 0x1f, 0x05, 0xa2, 0xa7, 0xa3, 0x20,
    0x29, 0x9a, 0xa2, 0x1b, 0x23, 0x9d, 0x1e, 0x99, 0x9b, 0x10, 0xa7, 0x14,
    0x03, 0x8a, 0x06, 0x88, 0x0b, 0x0a, 0x89, 0x1d, 0x06, 0xa7, 0x8e, 0x85,
    0x11, 0x22, 0x1d, 0x81, 0xa1, 0xa3, 0x0d, 0x92, 0x0e, 0x18, 0x26, 0x99,
    0x07, 0x9f, 0x1b, 0x97, 0x2a, 0xa6, 0x06, 0x27, 0x1a, 0xa7, 0x9b, 0x20,
    0x9f, 0xa1, 0x83, 0x21, 0x21, 0x9c, 0x95, 0x91, 0xad, 0x1e, 0x8c, 0x0b,
    0x88, 0x23, 0x9d, 0x0e, 0x20, 0x0a, 0x1e, 0x0d, 0x16, 0x8e, 0x9f, 0x06,
    0x0d, 0x25, 0x9d, 0x1c, 0x1c, 0xac, 0x94, 0x2c, 0xa8, 0x1c, 0x04, 0xa8,
    0x95, 0xa4, 0x8b, 0x1f, 0x26, 0x2a, 0x17, 0xa3, 0x84, 0x1f, 0x10, 0x9b,
    0x18, 0x23, 0x06, 0x21, 0x29, 0xa6, 0x03, 0xa1, 0x1a, 0x99, 0x00, 0x21,
    0x91, 0x24, 0x1f, 0x02, 0xa1, 0x9a, 0x96, 0x26, 0xaa, 0x19, 0x93, 0x9b,
    0x95, 0x90, 0x03, 0xa2, 0x9a, 0x98, 0x99, 0x20, 0x23, 0x9a, 0x91, 0x92,
    0x20, 0x88, 0x1b, 0x20, 0x1d, 0x19, 0xaa, 0x21, 0x08, 0x89, 0xa1, 0xa5,
    0x1d, 0xa9, 0x97, 0xa8, 0x1e, 0x8e, 0xa1, 0x0a, 0x99, 0x1a, 0x88, 0x92,
    0x95, 0x9a, 0x1b, 0x97, 0x1a, 0x16, 0x14, 0xa5, 0x9d, 0x1a, 0x23, 0x93,
    0x8e, 0x94, 0x20, 0x1a, 0x0c, 0x18, 0xa2, 0x1b, 0xa5, 0x87, 0x9e, 0x27,
    0x28, 0x99, 0x1d, 0x98, 0x17, 0x94, 0x24, 0xa3, 0x25, 0x94, 0x00, 0x96,
    0x90, 0x0e, 0x9d, 0x21, 0x11, 0x8f, 0x97, 0x98, 0x23, 0x93, 0x26, 0x9a,
    0x9b, 0x29, 0x93, 0x9a, 0x98, 0x20, 0x17, 0x89, 0x9d, 0x86, 0x14, 0xa8,
    0x9d, 0xa0, 0x22, 0x93, 0x15, 0x18, 0x16, 0x85, 0x04, 0x9c, 0xa2, 0x85,
    0x02, 0x27, 0x16, 0x98, 0xa3, 0x91, 0x17, 0x9c, 0x21, 0x99, 0x25, 0xa6,
    0x23, 0x1d, 0x1e, 0xa8, 0x9b, 0x88, 0x99, 0x1c, 0x99, 0x83, 0x87, 0x1f,
    0x00, 0x91, 0x0c, 0x99, 0x91, 0x8d, 0x12, 0x02, 0xa5, 0x94, 0x24, 0x0b,
    0x98, 0xa2, 0x97, 0x27, 0x99, 0x94, 0x25, 0x22, 0x96, 0x14, 0x9d, 0x24,
    0x25, 0x9f, 0x0f, 0x19, 0x1f, 0x1c, 0xa1, 0xa1, 0xa1, 0x96, 0x01, 0xa2,
    0x16, 0xa0, 0x86, 0x9d, 0x11, 0x12, 0x89, 0x02, 0xa4, 0x0a, 0x94, 0x25,
    0x96, 0x95, 0x9f, 0x0b, 0x17, 0x19, 0x9c, 0x1c, 0x27, 0x9f, 0x21, 0x96,
    0x03, 0xa5, 0x1c, 0x20, 0x21, 0x20, 0x93, 0x19, 0x1b, 0x20, 0x89, 0x03,
    0xa4, 0x96, 0xa0, 0x9b, 0x12, 0x23, 0x26, 0x92, 0x93, 0x14, 0x97, 0x1d,
    0x9f, 0x24, 0x1a, 0x23, 0x13, 0x03, 0x10, 0x18, 0x15, 0x19, 0x13, 0x0e,
    0x14, 0x9a, 0x9b, 0x86, 0x1b, 0x0f, 0x18, 0x1f, 0x27, 0x9e, 0x9b, 0x19,
    0xa9, 0x9f, 0x93, 0x9c, 0xa1, 0x99, 0x97, 0x25, 0xa3, 0x22, 0xa6, 0xa0,
    0x98, 0x86, 0x07, 0x1a, 0x18, 0x14, 0x25, 0x18, 0x25, 0x24, 0x86, 0x2c,
    0xa9, 0x9d, 0x9c, 0x92, 0x07, 0x94, 0xa1, 0x9b, 0x03, 0x9f, 0x91, 0x17,
    0xa0, 0xa3, 0xa0, 0x9f, 0x14, 0x12, 0x07, 0x12, 0x18, 0x02, 0x9b, 0x26,
    0x19, 0x27, 0x21, 0x16, 0x23, 0x19, 0x91, 0x26, 0x26, 0x25, 0xa4, 0x81,
    0x9a, 0x89, 0x98, 0x19, 0xa9, 0x9d, 0x9b, 0xa5, 0x1c, 0x83, 0x14, 0x95,
    0x27, 0x98, 0x14, 0x9b, 0x97, 0x12, 0x96, 0x0b, 0x24, 0x87, 0xa7, 0x1a,
    0x96, 0x16, 0x07, 0xa3, 0x96, 0x10, 0x22, 0x03, 0x25, 0xa8, 0x91, 0x1c,
    0x2b, 0xa0, 0x93, 0x93, 0x8c, 0xa4, 0x8e, 0x1b, 0x91, 0x8a, 0xa1, 0x07,
    0xa5, 0x18, 0x91, 0x21, 0x1a, 0x91, 0xa0, 0x18, 0x8b, 0x24, 0x97, 0x8d,
    0x18, 0x1b, 0x96, 0x25, 0x22, 0xa5, 0x82, 0x1c, 0x88, 0xa9, 0x89, 0x20,
    0x9b, 0x9e, 0x08, 0x24, 0x19, 0x0a, 0x07, 0xa0, 0x94, 0x94, 0x94, 0x28,
    0x21, 0xa5, 0x0d, 0x14, 0x8d, 0x1a, 0x0f, 0x83, 0x9c, 0xa0, 0x21, 0x91,
    0x95, 0x93, 0x18, 0x94, 0x91, 0x94, 0x9b, 0x1a, 0xa0, 0x10, 0x90, 0x91,
    0x8f, 0x9f, 0xa8, 0x9e, 0x12, 0x18, 0x84, 0x23, 0x9d, 0x22, 0x9a, 0x14,
    0x1c, 0x1f, 0x13, 0x1b, 0x95, 0x27, 0x91, 0x9d, 0x98, 0x1f, 0x15, 0x19,
    0x1a, 0xa7, 0x1c, 0x09, 0x20, 0x15, 0x19, 0x92, 0x99, 0xa0, 0x98, 0x17,
    0x25, 0x90, 0x9c, 0x0e, 0x98, 0xa4, 0x0a, 0x9c, 0x98, 0x9c, 0xa1, 0x9d,
    0x14, 0x19, 0x9d, 0x23, 0x21, 0x1b, 0x90, 0x21, 0x9c, 0x96, 0x21, 0x22,
    0x14, 0x9e, 0x26, 0xa3, 0x2c, 0x9b, 0xa0, 0x84, 0x11, 0xa6, 0x9e, 0x92,
    0x8a, 0xa6, 0x93, 0xa8, 0xa0, 0x11, 0x8e, 0x9d, 0x99, 0x9b, 0x94, 0x1c,
    0x15, 0x22, 0x97, 0x8d, 0x9a, 0x99, 0x92, 0x91, 0x20, 0x8a, 0x22, 0xa5,
    0x24, 0x25, 0x23, 0x25, 0x9d, 0x20, 0x27, 0x13, 0x85, 0xa7, 0x19, 0x21,
    0x9a, 0x9e, 0x8f, 0x1b, 0x9b, 0x9e, 0x9d, 0x9e, 0x1e, 0x9b, 0x01, 0x98,
    0x0f, 0x03, 0xa3, 0x1b, 0x9b, 0xa3, 0x91, 0x26, 0x9c, 0x92, 0x1a, 0x9a,
    0xa0, 0xa1, 0x82, 0x02, 0x13, 0x26, 0xa7, 0x92, 0xa3, 0x00, 0x8b, 0x22,
    0x84, 0x12, 0x05, 0x27, 0x1a, 0x8f, 0x94, 0xa3, 0x14, 0x86, 0x93, 0x0b,
    0x88, 0x89, 0x24, 0x82, 0x09, 0x0a, 0x14, 0x24, 0x9d, 0x81, 0x86, 0xab,
    0x14, 0xa2, 0x12, 0x89, 0x0f, 0x21, 0x14, 0x92, 0xa8, 0x98, 0x0d, 0x29,
    0x23, 0x9e, 0xa2, 0x1d, 0x99, 0x93, 0x9e, 0xa1, 0xa0, 0xa4, 0x1a, 0x12,
    0x16, 0xa2, 0x11, 0x9a, 0x94, 0x00, 0x88, 0x06, 0x82, 0x96, 0x02, 0x0a,
    0xa1, 0x22, 0x99, 0x83, 0x95, 0x02, 0xa8, 0x1f, 0x9b, 0x20, 0x1e, 0x1c,
    0x04, 0xa1, 0x19, 0x19, 0x21, 0xa0, 0x14, 0x19, 0x15, 0x8c, 0xa3, 0x1f,
    0x0b, 0xa0, 0x94, 0xa0, 0x09, 0x18, 0xa6, 0x12, 0x9e, 0x1f, 0x95, 0xa9,
    0x9f, 0x91, 0x28, 0x13, 0x28, 0x9c, 0xa0, 0xa2, 0x83, 0x18, 0x21, 0x91,
    0x1e, 0x1e, 0xa1, 0x9c, 0x23, 0x22, 0xa3, 0x19, 0x99, 0x22, 0x1c, 0x86,
    0x22, 0x9e, 0x9a, 0x0c, 0x01, 0x12, 0x12, 0x18, 0xa3, 0x9e, 0xa3, 0x26,
    0x21, 0x27, 0x8c, 0x9c, 0x22, 0x23, 0x19, 0xa0, 0x2b, 0x1e, 0x27, 0xa8,
    0x20, 0x1f, 0x04, 0x1e, 0x8c, 0x91, 0x9a, 0x21, 0x20, 0x9c, 0x91, 0x20,
    0x9a, 0x99, 0xa1, 0x9e, 0x93, 0x9d, 0xa0, 0x1b, 0xa1, 0x9a, 0x99, 0x04,
    0xa5, 0x14, 0x8e, 0xaa, 0x9d, 0x1e, 0x1e, 0x9c, 0x15, 0x07, 0xa0, 0x1f,
    0x2b, 0x8b, 0x96, 0x20, 0x25, 0x19, 0x9b, 0x96, 0x95, 0x1f, 0x98, 0x99,
    0x24, 0xa8, 0x99, 0x1a, 0x93, 0xa6, 0x19, 0x20, 0x9f, 0x27, 0x1b, 0x13,
    0x09, 0x97, 0x1e, 0x22, 0xa7, 0xa2, 0x0f, 0x1a, 0xa4, 0x99, 0xad, 0x1f,
    0x1a, 0x0b, 0xa5, 0xa7, 0x19, 0x05, 0x01, 0xa1, 0x9b, 0x0a, 0x1c, 0x8b,
    0x9c, 0xa6, 0x1e, 0x23, 0x2a, 0x93, 0x9f, 0x10, 0x15, 0x8e, 0x9a, 0xa5,
    0x11, 0xa5, 0x94, 0xa0, 0x28, 0x1c, 0xa2, 0x9e, 0xa2, 0xa6, 0x19, 0x9d,
    0x04, 0x06, 0x17, 0x19, 0x94, 0x11, 0xa0, 0x06, 0x16, 0x00, 0x9a, 0x91,
    0x94, 0x10, 0x0a, 0x0a, 0x18, 0x18, 0x9e, 0xa5, 0x13, 0x95, 0xae, 0x11,
    0x21, 0x82, 0x10, 0x97, 0xa4, 0x1c, 0xa3, 0x1a, 0xa4, 0xa4, 0xa1, 0x25,
    0x8c, 0x84, 0xa8, 0x1e, 0x23, 0xa3, 0x94, 0x9c, 0x13, 0x94, 0x1c, 0x0b,
    0x17, 0x29, 0x18, 0x99, 0x93, 0x06, 0x03, 0x22, 0x1d, 0xa0, 0x9d, 0x20,
    0x25, 0x91, 0x9f, 0x9a, 0x99, 0x1a, 0x1b, 0x29, 0x9a, 0x82, 0x26, 0x27,
    0x2a, 0x21, 0x24, 0x14, 0x9c, 0x98, 0x0e, 0x91, 0x94, 0x9c, 0x1c, 0xa4,
    0x8f, 0x10, 0x01, 0x86, 0xa8, 0xa3, 0xa3, 0x88, 0x82, 0x1b, 0x29, 0x16,
    0x27, 0x22, 0x9b, 0x26, 0x88, 0x0f, 0x0b, 0x06, 0x90, 0x19, 0x92, 0xa1,
    0x0b, 0x8f, 0xa8, 0x8c, 0xa0, 0x06, 0x00, 0x16, 0x1c, 0x93, 0x14, 0x19,
    0x9a, 0x94, 0x9c, 0x9a, 0x87, 0x23, 0x23, 0xa2, 0x07, 0x21, 0x19, 0x1d,
    0x8c, 0xa0, 0x1e, 0x05, 0x02, 0x1c, 0x83, 0x0b, 0x85, 0x82, 0x1a, 0x22,
    0x23, 0x95, 0x1c, 0x11, 0x22, 0x20, 0x24, 0x99, 0x8e, 0x81, 0x1f, 0x94,
    0x05, 0x9e, 0x18, 0x21, 0x1a, 0x81, 0x20, 0x87, 0x1e, 0x9a, 0x9a, 0x21,
    0x97, 0x20, 0x13, 0x01, 0xa2, 0x26, 0x03, 0x02, 0x8f, 0x1d, 0x13, 0x21,
    0x9c, 0x1b, 0x1b, 0x97, 0x9f, 0x10, 0x20, 0x09, 0x14, 0x1b, 0x9d, 0x20,
    0x13, 0x9a, 0xa3, 0x90, 0xa2, 0x9a, 0x19, 0x0b, 0x1a, 0x13, 0x91, 0x09,
    0x92, 0x9d, 0x87, 0xa2, 0x88, 0xa7, 0x06, 0x12, 0x92, 0x84, 0x1d, 0xaf,
    0x19, 0xa3, 0x11, 0x94, 0x9a, 0xa1, 0x28, 0x84, 0x23, 0x13, 0x93, 0x19,
    0x98, 0x85, 0x05, 0x20, 0x12, 0x1c, 0x97, 0xa5, 0x87, 0xa9, 0x13, 0x82,
    0xa3, 0xa5, 0x23, 0x0b, 0x95, 0x16, 0x0a, 0x07, 0x15, 0x89, 0x90, 0x93,
    0x90, 0x93, 0x07, 0x9d, 0x2c, 0x82, 0xa9, 0x05, 0x9e, 0x05, 0x8d, 0x1b,
    0x1b, 0x81, 0x99, 0x11, 0x9f, 0x91, 0x93, 0x9f, 0x81, 0xa7, 0x87, 0x27,
    0x2a, 0x23, 0x86, 0x82, 0x1a, 0xad, 0x27, 0x02, 0xa2, 0x14, 0x04, 0x29,
    0x98, 0x15, 0x0e, 0x96, 0x1f, 0x2a, 0x23, 0x18, 0x90, 0xa4, 0xa5, 0x18,
    0x94, 0x9b, 0x23, 0x19, 0x01, 0xa9, 0x8d, 0x26, 0xa1, 0x2a, 0x23, 0x21,
    0x20, 0x24, 0xa1, 0x25, 0x28, 0x1b, 0x19, 0x22, 0x8e, 0x13, 0x84, 0xa3,
    0x19, 0x01, 0x1a, 0x86, 0x9a, 0x92, 0x18, 0x24, 0x96, 0x0c, 0x22, 0x07,
    0x9e, 0x20, 0x97, 0x9b, 0x82, 0x10, 0x89, 0x28, 0x98, 0x24, 0x08, 0x0f,
    0x9e, 0x13, 0x8b, 0x99, 0x86, 0x18, 0x95, 0x9a, 0xa5, 0x21, 0x1a, 0x0f,
    0x98, 0x06, 0x24, 0x2b, 0x9c, 0x16, 0x8c, 0x16, 0x21, 0x18, 0x22, 0x9b,
    0x20, 0x13, 0x13, 0x97, 0x8b, 0x1f, 0x9a, 0x9d, 0x9b, 0x9a, 0x24, 0x17,
    0x05, 0x87, 0x0e, 0x1e, 0x0a, 0xa0, 0x23, 0xa2, 0xa3, 0x28, 0x28, 0x8e,
    0x85, 0x18, 0x27, 0xa0, 0x00, 0xa1, 0x0b, 0xa2, 0xa1, 0x27, 0x12, 0x17,
    0x24, 0xab, 0x24, 0x8a, 0x91, 0x12, 0x1a, 0x9b, 0x23, 0x19, 0xa9, 0x18,
    0xa0, 0x1a, 0x90, 0x1f, 0x16, 0x27, 0x95, 0x27, 0x0f, 0x86, 0x1d, 0x93,
    0xa1, 0x25, 0x04, 0xab, 0x9a, 0x1c, 0x95, 0x91, 0x8a, 0x8f, 0xa1, 0x00,
    0x9d, 0x1a, 0x25, 0xa6, 0x8d, 0x0f, 0x1d, 0x97, 0x1b, 0x26, 0x13, 0x86,
    0x92, 0x9b, 0x1b, 0x12, 0x22, 0x27, 0x27, 0x1f, 0x07, 0xa5, 0x81, 0x96,
    0xa5, 0x95, 0x07, 0xa5, 0xa7, 0xa7, 0xa4, 0x81, 0xa1, 0x1e, 0xa4, 0x9c,
    0xa3, 0xa1, 0x2c, 0x91, 0x20, 0x94, 0x03, 0x18, 0x1c, 0x11, 0x11, 0xa2,
    0x81, 0x06, 0xa3, 0x20, 0x19, 0x16, 0x18, 0x9a, 0x16, 0xa5, 0x23, 0x08,
    0x06, 0x06, 0x26, 0x93, 0x9b, 0x05, 0x18, 0x28, 0x8a, 0xa2, 0x1b, 0xa2,
    0x10, 0x0c, 0x0e, 0x14, 0x12, 0x9a, 0xa9, 0x1a, 0x94, 0x20, 0x9f, 0x1c,
    0xa1, 0xa9, 0x8b, 0x9a, 0xa8, 0x93, 0x09, 0x22, 0x98, 0xad, 0x84, 0x23,
    0x9c, 0x15, 0x22, 0xa4, 0x17, 0x98, 0x15, 0x20, 0x11, 0xa1, 0xa4, 0x93,
    0x07, 0x02, 0x85, 0xaa, 0x13, 0x20, 0x96, 0x94, 0x1e, 0x99, 0x81, 0xa2,
    0xa1, 0x9d, 0x1b, 0xa0, 0x11, 0xa5, 0x89, 0x9b, 0xa1, 0x9b, 0x1e, 0x8a,
    0x9f, 0x9d, 0x96, 0x1b, 0x13, 0x1b, 0x02, 0x16, 0x0a, 0x16, 0x9d, 0xaa,
    0x07, 0x1a, 0x18, 0x97, 0x19, 0xa9, 0x1b, 0x8d, 0x98, 0x8f, 0x1e, 0xa0,
    0x9f, 0x9e, 0x8c, 0x91, 0x97, 0x07, 0x06, 0x90, 0x0a, 0x19, 0x03, 0x0a,
    0x10, 0x8b, 0x9e, 0x25, 0x14, 0x1f, 0x9b, 0x9a, 0x0c, 0xa1, 0xa1, 0x83,
    0x19, 0xaa, 0x17, 0x95, 0xa1, 0xa0, 0x20, 0x99, 0x17, 0x8e, 0x93, 0x83,
    0x98, 0x8f, 0x99, 0x9a, 0x83, 0xa2, 0x1d, 0xaa, 0x23, 0x24, 0xa1, 0xa9,
    0xa8, 0x9a, 0xa3, 0x2c, 0x03, 0x98, 0xa5, 0x85, 0x03, 0x1d, 0xa6, 0xa4,
    0xa0, 0xa3, 0x91, 0x20, 0x99, 0x2a, 0xaa, 0x0c, 0x9d, 0x18, 0xa6, 0x99,
    0xa9, 0xa5, 0x24, 0xa1, 0x9f, 0xa5, 0xa7, 0x16, 0xa1, 0x8e, 0x1b, 0x07,
    0x82, 0x1c, 0x9c, 0x1b, 0x1d, 0xa6, 0x23, 0x1a, 0x1e, 0x9a, 0x28, 0x1d,
    0x91, 0xa3, 0x25, 0x97, 0x95, 0x9c, 0xa8, 0x28, 0x93, 0x0b, 0x24, 0x99,
    0x8e, 0x22, 0x9e, 0x9b, 0x95, 0x11, 0x15, 0xa4, 0x8b, 0x10, 0x97, 0x21,
    0x1e, 0xaa, 0x11, 0x06, 0xa1, 0x81, 0x90, 0xa9, 0x8e, 0xaf, 0x81, 0x13,
    0x1d, 0x05, 0x97, 0x9d, 0x9d, 0x86, 0x1c, 0x94, 0x1f, 0x8d, 0x98, 0x20,
    0x16, 0x0b, 0x89, 0xad, 0x87, 0x1c, 0x12, 0x99, 0x10, 0x20, 0x8d, 0x88,
    0x9d, 0x92, 0xa1, 0x87, 0x0d, 0x9f, 0x24, 0x09, 0x88, 0x14, 0x9c, 0x1e,
    0x9e, 0xa7, 0x29, 0x29, 0x86, 0x08, 0x9c, 0x01, 0x15, 0x03, 0x92, 0x1d,
    0x21, 0x25, 0x82, 0x18, 0x15, 0x1a, 0x21, 0xa2, 0xa0, 0x19, 0x9a, 0x8a,
    0xa1, 0x23, 0xa3, 0x85, 0x99, 0x16, 0x8b, 0x21, 0x09, 0xa6, 0x27, 0x1d,
    0x22, 0xa3, 0xa3, 0x18, 0x1a, 0x1d, 0x09, 0x81, 0x06, 0x28, 0xa4, 0xa5,
    0x1d, 0x1b, 0x9b, 0x1d, 0x99, 0xa7, 0x26, 0x26, 0x1f, 0x96, 0x2a, 0x24,
    0x8e, 0x21, 0x9c, 0x29, 0x22, 0x9e, 0x1a, 0x1c, 0x22, 0x19, 0x81, 0x91,
    0x83, 0x9b, 0xa3, 0x9a, 0x96, 0x91, 0xa1, 0x21, 0xa1, 0x99, 0x9b, 0x28,
    0x9f, 0x9e, 0x1b, 0x1d, 0x22, 0x26, 0x19, 0x16, 0x27, 0x24, 0x15, 0xa1,
    0x21, 0x19, 0x06, 0x84, 0x2a, 0x02, 0x85, 0xa0, 0x81, 0x8d, 0x84, 0x19,
    0x99, 0x30, 0x1f, 0x1a, 0x1d, 0xa6, 0xa2, 0x86, 0x96, 0x1d, 0x9b, 0x9c,
    0x00, 0x9a, 0x25, 0x97, 0xa1, 0x9c, 0x01, 0x0d, 0x19, 0x1b, 0x9d, 0x0b,
    0xa3, 0x8d, 0x22, 0x1c, 0x1b, 0x00, 0x23, 0x2a, 0x8c, 0x95, 0x1b, 0xa2,
    0x1d, 0x93, 0x21, 0x84, 0x83, 0x03, 0x9c, 0x9d, 0x96, 0x95, 0x96, 0x25,
    0x9a, 0xa0, 0x1e, 0x02, 0x1c, 0x84, 0xa0, 0x0d, 0x23, 0x1e, 0x1b, 0x19,
    0x85, 0x03, 0x94, 0x9c, 0x83, 0x24, 0x93, 0x21, 0xa8, 0x18, 0x92, 0x8f,
    0x85, 0x07, 0x9e, 0x9b, 0x81, 0x14, 0xa3, 0x11, 0x93, 0x10, 0x24, 0xa1,
    0x9d, 0x0b, 0xa1, 0x1c, 0xa3, 0x95, 0x29, 0x21, 0x1d, 0x00, 0x84, 0xa3,
    0x1d, 0x1c, 0xa0, 0xa3, 0x1e, 0x2c, 0x21, 0x82, 0x99, 0x9c, 0x8a, 0xac,
    0x1d, 0x2e, 0x21, 0x0f, 0xa2, 0xa1, 0x29, 0xa2, 0x29, 0x21, 0x9b, 0x1a,
    0x15, 0x1f, 0x19, 0x23, 0x1a, 0x22, 0xa5, 0x20, 0x1a, 0xa7, 0x1c, 0x85,
    0x9a, 0x20, 0x9f, 0xa3, 0x9f, 0x1d, 0x98, 0xa9, 0x1b, 0x98, 0xa7, 0xa3,
    0x97, 0xa2, 0x2c, 0xa8, 0xa2, 0x9f, 0x89, 0xa2, 0x26, 0x01, 0xa7, 0xa7,
    0xa2, 0x9f, 0x97, 0x21, 0x83, 0x24, 0xa1, 0x9a, 0xa4, 0x29, 0xaa, 0x23,
    0x8d, 0xa5, 0x90, 0x00, 0x22, 0x2c, 0xa0, 0x1a, 0x24, 0x14, 0xa4, 0xa2,
    0xa8, 0xa3, 0x10, 0x08, 0x1a, 0x1c, 0x8d, 0x24, 0x14, 0x99, 0x9e, 0x0d,
    0x15, 0xa9, 0x25, 0x9a, 0x99, 0x11, 0x28, 0x9a, 0x05, 0x98, 0x99, 0x26,
    0x9e, 0x9c, 0xa4, 0x15, 0x19, 0x9f, 0xa4, 0xa4, 0x1f, 0xa8, 0x1a, 0x18,
    0x16, 0x98, 0x14, 0x03, 0x82, 0x86, 0xa7, 0xa9, 0x9a, 0x9b, 0xa4, 0x8b,
    0x84, 0x8b, 0x05, 0xa0, 0xa2, 0xa3, 0x94, 0x20, 0x01, 0x1c, 0x99, 0x08,
    0x82, 0x83, 0x1b, 0xa2, 0x0f, 0x9b, 0x9a, 0x07, 0x8d, 0xa2, 0xa5, 0xab,
    0x0c, 0x10, 0x20, 0x1a, 0x9a, 0x85, 0x99, 0x04, 0x1e, 0xa8, 0xa9, 0x98,
    0x99, 0xa2, 0x01, 0x99, 0x05, 0xa7, 0x14, 0xa0, 0xa0, 0xa2, 0x93, 0x10,
    0xa6, 0x1c, 0x21, 0x9e, 0x0b, 0x12, 0x07, 0x04, 0x83, 0x25, 0x21, 0x23,
    0x12, 0x88, 0x9f, 0x0f, 0x2e, 0x20, 0x22, 0xa2, 0xa0, 0x18, 0xa1, 0x99,
    0x18, 0x17, 0x24, 0xa9, 0xa0, 0x10, 0x95, 0xa2, 0x89, 0x07, 0x28, 0x9c,
    0x1a, 0x9f, 0xa2, 0x95, 0x9b, 0x99, 0x22, 0xa5, 0x9a, 0x06, 0x16, 0x1c,
    0x23, 0x28, 0x98, 0x85, 0xa5, 0x1e, 0x9b, 0xa5, 0x12, 0xa9, 0x28, 0xa6,
    0x96, 0x01, 0x12, 0x25, 0x18, 0x8e, 0x96, 0x13, 0x26, 0x96, 0x0a, 0x94,
    0x0d, 0x9c, 0x19, 0x1f, 0x90, 0x9b, 0x83, 0x12, 0x9f, 0xa2, 0x1f, 0x16,
    0x08, 0xa4, 0x83, 0x12, 0xa4, 0x13, 0x1d, 0x22, 0x82, 0x95, 0x9f, 0x17,
    0x82, 0x1d, 0x0d, 0x03, 0x97, 0x1a, 0xa1, 0x1b, 0x1a, 0x20, 0x19, 0x99,
    0x02, 0x87, 0x98, 0x15, 0x21, 0x9b, 0x9f, 0x8a, 0x1d, 0x1c, 0x1b, 0x93,
    0x1c, 0x0c, 0x07, 0x9c, 0x98, 0x21, 0x9e, 0x1b, 0xa1, 0xa1, 0x18, 0x9a,
    0x92, 0x99, 0x13, 0x8b, 0x97, 0xa1, 0x9a, 0x1c, 0x91, 0x15, 0x85, 0x19,
    0x17, 0x16, 0x99, 0x1a, 0xa3, 0x92, 0x97, 0x1a, 0x1e, 0xa0, 0x9f, 0x98,
    0x17, 0x0a, 0x88, 0x94, 0x19, 0x93, 0x9b, 0x99, 0x19, 0x96, 0x1c, 0x18,
    0x80, 0x03, 0x1d, 0x97, 0x95, 0x08, 0x99, 0x99, 0x9d, 0x9b, 0x02, 0x88,
    0xa2, 0x9c, 0xa0, 0x19, 0x1c, 0x89, 0x84, 0x9d, 0x09, 0x15, 0x9b, 0xa2,
    0x01, 0x21, 0x96, 0x82, 0x18, 0x27, 0x9f, 0x1d, 0x25, 0x20, 0x15, 0xa1,
    0x86, 0x0f, 0x1c, 0x85, 0x9a, 0x8b, 0x14, 0x9f, 0xa1, 0x9c, 0x8c, 0x1b,
    0x13, 0x08, 0x89, 0x13, 0x1f, 0xa7, 0x13, 0x99, 0x1b, 0x19, 0x98, 0x9b,
    0xa4, 0x83, 0x88, 0x95, 0x20, 0x18, 0x8b, 0x92, 0x96, 0x12, 0x1a, 0x9a,
    0x9b, 0x83, 0x08, 0x99, 0x13, 0x9c, 0x9a, 0x23, 0x0d, 0xa0, 0x16, 0x19,
    0x1e, 0x9f, 0x07, 0x8b, 0x1a, 0x8a, 0x06, 0x16, 0xa0, 0x81, 0x0a, 0x00,
    0x97, 0x96, 0x83, 0x1c, 0x1d, 0x9d, 0xa1, 0x0a, 0x98, 0x18, 0x90, 0x90,
    0x8a, 0x99, 0x9e, 0x11, 0x02, 0x0a, 0x96, 0x98, 0x11, 0x8f, 0x1c, 0x1c,
    0x01, 0x1f, 0x17, 0x92, 0x97, 0x91, 0x0a, 0x13, 0x8d, 0x9c, 0x84, 0x93,
    0x20, 0xa5, 0x1e, 0xa3, 0x96, 0x93, 0x89, 0x99, 0x00, 0x98, 0x10, 0x19,
    0x86, 0x81, 0x16, 0x09, 0x92, 0x12, 0xa0, 0x94, 0x95, 0x0a, 0x1f, 0xa4,
    0x95, 0xa5, 0x99, 0x9c, 0x08, 0x9f, 0x0a, 0x1f, 0x01, 0x9e, 0x20, 0x16,
    0x97, 0x9a, 0x24, 0x95, 0x1e, 0xa1, 0x8c, 0x8e, 0x05, 0x03, 0x1a, 0x20,
    0x03, 0x0c, 0x94, 0x19, 0xa4, 0x1a, 0xa0, 0x20, 0x21, 0x0a, 0xa1, 0x1b,
    0x9e, 0xa1, 0x1a, 0xa6, 0x9c, 0x8e, 0xa0, 0x12, 0x98, 0x97, 0x16, 0x1e,
    0x2d, 0x1c, 0x21, 0xa1, 0x9f, 0x01, 0x1a, 0x24, 0xa5, 0x0f, 0xa3, 0x29,
    0x1f, 0xa3, 0x0f, 0x21, 0x21, 0x13, 0x18, 0x15, 0x1c, 0x16, 0x21, 0x1b,
    0x9b, 0x28, 0x9c, 0x1b, 0x9d, 0x22, 0x94, 0x20, 0x9a, 0xa6, 0x8e, 0x0b,
    0xa3, 0xa0, 0xa2, 0x9a, 0x1f, 0xa0, 0x9e, 0x9c, 0x8c, 0x96, 0x87, 0x2b,
    0x1e, 0x94, 0x16, 0x13, 0x8f, 0x98, 0x1e, 0x86, 0x07, 0x9c, 0x9d, 0x26,
    0x1e, 0xa0, 0x81, 0x87, 0xa8, 0x8b, 0x8e, 0x9f, 0x23, 0x04, 0x8a, 0xa0,
    0x98, 0x12, 0xa0, 0x9f, 0x0d, 0xa2, 0x16, 0xa6, 0x98, 0x1d, 0x9c, 0x17,
    0x2b, 0xa3, 0xa0, 0x1a, 0x1d, 0x1b, 0x21, 0x04, 0x20, 0xa1, 0x89, 0x00,
    0x9d, 0x04, 0x17, 0x93, 0x8f, 0x87, 0xa6, 0x83, 0x22, 0x99, 0x04, 0xa0,
    0x1e, 0x9c, 0x09, 0x9f, 0x0f, 0xa3, 0xa4, 0x9c, 0xa1, 0x19, 0x1a, 0x9d,
    0x17, 0x1c, 0x92, 0x03, 0x13, 0x1b, 0xa2, 0x94, 0x0c, 0x03, 0x95, 0x24,
    0x26, 0x24, 0x28, 0xa3, 0x9c, 0x81, 0x23, 0x03, 0x82, 0x8e, 0x1c, 0x8f,
    0x9a, 0x97, 0x20, 0x97, 0x88, 0xa9, 0xa2, 0x25, 0x23, 0x11, 0x9c, 0x96,
    0x25, 0x0a, 0xa4, 0x15, 0x9d, 0x96, 0xa8, 0x23, 0x9b, 0x24, 0x22, 0xa5,
    0x21, 0x12, 0x15, 0x1d, 0x88, 0x25, 0x98, 0x85, 0x99, 0x15, 0x20, 0x1b,
    0x9d, 0x02, 0x9e, 0x96, 0x21, 0xa3, 0x1c, 0x90, 0x05, 0x21, 0x8f, 0x8b,
    0xa1, 0x14, 0x9b, 0x25, 0x98, 0x28, 0x21, 0x9e, 0x19, 0x99, 0x9a, 0x97,
    0x14, 0x9d, 0x1f, 0x1b, 0x87, 0x9f, 0x98, 0x19, 0x96, 0xa1, 0x8a, 0x16,
    0x21, 0xa3, 0x14, 0x0e, 0x98, 0x12, 0x18, 0x07, 0x1c, 0x08, 0x88, 0x81,
    0x99, 0x10, 0x15, 0x15, 0x93, 0x81, 0x9a, 0x20, 0x93, 0x03, 0x90, 0x14,
    0x99, 0x10, 0x9e, 0x0f, 0x0c, 0x14, 0x14, 0x94, 0x85, 0x00, 0x98, 0x97,
    0x05, 0x8e, 0x0f, 0x84, 0x1c, 0x10, 0x19, 0x90, 0x23, 0x1e, 0x19, 0x00,
    0x9a, 0x17, 0xa0, 0x1a, 0x9b, 0x14, 0x8a, 0x1d, 0x1e, 0x13, 0x0a, 0x8d,
    0x19, 0xa0, 0x11, 0x20, 0x97, 0x0b, 0x86, 0x15, 0x02, 0x82, 0x84, 0x89,
    0x98, 0x9a, 0x03, 0x87, 0x0c, 0xa1, 0x9b, 0x07, 0x1d, 0x92, 0xa1, 0x86,
    0x14, 0x11, 0x8c, 0x18, 0x94, 0x87, 0x96, 0x13, 0x06, 0x12, 0x1a, 0x11,
    0x1a, 0x05, 0x87, 0x85, 0x0a, 0x8c, 0x18, 0x06, 0x96, 0x22, 0x95, 0x09,
    0x1a, 0x9f, 0x19, 0x01, 0x8a, 0x21, 0x9a, 0x1c, 0x94, 0x9f, 0x96, 0x96,
    0x85, 0x8e, 0x98, 0x21, 0x1f, 0x0a, 0x92, 0x9a, 0x96, 0x91, 0x20, 0x8a,
    0x99, 0x09, 0x0e, 0x00, 0x1d, 0x0d, 0x94, 0x94, 0x8b, 0x03, 0x98, 0x84,
    0x23, 0x86, 0x09, 0x94, 0x13, 0x08, 0x1a, 0x19, 0x05, 0xa1, 0x92, 0x1b,
    0x84, 0x8d, 0x86, 0x13, 0x93, 0x92, 0x99, 0x06, 0x0c, 0x25, 0x81, 0x8a,
    0x15, 0x25, 0x93, 0x1c, 0x1f, 0x9f, 0x05, 0x11, 0x1c, 0x9d, 0x14, 0x98,
    0x03, 0x91, 0x9b, 0x92, 0xa0, 0x97, 0x9f, 0x0d, 0x0a, 0xa1, 0x98, 0x0c,
    0x1e, 0x8f, 0x98, 0x98, 0x17, 0x24, 0x93, 0x8a, 0x94, 0x81, 0x12, 0x8e,
    0x9c, 0x0c, 0x9b, 0x87, 0x86, 0x82, 0x15, 0x1d, 0x92, 0x1e, 0x9c, 0x9a,
    0x82, 0x94, 0x01, 0x1f, 0x92, 0x03, 0x24, 0x88, 0x98, 0xa0, 0x1c, 0x9c,
    0x89, 0x18, 0x16, 0x21, 0x92, 0xa2, 0x0c, 0x05, 0x1b, 0x1a, 0x95, 0x1a,
    0x1d, 0x9b, 0xa1, 0x96, 0x88, 0xa4, 0x25, 0x9f, 0x9a, 0xa8, 0x17, 0x81,
    0xa6, 0xa0, 0x99, 0x21, 0xa3, 0x99, 0x18, 0x26, 0x8d, 0x21, 0x1c, 0x11,
    0xa5, 0x96, 0xa3, 0xa0, 0x85, 0x23, 0x0e, 0x94, 0x11, 0x12, 0x06, 0xa1,
    0x1b, 0x24, 0x98, 0x9d, 0x90, 0x9d, 0xa8, 0x21, 0x1b, 0x19, 0x21, 0xa5,
    0x27, 0x9d, 0x9f, 0xaa, 0x99, 0x0f, 0x8e, 0xa6, 0xa4, 0x1d, 0x93, 0x9a,
    0x26, 0x83, 0x94, 0x21, 0x19, 0xa1, 0x21, 0x9e, 0x01, 0x2a, 0x9c, 0xa0,
    0xa0, 0x9c, 0x8a, 0x23, 0x0e, 0xa0, 0xa6, 0xa1, 0x10, 0x85, 0x89, 0xa9,
    0x9c, 0x86, 0x92, 0xa0, 0x24, 0x0d, 0x84, 0xa0, 0x8f, 0x9c, 0x9e, 0x11,
    0x10, 0x0d, 0x9a, 0xa5, 0xa0, 0x93, 0x99, 0xa1, 0xa7, 0x23, 0x1f, 0xa2,
    0x00, 0x00, 0x1e, 0x8b, 0xa6, 0x1f, 0x21, 0x1c, 0x23, 0x01, 0x8f, 0x21,
    0x14, 0x1f, 0xa6, 0x99, 0x19, 0x20, 0x29, 0x9c, 0x94, 0x27, 0x9c, 0x0e,
    0x99, 0x1e, 0x88, 0x17, 0x22, 0x15, 0x9f, 0xa1, 0x00, 0x89, 0x8f, 0x1b,
    0x18, 0x19, 0x00, 0x99, 0x23, 0x22, 0x91, 0xa8, 0xa2, 0x15, 0x23, 0x15,
    0x1b, 0x18, 0x0f, 0x16, 0x90, 0xa1, 0x96, 0xa9, 0x21, 0xa0, 0x19, 0xaa,
    0xad, 0x95, 0x19, 0x22, 0x18, 0x99, 0x93, 0x82, 0x1e, 0x19, 0x18, 0xa8,
    0x1f, 0x91, 0x1a, 0x1f, 0x8e, 0x28, 0x98, 0x83, 0x23, 0x23, 0x16, 0x98,
    0x0d, 0x8d, 0x95, 0x1a, 0x18, 0x10, 0x88, 0x83, 0xa7, 0x9a, 0x8b, 0x1d,
    0x9b, 0x9e, 0x96, 0x98, 0x1c, 0x8c, 0xa4, 0x06, 0x14, 0x27, 0xa4, 0x9f,
    0x08, 0x0b, 0xa4, 0x95, 0x9b, 0x1e, 0x90, 0xa7, 0x20, 0x10, 0x00, 0x8c,
    0x21, 0x98, 0x9a, 0x1b, 0x8d, 0x22, 0x93, 0x9b, 0x1c, 0x1a, 0x1a, 0x00,
    0x23, 0x0f, 0x90, 0x99, 0xa2, 0xa6, 0x22, 0x85, 0x1b, 0xa3, 0x21, 0x1c,
    0x0b, 0x12, 0x92, 0x23, 0x9f, 0x10, 0xa2, 0x0f, 0x23, 0x17, 0x21, 0xa8,
    0xa9, 0xa5, 0x22, 0x02, 0x22, 0x2c, 0x21, 0xae, 0x29, 0x16, 0x26, 0xa4,
    0x28, 0x1d, 0xa1, 0x98, 0xa2, 0x1b, 0x9e, 0x1d, 0xa7, 0xa9, 0x04, 0x25,
    0x1b, 0xa9, 0xa2, 0xaa, 0xa8, 0x87, 0x00, 0x22, 0x9a, 0xa5, 0x2e, 0x0d,
    0x9f, 0xa8, 0x1b, 0x9e, 0x9a, 0x25, 0xa5, 0x2b, 0xa8, 0x8f, 0x05, 0x96,
    0xad, 0xa1, 0x25, 0xaa, 0x8f, 0x9a, 0xa5, 0xa8, 0x25, 0x1f, 0x2c, 0x24,
    0x2d, 0x0a, 0xa2, 0xa4, 0x9b, 0x1b, 0x0b, 0x89, 0xab, 0x25, 0x9c, 0xa4,
    0x24, 0x1c, 0xa8, 0xaa, 0xa8, 0x15, 0x86, 0x16, 0x2b, 0x24, 0xa4, 0xac,
    0xa6, 0x1e, 0x27, 0x8f, 0xb1, 0x1a, 0x9f, 0x22, 0x13, 0x18, 0x99, 0x9f,
    0x9f, 0x2a, 0xa7, 0x1b, 0x99, 0x2a, 0x8e, 0x2a, 0xa0, 0xaa, 0xa1, 0xa1,
    0x96, 0x1b, 0x1b, 0x1c, 0x19, 0x95, 0x2f, 0xa3, 0x05, 0x25, 0x1d, 0x22,
    0x2a, 0x20, 0x0c, 0xa2, 0x2e, 0x13, 0x8e, 0xaa, 0xa1, 0x11, 0xa3, 0x9d,
    0xab, 0x9d, 0x8a, 0x21, 0x97, 0x27, 0x9e, 0x22, 0x19, 0xa7, 0x9c, 0x0c,
    0x26, 0x0b, 0x1b, 0x88, 0x22, 0xa8, 0x2f, 0x12, 0x23, 0x2c, 0x1e, 0x22,
    0x1c, 0xaa, 0x22, 0x19, 0x32, 0x8d, 0xa6, 0xa4, 0xa8, 0x1c, 0x9b, 0x21,
    0xa9, 0x9a, 0xa3, 0x23, 0x99, 0x8a, 0x1a, 0x84, 0xa9, 0x96, 0x9f, 0xab,
    0xac, 0x24, 0xa8, 0x29, 0xae, 0x04, 0x29, 0x2a, 0xa4, 0x9c, 0x1c, 0x2b,
    0x98, 0x91, 0x13, 0x26, 0x15, 0x2b, 0x1f, 0x18, 0xa8, 0x1c, 0xa7, 0x2a,
    0xa9, 0x24, 0x9d, 0x94, 0xa3, 0x1a, 0x21, 0xa7, 0xa8, 0x20, 0x21, 0x8a,
    0x27, 0x1e, 0x94, 0x0b, 0x2e, 0x9a, 0x18, 0x9b, 0x1b, 0x9d, 0x2b, 0x23,
    0xa3, 0x8b, 0xa7, 0x0b, 0x22, 0x19, 0xae, 0xa1, 0x22, 0x9a, 0x1b, 0x92,
    0xa8, 0x8b, 0x15, 0xa4, 0xa9, 0xa8, 0x27, 0x03, 0x99, 0x17, 0x22, 0x1b,
    0x1d, 0x17, 0x9a, 0x88, 0x13, 0x89, 0x05, 0x9e, 0x8c, 0x96, 0x0a, 0x12,
    0x10, 0x07, 0x83, 0x89, 0x99, 0x1c, 0x26, 0x16, 0x1c, 0x0d, 0x02, 0x9e,
    0x13, 0x9f, 0xa0, 0x10, 0x20, 0x1b, 0x95, 0x12, 0xa2, 0x87, 0x90, 0x92,
    0x86, 0xa2, 0x9f, 0x19, 0x14, 0x0e, 0x16, 0x0b, 0x9e, 0x96, 0xa0, 0x13,
    0x9d, 0x9b, 0x95, 0x99, 0xa4, 0x14, 0x0b, 0xa6, 0x91, 0x24, 0x10, 0x23,
    0xa6, 0x92, 0x23, 0x25, 0xa9, 0x1a, 0x97, 0x25, 0x19, 0xa6, 0x86, 0x11,
    0x83, 0x07, 0x00, 0x91, 0xa8, 0x8b, 0x19, 0x28, 0x8a, 0x1f, 0x9a, 0x90,
    0x1f, 0x19, 0x8a, 0x16, 0xa0, 0x9d, 0x9e, 0x0f, 0x22, 0x18, 0x9b, 0xa1,
    0x17, 0x19, 0x8b, 0x96, 0x9f, 0x27, 0x25, 0x92, 0x19, 0x8c, 0x0f, 0x22,
    0x84, 0x1b, 0x0e, 0x24, 0x23, 0x21, 0x2a, 0x9c, 0x19, 0x19, 0x18, 0xa0,
    0x9a, 0xa1, 0x97, 0x13, 0x20, 0x0d, 0xa1, 0x03, 0x99, 0x16, 0xa9, 0xa1,
    0x06, 0x9e, 0x01, 0x9e, 0x1a, 0x06, 0x04, 0x1c, 0x10, 0x1f, 0x0f, 0xa3,
    0x94, 0x93, 0x25, 0x18, 0x8c, 0x24, 0x1b, 0x05, 0x16, 0x1c, 0x93, 0x22,
    0x9e, 0x0f, 0x1d, 0x27, 0xa1, 0x9f, 0x95, 0x21, 0x9d, 0x24, 0x93, 0xa3,
    0x97, 0x1a, 0x1d, 0x1a, 0xa1, 0x19, 0x22, 0x2a, 0x82, 0xa2, 0x2a, 0x96,
    0x9d, 0x22, 0x18, 0x0a, 0x21, 0x96, 0xa2, 0x81, 0x1e, 0x8c, 0x05, 0x1c,
    0x05, 0x24, 0x17, 0x8a, 0xa5, 0x07, 0x9c, 0x1d, 0x1a, 0xa1, 0xa0, 0x88,
    0x20, 0x9d, 0xa3, 0x85, 0x02, 0x22, 0x97, 0xa0, 0x19, 0x0f, 0x00, 0x19,
    0xa7, 0x11, 0xa1, 0x9e, 0x22, 0x19, 0x98, 0x14, 0xa6, 0xa8, 0x11, 0x18,
    0x17, 0x87, 0x10, 0x9a, 0x1c, 0x1a, 0x21, 0x23, 0xa2, 0xa0, 0x1d, 0x28,
    0x87, 0x9a, 0xab, 0xa2, 0xa3, 0x98, 0x00, 0x1d, 0x1e, 0x29, 0x21, 0x91,
    0x19, 0x0a, 0xa4, 0xaa, 0x9c, 0x9e, 0x86, 0x98, 0x99, 0xa7, 0xa3, 0x16,
    0x1a, 0xa0, 0x8d, 0x03, 0x84, 0xa0, 0x21, 0x1b, 0xa2, 0x12, 0x92, 0xa2,
    0x8b, 0x93, 0x86, 0x15, 0x9a, 0x1a, 0x1c, 0x0d, 0xa2, 0x13, 0x06, 0x1d,
    0x81, 0x15, 0x85, 0x84, 0x17, 0x1b, 0x0a, 0x93, 0x1a, 0x8a, 0x1c, 0x18,
    0x84, 0x1c, 0x9a, 0x99, 0x94, 0x93, 0x87, 0xa0, 0x12, 0x9d, 0x8a, 0x0e,
    0x97, 0x82, 0x11, 0x9c, 0x1c, 0x94, 0x82, 0x9c, 0x94, 0x9d, 0x0e, 0x8d,
    0x1c, 0x11, 0x1a, 0x10, 0xa0, 0x9c, 0x13, 0x1a, 0x93, 0x9b, 0x14, 0x02,
    0x0f, 0x99, 0x98, 0xa3, 0x9f, 0x90, 0x0d, 0x21, 0x04, 0x9a, 0x1c, 0x95,
    0x98, 0x05, 0x08, 0x95, 0x8e, 0x92, 0x87, 0x11, 0x9d, 0x0a, 0x1a, 0x1a,
    0x9c, 0x9c, 0x86, 0x99, 0x9c, 0x96, 0x8f, 0x8a, 0x9e, 0x97, 0x91, 0x9f,
    0x90, 0x09, 0x9b, 0x15, 0x1f, 0x8c, 0x16, 0x9a, 0x95, 0x1f, 0x99, 0x8b,
    0xa2, 0x96, 0x15, 0x0e, 0x07, 0x91, 0xa1, 0x8e, 0x1a, 0x16, 0x93, 0x13,
    0x04, 0x0a, 0x85, 0x07, 0x9a, 0x91, 0x96, 0x9d, 0x0f, 0x82, 0x1c, 0x0f,
    0x21, 0x9c, 0x12, 0x12, 0x9c, 0x89, 0x97, 0x15, 0x1c, 0x05, 0x03, 0x8d,
    0x8b, 0xa4, 0xa3, 0x12, 0x1c, 0x1b, 0x1f, 0x1d, 0x1c, 0x82, 0x8d, 0x8f,
    0x98, 0x25, 0x93, 0x94, 0x14, 0x21, 0x9b, 0x0f, 0x1e, 0x9b, 0x1a, 0x10,
    0x24, 0xa2, 0x20, 0x8c, 0x0a, 0x05, 0x9a, 0xa1, 0x9d, 0x86, 0x1f, 0x23,
    0x9b, 0xa5, 0x95, 0x04, 0xa0, 0x1a, 0x87, 0x85, 0x1b, 0x13, 0x92, 0x17,
    0x11, 0x08, 0x91, 0x85, 0x18, 0x04, 0x00, 0x10, 0x1b, 0x9b, 0x06, 0x02,
    0x01, 0x94, 0x0c, 0x04, 0x98, 0x02, 0x1a, 0x05, 0x1a, 0x98, 0x98, 0x92,
    0x07, 0xa1, 0x15, 0x87, 0x82, 0x9a, 0x88, 0x9b, 0x98, 0x9b, 0x08, 0x10,
    0x93, 0x95, 0x01, 0x99, 0x9b, 0x87, 0x96, 0x84, 0x91, 0x20, 0xa1, 0x8b,
    0x13, 0x81, 0xa6, 0xa5, 0x88, 0x1e, 0x13, 0x11, 0x0b, 0x9c, 0x19, 0x20,
    0x15, 0x82, 0x9f, 0xa1, 0x1c, 0x95, 0xa7, 0x84, 0x25, 0x19, 0x27, 0x1e,
    0x20, 0x1b, 0xa4, 0x9c, 0x9c, 0x24, 0x11, 0x14, 0x24, 0xa0, 0xa4, 0x92,
    0xad, 0x25, 0x21, 0x9d, 0x8e, 0x0a, 0xa4, 0xa1, 0x2a, 0x9a, 0xa8, 0x0f,
    0x1d, 0x1b, 0x14, 0x99, 0x1d, 0x15, 0x85, 0x21, 0x2c, 0x97, 0xa3, 0xae,
    0x1b, 0x8f, 0x1b, 0x92, 0x20, 0x23, 0x22, 0x1c, 0x14, 0x9e, 0x81, 0x24,
    0x95, 0x19, 0x1a, 0x0c, 0xa1, 0x1b, 0xa1, 0x28, 0x17, 0xa0, 0x9c, 0x83,
    0x91, 0x99, 0x1e, 0x9f, 0x1c, 0x99, 0x9a, 0x19, 0x13, 0x1e, 0x26, 0x88,
    0x21, 0x03, 0x21, 0x9f, 0xaa, 0x97, 0x0c, 0xa4, 0xa9, 0x00, 0x1a, 0x9d,
    0xa8, 0x95, 0x0d, 0x92, 0x9e, 0x1a, 0x97, 0xa0, 0x1b, 0xa2, 0x8f, 0x81,
    0xa2, 0x1f, 0x88, 0x27, 0x0c, 0xa8, 0x1f, 0x22, 0x97, 0xa3, 0xa5, 0xa8,
    0xa3, 0x23, 0x9f, 0x21, 0x99, 0x18, 0x0f, 0x13, 0x18, 0x90, 0x1e, 0xa1,
    0x9f, 0x82, 0x93, 0x99, 0x99, 0x21, 0x09, 0x95, 0xa1, 0x9a, 0x18, 0x24,
    0x9b, 0x1c, 0x90, 0x9b, 0x0e, 0x24, 0x1e, 0x12, 0x1d, 0xa3, 0x05, 0x98,
    0x1f, 0x1d, 0x83, 0x9d, 0x1a, 0x96, 0x18, 0xa2, 0x87, 0x03, 0x9a, 0x14,
    0x25, 0x8d, 0x94, 0x00, 0x1a, 0x8f, 0x90, 0x9e, 0x27, 0x15, 0xa9, 0x9b,
    0xa1, 0x1a, 0x9c, 0x0a, 0xa6, 0x21, 0x07, 0x8c, 0x23, 0x19, 0x9d, 0xa4,
    0x8c, 0x0e, 0x1f, 0xa3, 0x13, 0x14, 0x15, 0x20, 0x10, 0xa7, 0x91, 0x92,
    0x24, 0x1c, 0x84, 0x1a, 0xaa, 0x84, 0x9a, 0x2b, 0x0e, 0x91, 0x93, 0x81,
    0x9d, 0x24, 0x89, 0x83, 0x0d, 0xa8, 0x23, 0x27, 0xa4, 0x11, 0x92, 0x18,
    0x96, 0x1f, 0x21, 0x20, 0x27, 0x8e, 0x95, 0x1a, 0x8b, 0xa1, 0xa2, 0x1d,
    0x97, 0x20, 0x15, 0x8d, 0x20, 0x23, 0x11, 0x14, 0x18, 0xa0, 0x8b, 0x98,
    0x1a, 0x98, 0x13, 0x21, 0x9a, 0x1f, 0x0c, 0x25, 0x10, 0x03, 0x0e, 0x93,
    0xa2, 0x22, 0x13, 0x0c, 0x11, 0x9c, 0x9b, 0x16, 0x8a, 0x22, 0x86, 0x9f,
    0x0c, 0x83, 0x0b, 0x0d, 0x87, 0x10, 0x1b, 0x9a, 0x94, 0x0a, 0xa4, 0x9e,
    0x85, 0x1e, 0x10, 0x10, 0x13, 0x19, 0x00, 0x12, 0x84, 0x90, 0x95, 0x9b,
    0x20, 0x91, 0x0e, 0x91, 0x9b, 0x0c, 0x8d, 0x19, 0x86, 0x13, 0x96, 0x06,
    0x10, 0x98, 0x92, 0x05, 0x99, 0x99, 0x1a, 0x20, 0x1c, 0x20, 0x1b, 0x14,
    0x03, 0x21, 0x0b, 0x1c, 0x83, 0xa0, 0x00, 0x11, 0x16, 0x12, 0x09, 0x1e,
    0x02, 0x17, 0x13, 0x0d, 0x85, 0x07, 0x17, 0x02, 0x02, 0x00, 0x07, 0x9f,
    0x83, 0x18, 0x92, 0x98, 0x1c, 0x18, 0x22, 0x15, 0x97, 0x20, 0x94, 0x84,
    0x1e, 0x9f, 0x83, 0x03, 0x86, 0x1a, 0x94, 0x18, 0x9c, 0x83, 0x19, 0x84,
    0x1a, 0x20, 0x1a, 0x17, 0x16, 0x01, 0x9a, 0x8d, 0x87, 0x1d, 0x19, 0x12,
    0x83, 0x11, 0x08, 0x1c, 0x8e, 0x13, 0x14, 0x9e, 0x82, 0x1f, 0x99, 0x0f,
    0x18, 0x89, 0x87, 0x0b, 0x10, 0x21, 0x02, 0xa1, 0x8a, 0x86, 0x9c, 0x11,
    0x1e, 0x9c, 0x97, 0x99, 0x90, 0x15, 0x87, 0x84, 0x98, 0x92, 0x9c, 0x90,
    0x8b, 0x9d, 0x95, 0x01, 0x02, 0x99, 0x11, 0x17, 0x20, 0xa4, 0x11, 0x95,
    0x1f, 0x18, 0x94, 0x1a, 0x98, 0x0c, 0x87, 0x10, 0xa0, 0xa1, 0x07, 0x94,
    0x23, 0x9b, 0x99, 0x95, 0x15, 0x9a, 0x95, 0x96, 0x98, 0xa1, 0x94, 0x13,
    0x8d, 0x92, 0x12, 0x07, 0x04, 0x9c, 0x04, 0x01, 0xa0, 0x03, 0x08, 0x1b,
    0xa6, 0x98, 0x9a, 0x01, 0x1b, 0x14, 0x84, 0x88, 0x19, 0xa9, 0x20, 0x81,
    0x04, 0x26, 0x8a, 0x9b, 0x03, 0x27, 0x89, 0x0f, 0x22, 0x94, 0x10, 0x15,
    0x92, 0x1d, 0x91, 0x22, 0xa6, 0xa2, 0x03, 0x97, 0xa9, 0x20, 0x96, 0x87,
    0x9e, 0x1c, 0x20, 0x99, 0x26, 0x91, 0xa8, 0x9b, 0x1d, 0x1e, 0x1a, 0x29,
    0x20, 0x99, 0x20, 0xa2, 0x12, 0x07, 0x96, 0x11, 0xa9, 0x94, 0x9b, 0x9c,
    0x96, 0x90, 0xa1, 0x9a, 0x15, 0x1b, 0x06, 0x1d, 0x9c, 0x21, 0x25, 0x9c,
    0x2d, 0x0f, 0xaa, 0x91, 0x14, 0xaa, 0x21, 0x25, 0x00, 0x99, 0x9a, 0x1b,
    0x10, 0x20, 0x0d, 0xa5, 0x0b, 0x21, 0x19, 0x94, 0x97, 0x8f, 0x14, 0x0b,
    0x12, 0x05, 0xa2, 0x83, 0x1c, 0x10, 0x10, 0x0b, 0x20, 0x22, 0x92, 0x17,
    0x1c, 0xb0, 0x9f, 0x9d, 0x2a, 0x1b, 0x9b, 0x2a, 0x25, 0x2b, 0xa3, 0x18,
    0x27, 0x10, 0x04, 0x29, 0x1a, 0x21, 0x93, 0x9a, 0x86, 0x12, 0xa8, 0x1a,
    0x05, 0x97, 0x06, 0x98, 0x1f, 0x8a, 0x26, 0x8a, 0x20, 0xb1, 0x1c, 0x1b,
    0x05, 0x27, 0x20, 0x24, 0x13, 0xac, 0x0e, 0x92, 0x01, 0x94, 0x29, 0x2b,
    0x08, 0x9c, 0x28, 0x98, 0x99, 0x9a, 0xa2, 0x11, 0xa0, 0xa5, 0x19, 0x9e,
    0x2c, 0x25, 0x13, 0x19, 0x8d, 0xb0, 0xa3, 0x9d, 0xa1, 0x22, 0x8a, 0x99,
    0x1c, 0x12, 0x84, 0x9e, 0x1e, 0x2b, 0x26, 0xa8, 0x13, 0x2b, 0x17, 0x18,
    0x19, 0x1a, 0x20, 0x28, 0xa4, 0x24, 0x1c, 0x90, 0x1c, 0xa1, 0xa2, 0x2a,
    0x91, 0x83, 0x19, 0x9e, 0xa2, 0x23, 0xa3, 0x03, 0xa1, 0xa2, 0x98, 0x11,
    0xa2, 0x8d, 0x0d, 0x21, 0x89, 0x19, 0x9b, 0x99, 0x24, 0x96, 0x05, 0x1b,
    0x19, 0x9a, 0x92, 0x9b, 0x1c, 0x21, 0x96, 0x05, 0x18, 0xaa, 0x05, 0x22,
    0x88, 0x22, 0x24, 0x1a, 0x28, 0xa0, 0xa2, 0x8d, 0x22, 0x25, 0x23, 0x8e,
    0x20, 0x1e, 0x2a, 0x8d, 0x9f, 0x95, 0x1c, 0x98, 0x21, 0x21, 0xa5, 0x9f,
    0x28, 0x9b, 0x1b, 0xa4, 0x1a, 0xa0, 0x8a, 0x98, 0x8d, 0x13, 0x10, 0x19,
    0x1b, 0x9b, 0x9b, 0x0c, 0x0f, 0x11, 0x0d, 0x1a, 0xa8, 0xa9, 0x26, 0x03,
    0x95, 0x21, 0x19, 0x29, 0x1e, 0x1b, 0x22, 0x1c, 0x95, 0x1e, 0x26, 0x9a,
    0x99, 0x14, 0x1a, 0x9b, 0x18, 0x17, 0x93, 0x11, 0x0c, 0x1b, 0x07, 0x17,
    0x20, 0x99, 0x99, 0x82, 0x85, 0x8e, 0x1c, 0x24, 0x8f, 0xa4, 0xa8, 0x9c,
    0x24, 0x19, 0x84, 0x21, 0x1e, 0x28, 0x24, 0x28, 0xa7, 0xad, 0x9c, 0x93,
    0x9a, 0x21, 0x1c, 0x11, 0x16, 0x98, 0x81, 0x8a, 0x9c, 0x92, 0x2d, 0xa0,
    0x1d, 0x8a, 0x1a, 0x02, 0x89, 0x92, 0x15, 0x91, 0x16, 0x92, 0x90, 0x17,
    0x00, 0x1e, 0x22, 0x16, 0x13, 0x1b, 0x80, 0x9d, 0x98, 0x1a, 0x27, 0x11,
    0x9d, 0x88, 0x99, 0xaa, 0x08, 0x1e, 0xaa, 0x13, 0x28, 0xa8, 0x1b, 0x27,
    0x9b, 0x9f, 0xa9, 0x2a, 0xa5, 0x27, 0xaa, 0xa1, 0x92, 0x20, 0x0c, 0x85,
    0x18, 0x29, 0x21, 0x2d, 0xa2, 0xa0, 0x90, 0x1d, 0x88, 0x30, 0x17, 0x97,
    0x1b, 0x28, 0x20, 0x25, 0x1d, 0x9f, 0xa1, 0x0f, 0x98, 0xa0, 0x0b, 0x03,
    0x18, 0x26, 0x16, 0x91, 0x29, 0x2b, 0x91, 0x04, 0x1c, 0xb4, 0x1b, 0x0c,
    0x1c, 0x28, 0x17, 0x88, 0x11, 0x1a, 0x95, 0x93, 0x05, 0x9c, 0x2f, 0x29,
    0x24, 0x1a, 0x9f, 0x15, 0xa6, 0x9d, 0x15, 0x9d, 0x99, 0xaa, 0xa8, 0x84,
    0x22, 0x94, 0xa6, 0x23, 0x03, 0x96, 0x0d, 0x97, 0x00, 0x0a, 0x91, 0x29,
    0x95, 0xa7, 0xa4, 0x82, 0x99, 0x1b, 0x20, 0x8a, 0xa4, 0x0d, 0x25, 0x22,
    0x1f, 0x81, 0x87, 0x9d, 0x19, 0x21, 0x2b, 0x04, 0x16, 0x92, 0x1b, 0x23,
    0x98, 0x9e, 0x23, 0x2e, 0x25, 0x09, 0x83, 0x28, 0x98, 0x04, 0x99, 0x23,
    0x9c, 0x84, 0x1b, 0x20, 0x23, 0xa1, 0x9a, 0x97, 0x22, 0x26, 0x1b, 0x07,
    0x9f, 0x9b, 0x19, 0x27, 0x26, 0x93, 0x85, 0x99, 0x1f, 0x1a, 0x1c, 0x1a,
    0xa2, 0x01, 0x20, 0x23, 0x27, 0x13, 0xa8, 0x9c, 0x9a, 0x18, 0xa4, 0xa4,
    0x1f, 0x23, 0xa2, 0x10, 0x1e, 0xa1, 0x1e, 0x15, 0x93, 0x1f, 0x9c, 0xa3,
    0x98, 0x00, 0x8e, 0x9a, 0x16, 0x95, 0x22, 0xaa, 0x85, 0x1f, 0x8c, 0x2a,
    0x96, 0xaa, 0xa9, 0x91, 0x12, 0x26, 0x0d, 0x19, 0x1a, 0x00, 0x1d, 0x18,
    0xa2, 0xa1, 0x8b, 0x9e, 0x0a, 0x0a, 0x96, 0x10, 0x0d, 0x26, 0x25, 0x14,
    0xab, 0x9a, 0x2b, 0x0f, 0x1e, 0x13, 0x9a, 0x26, 0x91, 0x13, 0x04, 0xa8,
    0xae, 0x10, 0xa4, 0x92, 0x9d, 0x99, 0x07, 0x95, 0x16, 0x95, 0x0b, 0x1b,
    0x92, 0x9f, 0xa0, 0x20, 0x83, 0x25, 0x94, 0xa2, 0x19, 0xa6, 0xa2, 0x9f,
    0x9b, 0x22, 0x04, 0x1a, 0x8d, 0x2b, 0x8d, 0x06, 0x9b, 0x29, 0x20, 0xab,
    0x96, 0x29, 0x90, 0x10, 0x27, 0xa1, 0xa1, 0x00, 0x22, 0xa1, 0xa2, 0xa1,
    0x98, 0x19, 0x1e, 0x19, 0x13, 0xad, 0x91, 0x21, 0x1e, 0x21, 0x10, 0x2a,
    0xa7, 0x96, 0xa9, 0x1b, 0x9f, 0x22, 0x2a, 0x17, 0x21, 0xa2, 0x97, 0x17,
    0x27, 0x20, 0x15, 0x24, 0x1c, 0x99, 0x85, 0x27, 0x22, 0x85, 0x94, 0x20,
    0x12, 0x18, 0xa0, 0x0e, 0x9f, 0x08, 0x20, 0x18, 0x11, 0x29, 0x06, 0xac,
    0xa1, 0x99, 0x9f, 0x15, 0xa1, 0x9e, 0x1a, 0x0c, 0xa3, 0x82, 0xa2, 0x9b,
    0x21, 0x0f, 0x0b, 0x1e, 0x19, 0x0f, 0x1a, 0x1c, 0x9d, 0x1f, 0x98, 0x1f,
    0xab, 0x14, 0x99, 0x81, 0x0b, 0xa8, 0x27, 0x25, 0xa6, 0xa1, 0x93, 0xa4,
    0x13, 0x92, 0x9e, 0x83, 0x19, 0x9c, 0xa3, 0x82, 0x26, 0x98, 0xa3, 0x11,
    0x0e, 0x23, 0x1e, 0x92, 0x97, 0xa8, 0x21, 0x1b, 0x22, 0x1e, 0x29, 0x0a,
    0x21, 0x9c, 0x94, 0x1c, 0x05, 0x16, 0x23, 0xa3, 0xa7, 0x97, 0x1a, 0x88,
    0x9c, 0x92, 0x9f, 0x22, 0x24, 0xa4, 0xa1, 0x95, 0x20, 0x1f, 0x08, 0x16,
    0x14, 0xa7, 0x09, 0xa1, 0xa6, 0x16, 0x06, 0x29, 0x20, 0xa1, 0x8b, 0x1a,
    0xa8, 0x21, 0x29, 0x1f, 0xa1, 0x9a, 0x96, 0x14, 0x98, 0x84, 0x13, 0xa4,
    0x19, 0x1e, 0x96, 0x22, 0xa0, 0x94, 0x96, 0x0d, 0x10, 0x24, 0x28, 0x8a,
    0x1c, 0x9a, 0x91, 0x1f, 0x8d, 0xa3, 0x18, 0x1f, 0x8e, 0x9f, 0x0d, 0x22,
    0xa1, 0x81, 0x83, 0x1a, 0x12, 0x9e, 0xa1, 0x99, 0x27, 0x0f, 0xa0, 0x1a,
    0x9b, 0x8e, 0x0c, 0x22, 0x89, 0xa5, 0xa9, 0x28, 0xaa, 0x18, 0x9f, 0x25,
    0x28, 0x25, 0x1f, 0x23, 0x9c, 0x9e, 0x22, 0x05, 0xa9, 0x96, 0x1f, 0x1b,
    0xa6, 0x17, 0xa1, 0x1c, 0x13, 0x8b, 0x15, 0x23, 0x22, 0xa0, 0x9b, 0x1a,
    0x14, 0x9b, 0x9c, 0x9b, 0x9e, 0xa1, 0x98, 0x8b, 0x14, 0x97, 0x20, 0xa2,
    0xa7, 0xa4, 0x18, 0x25, 0xa5, 0x1b, 0x0a, 0x87, 0xa1, 0x9d, 0x97, 0x9a,
    0x93, 0x88, 0x10, 0x9b, 0x9f, 0x99, 0x86, 0x0f, 0x8c, 0x0c, 0x9c, 0x00,
    0x2b, 0x8a, 0xa7, 0x95, 0x0d, 0x22, 0x95, 0x24, 0x1c, 0x29, 0x23, 0x20,
    0x10, 0x22, 0x96, 0xa7, 0xa7, 0x1c, 0xa1, 0x2a, 0x19, 0xa3, 0xa4, 0x96,
    0x1c, 0x96, 0x28, 0x22, 0x8f, 0xa4, 0x0e, 0x9e, 0x89, 0x1d, 0x95, 0x16,
    0x10, 0x92, 0x12, 0x8d, 0x90, 0x92, 0x15, 0x11, 0x21, 0xa9, 0xa2, 0x28,
    0xa4, 0x92, 0x9b, 0x9a, 0x22, 0xa3, 0x26, 0xa1, 0x1f, 0xa1, 0x9c, 0x28,
    0x84, 0x85, 0x0e, 0xa7, 0x18, 0x92, 0x14, 0x28, 0x13, 0xa2, 0x9d, 0x91,
    0xa1, 0x19, 0x1c, 0x20, 0xa1, 0x87, 0x12, 0x8a, 0xa1, 0x0d, 0xa4, 0xa2,
    0x11, 0x1e, 0x82, 0x15, 0x8b, 0x8f, 0x8c, 0x97, 0xa7, 0xa2, 0x96, 0x9f,
    0x25, 0xa3, 0x9c, 0xa1, 0x13, 0x21, 0x1f, 0x8e, 0x9c, 0x9f, 0x33, 0x9f,
    0x9b, 0x0b, 0x99, 0x0c, 0x95, 0xa0, 0xa0, 0x9c, 0x1f, 0x8a, 0x84, 0x92,
    0x1a, 0x23, 0x16, 0x14, 0x24, 0xa1, 0x8b, 0x1b, 0x9a, 0x98, 0xa5, 0x86,
    0x81, 0x9b, 0xac, 0x08, 0x0f, 0x9b, 0x2b, 0xa1, 0x12, 0xa5, 0x25, 0x27,
    0x21, 0x97, 0x26, 0xa1, 0x1e, 0x9b, 0x07, 0x25, 0x86, 0x22, 0xa1, 0x07,
    0x82, 0x9d, 0x19, 0x2a, 0x23, 0x03, 0x9f, 0x1c, 0x82, 0x1d, 0x9a, 0x1b,
    0x9c, 0x23, 0x18, 0xa4, 0x17, 0x02, 0x0e, 0x85, 0x9f, 0x96, 0x05, 0x93,
    0x9f, 0x19, 0x8e, 0xa1, 0x8e, 0x83, 0x08, 0x9c, 0x90, 0x22, 0x96, 0xa2,
    0x14, 0x8f, 0xa9, 0x1d, 0x9d, 0x9d, 0x86, 0x2d, 0x9f, 0x20, 0x99, 0x9e,
    0x0a, 0x19, 0x0a, 0x12, 0x1a, 0x86, 0x14, 0x03, 0x81, 0x99, 0x9d, 0x8c,
    0x9e, 0x00, 0x08, 0x03, 0x99, 0xa5, 0x25, 0x8e, 0x90, 0x98, 0x1e, 0x1c,
    0x2c, 0x1c, 0x07, 0x14, 0x01, 0x9a, 0x25, 0x12, 0x1d, 0x19, 0xa8, 0x28,
    0xad, 0x20, 0x22, 0x9c, 0x11, 0x28, 0x17, 0x20, 0x17, 0x22, 0x29, 0x05,
    0x87, 0x14, 0x8c, 0x1a, 0x24, 0x18, 0x19, 0x22, 0x93, 0x24, 0x9b, 0x0d,
    0x8c, 0x22, 0x03, 0xa9, 0x15, 0xa5, 0x98, 0xa9, 0x21, 0x8e, 0x21, 0x20,
    0x1f, 0x1f, 0x97, 0xa1, 0xa0, 0x15, 0x87, 0x20, 0x12, 0x94, 0x17, 0xa1,
    0x83, 0x09, 0x9b, 0x24, 0x15, 0x96, 0xa8, 0x11, 0x81, 0x22, 0x1b, 0x9b,
    0x9c, 0x0b, 0x89, 0x25, 0xa7, 0x9b, 0x20, 0x23, 0x96, 0xa3, 0xaa, 0x22,
    0x03, 0x17, 0xa2, 0x1a, 0x9e, 0xa3, 0x1a, 0x9a, 0x1c, 0x14, 0xa2, 0x28,
    0x01, 0xa2, 0x95, 0x20, 0x89, 0x07, 0x16, 0x17, 0x07, 0x1b, 0x29, 0x12,
    0xa0, 0x2b, 0x9a, 0x9d, 0x1d, 0x99, 0x9e, 0xa4, 0x29, 0x91, 0x1b, 0x92,
    0x21, 0xa4, 0x15, 0x1e, 0x9a, 0x23, 0x8e, 0x20, 0x8c, 0xa8, 0x82, 0x95,
    0x84, 0x20, 0x1f, 0x1e, 0x19, 0xa2, 0x15, 0xa2, 0xa4, 0xaa, 0x9c, 0x99,
    0xa9, 0x18, 0x23, 0x29, 0x25, 0x89, 0x25, 0x14, 0x0d, 0x9f, 0x87, 0xab,
    0x20, 0x93, 0x1a, 0x25, 0x15, 0xa3, 0x94, 0x03, 0x99, 0x9b, 0x1e, 0x1f,
    0xa3, 0x9c, 0x9d, 0x12, 0x1c, 0x98, 0x1e, 0xa7, 0xa8, 0x13, 0xa6, 0xa5,
    0x2b, 0x92, 0x23, 0x28, 0x08, 0x98, 0x06, 0xa1, 0x8f, 0x21, 0x85, 0x8d,
    0x87, 0x22, 0x82, 0x8b, 0x9e, 0x81, 0x18, 0xa5, 0x19, 0x19, 0x1a, 0x9d,
    0x20, 0x19, 0x9f, 0x97, 0x97, 0x00, 0x9a, 0xa1, 0x0a, 0x22, 0x87, 0x13,
    0x91, 0xaa, 0x20, 0x19, 0x84, 0x2b, 0x83, 0x99, 0x24, 0xa4, 0x22, 0x13,
    0x21, 0x26, 0x1e, 0x9f, 0x99, 0x9e, 0x28, 0xa6, 0x13, 0x1d, 0x1a, 0x91,
    0xa2, 0xa0, 0x12, 0x21, 0x18, 0x2a, 0x91, 0x21, 0x87, 0xa3, 0x82, 0x25,
    0x82, 0x21, 0x94, 0x21, 0x07, 0x95, 0x0d, 0x86, 0x21, 0x29, 0x22, 0x14,
    0x19, 0x21, 0x1c, 0x0c, 0x95, 0x9d, 0x09, 0x1b, 0xa1, 0xa4, 0x14, 0x9f,
    0x94, 0x1c, 0x22, 0x9b, 0x0f, 0x1d, 0x97, 0xa0, 0x1b, 0xa3, 0x9e, 0x95,
    0x82, 0x22, 0xa2, 0x1c, 0xa3, 0x92, 0x97, 0xa6, 0x9d, 0x20, 0xa2, 0x1c,
    0x94, 0x0b, 0x9f, 0x9a, 0x27, 0x21, 0x11, 0x1d, 0x22, 0x26, 0xa0, 0x21,
    0x95, 0x83, 0x0a, 0xa2, 0x1c, 0x28, 0x16, 0x28, 0x95, 0x28, 0xa1, 0x89,
    0x19, 0x2b, 0x2c, 0xaf, 0x0f, 0x1f, 0x27, 0x97, 0xa0, 0x29, 0xa2, 0xa0,
    0x0a, 0x12, 0x13, 0x1a, 0x25, 0x29, 0x11, 0x13, 0x02, 0xa4, 0x0a, 0x23,
    0x00, 0x27, 0x14, 0x27, 0x1c, 0xa9, 0x07, 0x9b, 0x2b, 0x2b, 0x29, 0x1b,
    0x95, 0x25, 0x14, 0x16, 0xa2, 0x99, 0x1c, 0x8a, 0xa3, 0x22, 0x14, 0xa4,
    0xa0, 0x19, 0x98, 0x21, 0x8b, 0x10, 0x97, 0x28, 0x20, 0x21, 0xa6, 0x19,
    0x9f, 0x88, 0x92, 0x23, 0xa3, 0xa4, 0x99, 0x16, 0x9f, 0x20, 0x1c, 0x23,
    0x2b, 0x08, 0x8a, 0x1d, 0x9e, 0x1f, 0x25, 0x94, 0x18, 0x16, 0x22, 0xa7,
    0x15, 0xa3, 0x1c, 0x1d, 0x88, 0x08, 0x91, 0x22, 0x98, 0x99, 0xa5, 0x0f,
    0x9b, 0x8f, 0x1b, 0x1b, 0x21, 0x20, 0x9b, 0x92, 0x2a, 0x1c, 0x93, 0xa8,
    0x90, 0x21, 0xa1, 0x92, 0x9b, 0x14, 0x9f, 0x88, 0x06, 0x18, 0x99, 0x21,
    0x1a, 0x18, 0x1f, 0x21, 0xa1, 0x27, 0xa5, 0x94, 0x99, 0x1e, 0x11, 0xa7,
    0x9b, 0x22, 0x86, 0x9f, 0x11, 0x16, 0x93, 0x25, 0x9f, 0x10, 0x27, 0x9b,
    0x1c, 0x1a, 0x21, 0x1e, 0x15, 0x9c, 0x8e, 0x29, 0x8c, 0x19, 0x96, 0x17,
    0x00, 0x28, 0x85, 0x17, 0xa0, 0x29, 0x89, 0xac, 0xa9, 0x24, 0xa0, 0x09,
    0xa3, 0xa2, 0x1a, 0x29, 0x9a, 0x24, 0x99, 0x28, 0x28, 0x1b, 0x1e, 0x9f,
    0x07, 0x8c, 0x93, 0xa2, 0x80, 0x04, 0x18, 0x22, 0x0d, 0x1e, 0x07, 0x0e,
    0x9e, 0x16, 0x17, 0x93, 0x9f, 0x1a, 0x25, 0x88, 0x15, 0x24, 0x85, 0x8a,
    0x85, 0xa1, 0x93, 0xa1, 0x03, 0x1a, 0x99, 0x1b, 0x23, 0x85, 0x0a, 0x23,
    0xa6, 0x21, 0x9d, 0x95, 0x99, 0xad, 0x25, 0x91, 0x24, 0x19, 0x16, 0x18,
    0x0b, 0x9c, 0x9a, 0x87, 0x05, 0x18, 0x18, 0x1a, 0x9a, 0x9f, 0x1c, 0x95,
    0x1f, 0x14, 0x03, 0x9c, 0x27, 0x9b, 0x1b, 0xa2, 0x29, 0x0f, 0x22, 0x94,
    0x02, 0x94, 0xa9, 0xa3, 0x23, 0x2a, 0x06, 0x1b, 0xa4, 0x1b, 0x28, 0x21,
    0xa1, 0x23, 0xa2, 0x95, 0x14, 0x15, 0x06, 0x1e, 0x1b, 0x17, 0xa0, 0x2b,
    0x18, 0x26, 0x15, 0xad, 0x9e, 0xa4, 0xa1, 0x02, 0x99, 0xad, 0x1e, 0x20,
    0x21, 0x9d, 0x00, 0x85, 0x21, 0x21, 0x1b, 0x89, 0x9e, 0x0c, 0xa8, 0x23,
    0x28, 0x12, 0x27, 0x23, 0x11, 0x25, 0xa6, 0x9c, 0x0f, 0x25, 0x17, 0x23,
    0x95, 0x09, 0x13, 0x19, 0x03, 0xaa, 0x13, 0x04, 0x9b, 0x18, 0x22, 0x23,
    0x06, 0x87, 0x1c, 0x9b, 0x1c, 0x03, 0x90, 0x96, 0x24, 0x25, 0x28, 0xa3,
    0x87, 0xa6, 0x24, 0x1a, 0x9c, 0x0a, 0x1f, 0x2b, 0x18, 0x9a, 0x9f, 0x16,
    0x19, 0x25, 0x9c, 0x9c, 0x96, 0xa0, 0x99, 0x20, 0x91, 0x09, 0x8f, 0x0d,
    0x1f, 0x18, 0x82, 0x05, 0x17, 0x9a, 0x86, 0x85, 0x9a, 0x86, 0x8d, 0x91,
    0x1f, 0x9d, 0x06, 0x9a, 0xa8, 0x9a, 0x29, 0x26, 0x29, 0x8b, 0xa0, 0x9e,
    0x21, 0xa3, 0x92, 0x99, 0x07, 0x9c, 0x9c, 0x07, 0x17, 0x13, 0x9d, 0x10,
    0x05, 0x11, 0x86, 0x81, 0x1b, 0x13, 0x90, 0x99, 0xac, 0xa9, 0x1c, 0x8f,
    0x23, 0x08, 0x09, 0x89, 0x8c, 0x19, 0x8b, 0xa3, 0xa1, 0x95, 0x29, 0x0c,
    0x0d, 0x8d, 0x9b, 0x99, 0x20, 0x18, 0x8b, 0x17, 0x84, 0x8a, 0x0d, 0x8f,
    0x1a, 0x9d, 0x9c, 0x9c, 0xa8, 0x9a, 0xa4, 0x99, 0x9b, 0x1f, 0xa4, 0x88,
    0x81, 0x25, 0x1c, 0x24, 0xa2, 0x8b, 0x30, 0x24, 0x9b, 0x99, 0x21, 0xa4,
    0x22, 0x00, 0xa0, 0x06, 0x2a, 0x29, 0x28, 0xa5, 0x27, 0x8f, 0x28, 0x1e,
    0x96, 0x8b, 0x23, 0x21, 0x22, 0x00, 0x92, 0x29, 0x21, 0x97, 0x9b, 0x06,
    0x99, 0xa0, 0x25, 0x20, 0xa5, 0x26, 0xa1, 0xa7, 0x1c, 0x22, 0x29, 0xa8,
    0x28, 0xa3, 0x29, 0x26, 0x19, 0x9f, 0x89, 0x05, 0x92, 0xae, 0xa1, 0xb0,
    0x22, 0x97, 0xa1, 0x9b, 0x17, 0xaf, 0x01, 0x05, 0x16, 0xa3, 0xa0, 0xa5,
    0xa3, 0x8c, 0xa2, 0x93, 0x18, 0x24, 0x96, 0x8c, 0x9e, 0xa5, 0x24, 0x21,
    0x9f, 0x29, 0x0e, 0x25, 0x13, 0x8c, 0x84, 0x16, 0x19, 0x02, 0x85, 0x21,
    0x1b, 0x9c, 0x96, 0x18, 0x90, 0x23, 0x1b, 0x99, 0x8e, 0x20, 0x1a, 0x2a,
    0x20, 0xa3, 0x11, 0x9d, 0xa1, 0xa6, 0x84, 0x1f, 0x25, 0x8f, 0xa3, 0xa4,
    0x95, 0x9d, 0x12, 0x83, 0x1e, 0x90, 0x97, 0x26, 0x0a, 0x8b, 0xa7, 0x14,
    0x8e, 0x8f, 0x0d, 0x21, 0x17, 0xa2, 0xa0, 0xa9, 0xab, 0x20, 0x0d, 0x11,
    0x20, 0x97, 0xa9, 0x8f, 0x9b, 0x00, 0xa2, 0x28, 0x91, 0x06, 0x11, 0x94,
    0x02, 0x11, 0x9b, 0x25, 0x11, 0xa0, 0xa0, 0x96, 0x17, 0x20, 0x1e, 0x01,
    0x0f, 0xa8, 0x16, 0xa3, 0xa1, 0x9d, 0x9d, 0x96, 0x9a, 0x11, 0x20, 0x25,
    0x28, 0x96, 0xa5, 0x9f, 0x20, 0x1c, 0xa4, 0x28, 0x18, 0x9d, 0x23, 0x20,
    0x1a, 0x9c, 0x03, 0x85, 0x22, 0xa1, 0x22, 0x1b, 0x19, 0x24, 0x21, 0x11,
    0x2a, 0xa3, 0xa7, 0x28, 0x11, 0x29, 0x25, 0x1a, 0xa6, 0x92, 0x02, 0x15,
    0x0d, 0xa8, 0x0d, 0x1e, 0x14, 0x9b, 0x05, 0xa5, 0x85, 0x21, 0x18, 0x03,
    0x9b, 0x1a, 0x1b, 0x26, 0x28, 0x98, 0x10, 0x19, 0x9e, 0x89, 0x9f, 0xa8,
    0x20, 0x19, 0x84, 0x9c, 0x09, 0x20, 0x92, 0x96, 0x9f, 0x97, 0x14, 0x08,
    0x85, 0x1d, 0x9e, 0x26, 0x9f, 0x24, 0x19, 0xa8, 0x06, 0x9d, 0x89, 0x8b,
    0x13, 0x09, 0x1d, 0x97, 0x9c, 0x22, 0xa9, 0xa7, 0x98, 0x8d, 0x1b, 0x9a,
    0xa1, 0x94, 0x82, 0x23, 0x94, 0x09, 0x21, 0xa6, 0x1c, 0x9a, 0x17, 0x1f,
    0xa4, 0x1e, 0x1e, 0x81, 0x94, 0x99, 0x9e, 0x1c, 0xa9, 0xa2, 0x00, 0x1c,
    0xa0, 0xa6, 0x9f, 0x26, 0x89, 0x21, 0x9a, 0x15, 0x93, 0x0a, 0xa2, 0x1c,
    0x0f, 0x15, 0x22, 0x9f, 0xa8, 0x98, 0x8e, 0x2a, 0x90, 0x93, 0x1f, 0x1f,
    0x99, 0x27, 0x27, 0x24, 0x9a, 0xa2, 0xa7, 0xa5, 0x8f, 0x18, 0x2c, 0x20,
    0xa1, 0xa4, 0x96, 0x14, 0x04, 0x21, 0xa5, 0xa1, 0x9b, 0x9d, 0x29, 0x21,
    0x8c, 0x96, 0x98, 0xa4, 0x24, 0x1b, 0x20, 0x25, 0x86, 0x1a, 0x19, 0xaa,
    0xa0, 0x29, 0x16, 0x18, 0x2b, 0x16, 0x19, 0x0a, 0xa0, 0xa8, 0x9e, 0x9e,
    0x20, 0x82, 0x9c, 0x8c, 0x92, 0x14, 0x07, 0x9d, 0x16, 0x04, 0x20, 0x0d,
    0x20, 0x19, 0x91, 0x97, 0x28, 0x9f, 0xa5, 0x86, 0x93, 0x96, 0x1f, 0xa9,
    0x99, 0xa2, 0x2d, 0x90, 0x27, 0x98, 0xab, 0xa5, 0xa3, 0x9c, 0x9c, 0x27,
    0x22, 0x98, 0x24, 0xa0, 0x07, 0x84, 0xa0, 0x8a, 0x88, 0x18, 0x91, 0x9e,
    0x88, 0x9a, 0x93, 0x19, 0xa1, 0x14, 0x9a, 0x29, 0x8e, 0xa3, 0x9b, 0x20,
    0xa0, 0x21, 0x8e, 0x0d, 0x9d, 0xa4, 0x1a, 0x93, 0x99, 0x1c, 0x1f, 0xaa,
    0x9f, 0x1a, 0x9d, 0xa3, 0x18, 0x1c, 0x9a, 0xa0, 0x17, 0x2a, 0x9a, 0x9f,
    0x20, 0x99, 0xa6, 0x1b, 0x22, 0xa2, 0x28, 0x18, 0xa0, 0xa8, 0x28, 0x1d,
    0x86, 0x9a, 0x97, 0x21, 0x91, 0x9a, 0x2f, 0x86, 0x8a, 0x19, 0x05, 0x9f,
    0x9e, 0x0f, 0x95, 0x03, 0x98, 0x20, 0xa1, 0x20, 0x90, 0x9b, 0x98, 0x15,
    0x22, 0x96, 0x27, 0x04, 0x91, 0xa2, 0x1d, 0x22, 0x94, 0x9b, 0xaa, 0x1e,
    0x85, 0x14, 0x9f, 0x91, 0x10, 0x9b, 0x9a, 0x86, 0x0d, 0x94, 0x93, 0x24,
    0x9e, 0xa7, 0x10, 0x97, 0x9e, 0x1d, 0x01, 0x0b, 0x1c, 0x28, 0xae, 0x0f,
    0x13, 0x22, 0x2e, 0x9e, 0x18, 0x93, 0x10, 0x97, 0x0d, 0x28, 0x25, 0x19,
    0x94, 0x1b, 0x9b, 0x22, 0x1f, 0x8d, 0x9d, 0x99, 0x9e, 0x1b, 0x9d, 0xa4,
    0x04, 0xa3, 0x17, 0x19, 0x2f, 0x9d, 0xa0, 0x09, 0x91, 0x2f, 0x0f, 0xa8,
    0xa3, 0x9b, 0x9d, 0x1f, 0x94, 0x84, 0x20, 0x13, 0xa3, 0x02, 0x91, 0x07,
    0x13, 0x16, 0x03, 0x89, 0x14, 0x03, 0x21, 0x29, 0x1d, 0xa8, 0x9f, 0x22,
    0x95, 0x9b, 0x9b, 0x28, 0x21, 0x1f, 0x04, 0xa3, 0x99, 0xaa, 0x09, 0xa1,
    0x93, 0x90, 0xa3, 0x1c, 0x18, 0x93, 0x94, 0x00, 0x9c, 0xa3, 0x8d, 0xa6,
    0x29, 0x90, 0x1d, 0xa2, 0x23, 0xa2, 0x9a, 0x9d, 0x1b, 0x20, 0x13, 0xa3,
    0x26, 0x1a, 0x09, 0x93, 0x26, 0x23, 0x90, 0x95, 0x0e, 0x8a, 0x83, 0x22,
    0x1a, 0x03, 0x85, 0x07, 0x23, 0x96, 0x27, 0x97, 0x0f, 0x0a, 0x9e, 0xa5,
    0x06, 0xa1, 0x1f, 0xab, 0x23, 0x2b, 0xa2, 0x26, 0x90, 0xa2, 0x1b, 0x93,
    0xaf, 0xa4, 0x19, 0x0e, 0xa9, 0x25, 0x87, 0x9a, 0xa7, 0x1f, 0x8a, 0x23,
    0x22, 0x9f, 0x11, 0x2c, 0x9c, 0x88, 0x1b, 0x97, 0xa2, 0x20, 0x13, 0x23,
    0x18, 0x88, 0x28, 0x1f, 0xa1, 0xa6, 0x05, 0x8c, 0x29, 0x9a, 0x16, 0x84,
    0x9d, 0x1e, 0x03, 0xa8, 0x1b, 0x9d, 0x9c, 0xa7, 0x12, 0x8d, 0x94, 0x1f,
    0xa5, 0x29, 0x8b, 0xa2, 0x95, 0x21, 0x95, 0x1e, 0x97, 0x14, 0x24, 0x17,
    0xa0, 0x0e, 0x2c, 0x90, 0xa2, 0x29, 0x1a, 0xa6, 0xa2, 0x08, 0x22, 0x28,
    0xa5, 0x24, 0xa8, 0x9e, 0x29, 0x10, 0x21, 0xa1, 0x21, 0x21, 0x1f, 0x9f,
    0x97, 0x2d, 0x18, 0x22, 0x19, 0x29, 0x2d, 0x90, 0x9e, 0x05, 0xaa, 0x1d,
    0x2e, 0x98, 0x90, 0xa3, 0x11, 0xa1, 0x22, 0xa4, 0x02, 0x24, 0x23, 0x9e,
    0x15, 0x9c, 0xa2, 0xa3, 0x90, 0x14, 0xa3, 0xa0, 0x1e, 0x22, 0x16, 0x13,
    0x92, 0x23, 0x26, 0x16, 0x9b, 0x1f, 0x84, 0xa3, 0x12, 0x97, 0x29, 0xa5,
    0x15, 0x86, 0x1c, 0x06, 0x99, 0xa9, 0x97, 0x1d, 0xa4, 0x24, 0x21, 0x18,
    0x01, 0x93, 0x9e, 0xa8, 0x92, 0x2b, 0x8e, 0x2a, 0xa6, 0xa5, 0xa4, 0x8f,
    0x1f, 0xa9, 0x9e, 0xa4, 0x1a, 0x1c, 0xa0, 0x21, 0x9d, 0x19, 0x2d, 0xaa,
    0x03, 0x22, 0x1e, 0xa2, 0x04, 0x21, 0x21, 0x82, 0x98, 0x04, 0x9d, 0x09,
    0x22, 0x9a, 0x0a, 0x19, 0x1b, 0x9b, 0xa6, 0x29, 0x21, 0xa9, 0x93, 0x1d,
    0x0a, 0x86, 0xa6, 0xab, 0xa1, 0x1a, 0xa0, 0x96, 0x22, 0x90, 0x1f, 0x01,
    0xa9, 0x14, 0xa9, 0x18, 0x81, 0x14, 0x19, 0xa5, 0xa0, 0x0c, 0x17, 0x17,
    0x93, 0xa1, 0x13, 0x12, 0x99, 0x9c, 0x0e, 0x20, 0x92, 0x04, 0xa4, 0xa0,
    0x0a, 0x90, 0x26, 0x0a, 0x17, 0xa3, 0x1c, 0x08, 0x97, 0x15, 0x9b, 0x85,
    0x05, 0x26, 0x20, 0x1a, 0x82, 0x8d, 0x07, 0x27, 0x04, 0x14, 0x2a, 0xa9,
    0x99, 0x0e, 0x13, 0xa3, 0x2b, 0xa5, 0xa3, 0xa5, 0x03, 0x26, 0x28, 0x23,
    0xa5, 0x95, 0xa5, 0x1d, 0x1f, 0x81, 0x15, 0x1d, 0xa4, 0x20, 0x97, 0xa4,
    0x23, 0x95, 0x9c, 0xa2, 0xa4, 0x20, 0x81, 0xa4, 0x29, 0xa1, 0x94, 0xa4,
    0xa1, 0x13, 0xa1, 0x18, 0x0b, 0x99, 0x91, 0x29, 0x84, 0x22, 0x18, 0xa2,
    0x1e, 0x84, 0x28, 0x15, 0x1b, 0xa8, 0x9e, 0xa4, 0x1f, 0x90, 0x87, 0x29,
    0x13, 0x22, 0x9b, 0x22, 0x03, 0x84, 0xad, 0x8b, 0x1d, 0x22, 0x1a, 0x18,
    0x94, 0x20, 0xa3, 0x82, 0x99, 0x12, 0x24, 0x21, 0x22, 0x90, 0x11, 0x0f,
    0x25, 0xa0, 0x2a, 0x19, 0x9b, 0x21, 0x9b, 0x30, 0xa1, 0x21, 0x12, 0x1a,
    0xa9, 0x1a, 0x1f, 0xa0, 0x21, 0xaf, 0x1e, 0x93, 0x00, 0x9d, 0x9b, 0x11,
    0x1e, 0xa1, 0x8b, 0x9f, 0x97, 0xa1, 0x8b, 0x1c, 0x23, 0x9c, 0x1d, 0x1c,
    0x27, 0x03, 0x86, 0x90, 0x22, 0xa6, 0xa4, 0x1c, 0x95, 0xa3, 0x1a, 0x18,
    0x13, 0x93, 0x1b, 0x8b, 0x93, 0xa3, 0x17, 0x8f, 0x9f, 0x8c, 0x16, 0xa4,
    0x21, 0x19, 0x1c, 0xa8, 0x22, 0x23, 0x1f, 0x1f, 0x8a, 0x08, 0x98, 0x27,
    0x97, 0x9b, 0x24, 0x89, 0x93, 0x8e, 0x96, 0xa3, 0x29, 0x20, 0x24, 0xa6,
    0x23, 0x24, 0x92, 0x23, 0xa3, 0x04, 0x29, 0x94, 0x11, 0x9a, 0x93, 0x8e,
    0x89, 0x04, 0xa2, 0x22, 0x1e, 0x9b, 0x15, 0xa2, 0x81, 0x23, 0x26, 0x91,
    0x92, 0x27, 0x28, 0x0b, 0x15, 0x10, 0x1e, 0x26, 0x1a, 0x04, 0x1a, 0x26,
    0xa6, 0x01, 0x18, 0x88, 0x17, 0x1e, 0xa0, 0x93, 0x8f, 0x93, 0x1f, 0x1c,
    0x1c, 0x01, 0x24, 0x9f, 0xa1, 0x11, 0x94, 0xa0, 0x95, 0x89, 0x89, 0x96,
    0x18, 0x29, 0x19, 0x01, 0x1c, 0x9c, 0x8b, 0x29, 0x8b, 0xa0, 0x25, 0x29,
    0xa9, 0x19, 0x10, 0xa1, 0x8b, 0x17, 0xa3, 0x21, 0xa0, 0xa6, 0x11, 0x9e,
    0xa4, 0x27, 0x24, 0xa9, 0xa9, 0xa3, 0x1c, 0x9e, 0x9b, 0x1d, 0xa2, 0x26,
    0xa3, 0x90, 0x82, 0xa0, 0x20, 0x9f, 0x9b, 0x90, 0xa2, 0xa3, 0xa2, 0x23,
    0x87, 0x9e, 0xa2, 0x96, 0x06, 0x21, 0xa9, 0x0b, 0x1d, 0x17, 0x13, 0x99,
    0x21, 0x09, 0x99, 0xa4, 0x1c, 0x0a, 0x1b, 0x82, 0x12, 0x1d, 0x14, 0x07,
    0x98, 0x92, 0x24, 0x9d, 0x0c, 0x91, 0x8c, 0x13, 0x1f, 0x19, 0x9f, 0xa2,
    0x1f, 0x9b, 0x9c, 0x0f, 0x1b, 0x1a, 0x1f, 0x86, 0x05, 0x29, 0x20, 0x07,
    0x07, 0x11, 0x18, 0x18, 0x89, 0x98, 0x11, 0x25, 0x95, 0x90, 0x89, 0x1b,
    0x9a, 0x25, 0xa8, 0x07, 0x9d, 0x9b, 0x14, 0x20, 0x23, 0x04, 0x0d, 0x8a,
    0x12, 0x9c, 0x93, 0xa9, 0xa3, 0x23, 0x8b, 0xad, 0x18, 0xaa, 0x22, 0xa2,
    0xab, 0x1d, 0x97, 0x23, 0xa2, 0x96, 0x11, 0x1f, 0xa8, 0x22, 0x20, 0xa6,
    0x27, 0xa3, 0x8f, 0x93, 0x13, 0xa3, 0x29, 0x07, 0xa2, 0x1b, 0xa3, 0x17,
    0x94, 0x16, 0x22, 0xa3, 0x22, 0x23, 0xa0, 0xa6, 0xaa, 0xa6, 0x9e, 0x22,
    0x93, 0xa9, 0x0b, 0x0b, 0xa1, 0x93, 0x06, 0x25, 0x1c, 0xa6, 0x8e, 0x95,
    0x98, 0x9d, 0x2c, 0x23, 0x82, 0xa0, 0x15, 0x13, 0x90, 0xa3, 0x1c, 0x21,
    0x23, 0xa3, 0x8a, 0x9a, 0xaa, 0xa9, 0x1c, 0xa2, 0x01, 0x02, 0x99, 0xa0,
    0x9b, 0x1d, 0x14, 0x1a, 0xa2, 0x99, 0x1c, 0xa3, 0xa0, 0x21, 0x0c, 0x09,
    0xa7, 0x9b, 0x01, 0x12, 0x22, 0x1c, 0x96, 0x12, 0x9c, 0x96, 0xa1, 0xa2,
    0x93, 0x01, 0xa2, 0x95, 0x1a, 0x11, 0x16, 0xa1, 0x22, 0xa8, 0x28, 0xa1,
    0x24, 0x03, 0xa8, 0x91, 0xad, 0x9d, 0xa3, 0x8a, 0x09, 0x1a, 0x23, 0x14,
    0x22, 0x99, 0x0b, 0xa7, 0x22, 0x26, 0xa6, 0xa3, 0x23, 0x24, 0x82, 0xa1,
    0x92, 0x97, 0x19, 0x91, 0x97, 0xa9, 0x17, 0xa1, 0xab, 0x1d, 0x92, 0x1f,
    0xa9, 0x04, 0x93, 0x92, 0x22, 0xa5, 0x1f, 0x19, 0x93, 0x8c, 0x23, 0x1a,
    0x1a, 0x2a, 0xa5, 0x27, 0x8f, 0x25, 0x91, 0x0e, 0x98, 0x2e, 0x0a, 0xa5,
    0x23, 0x24, 0x1c, 0x88, 0x1a, 0x08, 0x9e, 0x83, 0x8e, 0x04, 0x2e, 0x0b,
    0x0f, 0x1b, 0x02, 0xa2, 0x8d, 0x1e, 0x90, 0xa2, 0x1e, 0x9c, 0xa0, 0x0e,
    0x1e, 0xa1, 0xa0, 0xa5, 0x85, 0x28, 0x21, 0x18, 0x9f, 0x21, 0x06, 0xa9,
    0x9a, 0x9f, 0xa5, 0x8d, 0xa2, 0x9c, 0x9b, 0x19, 0x8a, 0xa4, 0x9c, 0x18,
    0x1c, 0x99, 0xa4, 0x9c, 0x15, 0x1c, 0x13, 0x8a, 0x9b, 0x9e, 0x9e, 0x83,
    0x2d, 0x90, 0x17, 0xa0, 0xa2, 0x9c, 0x23, 0x95, 0xab, 0x9d, 0x97, 0x8f,
    0x96, 0x1d, 0x0f, 0x86, 0x26, 0xa4, 0x16, 0x1d, 0x82, 0x94, 0x96, 0xa4,
    0xa5, 0xa2, 0x22, 0x16, 0xa2, 0x0e, 0x25, 0x82, 0x1d, 0x19, 0x13, 0x84,
    0x28, 0x22, 0x17, 0x11, 0x1b, 0x20, 0x03, 0x9b, 0x07, 0x22, 0x1c, 0x1b,
    0x91, 0x9c, 0x28, 0x8f, 0x9e, 0x88, 0x23, 0x1a, 0x8e, 0x08, 0x99, 0x8e,
    0x1e, 0xa1, 0x21, 0x1a, 0x99, 0x0f, 0xa3, 0x06, 0x9c, 0x04, 0xa0, 0x93,
    0xa8, 0x2b, 0x01, 0x23, 0x9b, 0x82, 0x11, 0x89, 0x91, 0x9a, 0x1d, 0x1f,
    0x21, 0x89, 0xa7, 0x9d, 0x25, 0x14, 0x9e, 0x06, 0x93, 0xaf, 0x1e, 0x82,
    0x9c, 0x21, 0x1f, 0x85, 0x1f, 0xa5, 0x14, 0x28, 0x09, 0x22, 0x02, 0x1d,
    0x04, 0x21, 0x12, 0x0c, 0x26, 0x18, 0x24, 0x1a, 0xa0, 0x14, 0x1e, 0x1c,
    0x90, 0x1c, 0x82, 0x0c, 0x9d, 0x17, 0x20, 0x22, 0x9c, 0x1b, 0x86, 0x0e,
    0x0a, 0x18, 0x82, 0x0f, 0x92, 0x22, 0x10, 0x84, 0x15, 0x95, 0x21, 0x15,
    0x1a, 0x13, 0x8f, 0x19, 0xa3, 0x23, 0x1b, 0x1c, 0x13, 0xa6, 0x1e, 0x84,
    0xa6, 0xa8, 0x97, 0x98, 0x0f, 0x8b, 0x1e, 0x22, 0x9f, 0x1a, 0x1d, 0x09,
    0x06, 0xa1, 0x92, 0x0f, 0x14, 0x20, 0x91, 0xa8, 0xa8, 0x14, 0x99, 0xa8,
    0xa5, 0x0e, 0x9b, 0x98, 0x87, 0x26, 0x03, 0xa2, 0xa2, 0xa1, 0x0f, 0x20,
    0x24, 0x03, 0xa8, 0x8c, 0xa0, 0x21, 0x0a, 0x8a, 0x24, 0x05, 0xa6, 0xa0,
    0x03, 0x03, 0x91, 0x19, 0x92, 0x1f, 0xa2, 0x9f, 0x8c, 0x97, 0x18, 0xac,
    0xa4, 0x15, 0x91, 0x9d, 0x22, 0x95, 0x16, 0x21, 0x93, 0x20, 0x9e, 0x08,
    0x04, 0x24, 0x99, 0x1f, 0x94, 0x9c, 0xa6, 0x9f, 0x09, 0x21, 0xae, 0x06,
    0x05, 0x9a, 0xa1, 0x8c, 0x0d, 0x86, 0x0a, 0x0e, 0x95, 0x9b, 0x1c, 0x05,
    0x19, 0x11, 0x9a, 0xa5, 0x29, 0x0b, 0x17, 0x96, 0x9e, 0xa4, 0x86, 0x18,
    0xab, 0xa3, 0x1d, 0x01, 0xa8, 0x90, 0x1a, 0x1b, 0x95, 0x92, 0x9c, 0x18,
    0x1a, 0x13, 0x99, 0x92, 0x20, 0x10, 0xa2, 0xa8, 0x26, 0x87, 0xa6, 0x94,
    0xa2, 0x2a, 0x98, 0x82, 0x19, 0x90, 0x20, 0xa8, 0xa0, 0x1d, 0xa6, 0x18,
    0x93, 0x92, 0xa2, 0x96, 0x29, 0xa1, 0x1c, 0x0d, 0x8f, 0xa3, 0x24, 0xa8,
    0x19, 0xa5, 0x9b, 0x20, 0xa6, 0x13, 0x23, 0x09, 0x2b, 0x2d, 0x9b, 0xa6,
    0xa3, 0x17, 0x91, 0xa8, 0x2a, 0x14, 0x22, 0x1e, 0x1e, 0x02, 0x21, 0x99,
    0x1a, 0x85, 0x22, 0x22, 0x20, 0x09, 0x24, 0x09, 0x98, 0x1e, 0x22, 0x28,
    0x86, 0xa5, 0x85, 0x9a, 0x2a, 0x1c, 0x29, 0x15, 0x12, 0x1d, 0x1f, 0x1b,
    0x1f, 0x16, 0x1b, 0x1f, 0x20, 0x21, 0x1e, 0x1a, 0x25, 0x1c, 0x24, 0x23,
    0x93, 0x1b, 0x15, 0x14, 0x93, 0x0d, 0x91, 0x22, 0x92, 0x1d, 0x1e, 0x8f,
    0x19, 0x0c, 0x94, 0x18, 0x21, 0xad, 0x10, 0x20, 0x1c, 0x22, 0x22, 0x1d,
    0x13, 0x1b, 0x90, 0x22, 0x98, 0x1f, 0xaa, 0xa4, 0x95, 0x16, 0x1e, 0x02,
    0x95, 0xa0, 0x97, 0xa1, 0x92, 0x2f, 0x8a, 0x04, 0x1a, 0xa2, 0xa0, 0x08,
    0x82, 0x8b, 0x99, 0xa9, 0x9a, 0x88, 0x84, 0x21, 0x0c, 0xa3, 0x1c, 0x1a,
    0x9b, 0x1a, 0x8f, 0x14, 0x1f, 0x99, 0x8e, 0xa0, 0x12, 0x98, 0xa0, 0xa2,
    0x10, 0x07, 0x8f, 0x9d, 0xa3, 0xa4, 0x23, 0x85, 0x9b, 0x09, 0x9e, 0x02,
    0x99, 0xa3, 0x01, 0x9c, 0x25, 0x8c, 0x88, 0x25, 0x8d, 0x98, 0xa2, 0xa0,
    0x24, 0x13, 0x9d, 0x21, 0x23, 0x14, 0x13, 0x15, 0xa9, 0x23, 0x25, 0x27,
    0x98, 0x9b, 0x0c, 0x9c, 0x9b, 0x99, 0x04, 0x1a, 0x26, 0x88, 0x91, 0x1f,
    0x25, 0x9c, 0x1a, 0x09, 0x99, 0x1f, 0x89, 0x96, 0x20, 0x05, 0x1d, 0x0c,
    0x93, 0x97, 0x84, 0x1b, 0x11, 0x96, 0x8c, 0xa9, 0xa4, 0xa9, 0x15, 0x1b,
    0x9f, 0x85, 0x9b, 0x25, 0x26, 0x8f, 0x87, 0x1a, 0x1f, 0xa1, 0x20, 0xa3,
    0x98, 0x07, 0x82, 0x06, 0x8c, 0x98, 0x9f, 0x17, 0x93, 0x20, 0x25, 0x1f,
    0x20, 0x23, 0xa5, 0x24, 0x09, 0x1c, 0x91, 0x0b, 0x06, 0x9b, 0x21, 0x8b,
    0x1a, 0x9e, 0x15, 0x02, 0x0c, 0xa2, 0x95, 0x95, 0x28, 0xa3, 0x9b, 0x09,
    0x9b, 0x17, 0x95, 0x08, 0x81, 0x1e, 0x1a, 0x2d, 0x15, 0x99, 0xa3, 0x1a,
    0xa0, 0x04, 0x02, 0x05, 0x84, 0x19, 0x10, 0x87, 0x26, 0x81, 0x29, 0x29,
    0x98, 0x15, 0x1c, 0x02, 0x13, 0x90, 0x26, 0x2a, 0x8e, 0x1e, 0x26, 0x02,
    0x24, 0x1a, 0x19, 0x22, 0x21, 0xa0, 0x19, 0x1f, 0x24, 0xa2, 0x20, 0x96,
    0x1b, 0x9d, 0x1c, 0x14, 0x1a, 0x27, 0x2d, 0x98, 0x1d, 0x13, 0x26, 0x08,
    0x23, 0x20, 0x2a, 0x84, 0xa8, 0x1f, 0x1c, 0x18, 0x03, 0x9b, 0x8b, 0x1c,
    0x8f, 0x1e, 0x26, 0x29, 0xa6, 0x06, 0xa7, 0x21, 0x28, 0x21, 0x29, 0x20,
    0x1d, 0x2a, 0x1c, 0x18, 0x13, 0x1f, 0x98, 0x2f, 0xa2, 0x1a, 0xa1, 0x18,
    0x9a, 0x1b, 0x22, 0xa7, 0x1d, 0x1a, 0x9f, 0x25, 0x95, 0x1d, 0x2b, 0xa0,
    0x07, 0x18, 0x90, 0x98, 0xa3, 0x26, 0xa5, 0x10, 0x9b, 0x14, 0x20, 0x94,
    0xa1, 0x95, 0xa0, 0xa4, 0x97, 0x9a, 0x1a, 0x90, 0xa1, 0x98, 0x9f, 0x22,
    0x1a, 0x1f, 0x22, 0xa3, 0x20, 0x1d, 0x13, 0xac, 0x1e, 0x12, 0x9c, 0x91,
    0x94, 0x21, 0xa3, 0x2b, 0x19, 0x0f, 0xa2, 0xa9, 0x16, 0x0b, 0x12, 0x96,
    0x89, 0x97, 0x93, 0x1b, 0x96, 0x1a, 0x8a, 0x1e, 0x82, 0x0c, 0x11, 0x0c,
    0x00, 0x94, 0x03, 0x1d, 0x82, 0x1c, 0x89, 0x89, 0x05, 0x16, 0x98, 0x05,
    0x9e, 0x98, 0x10, 0x8f, 0x83, 0x84, 0x09, 0x9d, 0x9f, 0x13, 0x0d, 0x04,
    0x92, 0x1b, 0x91, 0x11, 0x18, 0x10, 0x81, 0x02, 0x8c, 0x81, 0x11, 0x91,
    0x9e, 0x9f, 0x06, 0x87, 0x81, 0x17, 0x17, 0xa0, 0xa1, 0x9c, 0x13, 0x19,
    0x8c, 0x1c, 0x14, 0x00, 0x11, 0x94, 0x99, 0x13, 0x0f, 0x10, 0x81, 0x19,
    0x9a, 0x0d, 0x19, 0x18, 0x1c, 0x91, 0x92, 0xa4, 0x84, 0x11, 0x07, 0x8b,
    0x1f, 0x15, 0x17, 0x0c, 0x82, 0x0b, 0x82, 0x04, 0x91, 0x12, 0x11, 0x0d,
    0x9b, 0x1e, 0x05, 0x85, 0x11, 0x8d, 0x04, 0x10, 0x15, 0x16, 0x83, 0x87,
    0x90, 0x02, 0x82, 0x1c, 0x97, 0x94, 0x88, 0x9f, 0x82, 0x91, 0x01, 0x94,
    0x14, 0x91, 0x81, 0x22, 0x10, 0x15, 0x89, 0x18, 0x06, 0x1a, 0x96, 0x90,
    0x14, 0x9a, 0x8e, 0x11, 0x99, 0x19, 0x88, 0x02, 0x21, 0x9a, 0x13, 0x17,
    0x82, 0x15, 0x17, 0x08, 0x94, 0x94, 0x8f, 0x21, 0x84, 0x88, 0x88, 0x1a,
    0x05, 0x16, 0x0a, 0x15, 0x19, 0xa1, 0x9a, 0x0f, 0x85, 0x19, 0x97, 0x19,
    0x98, 0xa0, 0x97, 0x9a, 0xa1, 0x20, 0x1a, 0x0d, 0x1b, 0x97, 0x99, 0x10,
    0x9a, 0x11, 0x8b, 0x09, 0x9a, 0xa0, 0x28, 0xa2, 0x07, 0x9a, 0x11, 0x0b,
    0x82, 0x97, 0x06, 0x99, 0x88, 0x92, 0x9b, 0x94, 0x01, 0x1b, 0x86, 0x91,
    0x1f, 0x88, 0x83, 0x95, 0x8e, 0x21, 0x10, 0x17, 0x14, 0x11, 0x92, 0x15,
    0x9d, 0x82, 0x9c, 0x81, 0x15, 0xa2, 0x08, 0x94, 0x81, 0x0f, 0x0c, 0x87,
    0x94, 0x16, 0x85, 0x08, 0x0f, 0x86, 0x11, 0x0b, 0xa0, 0x98, 0x8e, 0x20,
    0x84, 0x83, 0x8d, 0x83, 0x94, 0x97, 0x07, 0x89, 0x13, 0x14, 0xa3, 0x9e,
    0x95, 0x9f, 0x8a, 0x0c, 0x15, 0x10, 0x1f, 0x9d, 0x23, 0x94, 0x80, 0xa1,
    0x0b, 0x1d, 0x92, 0x84, 0x9c, 0x8d, 0x9d, 0x21, 0x81, 0x21, 0x16, 0x16,
    0x99, 0x9f, 0x89, 0xa0, 0x23, 0x10, 0x21, 0x92, 0x07, 0x99, 0x04, 0x07,
    0x92, 0x1c, 0x18, 0x94, 0x92, 0x97, 0x80, 0x8d, 0x1e, 0x9b, 0x0b, 0x94,
    0x1e, 0x15, 0x9a, 0x20, 0x17, 0x8b, 0x88, 0x8c, 0x13, 0xa0, 0x96, 0x0c,
    0x8b, 0x9e, 0x04, 0x8b, 0x8a, 0x94, 0x8d, 0x91, 0x9b, 0x18, 0x16, 0x91,
    0x91, 0x96, 0x05, 0x00, 0x9a, 0x83, 0x94, 0x13, 0x1d, 0x89, 0x18, 0x1a,
    0x96, 0x95, 0x10, 0x00, 0x1b, 0x81, 0x8f, 0x18, 0x93, 0x02, 0x0b, 0x20,
    0x11, 0x95, 0x90, 0x99, 0x8c, 0x91, 0x18, 0x95, 0x86, 0x02, 0x1f, 0x99,
    0x1f, 0x07, 0x8c, 0x89, 0x9a, 0x93, 0x0b, 0x01, 0x1f, 0x04, 0x9d, 0x94,
    0x05, 0x94, 0x86, 0x9b, 0x1a, 0x9c, 0x97, 0x9b, 0x8f, 0x95, 0x94, 0x05,
    0x86, 0x01, 0x14, 0x97, 0x8c, 0x90, 0x07, 0x8b, 0x8c, 0x1d, 0x91, 0x83,
    0x19, 0x06, 0x22, 0x98, 0x95, 0xa0, 0x14, 0x94, 0x10, 0x17, 0x19, 0x1a,
    0x16, 0x10, 0x18, 0x22, 0x85, 0x18, 0x17, 0x8a, 0x05, 0x14, 0x8f, 0x17,
    0x1b, 0x86, 0x13, 0x20, 0x91, 0x0d, 0x1d, 0x0a, 0x95, 0x94, 0x1e, 0x13,
    0x13, 0x82, 0x0d, 0x85, 0x21, 0x9a, 0x1c, 0x96, 0x08, 0x9a, 0x96, 0x9a,
    0x1c, 0x83, 0x0f, 0x97, 0x12, 0x11, 0x96, 0x0b, 0x12, 0x97, 0x06, 0x1d,
    0x90, 0x9d, 0xa0, 0x95, 0x97, 0x9c, 0x1d, 0xa0, 0x04, 0xa3, 0x8d, 0x19,
    0x96, 0x1f, 0x12, 0x88, 0x0b, 0x0b, 0x8f, 0x92, 0x01, 0x21, 0x8a, 0x11,
    0x80, 0x95, 0x9c, 0x1a, 0x9f, 0x09, 0x88, 0x8f, 0x95, 0xa0, 0x06, 0x1b,
    0xa2, 0x12, 0x82, 0x00, 0x86, 0x8e, 0x04, 0x93, 0x18, 0x0e, 0x1c, 0x93,
    0x21, 0x1b, 0x93, 0x9a, 0x94, 0xa1, 0x9d, 0x8e, 0x8e, 0x9a, 0x11, 0x90,
    0x85, 0x00, 0x9c, 0x9c, 0x92, 0x1f, 0x8f, 0x97, 0x14, 0x19, 0x11, 0x16,
    0x92, 0x9b, 0x14, 0x9a, 0x15, 0x1d, 0x11, 0x19, 0x9b, 0x14, 0x8e, 0x1b,
    0x95, 0x97, 0x0f, 0x10, 0x17, 0x18, 0x18, 0x9c, 0x18, 0x19, 0x1b, 0x9a,
    0x84, 0x0f, 0x83, 0x1b, 0xa0, 0x04, 0x91, 0x02, 0x19, 0x0b, 0x0e, 0x0d,
    0x1d, 0x24, 0x07, 0xa1, 0xa8, 0xa2, 0x0a, 0x01, 0x9c, 0x13, 0x82, 0x0c,
    0x99, 0x01, 0x05, 0x1b, 0x83, 0x00, 0x15, 0x01, 0x10, 0x0a, 0x98, 0x19,
    0x92, 0x0e, 0x00, 0x29, 0x8a, 0x97, 0x99, 0x1d, 0x82, 0x20, 0x82, 0x14,
    0x1f, 0x0c, 0x8b, 0x14, 0x09, 0x16, 0x96, 0x8a, 0x9e, 0x0b, 0x90, 0x15,
    0x9e, 0x14, 0x99, 0x9e, 0x20, 0xa2, 0x11, 0x01, 0x81, 0x92, 0x1c, 0x1a,
    0x11, 0x82, 0x20, 0x09, 0x13, 0x12, 0x21, 0x9b, 0x86, 0x1f, 0x0d, 0x9e,
    0x95, 0x19, 0x95, 0x0e, 0x85, 0x83, 0x92, 0x82, 0x8b, 0x8f, 0x97, 0x84,
    0x9f, 0xa6, 0x95, 0x1a, 0x90, 0x87, 0x23, 0x85, 0x0e, 0x00, 0x8d, 0x18,
    0x98, 0x9d, 0x87, 0x83, 0x95, 0x97, 0x10, 0x8d, 0x98, 0x1c, 0x8a, 0x93,
    0x03, 0x90, 0x90, 0x1b, 0x85, 0x22, 0x04, 0x1e, 0x15, 0xa2, 0x12, 0x13,
    0x1b, 0x0c, 0x12, 0xa6, 0x83, 0x99, 0x18, 0x08, 0x05, 0x8a, 0x05, 0x1b,
    0x85, 0x99, 0x20, 0x1c, 0x92, 0x06, 0x13, 0x1c, 0x90, 0x22, 0x1e, 0x9b,
    0x94, 0x0e, 0x1a, 0xa3, 0x25, 0x9a, 0x9b, 0x11, 0x0d, 0x19, 0x05, 0x25,
    0x09, 0x02, 0x14, 0x8b, 0x80, 0x1c, 0x97, 0x19, 0x17, 0x92, 0x1c, 0x15,
    0x06, 0xa0, 0x01, 0x0f, 0x8e, 0x07, 0x83, 0x8b, 0x9b, 0xa0, 0x11, 0x18,
    0x09, 0x9b, 0x9a, 0x0d, 0x02, 0x9a, 0x81, 0x9a, 0x1b, 0x14, 0xa3, 0x97,
    0x1a, 0x93, 0x25, 0x1f, 0x8c, 0x19, 0x17, 0x1b, 0x1f, 0x1a, 0x9f, 0x92,
    0x90, 0x0e, 0x90, 0x85, 0x91, 0x99, 0x13, 0x01, 0xa3, 0x99, 0x8f, 0x94,
    0x19, 0x10, 0x18, 0x02, 0x21, 0x81, 0x19, 0x85, 0x06, 0x1f, 0x00, 0x1e,
    0x98, 0x85, 0x10, 0x19, 0x1d, 0x94, 0x0a, 0x1e, 0x0d, 0x9b, 0x05, 0xa0,
    0x16, 0x0e, 0x9b, 0x92, 0x15, 0x1a, 0x0a, 0x99, 0x86, 0x14, 0x0f, 0x9b,
    0x09, 0x0e, 0x07, 0x0e, 0x0a, 0x10, 0x92, 0x86, 0x10, 0x11, 0x85, 0x90,
    0x04, 0x1c, 0x09, 0x1c, 0x14, 0x16, 0x97, 0x0a, 0x19, 0x9a, 0x16, 0x92,
    0x01, 0x13, 0x8d, 0x81, 0x11, 0x13, 0x14, 0x92, 0x01, 0x0c, 0x99, 0x0a,
    0x07, 0x20, 0x92, 0x02, 0x13, 0x07, 0x17, 0x8e, 0x05, 0x86, 0x02, 0x0d,
    0x08, 0x0a, 0x15, 0x95, 0x16, 0x16, 0x9a, 0x96, 0x98, 0x03, 0x1d, 0x01,
    0x83, 0x16, 0x9e, 0x18, 0x1c, 0x07, 0x9e, 0x1c, 0x9a, 0x95, 0x0c, 0x93,
    0x22, 0x1f, 0x9b, 0x96, 0x1c, 0x08, 0x11, 0x99, 0x8a, 0x27, 0x1c, 0x92,
    0x12, 0x0d, 0x20, 0xa1, 0x8c, 0x18, 0x1a, 0x1d, 0x8f, 0x12, 0x92, 0x0b,
    0x90, 0x22, 0x96, 0x05, 0x10, 0x19, 0x90, 0x95, 0x1e, 0x18, 0x18, 0x9e,
    0x0f, 0x92, 0x99, 0x18, 0x14, 0x84, 0x16, 0x9a, 0x00, 0x82, 0x0b, 0x8c,
    0x1a, 0x21, 0x13, 0x91, 0x0e, 0x23, 0x86, 0xa0, 0x90, 0x9b, 0x8d, 0x90,
    0x99, 0x9a, 0x11, 0x99, 0x8b, 0x93, 0x0c, 0x05, 0x89, 0xa0, 0x09, 0x13,
    0x9c, 0x09, 0x16, 0x8c, 0x08, 0x96, 0x96, 0x15, 0x16, 0x94, 0x0a, 0x20,
    0x8e, 0x13, 0x9d, 0x0e, 0x1b, 0x9c, 0x93, 0x99, 0x0e, 0x0d, 0x87, 0x13,
    0x1f, 0x1b, 0x9b, 0x1a, 0x92, 0x00, 0x9d, 0x90, 0xa0, 0x19, 0x0e, 0x12,
    0x10, 0x95, 0x03, 0x95, 0x20, 0x1b, 0xa0, 0x14, 0x8c, 0x20, 0x06, 0xa7,
    0x83, 0x00, 0xa1, 0x22, 0x10, 0xaa, 0x89, 0x99, 0x19, 0x18, 0x99, 0x90,
    0xa2, 0x98, 0x05, 0x1a, 0x90, 0x12, 0x89, 0x15, 0x9f, 0x91, 0x14, 0xa0,
    0x16, 0x9d, 0x84, 0x1d, 0x85, 0x8a, 0x9a, 0x20, 0x8b, 0x8a, 0x20, 0x93,
    0x19, 0x02, 0xa1, 0x0d, 0x98, 0x17, 0x1e, 0xa1, 0x20, 0x9c, 0x0c, 0x99,
    0x9e, 0x07, 0x11, 0x1a, 0xa1, 0x1e, 0x1f, 0x18, 0x20, 0x18, 0x1a, 0x0e,
    0x01, 0x15, 0x89, 0x9a, 0x9e, 0x08, 0x90, 0x88, 0x9b, 0x2b, 0x20, 0x1e,
    0x9f, 0x22, 0x9a, 0x20, 0x11, 0x8c, 0x8f, 0x10, 0x94, 0x19, 0x20, 0xa1,
    0x19, 0x02, 0x88, 0x9f, 0x0f, 0x1d, 0x8f, 0x00, 0xa1, 0x1f, 0x94, 0x21,
    0x96, 0x1b, 0x00, 0x8b, 0x20, 0x9d, 0x12, 0x9f, 0x18, 0x9f, 0x22, 0x15,
    0x14, 0x1f, 0x8b, 0x0d, 0x20, 0x91, 0x93, 0x04, 0xa3, 0x9c, 0x24, 0x19,
    0x9d, 0x8e, 0x91, 0x95, 0x0b, 0x10, 0x86, 0xa8, 0x09, 0x95, 0x9c, 0x99,
    0x23, 0x0a, 0x06, 0x21, 0xa0, 0xa2, 0x16, 0x01, 0x1b, 0x9c, 0x98, 0x98,
    0xa5, 0x1f, 0x12, 0x9a, 0x1a, 0x12, 0x9a, 0x0c, 0x92, 0x95, 0x93, 0x00,
    0x20, 0x19, 0x28, 0x92, 0x88, 0x0f, 0x24, 0x08, 0x19, 0xa6, 0x21, 0x1f,
    0x0c, 0x83, 0x14, 0x87, 0x17, 0x1e, 0x9a, 0x1f, 0x8c, 0x08, 0x13, 0x08,
    0x98, 0x03, 0x1a, 0x8f, 0x14, 0x8b, 0x23, 0x14, 0x9b, 0x1b, 0x9a, 0x28,
    0x85, 0x22, 0x1a, 0x12, 0xa3, 0xa5, 0x1b, 0x1f, 0x93, 0x04, 0x95, 0x9b,
    0x95, 0x82, 0x89, 0x95, 0x1c, 0x9d, 0x0e, 0x86, 0xa6, 0x81, 0x23, 0x98,
    0x84, 0x8d, 0x0c, 0x98, 0x9c, 0x96, 0x22, 0x9b, 0x97, 0x14, 0x1a, 0x99,
    0x13, 0x13, 0x1e, 0x9c, 0x99, 0x86, 0x90, 0x11, 0x98, 0x0f, 0x17, 0x00,
    0x23, 0x09, 0x19, 0x1a, 0x19, 0x0b, 0x1f, 0x22, 0x12, 0x09, 0x14, 0xa2,
    0x18, 0x83, 0x13, 0x14, 0x20, 0x1c, 0x95, 0x23, 0x07, 0xa8, 0x91, 0x8b,
    0x20, 0x04, 0xa0, 0x96, 0x0e, 0x1b, 0x05, 0x85, 0x14, 0x86, 0x03, 0x89,
    0x0e, 0x09, 0x1d, 0x87, 0x01, 0x84, 0x24, 0x0d, 0x94, 0x9a, 0x1a, 0x9f,
    0x20, 0x16, 0x9e, 0x83, 0xa2, 0x1f, 0x22, 0x87, 0x22, 0x9c, 0x9e, 0x88,
    0x0c, 0xa9, 0x0e, 0x99, 0x1e, 0x1c, 0x17, 0x99, 0x16, 0x11, 0x17, 0xa1,
    0x22, 0x06, 0x06, 0x1a, 0x0b, 0x0c, 0x18, 0x0c, 0xa7, 0x02, 0x88, 0x9e,
    0x92, 0x9c, 0x8c, 0x19, 0x2a, 0x9c, 0x1a, 0xa1, 0x10, 0x06, 0x8f, 0x96,
    0x9e, 0x1e, 0x96, 0x08, 0x03, 0x19, 0x09, 0x9f, 0x10, 0xa1, 0xa3, 0x99,
    0x9a, 0x02, 0xa3, 0x11, 0x1f, 0x84, 0x9a, 0x1b, 0x06, 0x88, 0x1a, 0x84,
    0x15, 0xa1, 0x91, 0x97, 0x83, 0x89, 0x95, 0x18, 0x85, 0x86, 0x04, 0x95,
    0x9c, 0x02, 0xa3, 0x8d, 0xa1, 0x9d, 0x0e, 0x81, 0x27, 0x27, 0xa4, 0x9f,
    0x05, 0x9b, 0x15, 0x96, 0xa0, 0x16, 0x21, 0x84, 0x00, 0x21, 0x00, 0x1a,
    0x1c, 0x1f, 0x97, 0x8b, 0x9e, 0x12, 0x10, 0x04, 0xa5, 0x99, 0x01, 0x8a,
    0x1e, 0x8a, 0x20, 0x99, 0x24, 0x12, 0x12, 0x84, 0xa2, 0x00, 0x85, 0x10,
    0x18, 0x10, 0xa0, 0x23, 0x99, 0x10, 0x9a, 0x28, 0x1f, 0x12, 0x12, 0x02,
    0x1c, 0x9b, 0x99, 0x1e, 0x87, 0x10, 0x18, 0x1a, 0x0e, 0x93, 0x1a, 0x1b,
    0x10, 0x1b, 0x82, 0x96, 0x14, 0x0e, 0x89, 0x92, 0x29, 0x1f, 0x92, 0x1b,
    0x24, 0x1d, 0x98, 0xa0, 0x0e, 0x8f, 0x11, 0x19, 0x11, 0x96, 0x86, 0x9c,
    0x9d, 0x10, 0x82, 0x9c, 0x91, 0xa3, 0x9b, 0x88, 0xa1, 0x1c, 0x28, 0x99,
    0x9f, 0x1c, 0x11, 0xa5, 0x1c, 0x1a, 0x19, 0x81, 0x9c, 0x81, 0x28, 0x14,
    0x96, 0xa0, 0x0d, 0x9b, 0x06, 0x10, 0x12, 0x88, 0x13, 0x1b, 0x84, 0xa4,
    0x0b, 0x20, 0xa0, 0x23, 0x9b, 0x88, 0x9b, 0x22, 0x9d, 0x08, 0x93, 0x1a,
    0x1c, 0x1b, 0x99, 0x99, 0x2b, 0x15, 0xa7, 0x9d, 0x15, 0x19, 0x99, 0x0d,
    0x9e, 0x19, 0x0e, 0x84, 0x92, 0xa2, 0x1a, 0xa0, 0x1a, 0x1a, 0x1c, 0x20,
    0x1a, 0x9b, 0x98, 0x0c, 0x0e, 0x25, 0x19, 0x1d, 0x28, 0x20, 0x83, 0xa3,
    0x0c, 0x98, 0x1e, 0x09, 0x0e, 0x0f, 0x8d, 0x0c, 0x19, 0x10, 0x9e, 0x1d,
    0x84, 0xa0, 0x12, 0x1d, 0xa5, 0xa3, 0x12, 0x12, 0x9d, 0x13, 0x01, 0x9c,
    0x9b, 0x98, 0x22, 0x1d, 0x24, 0x82, 0x83, 0x9a, 0xa6, 0x92, 0x18, 0xa5,
    0x13, 0x9f, 0x10, 0x95, 0x91, 0x83, 0x0e, 0x0a, 0x12, 0x09, 0x12, 0x09,
    0x05, 0x1a, 0x8a, 0x90, 0x9a, 0x15, 0x10, 0x20, 0x9a, 0x0f, 0x95, 0x1c,
    0x9d, 0x17, 0x9b, 0x9d, 0xa7, 0x0c, 0x0c, 0xa1, 0x1b, 0x1b, 0x0a, 0x86,
    0x9b, 0x9d, 0x83, 0x1a, 0x9e, 0x29, 0x07, 0x89, 0x0a, 0x95, 0x08, 0x18,
    0x9a, 0x25, 0x10, 0x95, 0x1b, 0x21, 0x96, 0x99, 0x0a, 0x87, 0x15, 0x98,
    0x84, 0x18, 0x21, 0xa1, 0x12, 0x8d, 0x00, 0x04, 0x94, 0xa2, 0x81, 0x99,
    0x08, 0x93, 0x84, 0x80, 0x90, 0x9d, 0xa3, 0x92, 0xa4, 0x20, 0x03, 0xa5,
    0x95, 0xa0, 0x1b, 0x12, 0x10, 0x17, 0x13, 0x8f, 0x08, 0x1b, 0x87, 0x95,
    0x1e, 0x04, 0x91, 0x03, 0x10, 0x02, 0xa0, 0x1b, 0x03, 0x1a, 0x84, 0x24,
    0xa3, 0x0b, 0x1d, 0x25, 0x9c, 0xa3, 0x26, 0x0d, 0x04, 0x9d, 0x06, 0x8f,
    0x90, 0x1a, 0x24, 0x97, 0x9b, 0x8e, 0x14, 0x9b, 0x03, 0x15, 0x13, 0x0a,
    0x82, 0x1e, 0x17, 0x9a, 0x21, 0x97, 0x84, 0x97, 0x89, 0x22, 0x17, 0x9b,
    0x2a, 0x21, 0x08, 0x28, 0x05, 0x93, 0x03, 0xa1, 0x1f, 0x1e, 0x9c, 0x04,
    0x9c, 0xa0, 0x96, 0x1b, 0x10, 0x24, 0x88, 0x99, 0x1c, 0x95, 0x8b, 0x0c,
    0x99, 0x22, 0x9d, 0x15, 0x92, 0xa0, 0x91, 0x9b, 0x02, 0x9c, 0x25, 0xa5,
    0xa1, 0x05, 0x9a, 0x1c, 0x95, 0x8f, 0x91, 0x05, 0x1a, 0x0f, 0x0f, 0x21,
    0x17, 0x93, 0x0c, 0x98, 0x17, 0x85, 0x14, 0x88, 0x26, 0x15, 0x05, 0x21,
    0x93, 0x21, 0x20, 0x9f, 0x17, 0x94, 0xa9, 0x08, 0x94, 0x0a, 0x29, 0x9b,
    0x92, 0x13, 0x06, 0x16, 0x19, 0x9a, 0x16, 0x1d, 0x9b, 0x82, 0x22, 0x13,
    0x10, 0x9a, 0x17, 0x94, 0x05, 0x15, 0x09, 0x1a, 0xa3, 0x24, 0x93, 0x1f,
    0xa5, 0x1c, 0x06, 0x9c, 0x93, 0x17, 0x04, 0x02, 0x24, 0x16, 0xa7, 0x01,
    0x23, 0x1b, 0x92, 0x11, 0x04, 0xa9, 0x19, 0x9e, 0x1f, 0x8c, 0x1d, 0x99,
    0x9f, 0x00, 0x0e, 0x93, 0x1f, 0x81, 0x12, 0x8d, 0x1f, 0xa7, 0xa1, 0x1d,
    0x83, 0x25, 0x16, 0x93, 0x14, 0xa3, 0x8b, 0x1c, 0x1c, 0x8e, 0x08, 0x82,
    0x16, 0x22, 0x96, 0x08, 0x8c, 0x98, 0x1c, 0x8f, 0x8a, 0x85, 0x22, 0x0a,
    0x17, 0x94, 0x21, 0x9f, 0xa4, 0x99, 0x22, 0x0e, 0x24, 0xac, 0x1f, 0x91,
    0x19, 0x25, 0x88, 0x12, 0x29, 0x15, 0x10, 0x08, 0x9a, 0x9e, 0x07, 0x00,
    0x13, 0x22, 0x1c, 0x93, 0x29, 0x25, 0x9d, 0x98, 0x02, 0x20, 0x98, 0x20,
    0x11, 0x93, 0x8d, 0x14, 0x25, 0x23, 0x23, 0x19, 0x11, 0x13, 0xa8, 0x24,
    0xa3, 0x9a, 0x86, 0x82, 0x18, 0x19, 0x19, 0x05, 0x17, 0x9a, 0x0a, 0x92,
    0x85, 0x08, 0x22, 0x10, 0xa1, 0x96, 0x94, 0x07, 0x10, 0x07, 0x19, 0x21,
    0x9a, 0x1b, 0xa1, 0x2a, 0x90, 0x10, 0x9d, 0x0f, 0x17, 0xa3, 0x17, 0x9e,
    0x99, 0x1c, 0x15, 0x15, 0xa1, 0x12, 0x84, 0x1b, 0x1f, 0x9c, 0x21, 0x19,
    0x21, 0x25, 0x1b, 0x10, 0x81, 0x18, 0x21, 0xa4, 0x8b, 0xa1, 0x8b, 0xa1,
    0x86, 0x94, 0x15, 0x9e, 0xa0, 0x10, 0x24, 0xa1, 0x1e, 0x1f, 0x99, 0x0f,
    0x99, 0x00, 0x1a, 0x9f, 0xa0, 0x14, 0x1f, 0x15, 0x10, 0x1c, 0x19, 0x98,
    0x1d, 0x26, 0x9b, 0x97, 0x23, 0x9e, 0x94, 0x8e, 0x93, 0xa7, 0x98, 0xa3,
    0x12, 0xa3, 0x18, 0x1d, 0x19, 0x11, 0x12, 0x8e, 0x88, 0x95, 0x8f, 0x19,
    0x85, 0x16, 0x08, 0x22, 0x80, 0x12, 0x18, 0x8b, 0x15, 0x8c, 0x06, 0x16,
    0x09, 0x18, 0x85, 0x90, 0x10, 0x18, 0x99, 0x12, 0xa0, 0x8f, 0x12, 0x84,
    0x02, 0x91, 0x07, 0x9c, 0x9c, 0x1a, 0x8a, 0x0c, 0x0b, 0x15, 0x8e, 0x11,
    0x1d, 0x17, 0x0c, 0x89, 0x0d, 0x85, 0x92, 0x9d, 0x97, 0xa3, 0x90, 0x88,
    0x93, 0x1e, 0x17, 0x9e, 0x9b, 0x8b, 0x8d, 0x16, 0x96, 0x18, 0x17, 0x11,
    0x11, 0x99, 0x95, 0x02, 0x19, 0x12, 0x85, 0x0d, 0x8d, 0x0d, 0x15, 0x15,
    0x18, 0x92, 0x99, 0xa3, 0x04, 0x0d, 0x88, 0x83, 0x09, 0x14, 0x16, 0x87,
    0x18, 0x01, 0x06, 0x8e, 0x8e, 0x1d, 0x0a, 0x8f, 0xa1, 0x19, 0x82, 0x8a,
    0x11, 0x13, 0x89, 0x09, 0x01, 0x15, 0x8b, 0x8d, 0x9a, 0x01, 0x06, 0x1d,
    0x9b, 0x84, 0x0f, 0x9e, 0x83, 0x9a, 0x87, 0x96, 0x97, 0x9d, 0x17, 0x1e,
    0x12, 0x00, 0x97, 0x06, 0x8a, 0x0d, 0x97, 0x0c, 0x19, 0x92, 0x07, 0x0f,
    0x9e, 0x18, 0x9e, 0x0b, 0x12, 0x9a, 0x94, 0x15, 0x06, 0x11, 0x10, 0x12,
    0x9b, 0x86, 0x07, 0x1a, 0x1f, 0x90, 0x88, 0x0e, 0x02, 0x19, 0x02, 0x19,
    0x19, 0xa0, 0x95, 0x14, 0x08, 0x11, 0x93, 0x17, 0x90, 0x9e, 0x98, 0x98,
    0x9d, 0x21, 0x1d, 0x08, 0x1a, 0x9d, 0x96, 0x0a, 0x9a, 0x09, 0x85, 0x18,
    0x99, 0x9a, 0x28, 0x9e, 0x12, 0x88, 0x8a, 0x0e, 0x82, 0xa1, 0x06, 0x8e,
    0x97, 0x8c, 0x88, 0x86, 0x92, 0x18, 0x11, 0x8f, 0x94, 0x0c, 0x1e, 0x9b,
    0x97, 0x1b, 0x14, 0x8e, 0x0a, 0x05, 0x93, 0x02, 0xa5, 0x05, 0x0e, 0x91,
    0x1d, 0x9c, 0x8c, 0x8f, 0x84, 0x11, 0x8c, 0x05, 0x81, 0x92, 0x90, 0x02,
    0x11, 0x05, 0x0b, 0x93, 0x04, 0x99, 0x1f, 0x03, 0x92, 0x9f, 0x10, 0x92,
    0x9b, 0x14, 0x07, 0x1b, 0x01, 0x1a, 0xa1, 0x91, 0x12, 0x9c, 0x81, 0x0e,
    0x1b, 0x1b, 0x11, 0x98, 0x22, 0x96, 0x02, 0x9c, 0x11, 0x1a, 0x94, 0x95,
    0x92, 0x93, 0x98, 0x1b, 0x85, 0x1e, 0x12, 0x0c, 0x9b, 0x96, 0x10, 0x9c,
    0x23, 0x10, 0x21, 0x89, 0x11, 0x03, 0x05, 0x0b, 0x98, 0x10, 0x10, 0x92,
    0x8d, 0x90, 0x0c, 0x98, 0x1f, 0x97, 0x87, 0x97, 0x12, 0x14, 0x9a, 0x1a,
    0x1a, 0x99, 0x95, 0x92, 0x8a, 0x9d, 0x87, 0x90, 0x16, 0xa0, 0x0a, 0x97,
    0x87, 0x9f, 0x08, 0x95, 0x90, 0x20, 0x10, 0x91, 0x96, 0x91, 0x81, 0x88,
    0x99, 0x01, 0x99, 0x1b, 0x23, 0x8f, 0x0c, 0x18, 0x9a, 0x91, 0x88, 0x10,
    0x1e, 0x10, 0x10, 0x1b, 0x18, 0x11, 0x99, 0x21, 0x11, 0x82, 0x99, 0x95,
    0x82, 0x99, 0x19, 0x8e, 0x87, 0x96, 0x20, 0x0a, 0x16, 0x84, 0x0c, 0x99,
    0x94, 0x8f, 0x1b, 0x00, 0x23, 0x94, 0x91, 0x9c, 0x0a, 0x9f, 0x8b, 0x85,
    0x93, 0x9e, 0x86, 0x90, 0x94, 0x88, 0x12, 0x07, 0x86, 0x84, 0x09, 0x96,
    0x03, 0x0e, 0x19, 0x98, 0x0c, 0x14, 0x91, 0x81, 0xa9, 0x90, 0x8d, 0x81,
    0x8d, 0x9c, 0x9b, 0x99, 0x9a, 0x88, 0x08, 0xa2, 0x23, 0x04, 0x1b, 0x85,
    0x93, 0x87, 0x0d, 0x9a, 0x09, 0x8b, 0x8b, 0x11, 0x18, 0x82, 0x0d, 0x1b,
    0x9d, 0x12, 0x17, 0x12, 0x9c, 0x9a, 0x17, 0x05, 0x11, 0x81, 0x10, 0x87,
    0x22, 0x99, 0x1b, 0x9a, 0x14, 0x9c, 0x9b, 0x9f, 0x19, 0x0b, 0x13, 0x92,
    0x83, 0x8e, 0x91, 0x94, 0x91, 0x81, 0x96, 0x0a, 0x95, 0x97, 0x9f, 0x05,
    0xa1, 0x98, 0x1c, 0x9a, 0x90, 0xa0, 0x85, 0x16, 0x95, 0x1d, 0x8a, 0x99,
    0x9b, 0x86, 0x0a, 0x9a, 0x91, 0x22, 0x92, 0x16, 0x02, 0x99, 0x99, 0x1c,
    0x9e, 0x0c, 0x87, 0x83, 0x90, 0xa2, 0x13, 0x0f, 0xa4, 0x17, 0x02, 0x03,
    0x91, 0x95, 0x04, 0x96, 0x18, 0x01, 0x19, 0x98, 0x1b, 0x1e, 0x94, 0x93,
    0x91, 0xa1, 0x90, 0x8b, 0x05, 0x8d, 0x15, 0x95, 0x04, 0x8d, 0x8a, 0xa2,
    0x13, 0x12, 0x85, 0x97, 0x06, 0x20, 0x05, 0x17, 0x95, 0x82, 0x95, 0x99,
    0x20, 0x1e, 0x9c, 0x93, 0x8e, 0x02, 0x19, 0x10, 0x98, 0x99, 0x04, 0x0b,
    0x13, 0x18, 0x19, 0x9d, 0x1c, 0x1a, 0x16, 0x99, 0x92, 0x0f, 0x8f, 0x1c,
    0xa1, 0x8c, 0x96, 0x12, 0x1c, 0x13, 0x10, 0x14, 0x20, 0x21, 0x0c, 0xa2,
    0xa7, 0xa1, 0x83, 0x85, 0x9c, 0x1c, 0x8b, 0x11, 0x88, 0x09, 0x83, 0x1c,
    0x8d, 0x91, 0x18, 0x09, 0x19, 0x04, 0x91, 0x14, 0x90, 0x10, 0x1d, 0x24,
    0x9a, 0xa0, 0x9c, 0x10, 0x02, 0x21, 0x8c, 0x15, 0x0e, 0x06, 0x10, 0x1d,
    0x15, 0x13, 0x9c, 0x91, 0x9d, 0x09, 0x87, 0x18, 0x9e, 0x0f, 0x90, 0xa1,
    0x20, 0xa1, 0x81, 0x95, 0x07, 0x91, 0x1b, 0x1a, 0x10, 0x95, 0x22, 0x02,
    0x0a, 0x1a, 0x20, 0x99, 0x84, 0x1c, 0x12, 0x9a, 0x97, 0x1c, 0x83, 0x18,
    0x86, 0x12, 0x8d, 0x93, 0x02, 0x01, 0x9a, 0x93, 0x99, 0xa5, 0x92, 0x1b,
    0x8b, 0x00, 0x25, 0x85, 0x09, 0x11, 0x92, 0x19, 0x9a, 0x9e, 0x84, 0x0c,
    0x96, 0x92, 0x18, 0x03, 0x9a, 0x1f, 0x07, 0x0a, 0x12, 0x86, 0x8e, 0x11,
    0x94, 0x21, 0x00, 0x19, 0x19, 0xa2, 0x13, 0x1a, 0x86, 0x0a, 0x08, 0xa6,
    0x8b, 0x98, 0x15, 0x8b, 0x06, 0x93, 0x08, 0x80, 0x05, 0x99, 0x1f, 0x1b,
    0x99, 0x0d, 0x12, 0x19, 0x99, 0x1e, 0x13, 0x96, 0x8d, 0x0c, 0x85, 0xa0,
    0x21, 0x9a, 0xa1, 0x02, 0x02, 0x05, 0x81, 0x23, 0x81, 0x8f, 0x1a, 0x9a,
    0x83, 0x1a, 0x04, 0x1d, 0x11, 0x06, 0x87, 0x1f, 0x0f, 0x9a, 0x10, 0x16,
    0x8c, 0x19, 0x81, 0x94, 0x94, 0x9d, 0x90, 0x0e, 0x1d, 0x96, 0x9b, 0x0c,
    0x83, 0x92, 0x8a, 0x91, 0x1f, 0x08, 0xa1, 0x97, 0x17, 0x98, 0x25, 0x21,
    0x8c, 0x1a, 0x19, 0x1a, 0x1d, 0x85, 0x9a, 0x96, 0x8a, 0x0a, 0x08, 0x85,
    0x93, 0x02, 0x19, 0x84, 0xa3, 0x99, 0x8e, 0x0f, 0x8d, 0x09, 0x90, 0x15,
    0x22, 0x10, 0x85, 0x0c, 0x8e, 0x1c, 0x02, 0x0d, 0x0d, 0x8e, 0x08, 0x89,
    0x1b, 0x84, 0x0c, 0x20, 0x17, 0x9d, 0x0b, 0xa1, 0x81, 0x19, 0xa1, 0x03,
    0x85, 0x1a, 0x10, 0x99, 0x98, 0x05, 0x1a, 0x9a, 0x0d, 0x94, 0x06, 0x03,
    0x86, 0x00, 0x0d, 0x10, 0x91, 0x0a, 0x95, 0x06, 0x9b, 0x1c, 0x01, 0x1b,
    0x86, 0x0a, 0x97, 0x93, 0x13, 0x98, 0x9d, 0x8b, 0x8d, 0x22, 0x84, 0x03,
    0x17, 0x8e, 0x9b, 0x91, 0x82, 0x06, 0x88, 0x99, 0x12, 0x19, 0x89, 0x0a,
    0x9f, 0x8d, 0x9a, 0x13, 0x82, 0x81, 0x88, 0x18, 0x17, 0x0c, 0x09, 0x94,
    0x02, 0x02, 0x9b, 0x9b, 0x99, 0x87, 0x1a, 0x02, 0x14, 0x0c, 0x8f, 0x8b,
    0x11, 0x8d, 0x9e, 0x0d, 0x94, 0x94, 0x0a, 0x85, 0x19, 0x1f, 0x95, 0x04,
    0x1a, 0x12, 0x87, 0x9b, 0x92, 0x24, 0x19, 0x90, 0x15, 0x81, 0x1f, 0x9f,
    0x95, 0x15, 0x18, 0x1d, 0x83, 0x04, 0x19, 0x8b, 0x99, 0x21, 0x89, 0x8d,
    0x0e, 0x18, 0x86, 0x06, 0x12, 0x18, 0x17, 0x98, 0x11, 0x06, 0x9d, 0x1f,
    0x06, 0x09, 0x14, 0x9b, 0x8d, 0x86, 0x95, 0x94, 0x1b, 0x21, 0x13, 0x97,
    0x1c, 0x23, 0x19, 0xa3, 0x92, 0xa2, 0x12, 0x9b, 0x9c, 0x91, 0x18, 0x0d,
    0x9c, 0x87, 0x1b, 0x17, 0x10, 0x8d, 0x1a, 0x0f, 0x9a, 0x1d, 0x0e, 0x85,
    0x08, 0x86, 0x93, 0x16, 0x1d, 0x98, 0x11, 0x1a, 0x99, 0x18, 0xa0, 0x0e,
    0x1b, 0x9e, 0x96, 0x98, 0x83, 0x17, 0x86, 0x04, 0x1b, 0x15, 0x95, 0x1d,
    0x8d, 0x01, 0x9e, 0x93, 0xa1, 0x12, 0x02, 0x17, 0x09, 0x92, 0x0c, 0x94,
    0x1e, 0x18, 0x9e, 0x0a, 0x81, 0x21, 0x13, 0xa9, 0x85, 0x8f, 0x9d, 0x21,
    0x17, 0xa8, 0x91, 0x97, 0x16, 0x17, 0x91, 0x96, 0x94, 0x8d, 0x17, 0x20,
    0x8a, 0x18, 0x98, 0x05, 0xa4, 0x07, 0x16, 0x98, 0x18, 0xa2, 0x8f, 0x1d,
    0xa3, 0x10, 0x26, 0x80, 0xa1, 0x95, 0x25, 0x96, 0x20, 0x1a, 0x19, 0x01,
    0x90, 0x22, 0x21, 0xa1, 0x1e, 0x94, 0x10, 0x9e, 0x9d, 0x8c, 0x0f, 0x19,
    0x9a, 0x23, 0x20, 0x20, 0x1e, 0x1b, 0x20, 0x81, 0x98, 0x14, 0x99, 0x9a,
    0x9a, 0x03, 0x8e, 0x8c, 0x97, 0x29, 0x23, 0x17, 0xa2, 0x20, 0x9b, 0x15,
    0x1b, 0x09, 0x96, 0x09, 0x91, 0x1a, 0x19, 0x9b, 0x1d, 0x8b, 0x8f, 0x99,
    0x05, 0x1c, 0x9c, 0x8f, 0xa0, 0x1b, 0x0b, 0x1d, 0x93, 0x12, 0x08, 0x91,
    0x21, 0x99, 0x18, 0x98, 0x16, 0x9d, 0x21, 0x1c, 0x0b, 0x16, 0x0b, 0x81,
    0x18, 0x9a, 0x03, 0x94, 0xa7, 0x8b, 0x24, 0x10, 0x9c, 0x95, 0x97, 0x84,
    0x9a, 0x14, 0x07, 0xa3, 0x96, 0x82, 0xa2, 0x90, 0x24, 0x11, 0x17, 0x0f,
    0x98, 0xa2, 0x0e, 0x02, 0x1e, 0xa0, 0x8c, 0x9a, 0xa4, 0x18, 0x03, 0x99,
    0x20, 0x1b, 0x9b, 0x92, 0x8c, 0x06, 0x94, 0x05, 0x18, 0x19, 0x25, 0x94,
    0x89, 0x17, 0x22, 0x86, 0x84, 0xa6, 0x21, 0x1d, 0x13, 0x80, 0x07, 0x9f,
    0x08, 0x1e, 0x9f, 0x22, 0x95, 0x85, 0x16, 0x0a, 0x96, 0x8d, 0x1e, 0x0b,
    0x00, 0x92, 0x24, 0x09, 0x9c, 0x1d, 0x9e, 0x28, 0x10, 0x1f, 0x1b, 0x07,
    0xa1, 0xa6, 0x1f, 0x21, 0x85, 0x11, 0x97, 0x93, 0xa3, 0x91, 0x98, 0x97,
    0x15, 0xa0, 0x15, 0x06, 0x9a, 0x87, 0x26, 0x9a, 0x17, 0x19, 0x1b, 0x99,
    0x15, 0x9e, 0x19, 0x9a, 0x11, 0x10, 0x15, 0x9b, 0x09, 0x81, 0x18, 0x88,
    0x9b, 0x87, 0x98, 0x88, 0x93, 0x15, 0x18, 0x8e, 0x22, 0x94, 0x1c, 0x16,
    0x17, 0x90, 0x21, 0x24, 0x16, 0x07, 0x1c, 0xa3, 0x19, 0x84, 0x0c, 0x18,
    0x15, 0x1a, 0x9b, 0x24, 0x95, 0xa8, 0x9e, 0x99, 0x1c, 0x07, 0x9e, 0x84,
    0x21, 0x1b, 0x12, 0x96, 0x08, 0x9d, 0x11, 0x98, 0x9f, 0x06, 0x17, 0x14,
    0xa1, 0x9f, 0x21, 0x90, 0x8b, 0x8f, 0x16, 0x98, 0x14, 0x1a, 0xa1, 0x0b,
    0xa1, 0x1a, 0x23, 0x96, 0x20, 0x98, 0x9d, 0x1a, 0x13, 0xa7, 0x14, 0x9b,
    0x1b, 0x1a, 0x19, 0x91, 0x18, 0x14, 0x1a, 0x9e, 0x22, 0x8b, 0x06, 0x88,
    0x15, 0x18, 0x04, 0x14, 0xa7, 0x14, 0x94, 0x9b, 0x95, 0x9b, 0x97, 0x16,
    0x2a, 0x9a, 0x18, 0x9c, 0x1b, 0x89, 0x05, 0x8d, 0x9e, 0x11, 0x8c, 0x81,
    0x93, 0x12, 0x10, 0x9a, 0x15, 0xa2, 0x9e, 0xa4, 0x92, 0x13, 0xaa, 0x1a,
    0x1d, 0x19, 0xa0, 0x20, 0x83, 0x97, 0x0d, 0x98, 0x18, 0xa1, 0x9d, 0x8a,
    0x0e, 0x03, 0x13, 0x1c, 0x84, 0x17, 0x8c, 0x95, 0x99, 0x19, 0xa3, 0x99,
    0x99, 0xa0, 0x03, 0x14, 0x1e, 0x27, 0x9e, 0x9e, 0x92, 0x8b, 0x0c, 0x86,
    0xa3, 0x19, 0x23, 0x98, 0x13, 0x21, 0x07, 0x19, 0x82, 0x18, 0xa2, 0x9a,
    0x9e, 0x95, 0x1c, 0x11, 0xa2, 0x91, 0x05, 0x93, 0x1c, 0x1b, 0x21, 0x87,
    0x24, 0x83, 0x1c, 0x86, 0xa2, 0x99, 0x98, 0x05, 0x0b, 0x19, 0x9e, 0x24,
    0x96, 0x12, 0x98, 0x26, 0x19, 0x19, 0x06, 0x82, 0x12, 0x9d, 0x92, 0x1d,
    0x14, 0x13, 0x19, 0x21, 0x80, 0x00, 0x23, 0x19, 0x1d, 0x18, 0x01, 0x8f,
    0x1b, 0x03, 0x08, 0x93, 0x2a, 0x14, 0x87, 0x18, 0x20, 0x1a, 0x9b, 0xa2,
    0x91, 0x87, 0x1d, 0x82, 0x10, 0x03, 0x1a, 0xa0, 0x99, 0x11, 0x98, 0xa1,
    0x15, 0x9a, 0x99, 0x99, 0x22, 0x19, 0x9d, 0x19, 0x9e, 0x22, 0x92, 0x99,
    0x8e, 0x0a, 0xa1, 0x19, 0xa0, 0x99, 0x1d, 0x1f, 0x95, 0x9c, 0x07, 0x8b,
    0x02, 0x13, 0x07, 0x0a, 0x1a, 0x0d, 0x02, 0xa2, 0x88, 0x20, 0x9c, 0x1d,
    0x06, 0x92, 0x9e, 0x1c, 0x9c, 0x85, 0x9b, 0x15, 0x05, 0x1f, 0xa0, 0x12,
    0x29, 0x1d, 0xa6, 0x01, 0x11, 0x06, 0x9b, 0x97, 0xa0, 0x85, 0x09, 0x8e,
    0x99, 0xa3, 0x1c, 0x9e, 0x82, 0x0f, 0x18, 0x1a, 0x13, 0xa1, 0xa2, 0x0c,
    0x09, 0x24, 0x0d, 0x1e, 0x27, 0x1a, 0x8f, 0xa6, 0x16, 0x9f, 0x1e, 0x87,
    0x96, 0x0c, 0x10, 0x1c, 0x16, 0x19, 0x99, 0x0c, 0x0c, 0xa2, 0x9a, 0x1b,
    0x98, 0x9f, 0x0e, 0x8d, 0x1c, 0x1e, 0xa2, 0x91, 0x9b, 0x84, 0x21, 0x21,
    0x1f, 0x8a, 0xa2, 0x12, 0xaa, 0x96, 0x11, 0x99, 0x15, 0x99, 0x8b, 0x96,
    0x95, 0x86, 0x0f, 0x12, 0x0f, 0x84, 0x1b, 0x01, 0x90, 0x1c, 0x11, 0x8c,
    0x99, 0x16, 0x20, 0x1a, 0x9f, 0x95, 0x98, 0x19, 0xa3, 0x1c, 0x97, 0x9a,
    0xa8, 0x13, 0x1d, 0xa1, 0x13, 0x16, 0x12, 0x8a, 0x9b, 0xa2, 0x06, 0x15,
    0x9a, 0x27, 0x87, 0x92, 0x0a, 0x92, 0x17, 0x02, 0x08, 0x25, 0x9c, 0x95,
    0x18, 0x24, 0x9c, 0x91, 0x0d, 0x87, 0x01, 0x9c, 0x06, 0x1a, 0x10, 0xa0,
    0x91, 0x84, 0x91, 0x0e, 0x8c, 0x99, 0x0a, 0x92, 0x22, 0x88, 0x09, 0x9d,
    0x19, 0x0a, 0xa2, 0x86, 0x9f, 0x1b, 0xa3, 0xa0, 0x14, 0xa4, 0x17, 0x17,
    0x9b, 0x17, 0x0a, 0x8e, 0x18, 0x13, 0x8e, 0x9c, 0x11, 0x0b, 0x02, 0x11,
    0x08, 0x84, 0x9e, 0x11, 0x00, 0x1a, 0x92, 0x23, 0x9c, 0x15, 0x21, 0x22,
    0x13, 0xa2, 0x1f, 0x0b, 0x05, 0x9b, 0x85, 0x05, 0x9b, 0x16, 0x21, 0x89,
    0x97, 0x92, 0x8b, 0x98, 0x84, 0x8e, 0x12, 0x86, 0x92, 0x90, 0x15, 0x95,
    0x20, 0x8e, 0x07, 0x9d, 0x9c, 0x17, 0x0d, 0x9f, 0x86, 0x1d, 0x9e, 0x29,
    0x8d, 0x92, 0x9c, 0xa2, 0x1e, 0x1a, 0x9c, 0xa6, 0x1e, 0x9c, 0x9b, 0x84,
    0x18, 0x21, 0x87, 0x93, 0x10, 0x9e, 0x8f, 0x0d, 0x97, 0x21, 0x8c, 0x19,
    0x92, 0xa3, 0x9a, 0x99, 0x9b, 0x99, 0x27, 0xa4, 0xa1, 0x19, 0x03, 0x20,
    0x8c, 0x94, 0x8c, 0x90, 0x1c, 0x11, 0x11, 0x1a, 0x12, 0x98, 0x0b, 0x99,
    0x17, 0x0c, 0x10, 0x0c, 0x27, 0x1c, 0x04, 0x23, 0x8c, 0x1d, 0x22, 0x9a,
    0x1a, 0x98, 0xa9, 0x01, 0x97, 0x0d, 0x29, 0x9a, 0x92, 0x02, 0x07, 0x1b,
    0x17, 0x9b, 0x11, 0x1f, 0xa0, 0x10, 0x1f, 0x13, 0x0d, 0x9b, 0x18, 0x93,
    0x0f, 0x17, 0x04, 0x18, 0xa3, 0x24, 0x01, 0x1d, 0xa2, 0x1c, 0x0c, 0xa0,
    0x96, 0x0d, 0x1a, 0x09, 0x24, 0x17, 0xa7, 0x17, 0x1e, 0x1e, 0x8c, 0x19,
    0x87, 0xa5, 0x0e, 0x9a, 0x21, 0x00, 0x1a, 0x91, 0x11, 0x12, 0x1a, 0x9d,
    0x21, 0x1e, 0x1a, 0x15, 0x8e, 0xa9, 0x9c, 0x18, 0x1d, 0x1c, 0x88, 0x9c,
    0x8d, 0x9c, 0x85, 0x11, 0x21, 0x94, 0x1f, 0x9e, 0x1e, 0x1f, 0x82, 0x19,
    0x85, 0x8f, 0x21, 0x9c, 0x9d, 0x99, 0x1e, 0x02, 0x19, 0x93, 0x1f, 0xa1,
    0x92, 0x8a, 0x81, 0x1e, 0x24, 0xa8, 0x21, 0x11, 0x13, 0x20, 0x99, 0x1a,
    0x27, 0x15, 0x95, 0x19, 0x17, 0x9e, 0x15, 0x8c, 0x17, 0x1d, 0x1b, 0x9a,
    0x23, 0x20, 0x9a, 0x8d, 0x92, 0x13, 0x9b, 0x06, 0x0f, 0x87, 0x0e, 0x81,
    0x1f, 0x29, 0x23, 0x1d, 0x14, 0x13, 0xa9, 0x21, 0xa0, 0x98, 0x8c, 0x18,
    0x86, 0x11, 0x06, 0x1c, 0x0d, 0x9b, 0x0c, 0x95, 0x86, 0x04, 0x1b, 0x87,
    0xa3, 0x11, 0x05, 0x18, 0x1c, 0x82, 0x8b, 0x22, 0x97, 0x12, 0x9f, 0x27,
    0x94, 0x08, 0x9b, 0x1c, 0x12, 0xa3, 0x15, 0x99, 0x93, 0x91, 0x20, 0x06,
    0xa0, 0x0e, 0x13, 0x8f, 0x97, 0xa0, 0x17, 0x10, 0x18, 0x22, 0x0a, 0x02,
    0x18, 0x19, 0x9d, 0x96, 0x9a, 0x81, 0x8c, 0x94, 0x0f, 0x9d, 0x8f, 0x9d,
    0x9b, 0x11, 0x14, 0x9d, 0x0f, 0x0f, 0xa2, 0x01, 0x9b, 0x09, 0x1b, 0x9d,
    0x8c, 0x1d, 0x21, 0x07, 0x0a, 0x24, 0x18, 0x18, 0x1f, 0x22, 0x1a, 0x9d,
    0x24, 0xa0, 0x89, 0x96, 0x0b, 0xa4, 0x09, 0xa0, 0x0d, 0xa5, 0x1d, 0x12,
    0x06, 0x82, 0x81, 0x04, 0x03, 0x0e, 0x14, 0x11, 0x0d, 0x0c, 0x91, 0x09,
    0x1c, 0x1e, 0x10, 0x11, 0x0a, 0x88, 0x85, 0x21, 0x11, 0x1c, 0x81, 0x89,
    0x0d, 0x15, 0x99, 0x11, 0x90, 0x87, 0x0b, 0x19, 0x02, 0x81, 0x87, 0x98,
    0x97, 0x06, 0x08, 0x19, 0x82, 0x11, 0x80, 0x13, 0x1c, 0x10, 0x93, 0x8a,
    0x09, 0x02, 0x15, 0x8f, 0x94, 0x9a, 0x0d, 0x01, 0x93, 0x10, 0x0c, 0x86,
    0xa1, 0x95, 0x18, 0x13, 0x9a, 0x04, 0x86, 0x15, 0x0a, 0x99, 0x84, 0x8a,
    0x1a, 0x0d, 0x14, 0x9a, 0x13, 0x16, 0x00, 0x17, 0x99, 0x01, 0xa0, 0xa1,
    0x0d, 0x05, 0x89, 0x8c, 0x8e, 0x15, 0x96, 0x95, 0x1b, 0x8e, 0x1a, 0x81,
    0x87, 0x00, 0x18, 0x97, 0x9c, 0x17, 0x8a, 0x1a, 0x1d, 0x05, 0x0c, 0x1e,
    0x8b, 0x88, 0x94, 0x92, 0x83, 0x9a, 0x99, 0x22, 0x91, 0x0c, 0x96, 0x07,
    0x9e, 0x9d, 0x12, 0x92, 0x1d, 0x06, 0x9d, 0x0e, 0x15, 0x05, 0x0e, 0x1c,
    0x90, 0x95, 0x98, 0x98, 0x06, 0x11, 0x96, 0x1b, 0x93, 0x18, 0x89, 0x83,
    0x9d, 0x15, 0x18, 0x00, 0x9c, 0x18, 0x90, 0x92, 0x1a, 0x0f, 0x0d, 0x9d,
    0x93, 0x8c, 0x05, 0x16, 0x85, 0x0e, 0x8b, 0x03, 0x15, 0x88, 0x85, 0x97,
    0x1a, 0x05, 0x9c, 0x9b, 0x99, 0x8f, 0xa0, 0x94, 0x92, 0x1e, 0x1b, 0x10,
    0x16, 0x98, 0x93, 0x84, 0x99, 0x05, 0x8d, 0x14, 0x97, 0xa1, 0x28, 0x9c,
    0x15, 0x99, 0x11, 0x02, 0x08, 0x92, 0x12, 0x95, 0x15, 0x02, 0x95, 0x98,
    0x17, 0x1e, 0x84, 0x9e, 0x1d, 0x88, 0x92, 0x04, 0x0f, 0x1a, 0x90, 0x1a,
    0x8f, 0x14, 0x84, 0x03, 0x01, 0x14, 0x9c, 0x85, 0x19, 0x9b, 0x81, 0x07,
    0x13, 0x10, 0x09, 0x83, 0x91, 0x03, 0x8e, 0x12, 0x17, 0x0d, 0x1b, 0x85,
    0x91, 0x00, 0x21, 0x10, 0x92, 0x9d, 0x89, 0xa0, 0x91, 0x04, 0x80, 0x1a,
    0x9b, 0x1b, 0x99, 0x88, 0x17, 0x20, 0x83, 0x02, 0x13, 0xa2, 0x98, 0x1a,
    0x04, 0x97, 0x17, 0x23, 0x9a, 0x0a, 0x24, 0xa1, 0x85, 0x83, 0x1c, 0xa2,
    0x97, 0x93, 0x14, 0x96, 0x93, 0x0c, 0x81, 0x99, 0xa0, 0x8d, 0x26, 0x84,
    0x12, 0x82, 0x0a, 0x95, 0x8f, 0x13, 0x13, 0x90, 0x8c, 0x82, 0x0e, 0x98,
    0x1b, 0x8f, 0x84, 0x9c, 0x1d, 0x12, 0x92, 0x1d, 0x12, 0x08, 0x91, 0x93,
    0x1a, 0x9f, 0x9b, 0x07, 0x92, 0x9f, 0x0e, 0x92, 0x08, 0x14, 0x03, 0x9d,
    0x98, 0x92, 0x84, 0x12, 0x0a, 0x20, 0x02, 0x1b, 0x9c, 0x9c, 0x92, 0x98,
    0xa7, 0x90, 0x16, 0x10, 0x99, 0x94, 0x01, 0x14, 0x93, 0x98, 0x0c, 0x97,
    0x0e, 0x15, 0x13, 0x06, 0x18, 0x1c, 0xa2, 0x96, 0x84, 0x05, 0x12, 0x98,
    0x99, 0x92, 0x1f, 0x9b, 0x15, 0x08, 0x85, 0x90, 0xa1, 0x95, 0x23, 0x9d,
    0x16, 0xa0, 0x83, 0xa3, 0xa1, 0x8e, 0x80, 0x81, 0x9b, 0x9d, 0x1e, 0x15,
    0x9a, 0xa0, 0x07, 0x94, 0x85, 0x14, 0x18, 0x0a, 0x0a, 0x01, 0x01, 0x11,
    0x8a, 0x1a, 0x86, 0x0b, 0x25, 0x8f, 0x15, 0x18, 0x8a, 0x15, 0x82, 0x19,
    0x19, 0x82, 0x1a, 0x21, 0x14, 0x19, 0x9a, 0x1f, 0x90, 0x93, 0x12, 0x08,
    0x91, 0x18, 0x08, 0x90, 0x1a, 0x88, 0x0b, 0x11, 0x0b, 0x18, 0x05, 0x1a,
    0x83, 0x8f, 0x17, 0x1b, 0x0f, 0x13, 0x14, 0x93, 0x1f, 0x99, 0x16, 0x8b,
    0x01, 0x9d, 0x04, 0x8e, 0x0f, 0xa2, 0x17, 0x93, 0x09, 0x1a, 0x1a, 0x95,
    0x17, 0x02, 0x93, 0x8f, 0x12, 0x00, 0x9c, 0x17, 0x99, 0x9a, 0x07, 0x10,
    0x86, 0x93, 0x95, 0x20, 0x8c, 0x1c, 0x0a, 0x8f, 0x21, 0x1d, 0x99, 0x8b,
    0x99, 0x1d, 0x8c, 0x18, 0x0f, 0x92, 0x99, 0x11, 0x9e, 0x02, 0x86, 0xa1,
    0x04, 0xa0, 0x9b, 0x18, 0xa4, 0x08, 0x88, 0x88, 0x94, 0x96, 0x16, 0x98,
    0x1c, 0x0b, 0x17, 0x86, 0x25, 0x1a, 0x95, 0x98, 0x86, 0x9c, 0x9b, 0x98,
    0x06, 0x9a, 0x88, 0x13, 0x8d, 0x87, 0x95, 0x16, 0xa3, 0x06, 0x10, 0x80,
    0x83, 0x86, 0x0c, 0x19, 0x19, 0x87, 0x1a, 0x8c, 0x06, 0x8c, 0x19, 0x1d,
    0x99, 0x1a, 0x98, 0x94, 0x03, 0x98, 0x11, 0x0e, 0x19, 0x03, 0x8b, 0x8c,
    0x1f, 0x07, 0x17, 0x20, 0x96, 0x9b, 0x09, 0x0d, 0x9c, 0x86, 0x14, 0x1a,
    0x21, 0x13, 0x0d, 0x21, 0x1f, 0x19, 0x19, 0xa4, 0xa5, 0xa3, 0x91, 0x9c,
    0x9b, 0x16, 0x8f, 0x86, 0x93, 0x11, 0x99, 0x22, 0x94, 0x98, 0x18, 0x20,
    0x9a, 0x91, 0x88, 0x14, 0x19, 0x93, 0x19, 0x22, 0x81, 0xa1, 0x95, 0x17,
    0x83, 0x1e, 0x13, 0x23, 0x84, 0x19, 0x84, 0x13, 0x0b, 0x17, 0x9c, 0x82,
    0x9e, 0x82, 0x85, 0x00, 0x9e, 0x0a, 0x94, 0xa2, 0x22, 0x9a, 0x08, 0x01,
    0x12, 0x8e, 0x1d, 0x07, 0x11, 0x94, 0x1d, 0x8f, 0x11, 0x19, 0x1c, 0x9d,
    0x8d, 0x19, 0x19, 0x95, 0x92, 0x20, 0x96, 0x04, 0x8c, 0x1b, 0x0f, 0x96,
    0x10, 0x8a, 0x97, 0x97, 0x9b, 0xa1, 0x82, 0x18, 0x04, 0x84, 0x24, 0x14,
    0x11, 0x91, 0x82, 0x19, 0x96, 0xa1, 0x0b, 0x08, 0x8e, 0x8d, 0x0b, 0x13,
    0x9a, 0x89, 0x80, 0x95, 0x03, 0x1b, 0x0b, 0x0d, 0x04, 0x23, 0x85, 0x09,
    0x02, 0xa2, 0x8b, 0x20, 0x12, 0x03, 0x99, 0x9b, 0x0d, 0x13, 0x13, 0x19,
    0x0b, 0x99, 0x05, 0x13, 0x1c, 0x92, 0x1c, 0x14, 0x90, 0x14, 0x19, 0x13,
    0x00, 0x01, 0x92, 0x15, 0x93, 0x0d, 0x1b, 0x11, 0x18, 0xa4, 0x97, 0x94,
    0x85, 0x13, 0x85, 0x1e, 0x18, 0x09, 0x91, 0x09, 0x15, 0x07, 0x8b, 0x0d,
    0x12, 0x96, 0x0e, 0x93, 0x81, 0x9c, 0x94, 0x95, 0x94, 0x19, 0x13, 0x81,
    0x19, 0xa0, 0x11, 0x9a, 0x04, 0x8a, 0x9a, 0x0e, 0x95, 0x9d, 0x9c, 0x82,
    0x21, 0x21, 0xa2, 0x8c, 0x1a, 0x9e, 0x25, 0x1f, 0x19, 0x1a, 0x17, 0x17,
    0x03, 0x04, 0x98, 0x95, 0x99, 0x08, 0x14, 0x94, 0x16, 0x14, 0x84, 0x9b,
    0x94, 0x15, 0x96, 0x95, 0x96, 0x19, 0x9a, 0x1c, 0x1f, 0x1b, 0x8c, 0x0f,
    0x1d, 0x1c, 0x08, 0x91, 0x11, 0x01, 0x9d, 0x20, 0x21, 0x97, 0x13, 0x1e,
    0x1a, 0x9a, 0x86, 0x9f, 0x11, 0x86, 0x91, 0x8b, 0x14, 0x19, 0x91, 0x92,
    0x19, 0x84, 0x16, 0x9d, 0x0b, 0x07, 0x85, 0x17, 0x93, 0x18, 0x89, 0x12,
    0x18, 0x15, 0x83, 0x9f, 0x85, 0x1c, 0x01, 0x1c, 0x0b, 0x1e, 0x13, 0x91,
    0x19, 0x8b, 0x0c, 0x9d, 0x12, 0x1a, 0x80, 0x19, 0x85, 0x13, 0x02, 0x19,
    0x14, 0x05, 0x8d, 0x10, 0x82, 0x19, 0x93, 0x9b, 0x0b, 0x08, 0x1b, 0x93,
    0x14, 0x1d, 0x9a, 0x06, 0x8d, 0x17, 0x18, 0x9d, 0x17, 0x10, 0x9a, 0xa0,
    0x9f, 0x0b, 0x1b, 0x01, 0x84, 0x19, 0x96, 0x16, 0x17, 0x83, 0x90, 0x10,
    0x9d, 0x99, 0x03, 0x09, 0x16, 0x18, 0x0d, 0x12, 0x10, 0x1a, 0x99, 0xa1,
    0x90, 0x1c, 0x88, 0x0c, 0x14, 0x06, 0x15, 0x9a, 0x9b, 0x19, 0x8f, 0x8c,
    0x18, 0x98, 0x90, 0x99, 0x91, 0x02, 0x20, 0x92, 0x83, 0x19, 0x84, 0x23,
    0x90, 0x18, 0x81, 0x98, 0x0f, 0x97, 0x9a, 0x09, 0x1c, 0x11, 0x88, 0x81,
    0x0f, 0x05, 0x08, 0x85, 0x86, 0x19, 0x9c, 0x07, 0x04, 0x16, 0x93, 0xa1,
    0x17, 0x00, 0x01, 0x0a, 0x98, 0xa1, 0x17, 0x03, 0x01, 0x84, 0x89, 0xa0,
    0x1c, 0x07, 0x02, 0x85, 0x9f, 0x81, 0x85, 0x14, 0x02, 0x9a, 0x87, 0x20,
    0x0c, 0x9a, 0x18, 0x0f, 0x13, 0x18, 0x11, 0x9d, 0x11, 0xa0, 0x8e, 0x97,
    0x01, 0x1d, 0x8c, 0x1a, 0x00, 0x19, 0x94, 0x1c, 0x89, 0x1e, 0x99, 0x92,
    0xa1, 0x81, 0x87, 0x16, 0x9d, 0x81, 0x0c, 0x8d, 0x1a, 0x1b, 0x9c, 0x8d,
    0x89, 0x1e, 0x03, 0xac, 0x96, 0x9f, 0x9a, 0x1a, 0x00, 0xa2, 0x8c, 0x8a,
    0x93, 0x0f, 0x93, 0x0b, 0xa3, 0x99, 0x14, 0x1a, 0x8f, 0x1d, 0x1a, 0x08,
    0x04, 0x95, 0x14, 0xa1, 0x20, 0x82, 0x10, 0x0e, 0x1c, 0x08, 0xa9, 0x26,
    0x1c, 0x0d, 0x1d, 0x14, 0x1d, 0x99, 0xa6, 0x08, 0x0a, 0x0f, 0x09, 0x9e,
    0x1e, 0x9a, 0x0d, 0x92, 0x9b, 0x98, 0x06, 0x1d, 0xa1, 0x22, 0x20, 0x1f,
    0x1f, 0x0e, 0x0e, 0x17, 0x95, 0x90, 0x1a, 0x96, 0x98, 0x04, 0x93, 0x0b,
    0x9d, 0x2a, 0x23, 0x22, 0xa1, 0x21, 0x8e, 0x0e, 0x20, 0x23, 0x12, 0x82,
    0x83, 0x9f, 0x9e, 0x17, 0x90, 0x01, 0x02, 0x27, 0x9f, 0x98, 0x1b, 0xa3,
    0x0b, 0x15, 0x1d, 0xa1, 0x99, 0x88, 0x8b, 0x85, 0x1d, 0x91, 0x18, 0x17,
    0xa1, 0x9a, 0x18, 0x05, 0x8d, 0x89, 0x90, 0x0e, 0x13, 0x10, 0x1c, 0xa2,
    0x99, 0x91, 0x21, 0xa4, 0x81, 0x18, 0xa0, 0x07, 0x85, 0x1c, 0xa6, 0x8d,
    0x84, 0x1e, 0x99, 0x00, 0x24, 0x91, 0x98, 0x1d, 0x11, 0xa2, 0x00, 0x19,
    0x1b, 0xa3, 0x8c, 0x8f, 0xa3, 0x1f, 0x15, 0x9c, 0x15, 0x1a, 0x97, 0x91,
    0x94, 0x91, 0x9b, 0x18, 0x10, 0x14, 0x24, 0x8a, 0x0a, 0x22, 0x27, 0x81,
    0x15, 0xa8, 0x21, 0x22, 0x14, 0x12, 0x15, 0x9b, 0x17, 0x1f, 0x9a, 0x22,
    0x87, 0x9f, 0x8e, 0x0b, 0x9d, 0x97, 0x1c, 0x1e, 0x0a, 0x9c, 0x24, 0x81,
    0x87, 0x18, 0x06, 0x20, 0x85, 0x13, 0x21, 0x12, 0xa2, 0xa3, 0x19, 0x21,
    0x9e, 0x84, 0x96, 0x9d, 0xa2, 0x92, 0x93, 0x82, 0x1b, 0x8a, 0x1d, 0x9d,
    0xa4, 0x92, 0x22, 0xa5, 0x1a, 0x1d, 0x15, 0x07, 0x89, 0x9a, 0x13, 0x8c,
    0x85, 0x1a, 0x1e, 0xa0, 0x85, 0x10, 0x8a, 0x05, 0x9e, 0x99, 0x13, 0x21,
    0x9a, 0x20, 0x82, 0x1d, 0x24, 0x1b, 0x1d, 0x94, 0x12, 0x9a, 0x1b, 0x18,
    0x12, 0x1d, 0x15, 0x88, 0x0b, 0x00, 0x29, 0x82, 0x12, 0x87, 0x1a, 0x1b,
    0x14, 0xa4, 0x0d, 0x0c, 0x0f, 0x83, 0x18, 0x1a, 0x0d, 0x1d, 0x8a, 0x17,
    0x19, 0x8d, 0x02, 0x9c, 0x9a, 0x04, 0x1c, 0x02, 0x00, 0x99, 0x23, 0x10,
    0x95, 0x94, 0x84, 0x9e, 0x1f, 0x8c, 0x94, 0x10, 0xa6, 0x10, 0x15, 0x8f,
    0x19, 0xa4, 0x94, 0x11, 0x19, 0xa4, 0x0e, 0x8f, 0x1f, 0x05, 0x98, 0x89,
    0x99, 0x10, 0x19, 0x8a, 0x1c, 0x9d, 0x07, 0x0a, 0x10, 0x18, 0x28, 0xa4,
    0xaa, 0x9e, 0x92, 0xa7, 0x94, 0x83, 0x83, 0x21, 0x22, 0x9a, 0x23, 0xa0,
    0x18, 0x90, 0x8b, 0x90, 0x9d, 0x13, 0x91, 0x95, 0x8e, 0x1d, 0x1b, 0xa0,
    0x1a, 0x9e, 0xa3, 0x8b, 0xa3, 0x07, 0xa1, 0x1b, 0x1e, 0x0c, 0x9a, 0x1b,
    0x18, 0x0c, 0x1d, 0x8e, 0x1c, 0x9d, 0x86, 0x98, 0x0d, 0x0c, 0x05, 0x89,
    0x84, 0x0b, 0x01, 0x0b, 0x99, 0x1d, 0xa1, 0x03, 0xa3, 0xa1, 0x0b, 0x12,
    0x21, 0x26, 0xa8, 0x87, 0x02, 0x03, 0x04, 0x0f, 0x9b, 0x07, 0x24, 0x9d,
    0x0f, 0x21, 0x9b, 0x02, 0x1b, 0x12, 0x97, 0x84, 0x91, 0x9a, 0x94, 0x18,
    0xa6, 0x9b, 0x15, 0x83, 0x13, 0x98, 0x1c, 0x91, 0x04, 0x14, 0x9e, 0x08,
    0x9a, 0x04, 0x98, 0x08, 0x1d, 0x95, 0xa1, 0x15, 0x1b, 0x14, 0x9e, 0x02,
    0x18, 0x93, 0x15, 0x87, 0x1b, 0x83, 0x91, 0x1b, 0x11, 0x07, 0x0f, 0x0b,
    0x1c, 0x91, 0x16, 0x1f, 0x14, 0x19, 0x99, 0x0a, 0x1b, 0x13, 0x91, 0x85,
    0x2a, 0x18, 0x91, 0x91, 0x28, 0x17, 0x9c, 0xa4, 0x0d, 0x01, 0x20, 0x9d,
    0x15, 0x8d, 0x8b, 0x00, 0x11, 0x21, 0x8c, 0x90, 0xa0, 0xa2, 0x96, 0x9b,
    0x9d, 0x0f, 0x21, 0x12, 0x88, 0x27, 0x9a, 0x00, 0x26, 0x8c, 0x21, 0x9a,
    0x19, 0x18, 0x8b, 0x9a, 0x07, 0x15, 0x0c, 0x0d, 0x0e, 0x99, 0xa2, 0x1b,
    0x9b, 0x8b, 0x90, 0x20, 0x98, 0x83, 0x8d, 0x0a, 0x24, 0x00, 0x1d, 0xa2,
    0xa0, 0xa8, 0x88, 0x05, 0x10, 0x25, 0x99, 0x21, 0x13, 0x0f, 0xa3, 0x07,
    0x05, 0x0d, 0x9a, 0x13, 0x9b, 0x9c, 0x9a, 0x10, 0xa4, 0xa3, 0x18, 0x95,
    0x0f, 0x0d, 0x12, 0x23, 0x17, 0xa2, 0x85, 0x99, 0x91, 0x1f, 0x1c, 0x11,
    0x27, 0x1e, 0x10, 0xa1, 0x9e, 0x9c, 0x18, 0x96, 0x94, 0x9d, 0x96, 0x1c,
    0x14, 0x15, 0x9b, 0x85, 0x9b, 0x9f, 0x18, 0x9e, 0x9e, 0x9e, 0x84, 0x25,
    0xab, 0x1b, 0x18, 0x9e, 0xa0, 0x95, 0x21, 0x97, 0x24, 0x1e, 0x01, 0xa3,
    0xa3, 0x90, 0x26, 0xa4, 0x83, 0xa1, 0x11, 0x97, 0x03, 0x02, 0x0c, 0x1b,
    0x1d, 0x8b, 0x19, 0x13, 0x00, 0x17, 0x01, 0x8d, 0x96, 0x18, 0x8e, 0x24,
    0x0a, 0x12, 0x99, 0x21, 0x90, 0x8a, 0x90, 0xa1, 0x9e, 0x15, 0x85, 0xa6,
    0x12, 0x1e, 0x0d, 0x1c, 0x9c, 0x97, 0x1a, 0x92, 0x99, 0x27, 0x99, 0x99,
    0x20, 0x0f, 0x1c, 0x1b, 0x08, 0x26, 0x17, 0x90, 0x0e, 0x1e, 0x90, 0x9c,
    0x10, 0x83, 0x00, 0x91, 0x9a, 0x03, 0x23, 0x82, 0x1c, 0x18, 0x83, 0x9a,
    0x98, 0x9e, 0x8e, 0x02, 0x85, 0x8a, 0x02, 0x0e, 0x9e, 0x9b, 0x92, 0x9d,
    0x95, 0x1f, 0x04, 0xa7, 0x98, 0x9f, 0x22, 0x10, 0x94, 0x16, 0x89, 0x16,
    0x9e, 0x18, 0x85, 0x92, 0x08, 0x9c, 0x07, 0x0f, 0x01, 0x11, 0x07, 0x8a,
    0x23, 0x1f, 0x98, 0x20, 0x07, 0x1e, 0x26, 0x20, 0xa1, 0x98, 0x11, 0x23,
    0x14, 0x93, 0x9e, 0x8c, 0x18, 0x13, 0x23, 0xa4, 0x19, 0x84, 0x99, 0x03,
    0x17, 0x1a, 0x19, 0x08, 0x98, 0x00, 0x99, 0x94, 0x19, 0x19, 0x97, 0x18,
    0x9c, 0x07, 0x0f, 0x9d, 0x20, 0x21, 0x14, 0x28, 0x0a, 0x86, 0x12, 0xa2,
    0x20, 0x16, 0x8b, 0x94, 0x9c, 0x9b, 0x97, 0x91, 0x08, 0x1e, 0x87, 0x9c,
    0x14, 0x84, 0x11, 0x9b, 0x94, 0x22, 0x9b, 0x99, 0x09, 0x9d, 0x97, 0x9a,
    0x83, 0x99, 0x12, 0x9c, 0xa3, 0x0a, 0x8f, 0x1a, 0x9a, 0x80, 0x99, 0x92,
    0x21, 0x90, 0x01, 0x25, 0x87, 0xa1, 0x15, 0x9a, 0x14, 0x02, 0x18, 0x8d,
    0x29, 0x1a, 0x8c, 0x23, 0x10, 0x1b, 0x23, 0xa1, 0x11, 0x8b, 0xa9, 0x1f,
    0x98, 0x21, 0x25, 0x8f, 0x10, 0x95, 0x08, 0x0a, 0x21, 0x99, 0x94, 0x1d,
    0xa0, 0x8a, 0x20, 0x14, 0x1a, 0x00, 0x19, 0x8b, 0x15, 0x85, 0x02, 0x1c,
    0xa7, 0x21, 0x98, 0x22, 0xa1, 0x00, 0x8c, 0x93, 0x0d, 0x13, 0x1e, 0x1c,
    0x23, 0x9b, 0xa2, 0x1a, 0x27, 0x1e, 0x98, 0x88, 0x0a, 0xa3, 0x11, 0x9f,
    0x20, 0x8b, 0x1e, 0x90, 0x9c, 0x05, 0x0f, 0x90, 0x17, 0x17, 0x1f, 0x85,
    0x18, 0xa3, 0x9f, 0x1d, 0x0c, 0x26, 0x00, 0x97, 0x15, 0xa2, 0x91, 0x0e,
    0x1e, 0x00, 0x11, 0x02, 0x13, 0x1a, 0x96, 0x86, 0x8a, 0x93, 0x1b, 0x96,
    0x0b, 0x00, 0x22, 0x86, 0x11, 0x8a, 0x1e, 0x98, 0xa2, 0xa0, 0x22, 0x1a,
    0x24, 0xa9, 0x1e, 0x1a, 0x15, 0x22, 0x16, 0x17, 0x2a, 0x1f, 0x81, 0x92,
    0x05, 0x99, 0x0d, 0x12, 0x0d, 0x02, 0x95, 0x85, 0x25, 0x20, 0x9c, 0x22,
    0x95, 0x0a, 0x86, 0x09, 0x22, 0x85, 0x22, 0x9f, 0x22, 0x1b, 0x25, 0x10,
    0x0d, 0x21, 0xa7, 0x28, 0xab, 0x9a, 0x93, 0x08, 0x15, 0x84, 0x14, 0x1c,
    0x82, 0x93, 0x18, 0xa2, 0x87, 0x90, 0x1b, 0x0c, 0x9a, 0x12, 0x05, 0x1c,
    0x24, 0x12, 0x12, 0x24, 0x9b, 0x11, 0x99, 0x28, 0x8d, 0x14, 0xa2, 0x1a,
    0x82, 0xa7, 0x1e, 0x02, 0x94, 0x8d, 0x19, 0x17, 0x9b, 0x16, 0x88, 0x19,
    0x1d, 0x9e, 0x1e, 0x17, 0x22, 0x1f, 0x95, 0x12, 0x1b, 0x8c, 0x9d, 0x9e,
    0x1b, 0x8b, 0x11, 0x13, 0x92, 0xa4, 0x15, 0x93, 0x14, 0x0a, 0x8f, 0xa6,
    0x1f, 0x16, 0x83, 0x0d, 0x94, 0x95, 0x1b, 0x95, 0xa1, 0x19, 0x21, 0x1e,
    0x00, 0x1c, 0x19, 0x95, 0x17, 0x1f, 0x9f, 0x90, 0x25, 0x9b, 0x99, 0x1b,
    0x81, 0xa4, 0x93, 0xa7, 0x1c, 0xa1, 0x85, 0x91, 0x83, 0x9b, 0x84, 0x03,
    0x8b, 0x05, 0x18, 0x0b, 0x0a, 0x14, 0x8e, 0x0f, 0x1a, 0x1b, 0x0c, 0x0a,
    0x88, 0x81, 0x99, 0x23, 0x11, 0x21, 0x81, 0x0e, 0x18, 0x11, 0x9c, 0x11,
    0x00, 0x09, 0x08, 0x11, 0x8d, 0xa0, 0x01, 0x9b, 0x9a, 0x10, 0x88, 0x16,
    0x13, 0x19, 0x82, 0x14, 0x1c, 0x0b, 0x9a, 0x0b, 0x96, 0x8c, 0xa1, 0x87,
    0x0b, 0x92, 0x94, 0x19, 0x92, 0x8e, 0x0f, 0x9d, 0x84, 0x8d, 0x95, 0x9a,
    0x98, 0x81, 0x81, 0x0c, 0x16, 0x9c, 0x08, 0x86, 0x1f, 0x12, 0x0b, 0x9a,
    0x11, 0x17, 0x8b, 0x80, 0x9c, 0x02, 0xa2, 0x9f, 0x13, 0x84, 0x99, 0x0c,
    0x99, 0x14, 0x90, 0x9a, 0x23, 0x84, 0x17, 0x8b, 0x87, 0x1d, 0x13, 0x94,
    0x9b, 0x19, 0x87, 0x19, 0x1d, 0x12, 0x08, 0x1c, 0x0f, 0x0c, 0x88, 0x9d,
    0x87, 0x95, 0x13, 0x20, 0x03, 0x86, 0x90, 0x99, 0xa1, 0x9b, 0x11, 0x0c,
    0x8a, 0x8e, 0x0c, 0x1a, 0x18, 0x14, 0x8f, 0x18, 0x8b, 0x9c, 0x9b, 0x82,
    0x05, 0x05, 0x8a, 0x1d, 0x9c, 0x16, 0x91, 0x81, 0xa3, 0x0d, 0x21, 0x99,
    0x9d, 0x8b, 0x09, 0x98, 0x12, 0x14, 0x1a, 0x98, 0x89, 0x03, 0x07, 0x12,
    0x03, 0x0b, 0x0d, 0x12, 0x0b, 0x99, 0x88, 0x89, 0x1d, 0x04, 0x95, 0x9f,
    0x81, 0x90, 0x9f, 0x98, 0x93, 0x22, 0x0a, 0x0e, 0x0e, 0x93, 0x99, 0x06,
    0x9c, 0x15, 0x8b, 0x0d, 0x03, 0x9f, 0x25, 0x9e, 0x15, 0x9a, 0x09, 0x82,
    0x0b, 0xa1, 0x0d, 0x87, 0x93, 0x16, 0x93, 0x8f, 0x12, 0x13, 0x0f, 0x9a,
    0x9d, 0x06, 0x15, 0x8d, 0x9a, 0x1e, 0x8f, 0x00, 0x90, 0x12, 0x8c, 0x97,
    0x9f, 0x19, 0x89, 0x91, 0x18, 0xa5, 0x12, 0x8b, 0x8f, 0x15, 0x14, 0x94,
    0x00, 0x12, 0x95, 0x84, 0x1c, 0x19, 0x10, 0x11, 0x00, 0x97, 0x12, 0x1c,
    0x97, 0x8e, 0x92, 0x0b, 0x99, 0x06, 0x04, 0x12, 0x0d, 0x1b, 0xa2, 0x9a,
    0x11, 0x19, 0x13, 0x0c, 0x15, 0x9c, 0x99, 0x08, 0x08, 0x00, 0x85, 0x23,
    0x9a, 0x90, 0x1c, 0x97, 0x81, 0x95, 0x09, 0x9d, 0x01, 0x85, 0x12, 0x05,
    0x8b, 0x8d, 0x0b, 0x96, 0x97, 0x84, 0x22, 0x92, 0x12, 0x8a, 0x10, 0x85,
    0x89, 0x81, 0x0c, 0x90, 0x8b, 0x84, 0x0e, 0x98, 0x21, 0x98, 0x95, 0x94,
    0x91, 0x08, 0x94, 0x1a, 0x0e, 0x06, 0x95, 0x91, 0x06, 0xa0, 0x95, 0x97,
    0x0e, 0x9f, 0x0b, 0x9b, 0x08, 0x06, 0x13, 0x9c, 0x00, 0x13, 0x92, 0x15,
    0x09, 0x1a, 0x83, 0x1b, 0x98, 0x9f, 0x9a, 0x91, 0x9c, 0x93, 0x10, 0x11,
    0x99, 0x99, 0x97, 0x10, 0x93, 0x8e, 0x12, 0x82, 0x19, 0x16, 0x8c, 0x18,
    0x1b, 0x86, 0x9a, 0x92, 0x81, 0x8b, 0x15, 0x97, 0xa1, 0x09, 0x1d, 0x92,
    0x12, 0x88, 0x87, 0x02, 0xa3, 0x92, 0x17, 0x83, 0x19, 0x8c, 0x01, 0xa1,
    0x9e, 0x97, 0x0a, 0x89, 0x9c, 0x9e, 0x0c, 0x04, 0x99, 0x02, 0x13, 0x8f,
    0x82, 0x08, 0x11, 0x04, 0x18, 0x00, 0x1b, 0x8e, 0x0c, 0x15, 0x07, 0x8e,
    0x9a, 0x8d, 0x0e, 0x83, 0x85, 0x85, 0x9d, 0x8e, 0x98, 0x8c, 0x04, 0x8a,
    0x1d, 0x16, 0x06, 0x18, 0x92, 0x91, 0x81, 0x0a, 0x0c, 0x0d, 0x04, 0x91,
    0x15, 0x98, 0x0d, 0x14, 0x03, 0x1a, 0x0d, 0x02, 0x8c, 0x8c, 0x1f, 0x04,
    0x84, 0x8e, 0x19, 0x93, 0x1f, 0x97, 0x19, 0x86, 0x8d, 0x9e, 0x10, 0x03,
    0x1b, 0x0b, 0x0f, 0x81, 0x0c, 0x20, 0x19, 0x98, 0x13, 0x93, 0x93, 0x97,
    0x18, 0x09, 0x96, 0x83, 0x9d, 0x88, 0x22, 0x0b, 0x99, 0x98, 0x85, 0x12,
    0x92, 0x21, 0x87, 0x94, 0x05, 0x19, 0x0b, 0x1b, 0x9a, 0x1a, 0x95, 0x13,
    0x00, 0x9c, 0x92, 0x15, 0xa0, 0x02, 0x03, 0x9d, 0x94, 0x9e, 0x95, 0x1b,
    0xa3, 0x05, 0x98, 0x0d, 0x8c, 0x93, 0x15, 0x85, 0x1c, 0x88, 0x18, 0x98,
    0x24, 0x1b, 0x99, 0xa0, 0x0c, 0x99, 0x81, 0x92, 0x07, 0x98, 0x80, 0x08,
    0x01, 0x81, 0x06, 0x8c, 0xa1, 0x92, 0x0c, 0x83, 0x94, 0x19, 0x87, 0x19,
    0x18, 0x11, 0x0e, 0x85, 0x1a, 0x8a, 0x95, 0x01, 0x8e, 0x0f, 0x12, 0xa1,
    0x83, 0x99, 0x0e, 0x83, 0x13, 0x89, 0x90, 0x82, 0x21, 0x0c, 0x13, 0x1d,
    0x9c, 0x9d, 0x86, 0x02, 0x9a, 0x8d, 0x19, 0x14, 0x22, 0x16, 0x07, 0x20,
    0x21, 0x1b, 0x1c, 0xa1, 0xa3, 0xa0, 0x97, 0x9b, 0x9f, 0x83, 0x08, 0x86,
    0x8a, 0x88, 0x97, 0x21, 0x88, 0x00, 0x17, 0x1e, 0x8a, 0x8f, 0x98, 0x1d,
    0x93, 0x92, 0x8d, 0x25, 0x83, 0x96, 0x9d, 0x1b, 0x82, 0x1a, 0x13, 0x16,
    0x11, 0x0c, 0x95, 0x95, 0x0e, 0x11, 0x9b, 0x81, 0xa0, 0x92, 0x84, 0x04,
    0x9f, 0x12, 0x96, 0x9f, 0x21, 0xa1, 0x83, 0x8d, 0x07, 0x91, 0x18, 0x18,
    0x0f, 0x97, 0x21, 0x12, 0x12, 0x12, 0x1d, 0x9e, 0x82, 0x13, 0x18, 0x9b,
    0x90, 0x1c, 0x97, 0x88, 0x92, 0x1b, 0x08, 0x93, 0x0c, 0x8b, 0x98, 0x9d,
    0x9a, 0xa3, 0x95, 0x1b, 0x08, 0x8b, 0x27, 0x14, 0x01, 0x0e, 0x07, 0x1a,
    0x95, 0x9e, 0x06, 0x16, 0x88, 0x8e, 0x0c, 0x13, 0x93, 0x07, 0x8f, 0x91,
    0x16, 0x1b, 0x10, 0x0c, 0x01, 0x20, 0x06, 0x0d, 0x15, 0xa3, 0x8f, 0x20,
    0x94, 0x04, 0x94, 0x9d, 0x02, 0x17, 0x13, 0x09, 0x01, 0x93, 0x0a, 0x84,
    0x20, 0x99, 0x1b, 0x21, 0x94, 0x1a, 0x1b, 0x0b, 0x92, 0x03, 0x91, 0x14,
    0x81, 0x18, 0x04, 0x0c, 0x19, 0xa2, 0x9f, 0x95, 0x97, 0x08, 0x8b, 0x1f,
    0x12, 0x0c, 0x04, 0x04, 0x83, 0x85, 0x13, 0x18, 0x0c, 0x8f, 0x97, 0x06,
    0x19, 0x07, 0x0f, 0x81, 0x0a, 0x1f, 0x0e, 0x04, 0x0e, 0x9d, 0x11, 0x9a,
    0x1a, 0x94, 0x9d, 0x8c, 0x90, 0x9a, 0x9e, 0x10, 0x23, 0x1e, 0xa2, 0x8a,
    0x06, 0x9b, 0x23, 0x20, 0x16, 0x1b, 0x11, 0x1a, 0x18, 0x11, 0x9e, 0x8c,
    0x92, 0x15, 0x13, 0x91, 0x14, 0x03, 0x03, 0x9b, 0x82, 0x14, 0x92, 0x95,
    0x93, 0x1c, 0x91, 0x19, 0x1a, 0x07, 0x95, 0x93, 0x07, 0x24, 0x0b, 0x90,
    0x82, 0x80, 0x88, 0x25, 0x1c, 0x90, 0x10, 0x19, 0x1e, 0x84, 0x10, 0x99,
    0x17, 0x09, 0x94, 0x8d, 0x8d, 0x19, 0x82, 0x85, 0x8c, 0x92, 0x16, 0x93,
    0x0e, 0x14, 0x9b, 0x11, 0x99, 0x08, 0x10, 0x12, 0x17, 0x1b, 0x99, 0x92,
    0x9a, 0x24, 0x87, 0x1f, 0x8c, 0x1d, 0x0d, 0x9d, 0x1d, 0x87, 0xa0, 0xa1,
    0x03, 0x25, 0x10, 0x11, 0x03, 0x08, 0x9a, 0x14, 0x08, 0x13, 0x0c, 0x9b,
    0x00, 0x14, 0x89, 0x92, 0xa0, 0x81, 0x8d, 0x19, 0x14, 0x18, 0x99, 0x00,
    0x00, 0x1b, 0x18, 0x99, 0x0c, 0x08, 0x9b, 0xa1, 0xa0, 0x8f, 0x12, 0x05,
    0x84, 0x13, 0x96, 0x19, 0x07, 0x11, 0x94, 0x15, 0x98, 0x94, 0x12, 0x85,
    0x1b, 0x19, 0x92, 0x1e, 0x05, 0x1c, 0x96, 0xa1, 0x92, 0x19, 0x89, 0x0d,
    0x19, 0x0e, 0x09, 0x98, 0x9a, 0x1a, 0x90, 0x00, 0x89, 0x9d, 0x96, 0x92,
    0x8b, 0x07, 0x21, 0x8e, 0x82, 0x06, 0x10, 0x20, 0x8a, 0x17, 0x99, 0x9a,
    0x12, 0x95, 0x96, 0x05, 0x13, 0x04, 0x05, 0x86, 0x15, 0x18, 0x88, 0x86,
    0x8b, 0x1b, 0x9f, 0x06, 0x90, 0x14, 0x9d, 0x9a, 0x18, 0x11, 0x09, 0x18,
    0x95, 0xa1, 0x1b, 0x8f, 0x14, 0x01, 0x99, 0xa1, 0x1f, 0x1c, 0x16, 0x02,
    0x9e, 0x12, 0x89, 0x08, 0x89, 0x82, 0x82, 0x1b, 0x11, 0x97, 0x1a, 0x13,
    0x96, 0x19, 0x90, 0x98, 0x1d, 0xa1, 0x95, 0x9e, 0x95, 0x19, 0x84, 0x0c,
    0x84, 0x06, 0x0e, 0x08, 0x85, 0x16, 0x9f, 0x98, 0xa1, 0x90, 0x95, 0x19,
    0x9c, 0x89, 0x0f, 0x0e, 0x17, 0x10, 0xa0, 0x8e, 0x8b, 0x1e, 0x06, 0xac,
    0x98, 0x9d, 0x9a, 0x1a, 0x08, 0xa5, 0x94, 0x96, 0x99, 0x06, 0x94, 0x86,
    0x99, 0x95, 0x19, 0x1a, 0x83, 0x21, 0x07, 0x8a, 0x9e, 0x86, 0x11, 0x9e,
    0x1c, 0x9d, 0x8a, 0x1c, 0x85, 0x82, 0x11, 0x19, 0x95, 0x01, 0x24, 0x08,
    0x23, 0x14, 0x87, 0x14, 0x04, 0x1d, 0x17, 0x9a, 0x1e, 0x96, 0x04, 0x94,
    0x93, 0x9e, 0x82, 0x1c, 0x9f, 0x24, 0x21, 0x24, 0x20, 0x0a, 0x1a, 0x11,
    0x9e, 0x05, 0x0a, 0x9f, 0x93, 0x11, 0x90, 0x14, 0x9a, 0x28, 0x24, 0x1a,
    0xa2, 0x23, 0x98, 0x91, 0x1f, 0x1f, 0x12, 0x8f, 0x8c, 0x9e, 0x9c, 0x18,
    0x87, 0x05, 0x86, 0x28, 0xa3, 0x9b, 0x06, 0x9c, 0x8b, 0x83, 0x11, 0x98,
    0x83, 0x01, 0x10, 0x14, 0x1c, 0x9c, 0x1c, 0x12, 0x9f, 0x99, 0x0e, 0x98,
    0x0a, 0x16, 0x01, 0x0b, 0x12, 0x83, 0x1c, 0xa1, 0xa1, 0x99, 0x23, 0xa4,
    0x92, 0x08, 0x9e, 0x9b, 0x94, 0x20, 0x9b, 0x9c, 0x9c, 0x15, 0x9d, 0x94,
    0x24, 0x19, 0x88, 0x16, 0x1a, 0xa1, 0x0b, 0x23, 0x1c, 0xa2, 0x91, 0x0d,
    0xa4, 0x20, 0x08, 0x9f, 0x19, 0x1a, 0x98, 0x87, 0x12, 0x8b, 0x98, 0x12,
    0x8a, 0x16, 0x22, 0x89, 0x0b, 0x1c, 0x25, 0x91, 0x95, 0xa9, 0x20, 0x22,
    0x85, 0x8d, 0x1b, 0x95, 0x07, 0x19, 0x9c, 0x20, 0x96, 0x9d, 0x01, 0x11,
    0xa0, 0x96, 0x1d, 0x1d, 0x94, 0x9d, 0x24, 0x0b, 0x92, 0x18, 0x99, 0x23,
    0x88, 0x18, 0x21, 0x11, 0x9f, 0xa6, 0x1c, 0x20, 0x98, 0x00, 0x9a, 0x9e,
    0xa8, 0xa2, 0x9d, 0x89, 0x0b, 0x91, 0x1e, 0x95, 0x9c, 0x85, 0x20, 0xa2,
    0x23, 0x1f, 0x14, 0x02, 0x22, 0x9e, 0x9b, 0x12, 0x15, 0x19, 0x16, 0x91,
    0x85, 0x0f, 0x96, 0x1b, 0x98, 0x92, 0x97, 0x23, 0x95, 0x16, 0x06, 0x09,
    0x20, 0x0b, 0x20, 0x83, 0x81, 0x89, 0x20, 0x1c, 0x09, 0x14, 0x14, 0x8a,
    0x87, 0x83, 0x23, 0x18, 0x08, 0x12, 0x87, 0x21, 0x91, 0xa4, 0x91, 0x93,
    0x1b, 0x06, 0x00, 0x0e, 0x24, 0x20, 0x15, 0x14, 0x19, 0x97, 0x15, 0xa0,
    0xa4, 0x8f, 0x1a, 0x05, 0x9a, 0xa0, 0x20, 0x92, 0x85, 0x0d, 0x88, 0x92,
    0x16, 0x1c, 0x9d, 0x13, 0xa6, 0x1a, 0x11, 0x94, 0x1b, 0xa2, 0x94, 0x20,
    0x13, 0xa6, 0x14, 0x94, 0x17, 0x03, 0x8c, 0x91, 0x9c, 0x13, 0x1a, 0x8e,
    0x15, 0x96, 0x11, 0x14, 0x1b, 0x11, 0x24, 0xa1, 0xaa, 0x97, 0x8e, 0xa6,
    0x87, 0x98, 0x91, 0x22, 0x20, 0x9a, 0x1f, 0xa1, 0x1a, 0x9b, 0x90, 0x95,
    0x9a, 0x13, 0x82, 0x90, 0x99, 0x1a, 0x19, 0x9b, 0x15, 0xa3, 0xa2, 0x9b,
    0xa3, 0x14, 0xa7, 0x21, 0x20, 0x1a, 0x9b, 0x1b, 0x19, 0x92, 0x14, 0x94,
    0x1f, 0x9d, 0x99, 0x87, 0x16, 0x21, 0x11, 0x11, 0x8e, 0x18, 0x91, 0x05,
    0x8f, 0x15, 0x9f, 0x89, 0xa0, 0x9f, 0x19, 0x1c, 0x20, 0x25, 0x99, 0xa2,
    0x8e, 0x9a, 0x15, 0x85, 0xa1, 0x19, 0x25, 0x9a, 0x92, 0x22, 0x0c, 0x0c,
    0x11, 0x11, 0xa3, 0x97, 0x89, 0x9e, 0x0e, 0x1e, 0xa6, 0x98, 0x19, 0x16,
    0x11, 0x8c, 0x1c, 0x93, 0x14, 0x0b, 0x8a, 0x12, 0x9b, 0x9d, 0x9c, 0x09,
    0x17, 0x8a, 0xa0, 0x1b, 0x12, 0x10, 0x9a, 0x1c, 0x0d, 0x03, 0x83, 0x8a,
    0x1a, 0x93, 0x88, 0x1d, 0x1e, 0x12, 0x13, 0x1c, 0x19, 0x0c, 0x21, 0x1b,
    0x1d, 0x15, 0x02, 0x0a, 0x20, 0x0f, 0x8d, 0x92, 0x2a, 0x13, 0x84, 0x81,
    0x22, 0x18, 0x9a, 0xa4, 0x06, 0x11, 0x22, 0x9a, 0x0d, 0x01, 0x0e, 0x96,
    0x13, 0x12, 0x9a, 0x93, 0x9a, 0x93, 0x0b, 0xa1, 0x27, 0x00, 0xa3, 0x21,
    0x14, 0x24, 0xa1, 0x06, 0x11, 0x99, 0x99, 0x03, 0x8d, 0x94, 0x9b, 0x06,
    0x9b, 0xa0, 0x17, 0x95, 0x95, 0x9d, 0x9d, 0x1b, 0x8b, 0x18, 0x96, 0x1c,
    0x9c, 0x04, 0x99, 0x20, 0x22, 0x92, 0x99, 0x92, 0x9d, 0x9e, 0x9d, 0x1d,
    0x8a, 0x1c, 0x9b, 0x1f, 0x1c, 0x16, 0xa8, 0x9a, 0x0b, 0x13, 0x99, 0x00,
    0x96, 0x9d, 0x97, 0x05, 0xa2, 0xa5, 0x1d, 0x92, 0x83, 0x02, 0x05, 0x1e,
    0x19, 0xa3, 0x90, 0x93, 0x86, 0x21, 0x16, 0x1b, 0x24, 0x1f, 0x06, 0xa3,
    0x96, 0x9d, 0x1b, 0x8a, 0x98, 0x8a, 0x02, 0x18, 0x0c, 0x20, 0x02, 0x8e,
    0x01, 0x9f, 0x83, 0xa0, 0x88, 0x8c, 0x0b, 0x1e, 0x9d, 0x22, 0x9c, 0x92,
    0xa2, 0x0b, 0x1e, 0x02, 0x20, 0x19, 0x9f, 0x9a, 0xa8, 0x94, 0x21, 0x9c,
    0x88, 0xa4, 0x12, 0x91, 0x81, 0x87, 0x0a, 0x1b, 0x19, 0x12, 0x1b, 0x18,
    0x02, 0x14, 0x85, 0x81, 0xa3, 0x0d, 0x91, 0x26, 0x10, 0x11, 0xa1, 0x23,
    0x9b, 0x02, 0x91, 0xa1, 0x9b, 0x19, 0x81, 0xa7, 0x0a, 0x0e, 0x85, 0x11,
    0x9f, 0x9e, 0x19, 0x8f, 0x98, 0x25, 0x9a, 0x95, 0x1f, 0x84, 0x1d, 0x81,
    0x20, 0x28, 0x85, 0x8c, 0x04, 0x23, 0x9d, 0x92, 0x0b, 0x81, 0x97, 0x90,
    0x92, 0x11, 0x19, 0x12, 0x08, 0x0a, 0x95, 0x8d, 0x97, 0xa0, 0x8e, 0x81,
    0x1f, 0x93, 0x01, 0x10, 0x0c, 0x8f, 0x95, 0x9f, 0x04, 0x1e, 0xa1, 0xa3,
    0x0b, 0xa6, 0x20, 0x19, 0xa3, 0x06, 0x98, 0x13, 0x9a, 0x90, 0x8c, 0x91,
    0x90, 0x9f, 0x05, 0x15, 0x94, 0x15, 0x18, 0x92, 0x1e, 0x1d, 0x9c, 0x1b,
    0x05, 0x21, 0x28, 0x18, 0x07, 0x91, 0x92, 0x26, 0x08, 0x92, 0xa0, 0x05,
    0x03, 0x0a, 0x1c, 0x9f, 0x19, 0x80, 0x9e, 0x1c, 0x19, 0x18, 0x0c, 0x87,
    0x92, 0x93, 0x95, 0x86, 0x13, 0x07, 0x02, 0x0d, 0xa1, 0x94, 0x12, 0xa1,
    0x9d, 0x20, 0x1b, 0x26, 0x97, 0x9a, 0x0b, 0xa4, 0x1b, 0x1d, 0x97, 0xa1,
    0x0d, 0x95, 0x03, 0x82, 0x15, 0x1d, 0x92, 0x97, 0x11, 0x9d, 0x0e, 0x90,
    0x99, 0x19, 0x8a, 0x88, 0x88, 0xa3, 0x99, 0x9b, 0x96, 0x92, 0x23, 0x9f,
    0xa7, 0x10, 0x11, 0x1a, 0x96, 0x10, 0x99, 0x91, 0x1d, 0x8c, 0x1a, 0x26,
    0x13, 0xa1, 0x0b, 0x8b, 0x18, 0x91, 0x18, 0x02, 0x29, 0x14, 0x91, 0x22,
    0x13, 0x1f, 0x22, 0xa3, 0x1e, 0x04, 0xa8, 0x13, 0x96, 0x19, 0x28, 0x9a,
    0x80, 0x03, 0x00, 0x1a, 0x1c, 0x93, 0x85, 0x22, 0xa0, 0x06, 0x1b, 0x0f,
    0x1d, 0x12, 0x11, 0x09, 0x1b, 0x0a, 0x82, 0x10, 0xa7, 0x23, 0x9c, 0x20,
    0xa1, 0x07, 0x05, 0x9d, 0x0d, 0x14, 0x22, 0x1b, 0x23, 0x90, 0xa2, 0x20,
    0x26, 0x1f, 0x92, 0x02, 0x94, 0xa3, 0x03, 0x97, 0x1f, 0x90, 0x1a, 0x81,
    0x81, 0x1a, 0x15, 0x94, 0x22, 0x14, 0x1c, 0x13, 0x9c, 0xa6, 0x9a, 0x1b,
    0x1a, 0x1c, 0x98, 0x9c, 0x88, 0xa0, 0x8b, 0x91, 0x20, 0x93, 0x21, 0x9a,
    0x23, 0x22, 0x07, 0x11, 0x08, 0x13, 0x21, 0x98, 0x82, 0x9b, 0x22, 0x0a,
    0x05, 0x94, 0x1c, 0xa0, 0x85, 0x91, 0x15, 0x22, 0x24, 0xa3, 0x21, 0x20,
    0x0e, 0x1e, 0x86, 0x21, 0x2a, 0x1e, 0x9b, 0x19, 0x1a, 0x9f, 0x1e, 0x82,
    0x83, 0x02, 0x82, 0x98, 0x19, 0x20, 0x9a, 0x20, 0xa2, 0x93, 0x8a, 0x02,
    0x1d, 0x82, 0x20, 0x99, 0x20, 0x22, 0x25, 0x1b, 0x19, 0x1a, 0xa6, 0x25,
    0xa7, 0x98, 0x95, 0x96, 0x90, 0x93, 0x83, 0x1e, 0x86, 0x97, 0x17, 0x9b,
    0x0f, 0x81, 0x81, 0x0d, 0x98, 0x18, 0x12, 0x15, 0x23, 0x1b, 0x8b, 0x24,
    0x9a, 0x15, 0x9e, 0x28, 0x97, 0x16, 0xa1, 0x1d, 0x82, 0xa4, 0x1a, 0x1b,
    0x12, 0x85, 0x1d, 0x03, 0x89, 0x21, 0x0f, 0x0e, 0x8b, 0xa5, 0x1c, 0x11,
    0x13, 0x1d, 0x93, 0x96, 0x25, 0x08, 0xa8, 0x85, 0x12, 0x12, 0x0a, 0x1c,
    0x00, 0xa5, 0x95, 0x94, 0x1b, 0x0e, 0x9e, 0xa0, 0x14, 0x19, 0xa2, 0x85,
    0x96, 0x9b, 0x04, 0x03, 0x8f, 0x13, 0x25, 0x25, 0x11, 0x21, 0x1f, 0x8c,
    0x22, 0x1c, 0x22, 0xa6, 0x26, 0xa7, 0x83, 0x0a, 0x03, 0xa2, 0x18, 0x9f,
    0x99, 0xa4, 0x1d, 0x95, 0x9e, 0x19, 0x9b, 0x9b, 0x1e, 0x93, 0x29, 0x15,
    0x96, 0x99, 0x16, 0x19, 0x81, 0x12, 0x19, 0x06, 0x20, 0x15, 0x2a, 0x29,
    0x12, 0x26, 0x08, 0x22, 0x1b, 0x11, 0x11, 0x1d, 0x21, 0xa8, 0x13, 0x9b,
    0x84, 0xa2, 0x15, 0xa4, 0x23, 0x05, 0x20, 0x1e, 0x9b, 0xa8, 0xa2, 0x07,
    0x9a, 0x13, 0x86, 0x23, 0x82, 0xa3, 0x22, 0x11, 0x92, 0xa4, 0xa2, 0x20,
    0x99, 0x20, 0x84, 0x97, 0x22, 0x18, 0x12, 0x28, 0x9d, 0x1d, 0x12, 0x9b,
    0x1f, 0xaa, 0x22, 0x1e, 0x95, 0xa6, 0x90, 0xa6, 0x88, 0x9b, 0x81, 0x1f,
    0x91, 0x92, 0x22, 0xa6, 0x18, 0x19, 0x09, 0xa2, 0x22, 0x84, 0x93, 0x13,
    0x15, 0x24, 0x22, 0x8e, 0x90, 0x81, 0x20, 0x8a, 0x19, 0x1b, 0x96, 0x8b,
    0x0c, 0x01, 0x05, 0x91, 0x20, 0x07, 0x20, 0x88, 0x90, 0x00, 0x13, 0x10,
    0x88, 0x21, 0x1d, 0x9c, 0x99, 0x88, 0x22, 0x0f, 0x93, 0xa4, 0x19, 0x97,
    0x92, 0x22, 0xa1, 0x18, 0x9d, 0x9d, 0x9f, 0x9e, 0x12, 0x9d, 0x9f, 0x97,
    0x8d, 0x1e, 0x15, 0x9b, 0x9d, 0x22, 0x14, 0x28, 0x29, 0x96, 0x07, 0x9a,
    0xa2, 0xa4, 0x86, 0x06, 0x02, 0x22, 0x11, 0x20, 0x19, 0x02, 0xa6, 0xa6,
    0xa6, 0x93, 0x14, 0x20, 0xa8, 0x00, 0x13, 0x8d, 0x9d, 0xa1, 0x1c, 0xa2,
    0x22, 0x94, 0x95, 0x8c, 0x83, 0x8c, 0x83, 0x0f, 0xa3, 0x9d, 0x92, 0xa5,
    0x18, 0xa4, 0xa1, 0x8a, 0x24, 0xa5, 0x0c, 0x9f, 0x12, 0x9a, 0x95, 0x95,
    0xa1, 0x1c, 0x23, 0xa3, 0x1e, 0x88, 0x13, 0x9f, 0x96, 0x23, 0x19, 0x1d,
    0x05, 0x9f, 0x99, 0x19, 0x9d, 0x87, 0xa1, 0x16, 0x9e, 0x21, 0x9c, 0x19,
    0x18, 0x04, 0x21, 0x22, 0x14, 0x9b, 0x1d, 0x22, 0x99, 0x8b, 0x86, 0x1d,
    0x8e, 0x96, 0x1c, 0x17, 0x98, 0x1e, 0x18, 0x19, 0x04, 0x88, 0x1d, 0x82,
    0x83, 0x9e, 0xa8, 0x90, 0xa3, 0x99, 0x9e, 0x9d, 0x1b, 0x97, 0x9d, 0x83,
    0x8b, 0x12, 0x11, 0x23, 0x90, 0x82, 0x06, 0x88, 0x02, 0x25, 0xa0, 0x0a,
    0x8f, 0x85, 0x1d, 0x94, 0x28, 0x25, 0x19, 0x25, 0x91, 0x19, 0x0f, 0x1c,
    0x95, 0x90, 0x84, 0x1e, 0x93, 0x27, 0x96, 0x26, 0x8a, 0x93, 0x00, 0x8f,
    0x19, 0x9e, 0x12, 0x84, 0x14, 0x9f, 0x0f, 0x06, 0x16, 0x95, 0xa0, 0x07,
    0x1b, 0x06, 0x97, 0xac, 0xa5, 0x12, 0x16, 0x9f, 0x20, 0x15, 0x89, 0x82,
    0x28, 0xa2, 0x0a, 0x07, 0x8c, 0x99, 0x14, 0x8e, 0x05, 0x13, 0x9d, 0xa0,
    0x9b, 0x8d, 0x11, 0xa0, 0x1c, 0x9f, 0x0e, 0x11, 0x21, 0x16, 0x21, 0x25,
    0x9c, 0x09, 0x03, 0x12, 0x19, 0x1b, 0x21, 0xa9, 0x8d, 0x1a, 0x20, 0x24,
    0x22, 0x1a, 0x24, 0xa7, 0x91, 0x95, 0x12, 0x98, 0x1a, 0xa6, 0x9f, 0x22,
    0x1e, 0x1a, 0x22, 0xa2, 0x05, 0x1a, 0x24, 0x22, 0x19, 0x81, 0x8c, 0x05,
    0x22, 0xa0, 0x29, 0x21, 0x16, 0x20, 0x20, 0x99, 0x97, 0x9c, 0x1c, 0x1b,
    0x9a, 0x07, 0x94, 0x9f, 0x15, 0x01, 0x0e, 0x95, 0x1e, 0xa0, 0x9a, 0x23,
    0x03, 0x15, 0x98, 0x19, 0x0f, 0x19, 0x21, 0xa0, 0x1d, 0x15, 0x19, 0x20,
    0x0a, 0x9e, 0x18, 0x9d, 0x18, 0x93, 0x93, 0x98, 0x9f, 0x85, 0x1d, 0x96,
    0x22, 0x15, 0x12, 0x92, 0x18, 0xa5, 0x9b, 0x09, 0x20, 0x1d, 0x92, 0x8a,
    0x1a, 0x9e, 0x25, 0x0e, 0x13, 0x96, 0x24, 0xa2, 0x9c, 0x1d, 0x99, 0x01,
    0xa1, 0x1e, 0x15, 0x9f, 0x1e, 0x0a, 0x9b, 0xa0, 0x15, 0x1c, 0x94, 0x93,
    0x0f, 0xa0, 0x8e, 0x21, 0x1f, 0x23, 0x15, 0x98, 0x8b, 0xa3, 0xa6, 0x0c,
    0x92, 0xa6, 0x87, 0x98, 0xa0, 0x99, 0xa7, 0x19, 0x9f, 0x0d, 0x12, 0x07,
    0x1e, 0x18, 0x9b, 0x00, 0x1a, 0x10, 0x25, 0x02, 0x82, 0x0b, 0x15, 0x17,
    0x9c, 0x23, 0x18, 0x07, 0x17, 0x1f, 0x0e, 0xa2, 0x0f, 0xa4, 0x95, 0x95,
    0x87, 0x0c, 0x25, 0xa1, 0x20, 0x0a, 0x1f, 0x1e, 0x19, 0x88, 0x26, 0x1d,
    0x0f, 0x1b, 0x22, 0x24, 0x21, 0x0a, 0x25, 0x26, 0xa2, 0x1e, 0x9a, 0x27,
    0x92, 0x0a, 0x88, 0x92, 0x00, 0xa8, 0x20, 0xa2, 0x13, 0xa1, 0xa3, 0x98,
    0x1c, 0x1d, 0x09, 0x85, 0x12, 0x94, 0x83, 0xa3, 0xa3, 0x99, 0x99, 0x8a,
    0x9a, 0x9e, 0x26, 0x11, 0xa1, 0xa2, 0x9c, 0x21, 0xa2, 0x22, 0xa0, 0xa5,
    0x1b, 0x12, 0x13, 0x23, 0x86, 0x06, 0x8e, 0x19, 0x15, 0xa4, 0x1a, 0x8a,
    0x93, 0xa0, 0x19, 0x9d, 0x90, 0x9c, 0x1d, 0x18, 0x9a, 0x17, 0xa2, 0xa2,
    0x0e, 0x99, 0x1c, 0x9f, 0x0b, 0xa3, 0x86, 0x82, 0x21, 0x1d, 0x12, 0x20,
    0x13, 0x98, 0x85, 0x15, 0x14, 0x28, 0xa4, 0xa0, 0x24, 0x0a, 0x92, 0x20,
    0x92, 0x1a, 0x23, 0x87, 0x10, 0x0c, 0x29, 0x28, 0x94, 0x19, 0x21, 0x14,
    0x84, 0x25, 0x29, 0x04, 0x96, 0xa9, 0x29, 0x94, 0x05, 0x84, 0x12, 0x8c,
    0x93, 0xa2, 0x83, 0xa1, 0x89, 0x23, 0x93, 0x8d, 0x23, 0x07, 0x95, 0x02,
    0x90, 0x26, 0x19, 0x23, 0x8d, 0x9c, 0x1c, 0x9f, 0xa1, 0x9f, 0x90, 0x89,
    0x8a, 0x1e, 0x14, 0x14, 0x1b, 0x16, 0x9a, 0x88, 0xa1, 0x8e, 0x23, 0x1b,
    0xa6, 0x16, 0x9f, 0x10, 0x97, 0xa2, 0x07, 0xa0, 0x1e, 0x94, 0x95, 0x94,
    0x90, 0xa3, 0x9e, 0x87, 0xa3, 0x1d, 0xa6, 0xab, 0x8e, 0x99, 0xa3, 0x91,
    0x16, 0x9e, 0x28, 0x0d, 0x1a, 0x18, 0x9b, 0x83, 0x18, 0x11, 0x16, 0x05,
    0x9a, 0x1a, 0x1d, 0x83, 0x01, 0x83, 0x21, 0x95, 0x18, 0x92, 0x9d, 0x23,
    0x9d, 0x1c, 0x96, 0x0b, 0x23, 0x1b, 0x89, 0x83, 0x9d, 0x18, 0x1c, 0x1f,
    0x2b, 0x90, 0x04, 0x93, 0x14, 0xa3, 0x1b, 0x29, 0xa6, 0x24, 0x16, 0x23,
    0x9c, 0x23, 0x06, 0x9d, 0x28, 0x22, 0x1b, 0xa9, 0x0e, 0x91, 0xaa, 0x1f,
    0x23, 0x17, 0x9f, 0xa2, 0x19, 0x9a, 0x12, 0x1f, 0x12, 0x1c, 0x19, 0x20,
    0x14, 0x0e, 0x03, 0x1b, 0x24, 0x9b, 0x9e, 0x16, 0x98, 0x13, 0x0b, 0xa1,
    0x1b, 0x1c, 0x0b, 0x1f, 0x98, 0x0d, 0x88, 0x82, 0x95, 0x04, 0x93, 0x28,
    0xa1, 0x24, 0x19, 0x21, 0x1b, 0x9e, 0x0c, 0x0a, 0x12, 0x1c, 0x93, 0x92,
    0x05, 0xa8, 0x83, 0x1c, 0x88, 0x9f, 0x9d, 0x84, 0x9a, 0x1d, 0xa0, 0xa5,
    0xa3, 0x97, 0x0f, 0x15, 0x21, 0x09, 0x88, 0x0a, 0x93, 0x03, 0x13, 0x1f,
    0x9b, 0x96, 0x21, 0x99, 0x9e, 0x16, 0x9d, 0x9f, 0xa8, 0x9a, 0x22, 0x83,
    0x23, 0xa3, 0x86, 0x91, 0x99, 0x17, 0x97, 0x22, 0x0c, 0x9d, 0x20, 0x19,
    0x23, 0x92, 0x18, 0xa5, 0xa1, 0x0b, 0x1c, 0x1c, 0x1f, 0x16, 0x20, 0xa6,
    0x16, 0xa3, 0x07, 0x11, 0x28, 0x99, 0x99, 0x19, 0x1e, 0x1a, 0x22, 0xa6,
    0xa0, 0x19, 0x99, 0x22, 0x1a, 0x13, 0x9e, 0x9a, 0x27, 0x83, 0x26, 0x07,
    0x09, 0x16, 0x89, 0x9f, 0xa1, 0xa0, 0x04, 0x24, 0xa3, 0x04, 0x9a, 0x9b,
    0xa4, 0x1c, 0x21, 0x9e, 0x86, 0x9a, 0x87, 0x14, 0x9c, 0x95, 0x85, 0x1b,
    0x0d, 0x98, 0x86, 0x13, 0x1b, 0x21, 0x18, 0x1e, 0x18, 0x18, 0x15, 0xa6,
    0x9a, 0x9b, 0x9e, 0x95, 0x98, 0x9b, 0x1a, 0x9d, 0x2b, 0x10, 0x0a, 0x94,
    0x19, 0x9d, 0x9b, 0x1f, 0x28, 0x1d, 0x0f, 0x1c, 0x23, 0xa6, 0x23, 0x1f,
    0x29, 0xa0, 0x16, 0x9a, 0x24, 0x1a, 0xa2, 0x9a, 0xa3, 0x14, 0x0e, 0x9c,
    0x20, 0x98, 0x1e, 0x99, 0x1d, 0x1b, 0x03, 0x8d, 0x9a, 0x98, 0x02, 0x8d,
    0x9e, 0x23, 0x22, 0x1d, 0x99, 0x1f, 0x95, 0x9a, 0xaa, 0x94, 0x02, 0x92,
    0x9b, 0xa3, 0xaa, 0x2a, 0x06, 0x14, 0x8f, 0xa3, 0x0c, 0x17, 0x89, 0x1b,
    0x03, 0x99, 0x13, 0x00, 0xa0, 0x20, 0x10, 0xa1, 0xa8, 0x1a, 0x9c, 0xa3,
    0x19, 0x84, 0x03, 0x9f, 0x22, 0x85, 0x9c, 0x84, 0x94, 0x9f, 0x94, 0x86,
    0x15, 0x9a, 0x19, 0x12, 0x96, 0xa1, 0x1f, 0x1a, 0x9c, 0x20, 0x1e, 0x28,
    0x24, 0xa4, 0x21, 0xa1, 0x81, 0x05, 0x99, 0x1c, 0xa2, 0x95, 0x20, 0x83,
    0x26, 0x9e, 0x1b, 0x98, 0x22, 0xa4, 0x00, 0x0b, 0x9d, 0x1e, 0x9b, 0x9e,
    0x9a, 0x18, 0x8f, 0xa0, 0x23, 0x88, 0x14, 0x86, 0x9a, 0xa1, 0x1a, 0x1f,
    0xa0, 0x0a, 0x9a, 0x10, 0x1b, 0x1e, 0x19, 0x1b, 0x1c, 0x19, 0x0b, 0x27,
    0x90, 0x00, 0x81, 0x0f, 0x1b, 0x8b, 0x11, 0x89, 0x18, 0x9f, 0x18, 0x96,
    0x9c, 0xa0, 0x06, 0x03, 0x8c, 0x13, 0x0f, 0x9c, 0x98, 0xa8, 0x14, 0x00,
    0x9d, 0xa5, 0x8a, 0xa2, 0x83, 0x20, 0x86, 0x23, 0x9f, 0x28, 0x10, 0x14,
    0x99, 0x23, 0x9c, 0x9e, 0x25, 0x9a, 0x9b, 0x1e, 0x84, 0x1e, 0x1e, 0x97,
    0x85, 0x18, 0x20, 0x27, 0x9b, 0x1b, 0x1a, 0x97, 0x1b, 0x11, 0x17, 0x1b,
    0xa8, 0x9a, 0x26, 0x0d, 0x11, 0x99, 0x02, 0x17, 0x9a, 0x9f, 0x0c, 0x09,
    0x8b, 0x8e, 0x9a, 0x96, 0x24, 0x02, 0x0e, 0x89, 0x98, 0x25, 0x18, 0x29,
    0x11, 0x92, 0x27, 0x98, 0xa2, 0xa0, 0x91, 0x11, 0x87, 0x01, 0x19, 0x06,
    0x16, 0x8e, 0x0a, 0x9c, 0x96, 0x84, 0x23, 0x24, 0xa7, 0x01, 0x9a, 0x1c,
    0x9d, 0xa2, 0x1c, 0x96, 0x99, 0x1c, 0x05, 0x1b, 0x1f, 0xa1, 0x0f, 0xa3,
    0xa1, 0x8e, 0xa1, 0x9f, 0x10, 0x18, 0x9b, 0x24, 0x26, 0xa9, 0x1f, 0x9c,
    0x12, 0x2a, 0xa3, 0xa4, 0x26, 0x21, 0x23, 0x1d, 0x16, 0x1b, 0x21, 0x9f,
    0x1d, 0x88, 0x1c, 0x97, 0x88, 0x1b, 0x85, 0x13, 0x8c, 0x85, 0x98, 0x21,
    0x83, 0x21, 0x98, 0x8d, 0xa3, 0x1b, 0x23, 0x90, 0x02, 0x9a, 0x85, 0x1a,
    0x81, 0x9a, 0x18, 0x18, 0x93, 0x23, 0x90, 0x21, 0x99, 0x8e, 0x23, 0x08,
    0x18, 0x16, 0xa2, 0x98, 0x15, 0xa3, 0x94, 0x1b, 0x1b, 0x1a, 0xa2, 0x15,
    0x8a, 0x8a, 0x1d, 0x09, 0x1a, 0x26, 0x12, 0x21, 0x04, 0xa3, 0x82, 0x9a,
    0x93, 0x83, 0x97, 0x19, 0x1a, 0x18, 0x20, 0x99, 0x0b, 0x18, 0x99, 0x92,
    0x81, 0x1c, 0x9a, 0x1a, 0x18, 0x8a, 0xa0, 0x28, 0x95, 0x24, 0x27, 0x9b,
    0x1b, 0x89, 0x09, 0x02, 0x16, 0xa7, 0x90, 0xa2, 0xa3, 0xa2, 0x1a, 0x82,
    0x22, 0x9b, 0x94, 0x1c, 0x18, 0x1c, 0x19, 0x98, 0xa3, 0x9b, 0xa0, 0x92,
    0x15, 0x97, 0x04, 0x15, 0x92, 0x26, 0x22, 0x25, 0x05, 0xa1, 0x19, 0x9f,
    0xa3, 0x87, 0x92, 0xa3, 0x93, 0xa1, 0x0e, 0x20, 0x15, 0x9b, 0x15, 0x1d,
    0x14, 0x92, 0x86, 0x86, 0x9c, 0x90, 0x96, 0x00, 0x81, 0x0c, 0x9b, 0xa3,
    0x90, 0x0a, 0x1b, 0x17, 0x09, 0x92, 0x1e, 0xa0, 0x9c, 0x18, 0x0c, 0x91,
    0x23, 0xa0, 0x07, 0x1b, 0x23, 0x12, 0x95, 0x9c, 0x16, 0x9b, 0x8c, 0x98,
    0x94, 0x0e, 0x1c, 0x04, 0x26, 0xa0, 0x26, 0x1a, 0x1e, 0xa2, 0x00, 0x09,
    0x93, 0x8e, 0x0c, 0x2a, 0x08, 0x24, 0x89, 0x9e, 0x9a, 0x0b, 0x27, 0xa6,
    0x16, 0x03, 0x8a, 0x9a, 0x94, 0x04, 0x07, 0x20, 0x1f, 0xa0, 0x98, 0x01,
    0x8d, 0x27, 0x02, 0x19, 0x1e, 0xa0, 0x07, 0x9c, 0x19, 0x94, 0x9f, 0x1d,
    0x9f, 0x19, 0x9c, 0x11, 0x1c, 0x18, 0x02, 0x97, 0x00, 0x8d, 0x87, 0x14,
    0x19, 0x13, 0x91, 0x23, 0x23, 0x92, 0x19, 0x23, 0x1f, 0xa3, 0x25, 0x17,
    0x22, 0x13, 0xa5, 0x1f, 0x9b, 0x18, 0x12, 0x21, 0x26, 0x23, 0x10, 0x02,
    0x9a, 0x1e, 0x98, 0x0b, 0xa1, 0x9b, 0x14, 0x9f, 0xa0, 0x82, 0x22, 0x26,
    0x10, 0x1f, 0x10, 0x1e, 0x96, 0x14, 0x0c, 0x8c, 0x9e, 0xa7, 0xa4, 0x22,
    0x18, 0x22, 0x87, 0xa6, 0x9c, 0xa6, 0x90, 0x97, 0x92, 0x07, 0x08, 0x01,
    0x15, 0x1f, 0xa0, 0x86, 0xa3, 0x1b, 0x99, 0xa5, 0x07, 0x98, 0x98, 0xa0,
    0x23, 0x10, 0x9b, 0xa1, 0x93, 0x22, 0xa6, 0xa1, 0x9e, 0x11, 0x1d, 0x16,
    0x82, 0x94, 0x95, 0x01, 0x15, 0x85, 0x1e, 0xa3, 0x18, 0x27, 0x18, 0x26,
    0x22, 0x1a, 0xa3, 0x00, 0x23, 0x20, 0xa5, 0x08, 0x0c, 0x9b, 0x25, 0x0b,
    0x99, 0x1f, 0x1a, 0xa6, 0x05, 0x9a, 0x21, 0x12, 0x97, 0xa5, 0x0b, 0x20,
    0x89, 0x21, 0x00, 0x1d, 0x97, 0xa0, 0x12, 0x1b, 0x95, 0xa2, 0x96, 0x10,
    0xa0, 0x12, 0xa2, 0x04, 0x8b, 0x06, 0x94, 0x08, 0x9d, 0x19, 0x12, 0x9a,
    0x8b, 0xa9, 0x81, 0x1e, 0x04, 0xa1, 0x21, 0xa3, 0x1b, 0x93, 0x20, 0x0c,
    0x10, 0x08, 0x1b, 0x98, 0x93, 0x28, 0x1e, 0xa4, 0x29, 0x82, 0x92, 0x1b,
    0x1b, 0x90, 0x1d, 0x9d, 0x19, 0x8a, 0x20, 0x92, 0x1d, 0x95, 0x93, 0x23,
    0x9f, 0x88, 0x82, 0x9c, 0x20, 0x8b, 0x1a, 0x15, 0x07, 0x93, 0xa4, 0xa2,
    0x9d, 0x97, 0x9b, 0xa7, 0x9e, 0x12, 0x8b, 0xa1, 0x12, 0x9d, 0x95, 0x9c,
    0x11, 0x1e, 0x98, 0x1e, 0x11, 0x9c, 0x26, 0xa8, 0x91, 0x82, 0xa0, 0x02,
    0x13, 0x10, 0xa1, 0x97, 0x89, 0x90, 0x88, 0x22, 0x1f, 0x14, 0x8e, 0x0d,
    0xa4, 0xa0, 0x00, 0x09, 0x1b, 0x24, 0x18, 0x22, 0x0c, 0x83, 0xa0, 0xa2,
    0x9c, 0x9a, 0x12, 0x20, 0xa6, 0x12, 0x23, 0x17, 0xa0, 0xa4, 0x1b, 0xa3,
    0x24, 0x93, 0x8f, 0x06, 0x88, 0x12, 0x85, 0x98, 0x9e, 0x92, 0x1a, 0x9e,
    0xa2, 0xa6, 0x9a, 0xa4, 0x87, 0x8b, 0x98, 0x95, 0x92, 0xa1, 0x16, 0x8e,
    0xa3, 0x98, 0x8d, 0xa5, 0x8b, 0x87, 0x86, 0x9a, 0x8d, 0x20, 0xa2, 0x86,
    0x82, 0x96, 0x9b, 0x00, 0x9e, 0x06, 0x92, 0x16, 0xa1, 0x1b, 0x9e, 0x08,
    0x1e, 0x9b, 0x93, 0x06, 0xa4, 0x9b, 0xa3, 0x22, 0x94, 0x20, 0x99, 0x9d,
    0x08, 0x9c, 0x87, 0x9f, 0x18, 0x1f, 0x89, 0x03, 0x08, 0x9e, 0x9a, 0x91,
    0x98, 0x0f, 0x1b, 0x9f, 0xac, 0xa7, 0x9a, 0xa1, 0x98, 0x99, 0x99, 0x0e,
    0xa4, 0x21, 0x21, 0x09, 0x9f, 0x24, 0x15, 0x9d, 0x08, 0x25, 0x0e, 0x07,
    0x85, 0x82, 0x81, 0x04, 0x24, 0x19, 0x9c, 0x23, 0x83, 0x16, 0x1f, 0x15,
    0x24, 0x1b, 0x22, 0x01, 0x9f, 0x1c, 0x87, 0x23, 0xa1, 0x98, 0x18, 0xa0,
    0x17, 0x20, 0x19, 0x95, 0x1d, 0x9d, 0x01, 0x01, 0xa0, 0x89, 0x12, 0x92,
    0x91, 0x09, 0x92, 0xa5, 0xa1, 0x1a, 0x18, 0x92, 0x24, 0x1d, 0x16, 0x09,
    0x2c, 0xa4, 0x89, 0x9a, 0xa1, 0x04, 0x01, 0x1b, 0x24, 0x9d, 0xa5, 0x1a,
    0x9f, 0x1e, 0x95, 0xa1, 0xa0, 0x0b, 0x11, 0x93, 0x21, 0x9b, 0x1f, 0x22,
    0x91, 0x23, 0x24, 0x9e, 0x27, 0x8c, 0x18, 0xa3, 0xa3, 0x15, 0x0e, 0x21,
    0x29, 0x87, 0x26, 0x86, 0x9c, 0x8f, 0x19, 0xa1, 0x94, 0x93, 0x99, 0x1b,
    0x94, 0x1c, 0x15, 0x9d, 0x93, 0x82, 0x28, 0x1c, 0x0f, 0x97, 0x06, 0x9e,
    0x91, 0x9a, 0x26, 0x23, 0x20, 0x21, 0x1f, 0x1d, 0x02, 0x9c, 0x98, 0x9a,
    0x82, 0xa3, 0xa2, 0xa3, 0x09, 0x96, 0x90, 0x1c, 0x18, 0xa3, 0x94, 0x29,
    0x20, 0x1c, 0x1b, 0x91, 0x8d, 0x22, 0x16, 0xa2, 0x8e, 0x99, 0x8e, 0x82,
    0x9b, 0x88, 0x17, 0xa2, 0x1c, 0x9c, 0x20, 0x01, 0x9e, 0x19, 0x28, 0x99,
    0x1a, 0x1c, 0x9a, 0x07, 0xa0, 0xa4, 0xa6, 0x8b, 0x9b, 0x8e, 0x1a, 0x93,
    0x06, 0x18, 0x2b, 0xa1, 0x12, 0x0d, 0x25, 0x94, 0x9d, 0x28, 0x8e, 0x98,
    0x9b, 0x94, 0x08, 0x95, 0x1d, 0x90, 0x03, 0x91, 0x1b, 0x26, 0x81, 0x8b,
    0x1a, 0x92, 0x9d, 0x23, 0x21, 0x1a, 0xa5, 0xa2, 0x1b, 0xa7, 0xa9, 0x98,
    0x8e, 0x99, 0x93, 0x87, 0x93, 0x21, 0x96, 0x08, 0xa2, 0x12, 0x84, 0x24,
    0x1f, 0x0e, 0xa9, 0x9f, 0x0b, 0x13, 0x25, 0x20, 0x06, 0x90, 0x8b, 0x1e,
    0x10, 0x23, 0x19, 0x23, 0x8a, 0x1e, 0x1d, 0x91, 0x8c, 0xa2, 0x8e, 0x9d,
    0x20, 0x9a, 0x1d, 0xa3, 0xa4, 0x10, 0xa9, 0x10, 0x13, 0x2d, 0xa1, 0xa4,
    0x29, 0xa3, 0x99, 0xa6, 0x9d, 0x8a, 0xae, 0x9f, 0x29, 0x9a, 0xa2, 0x9e,
    0x12, 0x94, 0x06, 0x07, 0xae, 0x19, 0xa9, 0x99, 0xa2, 0x1e, 0x23, 0x1a,
    0x18, 0x15, 0xa7, 0x24, 0x28, 0x89, 0x14, 0x1b, 0x98, 0x1e, 0xa0, 0xa0,
    0x99, 0x09, 0xa4, 0x18, 0x28, 0x9b, 0x1e, 0x02, 0x21, 0x93, 0x90, 0x08,
    0xa1, 0x17, 0x0e, 0xaa, 0x14, 0xa7, 0xa4, 0x21, 0xa1, 0x8e, 0x9a, 0x0b,
    0x99, 0x13, 0x9a, 0x25, 0xa0, 0x09, 0x90, 0x11, 0xa4, 0x1b, 0x1d, 0x8a,
    0x99, 0x0f, 0x08, 0x90, 0x9f, 0x99, 0x9f, 0x20, 0x29, 0x1c, 0xaa, 0x1f,
    0x25, 0xa4, 0x1a, 0x15, 0x21, 0x19, 0x21, 0x85, 0x98, 0x23, 0xa3, 0x9e,
    0x98, 0x96, 0xa0, 0x0f, 0x9d, 0x9c, 0x98, 0xa7, 0x21, 0x08, 0xad, 0x23,
    0x25, 0x0d, 0x9c, 0x29, 0x31, 0x21, 0x10, 0x1e, 0x24, 0x02, 0x21, 0x0b,
    0x14, 0x29, 0x99, 0x14, 0x27, 0x1f, 0x24, 0x28, 0x22, 0x07, 0x21, 0x2b,
    0x1e, 0x0d, 0x9a, 0x1b, 0xa4, 0x94, 0x9e, 0x0d, 0x93, 0x20, 0x18, 0x07,
    0x99, 0x90, 0x97, 0x9e, 0x9c, 0x95, 0x17, 0x1d, 0x22, 0x1f, 0x14, 0xa3,
    0x12, 0x1c, 0x20, 0x26, 0x1d, 0x1c, 0x90, 0x22, 0x1a, 0xa0, 0x0c, 0x95,
    0x86, 0x07, 0xa7, 0x1b, 0x1c, 0x19, 0x24, 0x20, 0x9b, 0x86, 0x0b, 0x8e,
    0xa6, 0x20, 0x1a, 0x24, 0xa2, 0x82, 0x8e, 0x13, 0x91, 0x92, 0xaa, 0x1b,
    0xa0, 0x21, 0x09, 0x1d, 0x9b, 0xa1, 0x1a, 0xa3, 0x29, 0x99, 0xa0, 0x09,
    0xa2, 0x9d, 0x22, 0xa0, 0x2a, 0x18, 0x9b, 0x21, 0x04, 0x95, 0xaa, 0x1c,
    0x9e, 0x1e, 0x0e, 0x90, 0x1f, 0xa5, 0xa5, 0x92, 0x93, 0x24, 0x28, 0x23,
    0x8a, 0x1f, 0x28, 0x15, 0x92, 0x9a, 0x24, 0x9a, 0xa1, 0x1f, 0x9e, 0x99,
    0x14, 0xa2, 0x0b, 0xa0, 0x9f, 0x1f, 0x22, 0x8e, 0xa4, 0x9e, 0x22, 0x9d,
    0x21, 0x23, 0x89, 0x1d, 0xa1, 0x98, 0x1f, 0xa2, 0x8a, 0x13, 0x05, 0x19,
    0x91, 0x98, 0xa3, 0xa0, 0x09, 0xa7, 0x24, 0x1f, 0x29, 0x9b, 0x81, 0xa2,
    0xa1, 0xa5, 0x9a, 0x91, 0x16, 0x8e, 0x11, 0x15, 0x15, 0x1e, 0x09, 0x0d,
    0x1e, 0x9c, 0xa2, 0x84, 0x92, 0x18, 0x1e, 0x09, 0x9a, 0x84, 0xa6, 0x26,
    0x27, 0xa0, 0x24, 0x27, 0x20, 0x20, 0xa1, 0x18, 0xa5, 0x99, 0x98, 0x08,
    0x8e, 0x21, 0x90, 0x13, 0x8b, 0x1c, 0x1c, 0x25, 0x93, 0x29, 0x9d, 0x1d,
    0x89, 0x0a, 0x86, 0x9f, 0x90, 0x8b, 0x9c, 0x91, 0x28, 0x99, 0x15, 0x13,
    0x92, 0x9c, 0x93, 0x24, 0x93, 0x83, 0xa2, 0x9b, 0x9b, 0x8f, 0x24, 0x9a,
    0x0c, 0x98, 0xa7, 0x98, 0xa3, 0x9c, 0x1a, 0x9d, 0xaa, 0x9e, 0x9a, 0x23,
    0x9d, 0x15, 0x03, 0x21, 0x99, 0x95, 0xa5, 0xa2, 0xa9, 0x0a, 0x9b, 0x9f,
    0x96, 0x1b, 0x8c, 0x02, 0x8f, 0x12, 0x9e, 0xa2, 0xa1, 0xa3, 0x9c, 0x2a,
    0x88, 0x1f, 0x99, 0x26, 0xa9, 0x03, 0xa2, 0x13, 0xa4, 0x9a, 0x2a, 0xa3,
    0x9f, 0x07, 0x1d, 0x1d, 0xa0, 0xa1, 0x9b, 0xa4, 0x9f, 0x22, 0xa6, 0x27,
    0x87, 0x1b, 0x0e, 0x95, 0x23, 0x98, 0xa5, 0x12, 0x8b, 0xa2, 0x9f, 0x0d,
    0x01, 0x25, 0x9a, 0x9b, 0x8e, 0xac, 0x87, 0x90, 0x05, 0x95, 0x02, 0xa0,
    0x86, 0xa0, 0x1a, 0x04, 0x23, 0x9d, 0x09, 0x93, 0x1b, 0x98, 0x1b, 0x92,
    0x9d, 0x8b, 0x90, 0x9e, 0x8b, 0x21, 0x85, 0xa1, 0x99, 0x92, 0x20, 0x1e,
    0x1a, 0x22, 0x1f, 0x01, 0x04, 0x29, 0x28, 0x9c, 0x92, 0x21, 0x06, 0x21,
    0x94, 0x11, 0x1f, 0x89, 0x17, 0xa9, 0x14, 0x9e, 0x0d, 0xa5, 0x17, 0x11,
    0x8b, 0x8d, 0x82, 0x84, 0xa6, 0x24, 0x19, 0xa0, 0x02, 0xa4, 0x21, 0x0b,
    0x9a, 0x1d, 0x98, 0x1b, 0xa6, 0x88, 0x06, 0x1d, 0x96, 0xa2, 0xa1, 0x1e,
    0x84, 0x8f, 0xa2, 0x20, 0x93, 0x98, 0x9f, 0x06, 0x13, 0x8b, 0x26, 0x24,
    0x8d, 0x06, 0x8b, 0xaa, 0x9c, 0xa0, 0x91, 0x14, 0xa2, 0x9f, 0x1d, 0x9d,
    0x25, 0x16, 0x17, 0x16, 0x1b, 0x8e, 0x1c, 0x15, 0x17, 0x01, 0x0f, 0x96,
    0x92, 0x2a, 0xa2, 0xa2, 0x9b, 0xa8, 0x1b, 0xa4, 0xa0, 0x8a, 0x13, 0x1c,
    0xa1, 0x1d, 0x8f, 0x13, 0x22, 0x0a, 0x8a, 0x21, 0x21, 0x08, 0x9e, 0x20,
    0x1e, 0x94, 0x0a, 0x98, 0x91, 0x26, 0xa2, 0x01, 0x27, 0x9f, 0x16, 0x11,
    0x99, 0xa1, 0x21, 0xa1, 0x83, 0x09, 0x0e, 0x8d, 0x0a, 0xa4, 0x25, 0x1b,
    0x9a, 0xa2, 0x03, 0xa3, 0x9a, 0x8b, 0x0d, 0x20, 0x05, 0x29, 0x20, 0x14,
    0x15, 0x21, 0x11, 0x17, 0x1a, 0x97, 0x89, 0x1a, 0x11, 0x1c, 0x06, 0x02,
    0x8f, 0x15, 0x9c, 0x9b, 0xa3, 0x83, 0x8f, 0x03, 0x1d, 0xa2, 0xa6, 0x94,
    0xa3, 0x0b, 0x20, 0x09, 0x1e, 0xa2, 0x8e, 0x14, 0x91, 0x9b, 0x8d, 0x9a,
    0x9d, 0x0b, 0x23, 0xa4, 0x09, 0x9b, 0xa1, 0x12, 0x18, 0x92, 0x8b, 0x26,
    0x94, 0x15, 0x25, 0x9b, 0x9d, 0x1b, 0x87, 0x11, 0x18, 0x9d, 0x1e, 0xa3,
    0x03, 0x8b, 0x88, 0x82, 0x9b, 0x1a, 0x9e, 0x22, 0xa0, 0x07, 0x22, 0x21,
    0xa1, 0x95, 0x1e, 0x18, 0x99, 0x1d, 0x1b, 0x21, 0x0d, 0x08, 0xa2, 0xa2,
    0x08, 0x9b, 0x10, 0x07, 0xa4, 0x28, 0x92, 0x20, 0x12, 0x99, 0x92, 0x1e,
    0x9a, 0x2a, 0x98, 0xa4, 0x26, 0x0c, 0x9e, 0x19, 0x9d, 0x89, 0x21, 0x03,
    0x20, 0x98, 0x92, 0x8d, 0xa1, 0x24, 0x9c, 0x8d, 0x1c, 0x15, 0x87, 0x21,
    0x81, 0x0a, 0x8d, 0x91, 0x99, 0x18, 0x9c, 0xa5, 0xa1, 0x96, 0xa4, 0x85,
    0x94, 0x85, 0x89, 0x9d, 0x16, 0x26, 0x81, 0x9c, 0x11, 0xa4, 0x25, 0x90,
    0x8b, 0x1d, 0x9c, 0x8a, 0x22, 0xa1, 0x1b, 0x1f, 0x8b, 0x1f, 0x21, 0x28,
    0x01, 0x85, 0x19, 0x1d, 0x99, 0x25, 0xa1, 0x1b, 0x99, 0xa3, 0x9c, 0x95,
    0x9e, 0x14, 0x09, 0x18, 0x1e, 0x1a, 0x92, 0x8f, 0x9b, 0x00, 0x9a, 0x9e,
    0x93, 0x8a, 0x9e, 0x1a, 0x1d, 0x13, 0x83, 0x22, 0x22, 0x0f, 0x29, 0x9f,
    0x12, 0x16, 0x98, 0x08, 0x1e, 0xa2, 0x8d, 0x8c, 0x9a, 0x9f, 0x1b, 0x98,
    0x09, 0x98, 0x8e, 0x1c, 0x98, 0x1b, 0x8b, 0x21, 0x85, 0x19, 0xa5, 0x1e,
    0x17, 0x95, 0x17, 0x20, 0xa9, 0x28, 0x00, 0x26, 0x8e, 0xa0, 0x25, 0x83,
    0xa3, 0x20, 0x28, 0xa4, 0x16, 0x03, 0x98, 0x1f, 0x11, 0x02, 0x24, 0x17,
    0x1d, 0x93, 0x88, 0xa3, 0x02, 0xa0, 0x9f, 0x10, 0x83, 0x99, 0xa3, 0x9a,
    0x24, 0x83, 0x90, 0x93, 0x9b, 0x98, 0x09, 0x1d, 0x8e, 0xa1, 0xa4, 0x87,
    0x96, 0x92, 0x20, 0x10, 0x15, 0x1c, 0xa3, 0x97, 0x9b, 0xa2, 0x85, 0xa5,
    0x92, 0x8b, 0x8c, 0x9e, 0x9d, 0x11, 0x23, 0x1a, 0x05, 0xa1, 0x9e, 0x21,
    0x91, 0x93, 0x20, 0x24, 0x8d, 0x20, 0x22, 0x89, 0x1f, 0x06, 0x18, 0x9e,
    0x22, 0x12, 0x00, 0xa1, 0x97, 0xa2, 0x99, 0x14, 0x81, 0x1a, 0x9c, 0x22,
    0x94, 0x27, 0x08, 0x88, 0x1f, 0x81, 0x22, 0x9e, 0x21, 0x9a, 0x9d, 0x21,
    0x92, 0x9d, 0xa2, 0x06, 0x9a, 0x08, 0x9d, 0x09, 0x1e, 0x19, 0x97, 0x1e,
    0x90, 0x97, 0xa2, 0x21, 0x24, 0x05, 0xa4, 0x9a, 0x99, 0xa7, 0x1c, 0x22,
    0x23, 0x23, 0xa2, 0x1b, 0x11, 0x15, 0x1d, 0x23, 0x26, 0x97, 0x09, 0x8c,
    0x9f, 0x19, 0x88, 0x0d, 0xad, 0x1e, 0x94, 0xa7, 0xa0, 0x84, 0x2d, 0x1d,
    0x93, 0x1a, 0x28, 0x07, 0x1f, 0x1c, 0x1c, 0x13, 0x91, 0xa4, 0x92, 0x18,
    0x89, 0x16, 0x17, 0x9e, 0x89, 0xa4, 0x13, 0x92, 0x18, 0x82, 0x90, 0x1c,
    0x23, 0x1b, 0xa3, 0x83, 0xa5, 0x14, 0xa2, 0xa0, 0x98, 0x17, 0xa3, 0x1b,
    0x9a, 0x85, 0x05, 0xa1, 0x9e, 0x26, 0xa5, 0x12, 0x17, 0x1b, 0x22, 0x1b,
    0x99, 0x9a, 0x1a, 0x8c, 0x9d, 0xa4, 0x99, 0xa1, 0x82, 0x27, 0x21, 0x26,
    0x85, 0x0c, 0x15, 0x97, 0x1c, 0x89, 0xa0, 0x83, 0x05, 0x0f, 0x1b, 0x1c,
    0x85, 0x1a, 0x1e, 0x95, 0x8d, 0x96, 0x15, 0x80, 0x9e, 0xa4, 0x9a, 0x18,
    0x9f, 0x1d, 0x95, 0x25, 0x14, 0x9e, 0x03, 0x8e, 0xa4, 0x84, 0x1b, 0x11,
    0x9f, 0x1e, 0x8a, 0x84, 0x08, 0xa4, 0x06, 0x9c, 0xa1, 0x23, 0x1d, 0x82,
    0x01, 0x9e, 0x83, 0x92, 0x21, 0x8b, 0x83, 0xa1, 0x16, 0x11, 0x1b, 0x10,
    0x23, 0x99, 0x1a, 0x9a, 0xa1, 0x29, 0x9a, 0xa1, 0x23, 0x24, 0x11, 0x03,
    0x19, 0xa3, 0x16, 0xa7, 0x8c, 0x19, 0x0b, 0x95, 0x81, 0xa6, 0x1e, 0x20,
    0xa8, 0xa4, 0x06, 0x9e, 0x1b, 0x9c, 0x1c, 0x8f, 0x18, 0x99, 0x17, 0x06,
    0x13, 0x97, 0x85, 0xa5, 0xa8, 0x90, 0x0a, 0x8f, 0xa8, 0x89, 0xa8, 0x86,
    0x99, 0x25, 0xa2, 0x1b, 0x10, 0xa2, 0x19, 0x9a, 0x98, 0x9c, 0x86, 0x01,
    0x9b, 0x9f, 0x07, 0x94, 0x1d, 0xa2, 0x1e, 0x08, 0x1f, 0x21, 0x93, 0x9f,
    0xa3, 0x8c, 0x1a, 0x9a, 0x23, 0x11, 0x15, 0x0e, 0x11, 0x84, 0x08, 0xa5,
    0x87, 0x05, 0x95, 0x1c, 0x99, 0x16, 0x19, 0x1e, 0x00, 0x91, 0x28, 0x9b,
    0x1d, 0x1e, 0x01, 0x1f, 0x1f, 0x25, 0x84, 0x92, 0x94, 0xa2, 0x92, 0x0b,
    0x19, 0x9a, 0x1c, 0x98, 0x20, 0xa1, 0x9b, 0x9e, 0x1b, 0xa2, 0x19, 0x88,
    0xa2, 0x90, 0x25, 0xa4, 0x20, 0x08, 0x82, 0xa0, 0x98, 0x26, 0x9c, 0x1e,
    0x9b, 0x11, 0x28, 0x8d, 0x9a, 0x8b, 0xa1, 0x1e, 0xa6, 0x93, 0x9f, 0x9b,
    0x20, 0x8d, 0x93, 0x8e, 0x81, 0x1b, 0xa2, 0x1b, 0x91, 0x1a, 0x24, 0x90,
    0xa2, 0xa6, 0x9c, 0xa2, 0x1f, 0x11, 0x9f, 0x19, 0x1c, 0x9a, 0x89, 0x99,
    0x95, 0x16, 0x9d, 0xa2, 0x9d, 0x11, 0x04, 0x17, 0x82, 0x8d, 0x99, 0x91,
    0x9d, 0x2a, 0x13, 0x9d, 0x95, 0xa7, 0xa1, 0xa0, 0x14, 0x26, 0x9d, 0x17,
    0x99, 0x9d, 0xa2, 0x00, 0x1b, 0x8f, 0x11, 0x21, 0x9c, 0x25, 0x1c, 0x91,
    0x1c, 0x1a, 0x1f, 0x93, 0xa1, 0x21, 0x05, 0x83, 0xa1, 0x18, 0x22, 0xa0,
    0x13, 0x9a, 0x19, 0xa8, 0x04, 0x93, 0x23, 0x9a, 0x81, 0x13, 0x0c, 0x93,
    0x1c, 0x84, 0x27, 0xa5, 0xa2, 0x1a, 0x8a, 0x9e, 0x96, 0x17, 0x21, 0x93,
    0x22, 0x9e, 0x16, 0x9b, 0x92, 0x97, 0x1c, 0x1e, 0x1a, 0x99, 0x86, 0x17,
    0x22, 0x02, 0x1c, 0x9d, 0x88, 0x23, 0x1f, 0x04, 0x12, 0xa1, 0x1a, 0x01,
    0x9e, 0x23, 0x01, 0x9a, 0x06, 0x19, 0x87, 0xa2, 0x81, 0x0f, 0x1d, 0x21,
    0x22, 0x04, 0x8c, 0x22, 0x9a, 0x20, 0x99, 0x08, 0x99, 0x19, 0x87, 0x15,
    0x24, 0x14, 0x1a, 0x1e, 0x18, 0x12, 0x91, 0xa2, 0x9b, 0x04, 0x15, 0x12,
    0x00, 0x9b, 0x21, 0x22, 0x95, 0x12, 0x12, 0x25, 0x91, 0xa1, 0x1c, 0xa1,
    0x02, 0xa4, 0x1b, 0x93, 0x18, 0x9c, 0x81, 0x92, 0x1c, 0x85, 0x16, 0x1b,
    0x19, 0x91, 0x96, 0x93, 0x10, 0x23, 0x18, 0xa4, 0x1c, 0x15, 0x1b, 0x84,
    0x1c, 0xa1, 0x11, 0xa0, 0x93, 0x8f, 0x8d, 0x1f, 0xa0, 0x21, 0x18, 0x09,
    0x9a, 0x20, 0x05, 0x8d, 0x17, 0xa0, 0xa1, 0x15, 0x98, 0x84, 0x9d, 0xa3,
    0x0e, 0x02, 0x20, 0x23, 0xa9, 0x90, 0x1b, 0x98, 0x02, 0x29, 0x01, 0x13,
    0x9e, 0x96, 0x91, 0x83, 0x20, 0x24, 0x9b, 0x1d, 0x99, 0x16, 0x85, 0x19,
    0x1b, 0x04, 0xa2, 0x0e, 0x0d, 0x91, 0xa2, 0xa1, 0x9f, 0x86, 0x9b, 0x9a,
    0x1a, 0x9f, 0x8b, 0x8f, 0x0c, 0x1f, 0x23, 0xa5, 0x9d, 0x1f, 0x1d, 0x29,
    0x91, 0x86, 0x9c, 0x99, 0x1d, 0x92, 0x25, 0x20, 0x21, 0xa4, 0x01, 0x18,
    0x00, 0x1f, 0xa2, 0x23, 0x1b, 0x10, 0x12, 0x94, 0x12, 0x93, 0x0f, 0xa5,
    0x93, 0x19, 0x96, 0x8c, 0x23, 0x16, 0x99, 0x1a, 0x91, 0x1d, 0x24, 0x8f,
    0x14, 0xa1, 0x92, 0x9a, 0x89, 0x22, 0x89, 0x02, 0x9b, 0x09, 0x1b, 0x98,
    0x14, 0x9d, 0x8a, 0x99, 0xa4, 0x25, 0x22, 0x1a, 0x0a, 0x20, 0x21, 0x96,
    0x8e, 0x89, 0x17, 0x07, 0x0f, 0x96, 0x05, 0x9c, 0xa8, 0x9c, 0x85, 0x82,
    0x19, 0x14, 0x90, 0x96, 0x9c, 0x1d, 0x1e, 0xa0, 0x9e, 0x18, 0x9c, 0x86,
    0x9b, 0xa1, 0x15, 0x9d, 0x89, 0x13, 0x18, 0x1e, 0x87, 0x24, 0x01, 0x97,
    0x27, 0x08, 0x93, 0x8e, 0x07, 0x80, 0x23, 0x89, 0x23, 0x1a, 0x00, 0x87,
    0xa5, 0x23, 0x21, 0x96, 0x1b, 0x15, 0x06, 0x93, 0x1d, 0xa7, 0x20, 0xa5,
    0x89, 0x02, 0x06, 0x96, 0x10, 0xa3, 0x20, 0x22, 0xa5, 0xa1, 0x0b, 0xa2,
    0x9d, 0xa3, 0x1f, 0xa1, 0x0d, 0x98, 0x16, 0x91, 0x91, 0x97, 0x24, 0xa2,
    0xa2, 0x9e, 0x08, 0x92, 0x1d, 0x20, 0xa6, 0x1e, 0x17, 0x16, 0xa1, 0x82,
    0x86, 0x9a, 0x1e, 0xa1, 0xa2, 0x07, 0x91, 0x96, 0x23, 0x9e, 0x85, 0x88,
    0x23, 0x99, 0x04, 0x12, 0x17, 0x1f, 0xa0, 0x9e, 0x9b, 0x17, 0x1b, 0x0f,
    0x21, 0x99, 0x20, 0x98, 0x91, 0x0d, 0x03, 0x18, 0xa3, 0x1a, 0x03, 0x1b,
    0x0c, 0x88, 0x9f, 0x26, 0x23, 0x03, 0x24, 0x1d, 0x0f, 0x22, 0x0e, 0x19,
    0x1b, 0x25, 0xa2, 0x98, 0x23, 0xa1, 0x9e, 0x06, 0x83, 0x22, 0x1c, 0x97,
    0x8f, 0x89, 0x1b, 0x1b, 0x22, 0x91, 0x06, 0x17, 0x8b, 0x8e, 0x01, 0x99,
    0x04, 0x11, 0x12, 0x9d, 0x19, 0x23, 0x10, 0x0b, 0xa2, 0x23, 0x20, 0x93,
    0x12, 0x23, 0x18, 0x1b, 0x11, 0x97, 0x04, 0xa8, 0x03, 0x93, 0x13, 0x18,
    0x04, 0x06, 0x98, 0x8a, 0x92, 0x23, 0x14, 0x9d, 0xab, 0xa7, 0xa5, 0xaa,
    0x1c, 0x93, 0x89, 0xa2, 0x14, 0x96, 0x1d, 0x91, 0x12, 0x27, 0x19, 0x9e,
    0x19, 0x0f, 0x23, 0x20, 0x99, 0x95, 0x07, 0x1c, 0x9f, 0x29, 0x8b, 0x9f,
    0xa3, 0x12, 0xa0, 0x10, 0xa6, 0x1e, 0x81, 0x17, 0x8c, 0x92, 0xac, 0x13,
    0x07, 0x9b, 0x96, 0x8c, 0x18, 0x97, 0xa3, 0x8b, 0x23, 0x18, 0x17, 0x9c,
    0x0d, 0x00, 0x81, 0xa3, 0x9f, 0x8c, 0x90, 0x9a, 0x20, 0xa1, 0x16, 0x96,
    0x9c, 0xa1, 0x21, 0xa5, 0x02, 0x16, 0x14, 0x92, 0x92, 0x10, 0x93, 0x13,
    0x9b, 0x16, 0x9b, 0x1c, 0x87, 0x0a, 0x22, 0x0b, 0x87, 0x14, 0x12, 0x96,
    0x90, 0xa1, 0x91, 0x18, 0x26, 0xa0, 0x04, 0x1f, 0x30, 0x0b, 0x20, 0x90,
    0x19, 0x28, 0x21, 0x99, 0x9f, 0x99, 0x9b, 0x9f, 0x9e, 0x14, 0x1f, 0xa5,
    0xa4, 0x9a, 0x96, 0x00, 0x8b, 0x02, 0x07, 0x23, 0x27, 0x0f, 0x21, 0x2a,
    0xa1, 0x23, 0xa0, 0x89, 0xa4, 0x14, 0x07, 0x01, 0x0a, 0x17, 0x1f, 0x1e,
    0x9d, 0x1e, 0x19, 0xa5, 0xa1, 0x20, 0x91, 0x14, 0xa0, 0x1a, 0x1c, 0x21,
    0x84, 0x97, 0xa0, 0x27, 0x0e, 0x9a, 0x01, 0x9a, 0x10, 0xaa, 0x96, 0x18,
    0x29, 0x9a, 0x16, 0x90, 0x14, 0x10, 0x11, 0x12, 0x15, 0xa6, 0x91, 0x04,
    0x9e, 0x24, 0x17, 0x9a, 0x91, 0x1c, 0x03, 0x93, 0x18, 0x08, 0x1d, 0xa4,
    0xa0, 0x0b, 0x98, 0x21, 0xa2, 0x21, 0x11, 0xa6, 0xa4, 0x12, 0x1a, 0x84,
    0x9b, 0x0c, 0x96, 0x1b, 0x92, 0x8b, 0x97, 0x8b, 0xa0, 0x24, 0x99, 0x1c,
    0xad, 0x9f, 0x04, 0x90, 0x23, 0x28, 0x83, 0x99, 0x9a, 0x17, 0x97, 0x1f,
    0x1c, 0x14, 0x1d, 0x9f, 0x87, 0x06, 0x8f, 0x1b, 0x1a, 0x21, 0x99, 0xa2,
    0xa3, 0x19, 0x9c, 0x9b, 0x16, 0x02, 0x16, 0x9b, 0x28, 0x01, 0x90, 0x82,
    0x01, 0x14, 0x21, 0x9c, 0x19, 0x14, 0x08, 0x28, 0x94, 0xa1, 0x20, 0x8f,
    0x91, 0x88, 0x1c, 0x1c, 0x98, 0x9e, 0x98, 0x06, 0x9b, 0x21, 0x8e, 0x1e,
    0x9a, 0x22, 0x84, 0x85, 0xa2, 0x92, 0x15, 0xa8, 0x9d, 0x88, 0xa1, 0x23,
    0x11, 0x12, 0x8d, 0x10, 0x98, 0x9e, 0x90, 0x0d, 0x07, 0x92, 0x8a, 0x1f,
    0x8c, 0x0f, 0x8a, 0xa7, 0x9f, 0xa0, 0x02, 0x98, 0x9f, 0x9d, 0x25, 0xa3,
    0x1c, 0x21, 0x18, 0x10, 0x19, 0x95, 0x0e, 0xa3, 0x82, 0x07, 0x27, 0x9b,
    0x92, 0x12, 0xa2, 0x14, 0x8c, 0xa4, 0x19, 0x92, 0x02, 0x08, 0x07, 0x19,
    0xa6, 0x1d, 0x8a, 0x82, 0x10, 0x20, 0x19, 0x09, 0x0d, 0xa2, 0x86, 0x03,
    0x86, 0x92, 0x1d, 0x96, 0x04, 0x27, 0x93, 0x91, 0x26, 0x12, 0x8e, 0x81,
    0x80, 0xa3, 0x15, 0xa1, 0x22, 0x90, 0x8d, 0x9a, 0x99, 0x96, 0x1d, 0x14,
    0x9c, 0x9e, 0x85, 0x9c, 0x83, 0xa2, 0x08, 0x93, 0xa1, 0x28, 0x14, 0x0f,
    0x1d, 0xa1, 0x23, 0x1a, 0x9a, 0xa2, 0x9e, 0x97, 0x04, 0x9a, 0x1a, 0x91,
    0x87, 0x0e, 0x11, 0x92, 0x8a, 0x9a, 0x23, 0x9c, 0x9e, 0xa4, 0x92, 0x13,
    0xa3, 0x10, 0xa3, 0x1a, 0x16, 0x0c, 0x99, 0x1b, 0x12, 0xa2, 0x80, 0x07,
    0x9f, 0x8d, 0x20, 0x9c, 0x1b, 0x99, 0x10, 0x82, 0x24, 0x9b, 0x0e, 0x1e,
    0x05, 0x25, 0x95, 0xa1, 0xa0, 0x0c, 0x20, 0x8e, 0x16, 0xa1, 0x21, 0xa2,
    0x0a, 0x81, 0x16, 0x9c, 0xa3, 0x16, 0x91, 0x24, 0x9d, 0x86, 0x02, 0x1c,
    0x87, 0x8c, 0x1f, 0x0d, 0xa3, 0x29, 0x1f, 0x18, 0x19, 0x20, 0x88, 0xa1,
    0x1c, 0xa3, 0x9d, 0x12, 0x88, 0x26, 0x11, 0x1c, 0x20, 0xa1, 0x91, 0x20,
    0x20, 0x26, 0x9d, 0xa5, 0x1b, 0x1c, 0x19, 0x0b, 0x13, 0x12, 0x1f, 0x9b,
    0x21, 0x1a, 0x93, 0x11, 0xa4, 0x22, 0x81, 0x96, 0x15, 0x1d, 0x93, 0x1a,
    0x9b, 0x91, 0x86, 0xa2, 0x94, 0x01, 0x1c, 0xa0, 0x1f, 0x14, 0x8d, 0x9e,
    0x94, 0x26, 0x12, 0x92, 0x19, 0x04, 0x9b, 0xa1, 0x1a, 0xaa, 0xa0, 0x9f,
    0xa8, 0x11, 0x06, 0x92, 0x20, 0x9c, 0x1d, 0x92, 0x23, 0x24, 0x1e, 0x29,
    0x18, 0x89, 0x97, 0x18, 0x8f, 0x21, 0x9c, 0x92, 0x9b, 0x91, 0x13, 0x81,
    0x17, 0x27, 0x9d, 0x20, 0x21, 0x16, 0x9e, 0x8c, 0x97, 0x18, 0x8c, 0x9d,
    0x05, 0x84, 0xab, 0x91, 0x8e, 0x93, 0x11, 0x02, 0x2b, 0x02, 0x16, 0xa1,
    0x93, 0x11, 0x9d, 0x0c, 0x1f, 0xa9, 0x9b, 0x93, 0x96, 0x07, 0x23, 0xa2,
    0x20, 0x84, 0x19, 0x0e, 0x92, 0x81, 0x04, 0x20, 0x91, 0x22, 0xa3, 0x8c,
    0x1e, 0x98, 0x1e, 0x17, 0x10, 0x25, 0x21, 0x19, 0x83, 0xa3, 0x04, 0x16,
    0x96, 0x19, 0x84, 0x95, 0x23, 0x9c, 0x05, 0x19, 0x89, 0x26, 0x1d, 0x1a,
    0x09, 0x94, 0x1d, 0xa6, 0x9d, 0xa1, 0xa3, 0xa1, 0x9f, 0x91, 0x9e, 0x8e,
    0x8e, 0x91, 0x12, 0x13, 0x89, 0x15, 0x12, 0x28, 0x99, 0x19, 0x88, 0x83,
    0x8e, 0x81, 0x1f, 0x93, 0x1b, 0x1b, 0x9c, 0x20, 0x1b, 0x0a, 0x19, 0xaa,
    0xa9, 0x8a, 0x02, 0x87, 0x9b, 0x99, 0x20, 0x20, 0x1e, 0xa7, 0x88, 0x28,
    0x19, 0x0a, 0x1e, 0x16, 0x15, 0x96, 0x8e, 0x9e, 0x25, 0x9e, 0x1d, 0xa4,
    0x25, 0x1d, 0x88, 0xa2, 0x19, 0xa8, 0x9d, 0x83, 0x89, 0x8c, 0x8a, 0x1e,
    0x97, 0x28, 0x15, 0x91, 0x17, 0xa1, 0x21, 0xa0, 0x83, 0x1b, 0x9f, 0x28,
    0x98, 0x13, 0x99, 0x85, 0x8e, 0x0b, 0x1d, 0x89, 0x0e, 0x12, 0x17, 0x21,
    0x9f, 0x1a, 0x9f, 0x15, 0x12, 0x08, 0x90, 0x22, 0xa4, 0xa7, 0x17, 0x1b,
    0x12, 0x24, 0x8d, 0x21, 0x8c, 0x1e, 0x21, 0x24, 0x22, 0x1a, 0x13, 0x87,
    0x91, 0x8e, 0x11, 0x1c, 0xa4, 0x1f, 0x94, 0xa8, 0x9c, 0x1a, 0x23, 0x83,
    0xa2, 0xa3, 0x92, 0x11, 0x20, 0x96, 0x19, 0x87, 0x14, 0x9c, 0x12, 0xa3,
    0x0d, 0x1c, 0x19, 0x1a, 0x90, 0xa2, 0x24, 0x93, 0x9c, 0x1d, 0x16, 0x16,
    0x05, 0x98, 0xa2, 0x8a, 0x95, 0x1b, 0x96, 0x94, 0x8f, 0x0c, 0x19, 0x8c,
    0x15, 0x05, 0x19, 0xaa, 0x98, 0x92, 0x14, 0x8d, 0xa0, 0x19, 0x9a, 0x91,
    0x90, 0x0c, 0x07, 0x85, 0x1c, 0x20, 0x07, 0x1a, 0x1e, 0x91, 0x98, 0x85,
    0x14, 0x01, 0xa0, 0xa1, 0x02, 0x88, 0x93, 0xa7, 0x21, 0x11, 0xa2, 0x17,
    0x9d, 0xa1, 0x9c, 0x18, 0xa8, 0xa1, 0x18, 0x05, 0x9e, 0x99, 0x14, 0x24,
    0x1b, 0x88, 0x1d, 0x83, 0x92, 0x05, 0x98, 0x91, 0xa2, 0x9e, 0x21, 0xa1,
    0x92, 0xa6, 0x18, 0xab, 0x1a, 0x26, 0x27, 0x24, 0x23, 0xa8, 0xa8, 0x1f,
    0x12, 0x97, 0x8b, 0x2b, 0x8e, 0x98, 0x1c, 0x20, 0x29, 0x2b, 0xa9, 0x29,
    0x20, 0x8f, 0x9b, 0x21, 0x28, 0x14, 0x92, 0x20, 0x99, 0x9f, 0x0a, 0x18,
    0x9f, 0x97, 0x99, 0x00, 0x9a, 0x20, 0xa0, 0x98, 0x12, 0x19, 0x21, 0x12,
    0x99, 0x09, 0x97, 0x20, 0x1e, 0x8c, 0x9b, 0x1f, 0x97, 0x95, 0x1e, 0x8e,
    0x1c, 0x96, 0x24, 0x1c, 0x8e, 0x15, 0x19, 0x95, 0x21, 0x20, 0x14, 0x9e,
    0x16, 0x12, 0x08, 0x17, 0x08, 0x88, 0x9a, 0x01, 0x13, 0x08, 0x8d, 0x00,
    0x13, 0xa5, 0x10, 0x8b, 0x92, 0x9d, 0x18, 0x1b, 0x1d, 0x91, 0x88, 0x1e,
    0x10, 0x81, 0x09, 0x19, 0x9f, 0x8b, 0x15, 0x8e, 0xa0, 0x24, 0x27, 0x94,
    0xa8, 0x89, 0xa2, 0x01, 0x09, 0x9d, 0x98, 0x23, 0x29, 0x2a, 0x28, 0x13,
    0x9f, 0xa2, 0x89, 0x8d, 0x0d, 0x04, 0x21, 0x23, 0x9e, 0x91, 0xa1, 0x24,
    0x23, 0x1b, 0xa2, 0x19, 0x1d, 0x26, 0x18, 0x1b, 0xa1, 0xa1, 0x19, 0x19,
    0x29, 0xa5, 0x0a, 0xa5, 0x31, 0x8f, 0xa1, 0xa2, 0x92, 0x1d, 0x19, 0x05,
    0x0a, 0xa1, 0x21, 0x8d, 0xa5, 0xa7, 0x0a, 0xa9, 0x15, 0x90, 0x9c, 0x1f,
    0x90, 0x1f, 0xa3, 0x20, 0xa9, 0x23, 0x11, 0x8e, 0x9a, 0x10, 0xa3, 0xa0,
    0x1d, 0xa3, 0x26, 0x09, 0x95, 0xa4, 0x1c, 0x1d, 0x9d, 0x99, 0x1c, 0x86,
    0x9b, 0x1c, 0x1d, 0xa7, 0x1b, 0x9b, 0x25, 0x14, 0x24, 0x31, 0x2d, 0x26,
    0xa8, 0x93, 0xaa, 0x9b, 0xa2, 0xab, 0x9c, 0xa3, 0x33, 0x24, 0xaa, 0xa2,
    0xa0, 0x9c, 0x24, 0x1f, 0x23, 0xa4, 0x17, 0x24, 0xac, 0x96, 0xa1, 0xa4,
    0xa3, 0xa3, 0xa5, 0x1b, 0x27, 0x19, 0xa4, 0x09, 0x23, 0xa5, 0x22, 0x0c,
    0x1a, 0x9b, 0x15, 0x24, 0x24, 0x0e, 0x02, 0x1b, 0x99, 0x9b, 0x1d, 0x98,
    0x00, 0x99, 0x02, 0x19, 0x1a, 0x04, 0xa0, 0x99, 0x91, 0x15, 0xa4, 0xa8,
    0x9d, 0x9b, 0x8c, 0xa8, 0xa1, 0x21, 0xa3, 0x12, 0x19, 0x94, 0x1b, 0x17,
    0x24, 0x1d, 0x19, 0xa0, 0x02, 0x91, 0x9a, 0x1d, 0x07, 0xa1, 0x1b, 0x90,
    0x09, 0x89, 0xa4, 0x25, 0xa2, 0x90, 0x1c, 0x9c, 0xa0, 0xa6, 0x84, 0xa1,
    0x9d, 0x13, 0x1f, 0x9e, 0x8d, 0x07, 0x0c, 0x18, 0x23, 0xa5, 0x81, 0x9b,
    0x19, 0x96, 0x98, 0x1a, 0xa3, 0x83, 0x90, 0x26, 0x05, 0x91, 0x24, 0x9d,
    0x13, 0x1e, 0x98, 0x03, 0x20, 0x12, 0x0d, 0x0e, 0x21, 0x9b, 0x99, 0x9d,
    0x81, 0x97, 0xa2, 0x99, 0x18, 0x9f, 0x21, 0x9b, 0x1d, 0x22, 0x9a, 0x07,
    0x09, 0x17, 0x18, 0x87, 0x1e, 0x1c, 0x1e, 0x0c, 0x9a, 0x14, 0x20, 0x89,
    0x9b, 0xa5, 0x26, 0xa2, 0x02, 0x93, 0x18, 0xa2, 0x87, 0x22, 0x91, 0x81,
    0x1d, 0x8c, 0x00, 0x22, 0x15, 0x94, 0x9e, 0xa4, 0x23, 0x9a, 0x9f, 0x15,
    0x86, 0x97, 0x1a, 0x95, 0x1f, 0x24, 0x22, 0x21, 0xa8, 0x95, 0xa0, 0x1a,
    0x9b, 0x0b, 0x9e, 0x03, 0x23, 0x95, 0x87, 0x0f, 0x92, 0x24, 0x13, 0x1d,
    0xa5, 0x98, 0x9a, 0x92, 0x87, 0x00, 0x8a, 0x9f, 0x98, 0x98, 0x9f, 0x05,
    0x0f, 0x04, 0x19, 0xa6, 0xa4, 0x15, 0x90, 0x12, 0x14, 0x22, 0x1b, 0x96,
    0x01, 0x18, 0x1f, 0x07, 0x12, 0x99, 0xa2, 0x8a, 0x9e, 0x98, 0x0b, 0x94,
    0xa3, 0x1b, 0x8c, 0xa3, 0xa1, 0x17, 0x22, 0xa3, 0x83, 0x08, 0x9a, 0x9d,
    0x99, 0x9a, 0x09, 0x96, 0xa5, 0x82, 0x95, 0x85, 0x8d, 0x1c, 0x13, 0x17,
    0x1e, 0x1f, 0x11, 0x87, 0x19, 0x17, 0x92, 0x8b, 0x87, 0x96, 0x9e, 0x81,
    0x08, 0x05, 0x2b, 0x9d, 0x9b, 0x13, 0x13, 0x9a, 0x9b, 0x02, 0x26, 0x27,
    0x98, 0x23, 0xa8, 0xa2, 0xa1, 0x26, 0x1c, 0x96, 0x20, 0x19, 0x92, 0x11,
    0x9d, 0x1e, 0x88, 0xa0, 0x88, 0xa1, 0xa0, 0x9f, 0x17, 0x8e, 0x8c, 0xa1,
    0x1d, 0x2a, 0x98, 0xa8, 0x9a, 0x98, 0x94, 0x96, 0x16, 0x91, 0x17, 0x81,
    0x28, 0xa6, 0x13, 0x04, 0x90, 0x8a, 0x1e, 0x9e, 0x97, 0xa3, 0x17, 0x2c,
    0x98, 0x17, 0x1b, 0x1d, 0xa1, 0x94, 0xad, 0x9a, 0x03, 0x9e, 0xa5, 0x19,
    0x1d, 0x9f, 0x09, 0x05, 0x18, 0x9f, 0x29, 0x1c, 0x81, 0x88, 0x92, 0x16,
    0x93, 0x09, 0x94, 0x21, 0x28, 0x23, 0x9a, 0x8c, 0x23, 0x22, 0x20, 0x22,
    0x85, 0x87, 0x12, 0x09, 0x0a, 0x9f, 0x24, 0x1f, 0x84, 0x25, 0x1b, 0x8e,
    0x21, 0x1c, 0x9d, 0x19, 0x26, 0x20, 0x1d, 0x94, 0x97, 0xa4, 0x1d, 0x93,
    0x9b, 0x93, 0x1a, 0xa0, 0x1e, 0x93, 0x9b, 0x12, 0x91, 0x1a, 0x8f, 0x11,
    0x25, 0x9d, 0x0f, 0xa4, 0x17, 0xa3, 0x90, 0x12, 0x81, 0x07, 0x89, 0x97,
    0xa1, 0x8f, 0x23, 0x92, 0xa0, 0x0d, 0x18, 0x9c, 0x1f, 0x00, 0x15, 0x06,
    0x84, 0x9f, 0x95, 0x9b, 0x93, 0x29, 0x02, 0x9b, 0x18, 0x13, 0x24, 0x94,
    0xa8, 0x01, 0xa0, 0x94, 0x09, 0x03, 0xa0, 0x0e, 0x26, 0x99, 0x90, 0x9a,
    0x1d, 0x9e, 0x1c, 0x87, 0x1b, 0x1b, 0x1c, 0x15, 0x0f, 0x13, 0x1b, 0x1a,
    0x23, 0x20, 0x04, 0x14, 0x19, 0xa8, 0x19, 0x93, 0x9e, 0x14, 0x0e, 0xa6,
    0xa1, 0x93, 0x0a, 0x04, 0x24, 0x13, 0x12, 0x1c, 0x9d, 0x8f, 0x94, 0x99,
    0x8a, 0x0d, 0x20, 0x14, 0x26, 0x1b, 0x03, 0x1c, 0xa1, 0x21, 0x11, 0x19,
    0x9f, 0x94, 0x20, 0x82, 0x19, 0xa8, 0x1e, 0x25, 0x26, 0x99, 0x89, 0x98,
    0x0e, 0x21, 0x21, 0x99, 0x20, 0x92, 0x93, 0x16, 0x19, 0x98, 0x2b, 0xa7,
    0xaa, 0x12, 0x04, 0x1e, 0x12, 0x8c, 0xa2, 0xa9, 0x8f, 0x03, 0x29, 0x00,
    0x90, 0xa0, 0x18, 0xa2, 0xa0, 0x14, 0x85, 0x96, 0x86, 0x1a, 0x9c, 0x9a,
    0x89, 0xa0, 0x10, 0x99, 0xa4, 0x04, 0x99, 0x08, 0x21, 0x11, 0x1a, 0x9a,
    0x03, 0x96, 0x20, 0x8a, 0x85, 0x21, 0x12, 0x1e, 0x1b, 0x23, 0xa6, 0x94,
    0xa8, 0x2c, 0xa3, 0x1f, 0x0a, 0xa7, 0x19, 0x28, 0x9c, 0xa6, 0x22, 0x1b,
    0x07, 0x94, 0x1c, 0x22, 0x21, 0x9f, 0x99, 0x93, 0x9a, 0x17, 0x16, 0x24,
    0x9a, 0x1a, 0xa3, 0x83, 0x95, 0x8c, 0x9b, 0x94, 0xa0, 0x0b, 0x10, 0x97,
    0x17, 0x06, 0x8f, 0x94, 0x1a, 0x9a, 0x99, 0xa1, 0x96, 0x96, 0x87, 0x87,
    0x80, 0x99, 0x8f, 0x83, 0x90, 0x03, 0x02, 0x98, 0x19, 0x1f, 0x16, 0x99,
    0xa6, 0x18, 0x1f, 0xa1, 0xa3, 0x24, 0x01, 0x06, 0x23, 0x94, 0x27, 0x99,
    0x26, 0x26, 0x22, 0x8f, 0x81, 0x9e, 0x07, 0x8b, 0x93, 0x85, 0x02, 0x9a,
    0xa6, 0x9d, 0xa6, 0x1f, 0x84, 0x98, 0x93, 0x94, 0x02, 0x10, 0x98, 0x21,
    0xa5, 0xa3, 0x17, 0x9c, 0x9d, 0x0f, 0x92, 0x98, 0x0c, 0x91, 0x86, 0x95,
    0x20, 0x19, 0x98, 0xa0, 0x00, 0xa5, 0x1b, 0xa2, 0x9c, 0x96, 0x99, 0x16,
    0x87, 0x23, 0x12, 0x97, 0xa9, 0x9b, 0x96, 0x99, 0x07, 0x93, 0x98, 0xae,
    0x87, 0x18, 0x28, 0x2a, 0x94, 0x93, 0xac, 0x29, 0x1f, 0x04, 0x9e, 0x16,
    0x19, 0x10, 0x8a, 0x12, 0x8a, 0x91, 0x07, 0x98, 0x9c, 0x12, 0x91, 0x98,
    0x87, 0x9c, 0xa0, 0x93, 0x10, 0x1e, 0x99, 0x1c, 0x8b, 0x8c, 0x1b, 0x1a,
    0x1e, 0x20, 0x10, 0x89, 0xa0, 0x0c, 0x89, 0x9d, 0x99, 0x9c, 0x23, 0x94,
    0x0a, 0x11, 0x0e, 0x11, 0x04, 0x1c, 0x8c, 0x9b, 0x27, 0x8a, 0xa0, 0x1e,
    0x92, 0x89, 0x1a, 0xa1, 0x19, 0x8e, 0x9e, 0x18, 0x8b, 0x21, 0x24, 0x25,
    0xa8, 0xa9, 0xa9, 0x8c, 0x9f, 0x19, 0xa0, 0x11, 0x1d, 0x1d, 0x9a, 0xa0,
    0x0b, 0x29, 0x22, 0x1e, 0x19, 0x96, 0x1d, 0x07, 0x18, 0x9f, 0x94, 0x95,
    0x9b, 0x9c, 0x1a, 0x99, 0x1b, 0x98, 0x9b, 0x00, 0x92, 0x11, 0x22, 0x05,
    0x19, 0x1a, 0x9d, 0x88, 0xa7, 0x0b, 0x99, 0x91, 0x24, 0x0a, 0xa1, 0x81,
    0x99, 0x19, 0x8a, 0xa0, 0x13, 0x21, 0x0a, 0x1a, 0x00, 0x9b, 0x18, 0x11,
    0x20, 0x03, 0x16, 0x03, 0x1a, 0x07, 0x14, 0x14, 0x14, 0x14, 0x1e, 0x1a,
    0x96, 0x0e, 0x03, 0xa2, 0x97, 0x94, 0x97, 0xa1, 0x04, 0x97, 0x21, 0x04,
    0xa3, 0xac, 0x8a, 0x0f, 0x9e, 0x23, 0x91, 0x07, 0x9f, 0xa1, 0x1e, 0x20,
    0x25, 0x90, 0x26, 0x12, 0x99, 0x92, 0x02, 0x9b, 0xa3, 0xa1, 0x83, 0x9f,
    0x18, 0x2c, 0x22, 0x27, 0xa4, 0xa1, 0x27, 0xa3, 0x1d, 0x2b, 0x9b, 0x23,
    0x26, 0x8e, 0x13, 0x1f, 0x1e, 0x9b, 0x8f, 0x1e, 0x86, 0x9b, 0x19, 0x0f,
    0x98, 0x9e, 0xa2, 0x15, 0x99, 0x93, 0x95, 0x1e, 0x13, 0x0f, 0x10, 0x85,
    0x89, 0xa6, 0x02, 0x19, 0xa2, 0x9f, 0x9a, 0x18, 0x8f, 0x05, 0x17, 0xa1,
    0x0c, 0x21, 0x9a, 0x81, 0x8c, 0x23, 0x9b, 0xa5, 0x17, 0x1d, 0xa0, 0x1e,
    0x07, 0x1a, 0x12, 0x20, 0x12, 0x28, 0xa0, 0x9b, 0x94, 0x13, 0x99, 0x81,
    0x9a, 0x81, 0x8a, 0x92, 0x0c, 0x8b, 0x92, 0x81, 0x19, 0x1d, 0x8d, 0x9b,
    0x15, 0x91, 0x90, 0x83, 0x15, 0x13, 0x8e, 0x96, 0x1c, 0x18, 0x24, 0x8c,
    0x9c, 0x92, 0x0e, 0x92, 0x13, 0xa2, 0xa2, 0x92, 0x23, 0x92, 0x1f, 0x9e,
    0x94, 0x1b, 0x8b, 0x89, 0xa0, 0xa1, 0x9a, 0x86, 0x26, 0x0d, 0xa0, 0xaa,
    0x9b, 0x90, 0xa8, 0xa3, 0x02, 0x17, 0x22, 0xa2, 0x12, 0x14, 0x23, 0x9e,
    0xa2, 0x11, 0x19, 0x1a, 0xa9, 0x9a, 0xa8, 0x92, 0x0c, 0x9d, 0x9a, 0x1b,
    0x1c, 0x0e, 0x1c, 0x84, 0xa0, 0x94, 0x21, 0x1c, 0x9c, 0x9d, 0xa0, 0x17,
    0x08, 0x05, 0x17, 0x04, 0x98, 0x14, 0x1b, 0x80, 0x25, 0xa1, 0x0a, 0x20,
    0x9e, 0x13, 0x84, 0x16, 0xa1, 0x98, 0x21, 0x9c, 0x8c, 0x24, 0x1e, 0x95,
    0x83, 0x95, 0x03, 0x21, 0x91, 0x9c, 0x21, 0xa6, 0x1e, 0x91, 0x1d, 0x94,
    0x17, 0x8c, 0x1c, 0x04, 0x0d, 0x91, 0xa2, 0x02, 0xa6, 0x29, 0x13, 0x1b,
    0x94, 0x9c, 0x98, 0x23, 0x88, 0x9a, 0x8f, 0x9c, 0x94, 0x28, 0xa5, 0xa7,
    0x29, 0x2a, 0xa3, 0x25, 0xaa, 0xa7, 0xa2, 0x9a, 0xa3, 0xaa, 0x27, 0x25,
    0x84, 0x90, 0x91, 0x8a, 0x98, 0x1a, 0x98, 0x97, 0x9a, 0x8d, 0x05, 0x15,
    0x0a, 0x0b, 0x17, 0xa1, 0x1f, 0x04, 0x0f, 0x06, 0x12, 0x9c, 0x06, 0x94,
    0x94, 0x13, 0x91, 0x19, 0x19, 0x1f, 0x9b, 0x14, 0x25, 0x00, 0x2a, 0x9c,
    0x1a, 0x14, 0x1b, 0x18, 0x9a, 0x81, 0x1c, 0x92, 0x93, 0x98, 0x9b, 0x98,
    0x0c, 0x97, 0xa9, 0x84, 0x22, 0xaa, 0xa3, 0x14, 0x8f, 0x9b, 0xa6, 0xa0,
    0x1b, 0x17, 0x21, 0xa5, 0x9d, 0x95, 0x83, 0x8c, 0x13, 0x91, 0x1c, 0x04,
    0x99, 0x8a, 0x98, 0x9f, 0x20, 0x87, 0x94, 0x17, 0x02, 0x11, 0x1c, 0x12,
    0x04, 0x9e, 0x99, 0x9b, 0x8e, 0x14, 0x8a, 0x06, 0x1a, 0x93, 0xa2, 0x8a,
    0x18, 0x16, 0x20, 0x22, 0x9c, 0x96, 0x8e, 0x9d, 0x9d, 0x99, 0x1c, 0x93,
    0x04, 0x99, 0x8c, 0x93, 0xa5, 0xa1, 0x22, 0xa0, 0x23, 0x18, 0x8d, 0x90,
    0x1a, 0x92, 0x8c, 0x99, 0x93, 0x12, 0x9c, 0x0f, 0xa0, 0x8b, 0xa8, 0xa7,
    0xaa, 0xa3, 0x9a, 0x24, 0x9c, 0xa2, 0x04, 0x9b, 0x23, 0x89, 0x0a, 0x91,
    0x1c, 0x92, 0x21, 0xa7, 0x10, 0xa0, 0x9f, 0x20, 0x8d, 0xa3, 0x1b, 0x89,
    0x1f, 0x22, 0x22, 0x97, 0xa7, 0x2a, 0x8c, 0x95, 0xaa, 0x91, 0x86, 0x94,
    0xa1, 0x22, 0x91, 0x1b, 0x92, 0x14, 0x28, 0xa4, 0x8c, 0x18, 0x9b, 0x2a,
    0x29, 0x89, 0x13, 0x1f, 0x0b, 0xa3, 0x1e, 0x24, 0x18, 0x22, 0xa1, 0x09,
    0x22, 0x16, 0x90, 0x16, 0xa0, 0xa3, 0x25, 0x81, 0x81, 0x84, 0x22, 0x0e,
    0x9e, 0x89, 0x9c, 0x12, 0x1b, 0x92, 0x93, 0x97, 0x94, 0xa2, 0x8f, 0x19,
    0x89, 0x07, 0x1b, 0x98, 0x1b, 0x00, 0x17, 0x9a, 0xa3, 0xa4, 0x14, 0x21,
    0x11, 0x29, 0xa5, 0xa4, 0x20, 0x29, 0x20, 0xa3, 0x28, 0x0b, 0xa2, 0x26,
    0x03, 0x9e, 0xa5, 0x0f, 0x28, 0x29, 0xa3, 0x20, 0xa3, 0x18, 0x9a, 0x0e,
    0x19, 0x90, 0x9d, 0xa1, 0x1d, 0x83, 0x8c, 0x96, 0x1b, 0x20, 0x9d, 0x1e,
    0x98, 0x0c, 0x83, 0x82, 0x04, 0x04, 0x98, 0x91, 0x81, 0x20, 0x20, 0x23,
    0x16, 0x9f, 0x26, 0xa1, 0x20, 0x8a, 0x10, 0x92, 0x03, 0x0a, 0xa7, 0xa1,
    0x21, 0x9d, 0x21, 0x05, 0x1a, 0x13, 0x06, 0x9c, 0x19, 0x00, 0x99, 0x03,
    0x9a, 0x1a, 0x0e, 0x14, 0x1e, 0x9c, 0x0a, 0x25, 0x1d, 0x2a, 0xa5, 0xa1,
    0x99, 0xa9, 0x14, 0x25, 0x22, 0x15, 0x22, 0xac, 0x86, 0x0c, 0x85, 0x81,
    0x9c, 0x88, 0x13, 0x9b, 0x94, 0x18, 0x8b, 0x03, 0x94, 0x83, 0x11, 0x8c,
    0x01, 0x05, 0x1b, 0x09, 0x8e, 0x89, 0x00, 0x84, 0x0a, 0x0b, 0x86, 0x17,
    0x15, 0x81, 0x12, 0x10, 0xa2, 0x2a, 0x12, 0x2a, 0x19, 0x04, 0xa6, 0x2a,
    0x23, 0x01, 0x1e, 0x21, 0x0f, 0x16, 0x94, 0xa3, 0x16, 0x91, 0xa1, 0x01,
    0x8b, 0x1e, 0x11, 0x98, 0x19, 0x18, 0x20, 0x8d, 0x8a, 0x03, 0x08, 0x0c,
    0xa8, 0x1e, 0x23, 0xa6, 0x8a, 0x10, 0xa6, 0x2e, 0x0b, 0x1e, 0x91, 0x86,
    0xa1, 0x19, 0xa9, 0xa5, 0x28, 0x2b, 0x9c, 0x20, 0x83, 0xa9, 0x26, 0x13,
    0xa4, 0x8e, 0x94, 0x21, 0x15, 0x96, 0xaa, 0x21, 0x8b, 0x1d, 0x22, 0x17,
    0xa7, 0x90, 0x24, 0x1c, 0x92, 0xa9, 0x97, 0x0e, 0x8a, 0x1b, 0xa3, 0x9f,
    0xa3, 0xa5, 0x9f, 0x9a, 0xa4, 0x98, 0x9a, 0xa5, 0x96, 0xa3, 0x14, 0x0c,
    0x0a, 0xa2, 0x89, 0x9b, 0x18, 0x9f, 0x0d, 0x88, 0x91, 0xa2, 0x14, 0x8e,
    0x8d, 0x81, 0x1e, 0x93, 0xa2, 0x14, 0x9c, 0x89, 0x24, 0x0e, 0x21, 0x01,
    0x1c, 0x90, 0x94, 0x9a, 0x9b, 0x0e, 0x93, 0x19, 0x91, 0x19, 0x9f, 0x89,
    0x97, 0x9e, 0x26, 0x21, 0xa7, 0x90, 0xa2, 0x1c, 0x93, 0x08, 0x1e, 0x84,
    0x02, 0x9c, 0x90, 0x1d, 0xa5, 0xa2, 0x25, 0x9b, 0x04, 0x21, 0x92, 0x9f,
    0x88, 0x90, 0x92, 0x8b, 0x8f, 0x8e, 0xa3, 0x23, 0x1b, 0x92, 0x9b, 0x10,
    0x95, 0x1d, 0x27, 0x9f, 0x09, 0xa3, 0x93, 0x98, 0x24, 0x9a, 0x15, 0x91,
    0x08, 0x1a, 0x0d, 0xa3, 0x81, 0x9e, 0x23, 0x95, 0x17, 0x99, 0x95, 0x12,
    0x1f, 0x18, 0x95, 0x98, 0x87, 0x13, 0x16, 0x96, 0x27, 0x9e, 0xaf, 0x97,
    0x0e, 0x17, 0x22, 0x27, 0x96, 0x90, 0x99, 0x90, 0x88, 0x18, 0xa0, 0x98,
    0x8d, 0x1c, 0x0c, 0x13, 0x0e, 0x09, 0x02, 0x0c, 0x18, 0x07, 0x99, 0x05,
    0x0b, 0x99, 0x04, 0x10, 0x84, 0x91, 0x00, 0x86, 0x86, 0x95, 0x11, 0x83,
    0x11, 0x21, 0x02, 0x99, 0x13, 0x8d, 0x99, 0xa0, 0x9d, 0x8f, 0x0a, 0x9c,
    0x17, 0x10, 0x9c, 0x03, 0x98, 0x16, 0x15, 0x0f, 0x99, 0x19, 0x99, 0x9d,
    0x8f, 0x18, 0x19, 0x1d, 0x18, 0x19, 0x0a, 0x1c, 0x15, 0x1b, 0x08, 0x99,
    0xaa, 0xa2, 0x13, 0xa3, 0x1a, 0x8c, 0x8e, 0x09, 0x8c, 0xa4, 0x19, 0x9d,
    0x0a, 0x1f, 0x9f, 0x9f, 0x1b, 0x9a, 0x99, 0x12, 0xa0, 0xa3, 0x9b, 0x1e,
    0xac, 0xa7, 0x9b, 0xaa, 0x18, 0x1a, 0x9e, 0x21, 0x12, 0x23, 0x2b, 0x9d,
    0x02, 0x9a, 0x92, 0x84, 0x9d, 0x19, 0xa3, 0x92, 0x2c, 0x29, 0x87, 0x8d,
    0x1c, 0x0e, 0x1b, 0x23, 0x24, 0x20, 0xa0, 0x0f, 0x26, 0x17, 0x26, 0xa9,
    0x1b, 0x99, 0x9c, 0x22, 0x29, 0x20, 0xa0, 0x9b, 0x1e, 0x20, 0x1b, 0x99,
    0x94, 0x17, 0x19, 0x99, 0x1e, 0x13, 0x0f, 0x0f, 0x8c, 0x85, 0xa2, 0x01,
    0xa2, 0x03, 0x0f, 0x9d, 0x06, 0x19, 0x23, 0x21, 0x04, 0x9c, 0x9b, 0x95,
    0x13, 0x18, 0x16, 0x9d, 0x18, 0x12, 0x88, 0x20, 0xa2, 0x00, 0x23, 0x98,
    0x93, 0x9a, 0x81, 0xa0, 0x20, 0x0e, 0x93, 0x13, 0x1e, 0x92, 0x1c, 0x94,
    0x00, 0x85, 0x1b, 0x88, 0x92, 0xa0, 0x00, 0x91, 0xa4, 0x12, 0x89, 0xa1,
    0x08, 0x90, 0x1e, 0x80, 0x04, 0x12, 0x95, 0x16, 0x09, 0x83, 0x0f, 0xa5,
    0x9e, 0x23, 0x1a, 0x18, 0x26, 0xa2, 0x24, 0xa3, 0x01, 0x9a, 0xa2, 0x10,
    0x99, 0x8e, 0x99, 0x1c, 0x1e, 0x28, 0x9f, 0x9a, 0x21, 0x1f, 0x8e, 0x23,
    0xad, 0x8b, 0xa0, 0x83, 0x80, 0x04, 0x9a, 0x90, 0x22, 0x1b, 0x9f, 0x9c,
    0x1f, 0x11, 0x1c, 0x00, 0xa7, 0x03, 0x81, 0x8d, 0x8c, 0x21, 0x9f, 0x98,
    0x23, 0x94, 0x87, 0x24, 0x88, 0x15, 0x16, 0x0e, 0x84, 0x1c, 0x02, 0xa4,
    0xa6, 0x8c, 0x81, 0x9b, 0x94, 0x9b, 0x18, 0xaa, 0x9c, 0x9b, 0xa3, 0x1b,
    0x18, 0x26, 0x9d, 0xa2, 0xa6, 0xa7, 0xa4, 0x9f, 0x99, 0x13, 0x24, 0xa6,
    0x2b, 0x11, 0xa7, 0x29, 0xa1, 0x1c, 0x22, 0x29, 0xa1, 0x9c, 0x18, 0x9d,
    0x14, 0xa2, 0x12, 0x00, 0x06, 0x18, 0xa2, 0xa1, 0xa0, 0x1c, 0x93, 0x1b,
    0x13, 0x92, 0x8a, 0x97, 0xaa, 0xa1, 0x1d, 0x27, 0x22, 0xa3, 0x27, 0xa6,
    0xab, 0x96, 0x1e, 0x93, 0x19, 0xa6, 0x29, 0x24, 0x9a, 0x12, 0x93, 0x9f,
    0x94, 0x18, 0x99, 0x97, 0x9a, 0x12, 0x18, 0x17, 0x92, 0x8b, 0x06, 0x18,
    0x19, 0x11, 0x15, 0x04, 0x95, 0x9f, 0x18, 0x99, 0x97, 0x1b, 0x88, 0x21,
    0x19, 0x1a, 0x9e, 0x1c, 0x99, 0x9d, 0x14, 0x94, 0xa7, 0x1f, 0xa6, 0x9a,
    0x98, 0x12, 0xa2, 0xa4, 0x81, 0x11, 0xa4, 0x1e, 0x0b, 0x18, 0x1b, 0x9c,
    0xa3, 0x86, 0x17, 0x84, 0x02, 0x1b, 0xa2, 0x9a, 0x1b, 0x17, 0x20, 0x0a,
    0x9e, 0x90, 0x08, 0x22, 0x18, 0x00, 0x21, 0x10, 0x99, 0x1a, 0xa0, 0x10,
    0x1e, 0x29, 0x25, 0x8e, 0x17, 0x03, 0xa4, 0x82, 0xa0, 0xa2, 0x21, 0xa1,
    0x9c, 0x9a, 0x13, 0x9e, 0x22, 0x20, 0x23, 0x0c, 0x1e, 0xaa, 0x12, 0xa8,
    0x9c, 0x21, 0x1b, 0xaa, 0x06, 0x94, 0x94, 0xaa, 0x1e, 0xa1, 0x29, 0x23,
    0x18, 0x8c, 0x21, 0x91, 0x06, 0x8b, 0x83, 0x03, 0x91, 0xa0, 0x08, 0x19,
    0xa4, 0x07, 0x81, 0x94, 0x26, 0xa5, 0x1d, 0x83, 0x07, 0x19, 0x20, 0xa3,
    0x1c, 0xa0, 0x9c, 0xa2, 0x89, 0x85, 0x23, 0x9a, 0x99, 0x9e, 0x20, 0x94,
    0x1a, 0x22, 0xa4, 0x1b, 0x93, 0x10, 0x82, 0x18, 0x13, 0x27, 0x26, 0x0d,
    0x8d, 0x17, 0x89, 0x17, 0x04, 0x8c, 0x1b, 0x14, 0xa1, 0x94, 0x11, 0x91,
    0x99, 0x13, 0x01, 0x92, 0x1f, 0x20, 0xa1, 0x16, 0x9a, 0xa3, 0x22, 0x1a,
    0x92, 0x1a, 0x07, 0x04, 0x04, 0x9a, 0x14, 0xa7, 0x20, 0x20, 0x06, 0xa8,
    0x0a, 0x23, 0xa2, 0x24, 0x93, 0x21, 0x04, 0x19, 0x0a, 0x14, 0x04, 0x02,
    0x9f, 0x09, 0x25, 0x23, 0x20, 0x21, 0x98, 0x21, 0xa2, 0x1b, 0x20, 0x16,
    0x85, 0x96, 0x19, 0x89, 0x1e, 0x09, 0x9e, 0x09, 0x1c, 0x11, 0x03, 0x07,
    0x95, 0x1a, 0x99, 0x95, 0x11, 0x92, 0x9f, 0x04, 0x9d, 0x8e, 0x19, 0xa7,
    0x9c, 0x23, 0x11, 0x89, 0x0c, 0x17, 0x28, 0x86, 0x16, 0xa2, 0x9e, 0x9f,
    0xa2, 0x0a, 0x17, 0x1c, 0x94, 0x84, 0xa1, 0x0d, 0x17, 0xa0, 0x83, 0x82,
    0x9d, 0x9d, 0x0d, 0x95, 0xa2, 0x88, 0x1e, 0xa5, 0x03, 0x8d, 0xa1, 0x1d,
    0x94, 0x1b, 0x21, 0x1e, 0x00, 0x91, 0x96, 0xa0, 0xae, 0xa0, 0xa5, 0x27,
    0xa3, 0x2e, 0xa1, 0x90, 0xae, 0x27, 0x24, 0xa0, 0x26, 0xaa, 0x04, 0x16,
    0x11, 0xa6, 0x1c, 0x28, 0xa3, 0x20, 0x86, 0x24, 0x94, 0x8b, 0xa3, 0xa5,
    0x0e, 0x0e, 0x99, 0xa5, 0xa2, 0x1c, 0xa2, 0x95, 0x11, 0x8b, 0x10, 0x1a,
    0xa8, 0x21, 0x1a, 0x24, 0xa2, 0x15, 0x82, 0x21, 0x22, 0x9c, 0xa6, 0x00,
    0x9f, 0x9d, 0x0c, 0x91, 0x16, 0x98, 0x9d, 0x19, 0x0e, 0x22, 0x9c, 0xa9,
    0xa2, 0x05, 0x14, 0x12, 0x19, 0x1e, 0xa0, 0x89, 0x9c, 0xa9, 0xa0, 0x9a,
    0x1d, 0x83, 0x09, 0x14, 0x0a, 0x12, 0x22, 0x92, 0x1d, 0x06, 0x21, 0x20,
    0x1b, 0x10, 0x93, 0x99, 0x21, 0x01, 0x15, 0x81, 0x19, 0x9b, 0x25, 0x9c,
    0xa7, 0x1d, 0x98, 0xa0, 0xa1, 0x94, 0x25, 0xa1, 0xa5, 0x91, 0x93, 0x13,
    0x24, 0x1b, 0x1c, 0x83, 0x26, 0xa1, 0xa4, 0x9b, 0x98, 0x1b, 0x21, 0x91,
    0x1d, 0x95, 0x19, 0x1c, 0x9d, 0x95, 0x88, 0x9c, 0x12, 0x98, 0x88, 0x0a,
    0x1d, 0x0a, 0xa0, 0x1b, 0x85, 0x82, 0x9c, 0x1a, 0x21, 0x1b, 0xa2, 0x09,
    0xa6, 0x9e, 0x8d, 0x99, 0xa1, 0x8f, 0x1c, 0x0b, 0xa2, 0x91, 0x15, 0x8e,
    0x29, 0x81, 0x1a, 0x09, 0x22, 0x21, 0xa2, 0x26, 0xa1, 0x1b, 0x89, 0x1f,
    0x9a, 0x22, 0x81, 0x9e, 0x15, 0x25, 0x9c, 0x05, 0x19, 0x98, 0xa9, 0x05,
    0x0d, 0x28, 0x19, 0x1d, 0x90, 0x91, 0x23, 0x08, 0x07, 0xa5, 0x1b, 0x17,
    0x20, 0x1f, 0x03, 0x02, 0xa1, 0x11, 0x26, 0x9e, 0x08, 0x16, 0xa3, 0x22,
    0xa7, 0x24, 0x01, 0xa0, 0xa3, 0x99, 0x94, 0x22, 0x97, 0x0c, 0x83, 0x9b,
    0xa0, 0x88, 0x10, 0x93, 0x14, 0x9b, 0x1a, 0x0f, 0x1c, 0xa1, 0x94, 0x19,
    0x96, 0x9f, 0x22, 0x88, 0xa5, 0x25, 0x9a, 0x91, 0x28, 0x11, 0x18, 0x20,
    0x22, 0x9b, 0x92, 0x0c, 0x98, 0x1e, 0x16, 0x99, 0x22, 0x0f, 0xa2, 0x9a,
    0x28, 0x98, 0x21, 0x9c, 0x8d, 0x08, 0x0d, 0x1c, 0x2a, 0x20, 0x19, 0x15,
    0x06, 0x97, 0xa3, 0xa5, 0x82, 0x16, 0xa0, 0x21, 0x8a, 0x1c, 0x05, 0x99,
    0x24, 0x24, 0x15, 0x0c, 0x98, 0x17, 0x82, 0x20, 0xab, 0xa8, 0x05, 0xa1,
    0x96, 0x18, 0xa0, 0x23, 0x13, 0x05, 0x2b, 0xa7, 0xa3, 0x16, 0x8b, 0x09,
    0x26, 0x1e, 0x08, 0x25, 0x29, 0x17, 0x1b, 0xa2, 0x92, 0x1f, 0x24, 0x1d,
    0x1a, 0x16, 0x21, 0x23, 0xa1, 0x20, 0x23, 0x9b, 0x21, 0x22, 0x01, 0x26,
    0x15, 0x1a, 0xa1, 0x23, 0x1f, 0x9d, 0x93, 0x16, 0xa2, 0x9f, 0x1e, 0x02,
    0x83, 0x0c, 0xa4, 0x8b, 0x99, 0x8a, 0x22, 0xa6, 0x97, 0x9c, 0xa3, 0x95,
    0x8b, 0x9b, 0x1c, 0xa3, 0xab, 0x20, 0xa7, 0x9a, 0x9e, 0x9b, 0xaa, 0x23,
    0xa0, 0x92, 0x19, 0x97, 0x12, 0x22, 0x21, 0x9f, 0x9a, 0x20, 0x24, 0x9c,
    0x1c, 0x27, 0x8b, 0xa1, 0x0d, 0x25, 0x00, 0xa2, 0xa7, 0x95, 0x19, 0x1e,
    0x9e, 0xa3, 0x9a, 0x01, 0x9e, 0x9b, 0x94, 0x26, 0x15, 0x0c, 0x21, 0x17,
    0x19, 0x96, 0x1a, 0x9f, 0x20, 0x99, 0x11, 0x0c, 0x93, 0x81, 0x9c, 0x16,
    0x28, 0xa0, 0x86, 0x8d, 0x16, 0x99, 0x9a, 0x24, 0x15, 0x18, 0x1a, 0xa1,
    0xa3, 0x1c, 0x97, 0x20, 0x1c, 0x24, 0x0c, 0x06, 0x1a, 0x16, 0xa4, 0x88,
    0x9f, 0xa5, 0x19, 0x96, 0x84, 0x9a, 0x9a, 0xa2, 0x26, 0x13, 0x84, 0x1d,
    0xa4, 0x1e, 0x1c, 0xa1, 0x9c, 0x94, 0x19, 0x21, 0x99, 0xa2, 0x99, 0x86,
    0x20, 0x9a, 0x9f, 0x26, 0x1d, 0x0b, 0x0a, 0xa1, 0xa9, 0x2a, 0xa8, 0x2a,
    0x27, 0x15, 0xa6, 0x21, 0x9f, 0x24, 0xa8, 0xa7, 0xa1, 0x0e, 0x10, 0x0f,
    0x9c, 0x19, 0xa3, 0x9d, 0x98, 0x98, 0x95, 0x03, 0x95, 0x18, 0x14, 0x95,
    0x09, 0x8f, 0x05, 0x89, 0x1c, 0x99, 0x00, 0x91, 0x94, 0x09, 0x80, 0x18,
    0x1f, 0x24, 0x9c, 0x15, 0x0a, 0x96, 0x18, 0x16, 0x1d, 0xa2, 0x1b, 0x04,
    0x17, 0x12, 0x90, 0x99, 0x22, 0x23, 0x9f, 0x24, 0x15, 0xaa, 0x2a, 0x29,
    0xa5, 0xa9, 0x22, 0xa6, 0x24, 0x23, 0x1f, 0x1c, 0x1f, 0x2a, 0xa8, 0xaa,
    0x8b, 0x92, 0x90, 0x1a, 0x9a, 0x18, 0x84, 0x8a, 0xa3, 0x95, 0x9c, 0x1a,
    0x0e, 0x90, 0x1d, 0x93, 0x1c, 0x1a, 0x1d, 0x90, 0x08, 0x9c, 0x89, 0x98,
    0x96, 0x0e, 0x92, 0x14, 0x10, 0x21, 0x15, 0x16, 0xa3, 0x29, 0x29, 0xa1,
    0x0a, 0x89, 0xad, 0xa2, 0x1b, 0x23, 0x23, 0xae, 0x29, 0x1f, 0x22, 0x2d,
    0x10, 0x1a, 0x03, 0x82, 0x28, 0x22, 0x1d, 0x07, 0xa9, 0x1c, 0x9d, 0x96,
    0x91, 0x12, 0x90, 0x99, 0x81, 0x09, 0x86, 0x22, 0x15, 0x8c, 0x99, 0x03,
    0x11, 0x14, 0x02, 0x17, 0x12, 0x01, 0x9d, 0x98, 0x90, 0x9b, 0x19, 0x17,
    0x12, 0x99, 0x1b, 0x95, 0x1b, 0x92, 0x88, 0x9a, 0x98, 0x98, 0xa8, 0x9b,
    0x1e, 0xa5, 0x1e, 0x2a, 0x20, 0x2d, 0x9c, 0xa4, 0x19, 0x20, 0x98, 0x23,
    0x80, 0x29, 0x2b, 0xa4, 0x1d, 0x1d, 0x1a, 0x99, 0x85, 0xa1, 0x9a, 0x1d,
    0x22, 0xa2, 0x99, 0x0d, 0x93, 0xa0, 0xa9, 0x05, 0x20, 0x14, 0x1b, 0x9d,
    0x96, 0x0e, 0x1f, 0x99, 0x19, 0x9e, 0x0d, 0x00, 0x14, 0x97, 0x8b, 0x94,
    0x9a, 0x0f, 0x04, 0x1a, 0x1e, 0x97, 0x06, 0x09, 0x89, 0x17, 0x01, 0x07,
    0x11, 0x20, 0x0b, 0x99, 0x14, 0x0e, 0x98, 0x9c, 0x90, 0x8a, 0x03, 0x10,
    0x90, 0x07, 0x98, 0x0b, 0x0f, 0x88, 0x0b, 0x87, 0x05, 0x12, 0x19, 0x98,
    0x92, 0x81, 0x91, 0x87, 0x8c, 0x19, 0x0d, 0x93, 0x21, 0x9c, 0x99, 0x06,
    0x99, 0x1e, 0x24, 0x92, 0x80, 0x14, 0x1e, 0x98, 0x88, 0xa1, 0x1d, 0x9a,
    0xa4, 0x97, 0x96, 0xa6, 0x99, 0x22, 0x14, 0x96, 0x0f, 0x0e, 0x91, 0x8d,
    0x01, 0x11, 0x8c, 0xa4, 0x16, 0x98, 0x9d, 0x19, 0x0f, 0x06, 0x0a, 0x87,
    0x83, 0x18, 0x93, 0x03, 0x94, 0x11, 0x0c, 0x08, 0x09, 0x18, 0x9f, 0x25,
    0x15, 0x21, 0x23, 0x17, 0x9a, 0x1d, 0x20, 0x1d, 0x01, 0x14, 0x19, 0x0d,
    0x1f, 0x9b, 0x12, 0x8d, 0x21, 0x1b, 0x9e, 0xaa, 0x1f, 0x21, 0x0d, 0x0e,
    0xa8, 0xa2, 0x1e, 0x1f, 0x9c, 0xa1, 0xa0, 0x16, 0x22, 0x1d, 0x25, 0x97,
    0x1a, 0xaa, 0xa9, 0xa4, 0x9b, 0x00, 0x9c, 0x9c, 0x22, 0x22, 0x29, 0x02,
    0xa5, 0x81, 0x19, 0xa4, 0x9a, 0x28, 0x9a, 0x0e, 0x10, 0x19, 0x99, 0x22,
    0x2b, 0x13, 0x08, 0x13, 0x13, 0x91, 0x14, 0x9c, 0x97, 0x13, 0x18, 0x9a,
    0x9a, 0x9b, 0xa0, 0x88, 0x25, 0x8a, 0xa1, 0x19, 0x92, 0x14, 0x21, 0x9e,
    0x82, 0x94, 0x9c, 0x94, 0x97, 0xa1, 0x9b, 0x1a, 0xa0, 0x93, 0x9a, 0xaa,
    0x25, 0x22, 0x86, 0x1c, 0x89, 0x22, 0xa1, 0x10, 0x9b, 0x13, 0x23, 0x21,
    0x24, 0x24, 0x0b, 0x23, 0x8e, 0x06, 0x22, 0x03, 0x10, 0x22, 0x1d, 0x08,
    0x1d, 0x91, 0x96, 0x99, 0x14, 0x0e, 0x8c, 0x01, 0x26, 0xaf, 0x9b, 0x93,
    0x1b, 0x8f, 0x21, 0x2d, 0xa6, 0x20, 0x24, 0x21, 0x8c, 0x92, 0x19, 0x17,
    0x0a, 0x0b, 0xa0, 0x92, 0x95, 0x20, 0x1a, 0x0f, 0x1b, 0x06, 0x99, 0x16,
    0x88, 0x9f, 0x92, 0x82, 0x81, 0x00, 0x92, 0x1d, 0x0b, 0x9b, 0x98, 0x9e,
    0x11, 0x1f, 0x0d, 0x9b, 0x16, 0x19, 0x1e, 0x08, 0xa4, 0x85, 0x9d, 0x99,
    0x1b, 0x86, 0x8f, 0x94, 0x0f, 0x15, 0x19, 0x8a, 0x16, 0x83, 0x21, 0x9b,
    0x16, 0x21, 0x14, 0x87, 0x9d, 0x0c, 0x94, 0x94, 0x85, 0x22, 0x96, 0x0b,
    0x85, 0x9d, 0x15, 0xa0, 0xa2, 0x8c, 0x11, 0xa0, 0x90, 0x8d, 0x2a, 0x9a,
    0xa3, 0x1e, 0x90, 0x9f, 0x24, 0x1c, 0x23, 0x0a, 0x1a, 0x14, 0x94, 0x93,
    0x2a, 0x8c, 0xa9, 0x19, 0x15, 0x1e, 0x24, 0x95, 0x9e, 0x28, 0xa3, 0x19,
    0x1f, 0x17, 0x98, 0x03, 0x83, 0x19, 0x93, 0x1a, 0x07, 0x1a, 0x92, 0x18,
    0x9b, 0x14, 0x04, 0x0e, 0x99, 0xa4, 0x95, 0x06, 0xa7, 0x96, 0x13, 0x23,
    0x29, 0xab, 0x16, 0xa0, 0x23, 0xa7, 0x24, 0x9c, 0x13, 0x05, 0x8b, 0x0f,
    0x03, 0x19, 0x18, 0x18, 0x0f, 0x8e, 0x16, 0x1c, 0x8e, 0x8b, 0x91, 0x08,
    0x92, 0x83, 0x1d, 0x18, 0x0a, 0x92, 0x1d, 0x11, 0x1a, 0x0c, 0x98, 0x0c,
    0x88, 0x15, 0x91, 0x94, 0x20, 0xa2, 0x97, 0x20, 0x9d, 0x13, 0x91, 0x20,
    0x0c, 0x24, 0x05, 0x9e, 0x8e, 0x98, 0x9a, 0x17, 0x92, 0x9c, 0x13, 0x14,
    0x1d, 0x95, 0xa2, 0x23, 0x98, 0x8e, 0x20, 0x21, 0xa2, 0x00, 0x05, 0x8d,
    0x03, 0x95, 0x92, 0x22, 0x83, 0xa1, 0x24, 0x99, 0x10, 0x9a, 0x0f, 0x1e,
    0x15, 0x20, 0x21, 0x20, 0x29, 0x9a, 0x9b, 0xa4, 0x8c, 0x9e, 0x21, 0x88,
    0x13, 0x01, 0x11, 0x06, 0x18, 0x99, 0x9e, 0x97, 0x87, 0x92, 0x1e, 0x06,
    0x93, 0x1c, 0x14, 0x86, 0x93, 0x06, 0x22, 0x96, 0x0a, 0x09, 0x07, 0x92,
    0x99, 0x1f, 0x96, 0x26, 0x9a, 0xa2, 0xa0, 0x29, 0xa7, 0x1e, 0x26, 0x97,
    0x17, 0xa2, 0x97, 0xa5, 0xa2, 0x98, 0x11, 0x1b, 0x90, 0xa8, 0x9b, 0x05,
    0x92, 0x00, 0x9e, 0x88, 0x9b, 0x21, 0x94, 0x1b, 0x07, 0x96, 0x1f, 0x93,
    0x21, 0x0d, 0x91, 0x95, 0xa8, 0x0f, 0x98, 0xa1, 0x1d, 0x20, 0x2a, 0x25,
    0x9c, 0x23, 0x01, 0x1c, 0x98, 0x82, 0x18, 0x97, 0xa0, 0x81, 0x17, 0x98,
    0x1b, 0x19, 0x83, 0x0a, 0x9f, 0xa1, 0x18, 0x16, 0x9a, 0x1a, 0x92, 0x16,
    0xa1, 0x9e, 0x10, 0xa1, 0xa1, 0x0a, 0x9b, 0x97, 0x19, 0x9e, 0x9c, 0x90,
    0xa8, 0xa2, 0x13, 0x24, 0x85, 0x17, 0x0e, 0xa0, 0x97, 0x9d, 0x8b, 0x1d,
    0x9c, 0x02, 0x23, 0xa1, 0x8f, 0x8a, 0x92, 0x21, 0x17, 0x8e, 0x21, 0x94,
    0x82, 0x27, 0x02, 0xa0, 0x8e, 0x1a, 0x8b, 0x93, 0x9b, 0x1e, 0x91, 0x94,
    0xa7, 0x07, 0x0b, 0xa1, 0x29, 0x82, 0x14, 0x86, 0x90, 0x1c, 0x8a, 0xa1,
    0x1a, 0x13, 0x15, 0x06, 0x10, 0x02, 0x22, 0x82, 0x1a, 0x8d, 0x1f, 0x99,
    0x80, 0x12, 0x22, 0x93, 0x86, 0x9e, 0xaa, 0x9b, 0x92, 0x01, 0x0a, 0xa6,
    0x0f, 0x09, 0x23, 0x9f, 0x9f, 0x19, 0x08, 0x84, 0x1d, 0xa9, 0xa4, 0x20,
    0xa6, 0x1a, 0x25, 0x14, 0x11, 0x0d, 0x9f, 0xa4, 0x93, 0x01, 0x24, 0x9e,
    0xa0, 0xa8, 0x22, 0x08, 0x1e, 0x9f, 0x1b, 0x03, 0x20, 0x0f, 0x9a, 0xa6,
    0x1c, 0x88, 0x21, 0xa4, 0xa2, 0xa3, 0x23, 0x11, 0xa4, 0xab, 0x26, 0x0e,
    0x97, 0x19, 0x94, 0x8b, 0x2a, 0x9a, 0xa6, 0x0b, 0x9f, 0x90, 0xa3, 0x1d,
    0x22, 0x03, 0x21, 0xa1, 0x1d, 0x9f, 0x89, 0x9d, 0x1e, 0x93, 0x13, 0x99,
    0x86, 0x92, 0x22, 0x28, 0x97, 0x93, 0x93, 0x19, 0x22, 0x22, 0x11, 0x96,
    0x99, 0x91, 0x99, 0x10, 0x02, 0x06, 0xa2, 0x0c, 0x17, 0x8d, 0x8e, 0x97,
    0x1a, 0x9c, 0x91, 0x07, 0x0e, 0x90, 0x81, 0x8e, 0x01, 0x04, 0x18, 0xa1,
    0x1b, 0x15, 0xa2, 0x1a, 0xa5, 0xa0, 0x06, 0x9e, 0x16, 0xa9, 0x8b, 0xa1,
    0x05, 0x29, 0x14, 0x1c, 0x24, 0x1c, 0x0e, 0x27, 0x1b, 0x11, 0x28, 0xa6,
    0x21, 0xa1, 0xa7, 0xa3, 0xa4, 0x14, 0x01, 0x2a, 0x9d, 0x9e, 0x27, 0x27,
    0x98, 0x14, 0xa0, 0x8d, 0x25, 0x28, 0xa4, 0xa0, 0x9d, 0x0b, 0xa8, 0x22,
    0x2a, 0x8f, 0x21, 0x15, 0x11, 0x20, 0x03, 0x2c, 0x13, 0x21, 0x05, 0x1e,
    0x9e, 0x9f, 0x85, 0x1a, 0x01, 0x29, 0x25, 0xa5, 0x96, 0x83, 0xa3, 0x8f,
    0x23, 0x16, 0x94, 0x90, 0x1c, 0x0b, 0x94, 0x24, 0x94, 0x1a, 0x21, 0x8e,
    0x0a, 0x1a, 0x9b, 0x8d, 0x8d, 0x9c, 0x1e, 0x06, 0x1a, 0xa2, 0x00, 0x18,
    0x95, 0x22, 0x00, 0x10, 0x1b, 0x13, 0x23, 0x9b, 0x13, 0x98, 0x81, 0x24,
    0x25, 0xa6, 0x25, 0x1b, 0x18, 0x97, 0x0c, 0x1b, 0x24, 0x1a, 0x91, 0x20,
    0x83, 0x19, 0x88, 0x88, 0x1b, 0x0d, 0x05, 0x1c, 0x06, 0x91, 0x95, 0x12,
    0x1c, 0x8f, 0x1c, 0x21, 0x96, 0x93, 0x9a, 0x04, 0x05, 0x8b, 0x94, 0x01,
    0x09, 0x01, 0x8f, 0x83, 0x90, 0x07, 0x9b, 0x88, 0x1b, 0x85, 0x93, 0x01,
    0x11, 0x0f, 0x81, 0x88, 0x10, 0x82, 0x93, 0x94, 0x84, 0x1d, 0x1a, 0x8b,
    0x18, 0x96, 0x8f, 0xa2, 0x95, 0x23, 0x94, 0x1a, 0xa1, 0x11, 0x16, 0x92,
    0x22, 0x8b, 0x18, 0x07, 0xa3, 0x99, 0x19, 0x19, 0x1d, 0x0e, 0x98, 0x22,
    0x13, 0x92, 0x1f, 0x16, 0x0b, 0x20, 0x99, 0x26, 0x8a, 0x26, 0x02, 0x09,
    0xa5, 0xa5, 0x09, 0x97, 0x98, 0x21, 0xa6, 0x9d, 0xa0, 0x1d, 0x96, 0x84,
    0x15, 0x24, 0x1c, 0x9d, 0x12, 0x19, 0x99, 0xa2, 0x13, 0x20, 0x1a, 0x85,
    0x24, 0x90, 0x99, 0xa1, 0xa4, 0x1c, 0x02, 0x99, 0x27, 0x23, 0x0c, 0x01,
    0x1b, 0x83, 0xa4, 0x16, 0x1e, 0xa0, 0x87, 0x1c, 0x1e, 0x0a, 0x14, 0x17,
    0x94, 0x94, 0xa0, 0x07, 0x84, 0x95, 0x20, 0x9b, 0x13, 0x92, 0x90, 0x18,
    0xa6, 0x82, 0x1d, 0x81, 0x93, 0x93, 0x15, 0x24, 0x1b, 0x9e, 0x99, 0x27,
    0x85, 0x21, 0x84, 0xa1, 0x26, 0x83, 0xa3, 0xa1, 0x93, 0x1b, 0x9f, 0x19,
    0x21, 0x20, 0x18, 0x22, 0x23, 0x26, 0x22, 0x21, 0xa1, 0x86, 0x22, 0x21,
    0xa0, 0x91, 0x9e, 0x0d, 0x20, 0x96, 0x13, 0x18, 0x87, 0x94, 0x16, 0x89,
    0x1b, 0x94, 0x13, 0x21, 0x81, 0x06, 0x9b, 0x16, 0x81, 0x98, 0x0e, 0x9a,
    0x88, 0x0f, 0x86, 0x20, 0x0c, 0x01, 0xa8, 0x20, 0x26, 0x1d, 0x25, 0x12,
    0xa3, 0x92, 0x9c, 0x26, 0x21, 0x26, 0x03, 0x01, 0x25, 0x9c, 0xa4, 0xa8,
    0xa2, 0x18, 0x9f, 0xa9, 0x83, 0x10, 0x94, 0x89, 0x2a, 0x1e, 0x25, 0x1d,
    0x9b, 0x19, 0x28, 0x9f, 0xa7, 0x25, 0xa8, 0x0d, 0x2b, 0x0c, 0x16, 0x9b,
    0x95, 0x14, 0x99, 0xa7, 0xa1, 0x87, 0x0d, 0x8a, 0xa0, 0x9e, 0x8d, 0x1e,
    0x9f, 0x27, 0x09, 0x9f, 0xa1, 0x23, 0x0a, 0x1e, 0xa6, 0x11, 0x9a, 0x92,
    0x9b, 0x90, 0x15, 0x16, 0x94, 0x89, 0x8b, 0x04, 0x00, 0x9a, 0x21, 0x21,
    0x9e, 0x19, 0x1e, 0x19, 0x21, 0x12, 0x9d, 0x0e, 0x0a, 0x0f, 0x8e, 0x20,
    0x0e, 0x1d, 0x27, 0xa0, 0x91, 0x20, 0x86, 0x9a, 0x8d, 0x9c, 0x94, 0x24,
    0x84, 0x82, 0x0d, 0x86, 0x8b, 0x04, 0x83, 0x08, 0x9e, 0x1c, 0x93, 0xa6,
    0x93, 0xab, 0x24, 0x22, 0x1c, 0x26, 0x8c, 0xa2, 0x9c, 0xa3, 0xa8, 0x2c,
    0x1a, 0x81, 0x16, 0x1d, 0x91, 0x05, 0x18, 0x1d, 0x96, 0x99, 0x18, 0x12,
    0x20, 0x94, 0x05, 0x13, 0xa1, 0x83, 0x83, 0x07, 0x08, 0x13, 0x9d, 0x06,
    0x06, 0x11, 0x88, 0x8a, 0x8d, 0x88, 0x0c, 0x12, 0x9d, 0x26, 0x13, 0x0b,
    0x9c, 0x81, 0x94, 0x20, 0xa0, 0x9b, 0x92, 0x05, 0x19, 0x8a, 0x84, 0x82,
    0xa4, 0x05, 0xa3, 0x19, 0x19, 0x10, 0x18, 0x18, 0xa8, 0x02, 0x06, 0xa8,
    0x27, 0x10, 0x9e, 0xa9, 0x8f, 0xa4, 0x98, 0x85, 0xa1, 0x18, 0x1f, 0x21,
    0x21, 0x1d, 0x84, 0x03, 0xa1, 0xa0, 0x84, 0x81, 0xa3, 0x05, 0x24, 0x12,
    0x1c, 0x98, 0x25, 0x1f, 0x88, 0x29, 0x98, 0x83, 0x06, 0x97, 0x95, 0x81,
    0x99, 0x98, 0x99, 0x9b, 0x87, 0x19, 0x1d, 0x1b, 0x09, 0x94, 0x09, 0x1c,
    0x98, 0x1a, 0x0f, 0x91, 0x1b, 0x0d, 0x8f, 0x11, 0x12, 0x98, 0x18, 0x8b,
    0x08, 0x0f, 0x8b, 0x0e, 0x8b, 0x15, 0x93, 0x0a, 0x2d, 0x17, 0x17, 0x24,
    0x9d, 0x8c, 0xa3, 0x9c, 0x0f, 0x04, 0xa0, 0x19, 0x9b, 0x8c, 0xb3, 0xa6,
    0x18, 0xaa, 0x89, 0xa5, 0xa2, 0xa9, 0x28, 0x24, 0x98, 0x19, 0x1b, 0xa8,
    0x02, 0x10, 0x9d, 0x8e, 0x81, 0x1a, 0x8a, 0x22, 0x9a, 0x00, 0x9a, 0x91,
    0x98, 0x01, 0x98, 0x89, 0x24, 0x9d, 0x96, 0x91, 0x06, 0x07, 0x11, 0x19,
    0x0c, 0x99, 0x89, 0x16, 0x8e, 0x98, 0xa3, 0x01, 0x1b, 0x0b, 0x10, 0x12,
    0x1a, 0xa2, 0x92, 0x1e, 0xa3, 0xa0, 0xa9, 0xaa, 0x99, 0x8c, 0x2c, 0x1e,
    0x9f, 0x9a, 0x29, 0x1f, 0x12, 0x98, 0x01, 0x23, 0x1e, 0x9a, 0x17, 0x8e,
    0x1c, 0x1c, 0x25, 0x0d, 0x93, 0xa0, 0x91, 0x11, 0x9e, 0x8b, 0x1d, 0x13,
    0x96, 0x16, 0x9c, 0x19, 0x22, 0x97, 0x17, 0x91, 0x1d, 0x14, 0x08, 0x18,
    0x9b, 0x0b, 0x19, 0x07, 0x85, 0x23, 0x88, 0x10, 0x9d, 0x1f, 0x92, 0x15,
    0x22, 0x04, 0xa0, 0x1a, 0x99, 0x21, 0x20, 0x9b, 0x08, 0x0a, 0x1b, 0x11,
    0x1d, 0x9c, 0x9a, 0x13, 0xa1, 0x16, 0x23, 0xaa, 0x0b, 0x93, 0xa3, 0xa0,
    0x15, 0x11, 0x9a, 0x15, 0x16, 0x15, 0x26, 0x28, 0x22, 0x98, 0xa1, 0x0e,
    0xaa, 0x26, 0x13, 0xaa, 0x9e, 0xa9, 0x1e, 0x2c, 0x0d, 0xa4, 0x20, 0x9e,
    0x82, 0xa7, 0xaa, 0x21, 0x9e, 0x97, 0x97, 0x22, 0x21, 0x24, 0x1e, 0x99,
    0x98, 0x1d, 0x12, 0x98, 0x21, 0x20, 0x28, 0x8f, 0x0f, 0x0c, 0x92, 0x9b,
    0x87, 0x07, 0x9b, 0x1b, 0x19, 0x94, 0x0f, 0x0b, 0x1d, 0x89, 0x1f, 0x9e,
    0x98, 0x92, 0x22, 0xa0, 0x9e, 0x98, 0x01, 0x99, 0x00, 0x11, 0x19, 0x11,
    0x18, 0x02, 0x20, 0x81, 0x22, 0x9a, 0x1b, 0x1a, 0x8e, 0x94, 0x00, 0x8f,
    0x9d, 0x17, 0x19, 0x0a, 0x99, 0x94, 0x9e, 0x15, 0xa8, 0x1a, 0x12, 0x9b,
    0x23, 0x9e, 0x81, 0x98, 0x10, 0x13, 0xa8, 0x89, 0x0a, 0x8c, 0x98, 0xa5,
    0x1f, 0x9a, 0x15, 0x24, 0x09, 0x1e, 0xa3, 0xa1, 0x12, 0x91, 0x19, 0x9d,
    0x83, 0x8d, 0x1a, 0x8c, 0x9e, 0x21, 0x21, 0x14, 0x21, 0x05, 0x1e, 0xa1,
    0xa3, 0x16, 0x98, 0x10, 0x9b, 0x83, 0xa2, 0x9c, 0x98, 0x2b, 0x1c, 0x1e,
    0x03, 0x0f, 0x10, 0xab, 0xac, 0x18, 0xa5, 0xa2, 0x9b, 0xa0, 0xa3, 0xa6,
    0x99, 0x9a, 0x1e, 0x17, 0xa3, 0x98, 0x90, 0x04, 0x18, 0x94, 0x9f, 0x9e,
    0x89, 0x93, 0x1c, 0x90, 0x1e, 0x9d, 0xa7, 0x1a, 0xa0, 0x15, 0x20, 0xa0,
    0x84, 0x15, 0x86, 0x1e, 0x1c, 0x1e, 0x02, 0x94, 0x9f, 0x8a, 0x9c, 0x87,
    0xa9, 0xa3, 0xa6, 0xa2, 0x15, 0x09, 0x8b, 0x1a, 0x20, 0x27, 0x21, 0x17,
    0xab, 0x92, 0x98, 0x1b, 0xa7, 0x2a, 0x14, 0x22, 0xad, 0xa1, 0x26, 0x25,
    0x2c, 0xad, 0x25, 0xa8, 0x98, 0x07, 0x1e, 0x21, 0xa4, 0x9a, 0x1a, 0x0d,
    0x1f, 0x13, 0xa2, 0xa8, 0x1a, 0x9b, 0x9c, 0x9c, 0x82, 0x92, 0xa3, 0x8a,
    0xa1, 0x0c, 0x1a, 0x9d, 0x0f, 0x07, 0x1e, 0x97, 0x06, 0x9f, 0x23, 0x1b,
    0x9e, 0x89, 0x1a, 0x24, 0x96, 0x96, 0x9d, 0x9b, 0x23, 0x89, 0xa2, 0x92,
    0x83, 0x8a, 0x05, 0x8b, 0x81, 0x91, 0x92, 0x08, 0x97, 0x98, 0x90, 0x21,
    0x11, 0x1f, 0x22, 0x90, 0x91, 0x1f, 0x19, 0x04, 0x0b, 0x8e, 0x26, 0x99,
    0x13, 0x9b, 0x16, 0x24, 0x01, 0xa0, 0x9e, 0x1a, 0x1a, 0x16, 0x12, 0x98,
    0x09, 0x15, 0xa2, 0x93, 0x93, 0xa1, 0x1e, 0x06, 0x87, 0x9d, 0x02, 0x9c,
    0x0a, 0x99, 0x89, 0x05, 0x80, 0x95, 0x95, 0x94, 0x82, 0x0a, 0xa0, 0x9b,
    0xa5, 0x9c, 0x9c, 0x0d, 0x23, 0x18, 0x0c, 0x28, 0x9b, 0x8a, 0x21, 0xa0,
    0x03, 0x27, 0x02, 0x81, 0x9c, 0x9d, 0x08, 0x16, 0x29, 0x0b, 0x9b, 0x84,
    0x8b, 0xa1, 0x11, 0x8d, 0x1a, 0x84, 0x87, 0x9a, 0x8d, 0xa3, 0x9a, 0xa3,
    0x04, 0x1b, 0x99, 0x13, 0x9c, 0x8c, 0x1d, 0x1c, 0x9e, 0x8f, 0x1f, 0x26,
    0x18, 0x17, 0x94, 0xa9, 0x15, 0x0e, 0x1a, 0x9e, 0x18, 0xa3, 0x12, 0x20,
    0xa8, 0x11, 0x9b, 0x26, 0x18, 0x98, 0x28, 0x11, 0x1f, 0x1a, 0xa2, 0x18,
    0x12, 0x9e, 0x9e, 0x17, 0x9b, 0x15, 0xa7, 0x92, 0xa8, 0x1b, 0x96, 0x85,
    0x23, 0x21, 0x1c, 0x8e, 0x9d, 0x97, 0x91, 0x1a, 0x1d, 0x17, 0x1d, 0xa1,
    0x1c, 0x01, 0x19, 0xa1, 0x16, 0x11, 0x0f, 0x1e, 0x9c, 0x9c, 0x1a, 0x9f,
    0xa2, 0x90, 0x06, 0x23, 0x05, 0x22, 0x99, 0x98, 0x11, 0x29, 0xa5, 0x8b,
    0x21, 0x0a, 0xa2, 0x95, 0x24, 0x98, 0x25, 0x9a, 0x9e, 0x17, 0x9f, 0x25,
    0x1a, 0x1d, 0xa0, 0x1d, 0x26, 0x1e, 0xa0, 0x24, 0x14, 0x10, 0x18, 0x31,
    0xa7, 0x1f, 0x9f, 0xaa, 0x16, 0x82, 0x2a, 0x98, 0x16, 0x0c, 0x11, 0x11,
    0x87, 0x81, 0x92, 0x98, 0x0b, 0x0b, 0x03, 0x9d, 0x9a, 0x12, 0x84, 0x00,
    0x87, 0x96, 0x9c, 0x8d, 0x98, 0x23, 0x1c, 0x1d, 0xa2, 0x95, 0x12, 0x20,
    0x20, 0x22, 0x0e, 0x18, 0x86, 0x86, 0x99, 0x95, 0x99, 0xa0, 0x19, 0x93,
    0x1a, 0x18, 0x12, 0x94, 0x22, 0x22, 0x16, 0xa0, 0x86, 0x99, 0xa2, 0x91,
    0x21, 0x8c, 0x16, 0x01, 0x0a, 0xa4, 0x1e, 0x23, 0x85, 0x21, 0x85, 0xaa,
    0x26, 0xa4, 0x28, 0xa3, 0x9b, 0x25, 0x99, 0x94, 0xab, 0x12, 0x11, 0x0b,
    0x9a, 0x28, 0x27, 0xa2, 0x27, 0x15, 0x98, 0xa1, 0x15, 0x8a, 0x97, 0x23,
    0x9b, 0x82, 0x02, 0x17, 0x18, 0x1b, 0x24, 0x9f, 0x14, 0x10, 0x98, 0x9b,
    0x19, 0x00, 0xa2, 0x08, 0x83, 0x18, 0x1a, 0x19, 0x16, 0x06, 0xa0, 0x1a,
    0x00, 0x98, 0x1b, 0x9c, 0xa0, 0x1a, 0x90, 0x22, 0x11, 0x20, 0x0c, 0x12,
    0x1d, 0x0c, 0x9d, 0x09, 0xa0, 0x15, 0x9d, 0x1b, 0x91, 0x8d, 0x19, 0x14,
    0xa1, 0xa6, 0x99, 0x98, 0x9a, 0x21, 0x9a, 0x9b, 0xa0, 0x9a, 0x9d, 0xa5,
    0x08, 0x88, 0x27, 0x9d, 0xaa, 0xa2, 0x99, 0x07, 0x0a, 0x11, 0xa2, 0x9c,
    0x97, 0xa3, 0x1b, 0x06, 0x26, 0x1c, 0x99, 0xa2, 0x86, 0x19, 0x27, 0x9d,
    0x9c, 0x19, 0xac, 0x2b, 0x89, 0x02, 0x87, 0x1a, 0x03, 0x12, 0x93, 0x0b,
    0x18, 0x1b, 0x99, 0x16, 0x12, 0xa3, 0x0d, 0x18, 0x9d, 0x9a, 0x93, 0xa5,
    0x81, 0x21, 0x29, 0xa3, 0x95, 0x1a, 0x9b, 0x9b, 0x9e, 0xa4, 0xa5, 0xa9,
    0x8c, 0xa8, 0x8e, 0x9d, 0x96, 0x9b, 0x87, 0x19, 0x9d, 0x97, 0x83, 0x95,
    0x17, 0x90, 0x1a, 0x1b, 0x0a, 0x10, 0x1b, 0x99, 0x99, 0xa2, 0x98, 0x24,
    0xaa, 0x99, 0x8e, 0x9c, 0x15, 0x28, 0x82, 0xa3, 0x0c, 0x81, 0x06, 0x8c,
    0x08, 0x90, 0x96, 0x17, 0x10, 0x12, 0x8b, 0x19, 0x16, 0x8b, 0x90, 0x0a,
    0x9d, 0x9a, 0x84, 0x10, 0x06, 0xa5, 0xa3, 0x0e, 0x9d, 0x15, 0x9c, 0x86,
    0x88, 0x12, 0x8a, 0x9a, 0x1a, 0x0c, 0x91, 0x10, 0xa3, 0x03, 0xab, 0x1f,
    0x27, 0x0b, 0x12, 0x9b, 0xa1, 0x9e, 0x1e, 0x9b, 0x9b, 0x21, 0xa0, 0x1a,
    0xa4, 0x1d, 0x8e, 0x1c, 0x99, 0x9c, 0xa5, 0x1f, 0x29, 0x9a, 0x2e, 0x9c,
    0x1f, 0x84, 0x10, 0x91, 0x99, 0x9b, 0x1c, 0x96, 0x29, 0x22, 0x20, 0x11,
    0x10, 0xa1, 0x1f, 0x9e, 0x1f, 0x16, 0x9f, 0x88, 0x07, 0x08, 0x9a, 0xa0,
    0x20, 0x22, 0x26, 0x18, 0x9c, 0x81, 0x16, 0x1d, 0x1e, 0xa9, 0x19, 0x01,
    0x99, 0x12, 0x9c, 0x1a, 0x94, 0xa4, 0x25, 0xa1, 0x12, 0x26, 0x92, 0x97,
    0x1c, 0x1b, 0x13, 0x13, 0x9e, 0x0b, 0x0a, 0xa1, 0x21, 0x19, 0x24, 0x91,
    0x8d, 0x8f, 0x27, 0x21, 0xa8, 0x9d, 0x10, 0x1c, 0x9c, 0x19, 0x90, 0x1f,
    0x2a, 0x98, 0x94, 0x1b, 0x1a, 0x9e, 0x1c, 0x99, 0x92, 0x19, 0x88, 0x91,
    0x8d, 0xa1, 0x96, 0x09, 0x09, 0x0f, 0x23, 0x92, 0x06, 0x19, 0x0a, 0x91,
    0x09, 0xa0, 0x21, 0x1a, 0x98, 0x90, 0x26, 0x1c, 0xa1, 0x23, 0x08, 0x13,
    0x9b, 0x20, 0x25, 0xa6, 0x25, 0x22, 0x9a, 0x16, 0x07, 0x22, 0x99, 0x2b,
    0x87, 0x00, 0x95, 0xa4, 0x92, 0x00, 0x25, 0x20, 0x86, 0x93, 0x1d, 0x0b,
    0x1e, 0x03, 0x0f, 0x1a, 0x19, 0x04, 0x96, 0x09, 0x85, 0x9d, 0x90, 0x94,
    0x9a, 0x99, 0x1d, 0x13, 0x1e, 0x03, 0xa3, 0x1d, 0x9a, 0x81, 0x25, 0xa6,
    0x16, 0x1e, 0x9b, 0x06, 0x29, 0x89, 0x13, 0x1d, 0x22, 0x18, 0x11, 0xa4,
    0xa6, 0x21, 0x8e, 0x90, 0x11, 0x2c, 0x25, 0x21, 0x9f, 0x22, 0xa0, 0xa9,
    0x13, 0x82, 0x11, 0x17, 0x8c, 0x31, 0x9b, 0x0b, 0x21, 0x9d, 0xa6, 0xa9,
    0x82, 0x1e, 0x9c, 0x8a, 0x84, 0x11, 0x99, 0x18, 0x1f, 0x97, 0x2a, 0x93,
    0x17, 0x1b, 0x24, 0xa3, 0x19, 0x23, 0x1f, 0x1d, 0x1c, 0xa1, 0x17, 0x2a,
    0x9a, 0x19, 0x07, 0x9d, 0x28, 0x08, 0x0e, 0x88, 0xa4, 0x27, 0x17, 0x1a,
    0x1e, 0x9e, 0x12, 0x85, 0x8c, 0x0c, 0x15, 0x8f, 0x22, 0x22, 0x95, 0x08,
    0x8e, 0x8b, 0x1d, 0x1f, 0x23, 0x99, 0x1c, 0x98, 0x92, 0x00, 0x1c, 0x19,
    0x2d, 0x9c, 0x29, 0x23, 0x12, 0x9c, 0x1c, 0x0a, 0x91, 0x98, 0x07, 0x84,
    0x02, 0x9a, 0x94, 0x13, 0x92, 0x9b, 0x8f, 0x93, 0x11, 0x23, 0x22, 0x9e,
    0x28, 0x95, 0x04, 0x98, 0xab, 0x2a, 0x92, 0x22, 0xa1, 0x2a, 0xa5, 0x1b,
    0x8c, 0x0b, 0x12, 0x05, 0x0b, 0x98, 0x15, 0x93, 0x15, 0x08, 0x07, 0x95,
    0x86, 0x82, 0x96, 0x08, 0x89, 0x11, 0x00, 0x11, 0x9a, 0x82, 0x9f, 0x91,
    0x88, 0x06, 0x9e, 0x14, 0x06, 0x8d, 0x08, 0x12, 0xa1, 0xa8, 0x13, 0x85,
    0x8f, 0xa2, 0x9c, 0x12, 0x19, 0x94, 0x9a, 0x19, 0x0f, 0x24, 0x1e, 0x1d,
    0x8e, 0x98, 0x98, 0x02, 0x21, 0x09, 0xa1, 0x0c, 0x93, 0x0c, 0x1e, 0x18,
    0xa2, 0x8a, 0x8c, 0x95, 0x0c, 0x87, 0x21, 0x04, 0x20, 0x0f, 0x15, 0x14,
    0x95, 0x96, 0x0c, 0x82, 0x9b, 0x1b, 0x1d, 0x9c, 0x21, 0x17, 0x82, 0x1b,
    0x13, 0x05, 0x1c, 0xa1, 0x14, 0x94, 0x04, 0x8e, 0x1d, 0x81, 0x09, 0x0c,
    0x82, 0x02, 0x15, 0x94, 0x0e, 0x85, 0x88, 0x81, 0x20, 0x0c, 0x1e, 0x8b,
    0x0a, 0x98, 0x19, 0x0c, 0x9a, 0x0f, 0x8a, 0x20, 0x9b, 0x9f, 0xa4, 0x27,
    0xab, 0x93, 0x00, 0xab, 0x22, 0x1b, 0xa0, 0xa4, 0x99, 0x1d, 0x19, 0x03,
    0x90, 0x20, 0x21, 0x15, 0x1a, 0x8f, 0x22, 0x03, 0x21, 0xa2, 0x95, 0x17,
    0xa8, 0x19, 0x13, 0x9f, 0x1d, 0xa0, 0x92, 0x1b, 0x20, 0x21, 0x10, 0xa0,
    0x27, 0x9c, 0x9c, 0x8e, 0x9b, 0x17, 0x03, 0x16, 0x0e, 0x05, 0x9a, 0x99,
    0x19, 0x0d, 0x86, 0x0d, 0x19, 0x9c, 0x0e, 0x01, 0x9a, 0x84, 0x88, 0x01,
    0x86, 0x95, 0x9b, 0x12, 0x82, 0x11, 0x17, 0x0e, 0x9d, 0x0c, 0x85, 0x99,
    0x23, 0xac, 0xa1, 0xb0, 0x95, 0xa5, 0x08, 0x24, 0xa9, 0xa1, 0xa9, 0x1f,
    0x94, 0x13, 0x81, 0x94, 0x01, 0x98, 0x90, 0x14, 0x15, 0x0c, 0x2a, 0x04,
    0x14, 0x1a, 0x1b, 0x23, 0x23, 0x9c, 0x28, 0x24, 0x8c, 0xa0, 0x04, 0xa3,
    0x95, 0x03, 0x12, 0x1b, 0x23, 0xa1, 0x29, 0x8c, 0x11, 0x21, 0x20, 0xa3,
    0x05, 0x87, 0x98, 0x1c, 0x1e, 0x19, 0x11, 0x9a, 0x1c, 0x18, 0x02, 0x14,
    0xa2, 0x03, 0x90, 0x14, 0x23, 0x85, 0x18, 0xa5, 0x13, 0xa3, 0x1c, 0x96,
    0x9d, 0x1e, 0x29, 0xa9, 0xa2, 0x1b, 0x10, 0x87, 0x19, 0x92, 0x12, 0x86,
    0x20, 0x05, 0x99, 0x29, 0x98, 0x22, 0x17, 0x02, 0x87, 0xa3, 0x9d, 0xa3,
    0x0d, 0x1b, 0x92, 0xa4, 0x93, 0x21, 0x1d, 0x93, 0x98, 0x14, 0x22, 0x09,
    0x18, 0x12, 0x07, 0x10, 0x16, 0x11, 0x1f, 0x21, 0x14, 0x8a, 0x96, 0x21,
    0x8a, 0x94, 0x19, 0x19, 0x1c, 0x22, 0x15, 0x22, 0x94, 0x23, 0x96, 0x83,
    0xa2, 0x92, 0x90, 0x90, 0x1a, 0x95, 0x98, 0xa3, 0x10, 0x18, 0xa0, 0x96,
    0x1a, 0x08, 0x13, 0x1b, 0x22, 0x90, 0xa2, 0x24, 0x1b, 0x92, 0x23, 0x16,
    0x22, 0x89, 0x89, 0x85, 0x2a, 0x8f, 0xa1, 0x23, 0xa6, 0x01, 0x1d, 0x1d,
    0x9c, 0xa0, 0x05, 0x28, 0xa2, 0x9e, 0x9c, 0x29, 0x24, 0x9e, 0x84, 0x1a,
    0x21, 0x90, 0x0d, 0x0e, 0x8d, 0x19, 0x1a, 0x97, 0x23, 0x00, 0x9e, 0x10,
    0xa5, 0x93, 0x98, 0x92, 0x86, 0x81, 0x89, 0x89, 0x98, 0x0d, 0x97, 0x9d,
    0x1e, 0x82, 0x0b, 0xa2, 0x07, 0x9c, 0x18, 0x16, 0x96, 0xa1, 0x18, 0x85,
    0x18, 0x14, 0x20, 0x93, 0x23, 0x25, 0x24, 0x09, 0x9c, 0x0a, 0x9a, 0x86,
    0x00, 0x92, 0x89, 0xa1, 0x91, 0x24, 0x9a, 0x9c, 0x11, 0x24, 0x90, 0x86,
    0x08, 0x1c, 0x1d, 0x15, 0x8b, 0x1b, 0xa0, 0x1d, 0x94, 0x20, 0x1f, 0xa5,
    0x24, 0x96, 0x0f, 0x8a, 0xa3, 0x22, 0x20, 0x1a, 0x0d, 0x98, 0x0a, 0x1c,
    0x9f, 0x16, 0x14, 0xa9, 0x02, 0x9a, 0x13, 0xa1, 0x8a, 0xa2, 0x29, 0x04,
    0x21, 0xa7, 0x13, 0xa1, 0x1d, 0x97, 0x1e, 0x18, 0x2f, 0x1e, 0x26, 0x2b,
    0x91, 0x96, 0x92, 0x1a, 0x99, 0x96, 0x9a, 0x08, 0x2a, 0x99, 0x90, 0x8a,
    0x10, 0xa6, 0x0e, 0xa3, 0xa0, 0x06, 0x9a, 0x13, 0x1b, 0x23, 0x0a, 0x05,
    0x15, 0x02, 0x2a, 0x98, 0x94, 0x04, 0xa3, 0x0c, 0x03, 0x0f, 0x16, 0xa5,
    0x9a, 0x1b, 0xa3, 0x0b, 0xa4, 0x14, 0x22, 0xa3, 0x21, 0x9b, 0xa0, 0x94,
    0x08, 0x08, 0x1f, 0x8a, 0x10, 0x08, 0xa4, 0x22, 0x9c, 0x9a, 0x20, 0x02,
    0x82, 0x11, 0x19, 0x02, 0x84, 0x85, 0x9c, 0x99, 0x93, 0x11, 0x83, 0x1d,
    0x22, 0x17, 0x1a, 0x00, 0x15, 0x19, 0x03, 0x8c, 0x18, 0x93, 0x91, 0x23,
    0x15, 0x0d, 0x8a, 0x0d, 0x18, 0x21, 0x98, 0x0f, 0x99, 0x99, 0x12, 0x95,
    0x16, 0x8f, 0x10, 0x8d, 0x18, 0x1d, 0x9b, 0x9a, 0xa7, 0xa4, 0x17, 0x00,
    0x2a, 0xa4, 0x1f, 0xa1, 0x9e, 0x93, 0x1e, 0xa1, 0x26, 0xab, 0xa3, 0x24,
    0x20, 0x87, 0x0d, 0x28, 0x27, 0x29, 0x19, 0x9a, 0x99, 0x08, 0x14, 0x83,
    0x19, 0x1e, 0x04, 0x91, 0x1d, 0x9a, 0x1c, 0x86, 0x1f, 0x96, 0x15, 0x9e,
    0x9b, 0x98, 0x97, 0x28, 0x09, 0x11, 0x99, 0x14, 0x91, 0xa0, 0xa2, 0x99,
    0xa3, 0x1a, 0x99, 0x88, 0x20, 0xa4, 0x9b, 0x9e, 0x9a, 0xa9, 0x93, 0x27,
    0xac, 0x28, 0xa1, 0x14, 0x1e, 0x82, 0x16, 0x18, 0xa3, 0x21, 0x0d, 0x96,
    0x82, 0xa4, 0x1c, 0x22, 0x13, 0x0c, 0x8c, 0x9c, 0x22, 0x22, 0x23, 0xa0,
    0x89, 0x13, 0x1c, 0x06, 0x07, 0x11, 0x1b, 0x0c, 0x1c, 0x1d, 0x0c, 0x0f,
    0x84, 0x98, 0x8e, 0x0a, 0x9b, 0x8d, 0x89, 0x02, 0xa2, 0x00, 0x15, 0x87,
    0x94, 0xa3, 0x9e, 0x1a, 0x15, 0x11, 0x89, 0x1d, 0x1a, 0x13, 0x01, 0x25,
    0x9a, 0x92, 0x22, 0x1c, 0xa5, 0x9a, 0x9c, 0xa4, 0x24, 0x16, 0x23, 0x96,
    0x16, 0x19, 0x14, 0x10, 0x99, 0xa9, 0x0b, 0x2b, 0x1c, 0x18, 0x89, 0x92,
    0x24, 0x1d, 0x97, 0x9c, 0x04, 0x1b, 0x23, 0x9a, 0x1f, 0x22, 0x16, 0x21,
    0x00, 0x11, 0x9d, 0x26, 0x17, 0x99, 0x14, 0x15, 0xa3, 0xa4, 0x1b, 0x16,
    0x85, 0x04, 0x93, 0x23, 0x9d, 0x06, 0x28, 0xa0, 0x98, 0x8f, 0xa2, 0x10,
    0x1d, 0x00, 0x90, 0x81, 0x8d, 0x17, 0x19, 0x8d, 0x0e, 0x09, 0x14, 0x0b,
    0x97, 0x9f, 0x0b, 0x18, 0x91, 0x94, 0x01, 0x0f, 0x90, 0x9f, 0x1d, 0xa3,
    0x10, 0x84, 0x8b, 0x87, 0x99, 0xa4, 0x91, 0x18, 0x85, 0x9c, 0x89, 0x16,
    0xa3, 0xa0, 0x94, 0x98, 0x9d, 0x86, 0x19, 0x96, 0x82, 0x1c, 0x14, 0x92,
    0x9e, 0x1a, 0x24, 0x12, 0xa0, 0x1a, 0x02, 0x22, 0xa3, 0x21, 0x23, 0x0c,
    0x05, 0x9a, 0x8b, 0xa1, 0x90, 0x92, 0xa0, 0x1a, 0xa1, 0x23, 0x9a, 0x23,
    0x95, 0x05, 0x8a, 0x9d, 0x81, 0x86, 0x06, 0x21, 0xa3, 0x23, 0x1b, 0x95,
    0x9a, 0x05, 0x23, 0x98, 0x93, 0x24, 0x9a, 0xa1, 0x20, 0x18, 0xa0, 0x93,
    0x98, 0x25, 0x21, 0x23, 0xa0, 0x10, 0x19, 0x22, 0x11, 0x2b, 0x28, 0x20,
    0x1a, 0x99, 0x0c, 0x03, 0x11, 0x93, 0x99, 0x95, 0xa5, 0xa1, 0xa1, 0xa4,
    0x9c, 0x98, 0xa2, 0x1b, 0x99, 0x08, 0x11, 0x1e, 0x0d, 0x92, 0xaa, 0x21,
    0x91, 0x97, 0x20, 0x9d, 0x02, 0x99, 0x99, 0x20, 0x23, 0x20, 0x13, 0xa6,
    0x10, 0x12, 0x82, 0x9a, 0x95, 0x21, 0x19, 0x27, 0x09, 0x8e, 0x11, 0x0b,
    0x90, 0x12, 0x24, 0x08, 0xa5, 0x1b, 0xa5, 0x19, 0x24, 0xa4, 0x21, 0x96,
    0x99, 0x97, 0x1a, 0x21, 0x1a, 0x8a, 0x2c, 0x04, 0x9a, 0x9e, 0x86, 0x01,
    0x22, 0x94, 0xa3, 0x0d, 0x9d, 0xa0, 0x1d, 0x19, 0x0f, 0x98, 0xa1, 0x99,
    0x28, 0x83, 0x21, 0x0b, 0x95, 0x94, 0x9d, 0xa7, 0x20, 0x15, 0x9c, 0x8d,
    0x9a, 0x0c, 0xab, 0xa4, 0x98, 0x89, 0x1b, 0x88, 0xa8, 0x9b, 0xa6, 0x15,
    0x17, 0x1a, 0x95, 0x02, 0x18, 0x0f, 0xa4, 0x28, 0x1a, 0x06, 0x08, 0x24,
    0x9d, 0x99, 0x8d, 0x8b, 0x9d, 0x82, 0x29, 0xa2, 0x9e, 0x93, 0x83, 0x88,
    0x90, 0x1e, 0x89, 0x95, 0x11, 0xa0, 0x1d, 0x8d, 0x19, 0x00, 0xa8, 0x1e,
    0x04, 0x98, 0x1d, 0x98, 0x20, 0x90, 0xa0, 0x1f, 0x1b, 0x9e, 0x21, 0x9e,
    0x95, 0x25, 0x8b, 0x9e, 0x10, 0x28, 0x14, 0x20, 0x9c, 0x16, 0xa0, 0x9e,
    0x99, 0x1b, 0x03, 0x11, 0xa1, 0x22, 0x19, 0x08, 0x83, 0xa7, 0x90, 0xa4,
    0x0d, 0x81, 0x1a, 0x83, 0x12, 0x0a, 0x11, 0x13, 0x23, 0x83, 0x12, 0x06,
    0x8a, 0x90, 0x04, 0x98, 0x9a, 0x1e, 0x17, 0x16, 0x1c, 0x90, 0x1e, 0x24,
    0x99, 0x12, 0x8e, 0x8a, 0x22, 0xa1, 0x92, 0xa8, 0x10, 0x13, 0x1a, 0x02,
    0x9e, 0x24, 0xa4, 0xa1, 0x9f, 0xa9, 0x07, 0x95, 0x9f, 0x18, 0x0e, 0x1d,
    0x08, 0x22, 0x1a, 0x90, 0x15, 0x07, 0x1a, 0x92, 0xa7, 0x28, 0xa3, 0x02,
    0x8f, 0x1c, 0x82, 0x88, 0x15, 0x9c, 0x92, 0x13, 0xa5, 0x82, 0x2c, 0x1a,
    0x26, 0x8c, 0xa9, 0xa8, 0x12, 0x97, 0x1d, 0x11, 0x9b, 0x04, 0x1c, 0x96,
    0x13, 0xa0, 0x01, 0x98, 0x87, 0x89, 0x86, 0x18, 0x03, 0x84, 0x1b, 0x12,
    0x15, 0x97, 0x85, 0x12, 0x12, 0x0e, 0x9b, 0xa2, 0x9a, 0x07, 0x0b, 0x06,
    0x85, 0x1b, 0x1a, 0x15, 0x19, 0x95, 0x88, 0x19, 0x13, 0x01, 0x14, 0x96,
    0x02, 0x00, 0x99, 0x99, 0x01, 0x11, 0x94, 0x18, 0x8e, 0x04, 0x91, 0x8b,
    0x17, 0x8c, 0x98, 0x12, 0x1d, 0x01, 0x84, 0x93, 0x18, 0x8d, 0x8d, 0x89,
    0x1d, 0x02, 0x0a, 0x22, 0x19, 0x07, 0x03, 0x19, 0x15, 0x82, 0x91, 0x86,
    0x94, 0x02, 0x11, 0x10, 0x06, 0x96, 0x8c, 0xa6, 0x19, 0xa9, 0x24, 0x29,
    0xa0, 0x95, 0xa1, 0x98, 0x23, 0x28, 0x97, 0x13, 0x28, 0x9f, 0xa2, 0x98,
    0xa3, 0x84, 0x9f, 0x26, 0x1b, 0x20, 0x24, 0x1a, 0x29, 0x9d, 0x20, 0x9c,
    0x8b, 0x06, 0x91, 0x9f, 0x20, 0x24, 0x16, 0x16, 0x20, 0xa0, 0x27, 0x9c,
    0x1f, 0x0a, 0x17, 0xa5, 0x9f, 0x9a, 0x85, 0xa1, 0x88, 0x12, 0x8b, 0x9b,
    0x9d, 0x0e, 0x23, 0x04, 0x8a, 0xa2, 0x97, 0x98, 0x28, 0x11, 0x1c, 0x21,
    0x9e, 0x23, 0x0e, 0x12, 0x93, 0x15, 0x15, 0xaa, 0x20, 0x22, 0x80, 0x18,
    0x9a, 0x27, 0x2a, 0x84, 0x96, 0x18, 0x15, 0xa2, 0xac, 0x22, 0x22, 0x15,
    0x0a, 0x83, 0x11, 0xa3, 0x16, 0x90, 0x88, 0x14, 0x93, 0x14, 0x18, 0x23,
    0x9c, 0x21, 0x23, 0x90, 0x13, 0x01, 0x94, 0x8c, 0x9e, 0x89, 0x8d, 0x84,
    0x9c, 0x18, 0x90, 0x9d, 0x84, 0x8f, 0xa0, 0x1b, 0x18, 0x89, 0x93, 0x19,
    0xa0, 0x22, 0xaa, 0x9c, 0x1b, 0xa2, 0x12, 0x0d, 0x21, 0x1f, 0x9e, 0x1d,
    0x20, 0x81, 0x9f, 0x1b, 0xa2, 0xa1, 0x14, 0xa1, 0x98, 0x02, 0xa3, 0x1f,
    0xa0, 0x1f, 0x9d, 0x25, 0x18, 0x25, 0x89, 0x95, 0x22, 0xa0, 0x8b, 0x18,
    0x9c, 0x9f, 0x1c, 0xa4, 0x91, 0x26, 0x98, 0x9b, 0x9c, 0x9c, 0x9a, 0xaa,
    0x0a, 0xa5, 0x21, 0x12, 0x23, 0x23, 0xa5, 0x82, 0x81, 0x1a, 0xa3, 0x18,
    0x12, 0x23, 0x25, 0x8c, 0x8d, 0x9b, 0x9d, 0x95, 0xa0, 0x84, 0x21, 0x95,
    0x9f, 0x9f, 0x16, 0x17, 0x1a, 0xa4, 0x99, 0x83, 0x05, 0x1f, 0x20, 0x9f,
    0x1c, 0x14, 0x85, 0x8d, 0x9d, 0x80, 0x99, 0x94, 0x19, 0x92, 0xa4, 0x02,
    0xa0, 0x96, 0x97, 0x24, 0x25, 0x94, 0x88, 0xa0, 0xa2, 0x26, 0x98, 0x8b,
    0x98, 0x22, 0x1a, 0x8d, 0x9d, 0x1f, 0xa1, 0x00, 0x94, 0x0f, 0x99, 0x0c,
    0x03, 0x06, 0x8d, 0x1d, 0x96, 0x1a, 0x99, 0x15, 0x92, 0x96, 0x13, 0x91,
    0x0b, 0x9b, 0x92, 0x8f, 0x23, 0x10, 0x1e, 0x97, 0x9e, 0x10, 0x9e, 0x9d,
    0x98, 0x91, 0x1b, 0x1a, 0x18, 0x9c, 0x9d, 0x19, 0x95, 0x12, 0x03, 0x12,
    0x1a, 0x1e, 0x92, 0x96, 0x05, 0x98, 0x9b, 0x8b, 0x87, 0x1a, 0x94, 0x90,
    0x99, 0x84, 0x0b, 0x99, 0x17, 0x82, 0x98, 0x8c, 0x83, 0x0f, 0x1d, 0x11,
    0x05, 0x86, 0x21, 0x21, 0x05, 0x1a, 0xa1, 0x0f, 0x18, 0x8b, 0x06, 0x9d,
    0x29, 0x8a, 0x22, 0x9a, 0x1d, 0x1d, 0x21, 0x13, 0x9a, 0x18, 0xa3, 0x9e,
    0x17, 0x1d, 0x9a, 0xa9, 0x87, 0x2d, 0x91, 0x95, 0x26, 0xa4, 0x9b, 0x91,
    0xa1, 0x26, 0x1b, 0x23, 0x21, 0x9d, 0xa0, 0x9f, 0xa7, 0xa2, 0x2b, 0x8c,
    0x25, 0xa8, 0x1d, 0x87, 0x99, 0x24, 0x9e, 0xa9, 0x0e, 0x26, 0xa2, 0xa6,
    0x9d, 0x1a, 0xa0, 0x04, 0x97, 0x12, 0x11, 0x13, 0x20, 0xa7, 0x89, 0x00,
    0xa0, 0xa1, 0x18, 0x82, 0x11, 0x96, 0x9c, 0x9c, 0x95, 0x97, 0x8b, 0x8e,
    0x1f, 0x93, 0x8d, 0x1f, 0x21, 0x90, 0x20, 0x0e, 0x25, 0x20, 0x87, 0x90,
    0x20, 0x9e, 0x9b, 0x0f, 0x96, 0x11, 0x18, 0x98, 0x19, 0x20, 0x14, 0x91,
    0x82, 0x22, 0xa6, 0x9e, 0xa3, 0x2a, 0x99, 0x89, 0x98, 0x02, 0x87, 0x9e,
    0xa8, 0x91, 0x9f, 0x92, 0x95, 0x9b, 0x10, 0x0e, 0x98, 0x99, 0x9a, 0x9a,
    0x90, 0x0a, 0x1b, 0x11, 0x04, 0x22, 0x99, 0x8d, 0x00, 0x8c, 0x11, 0x14,
    0x1e, 0x95, 0x12, 0x0e, 0x8c, 0x90, 0x0a, 0x90, 0x93, 0x87, 0x99, 0x09,
    0x93, 0x8b, 0x13, 0x12, 0x13, 0x90, 0x11, 0x9b, 0x08, 0x12, 0x1b, 0x00,
    0x8f, 0x13, 0x10, 0x86, 0x83, 0x1b, 0x8d, 0x96, 0x0e, 0x90, 0x1b, 0x0b,
    0x0a, 0x21, 0x81, 0x20, 0x14, 0x0c, 0x94, 0x85, 0x16, 0x1e, 0x1e, 0x29,
    0x9d, 0x9e, 0x00, 0x29, 0xa2, 0x91, 0x8c, 0xa2, 0x9a, 0x17, 0x1e, 0xa2,
    0xa6, 0x98, 0x9f, 0xa2, 0xa1, 0xa1, 0x9e, 0x86, 0x8a, 0x95, 0x14, 0x17,
    0x18, 0xa3, 0xa6, 0x21, 0x96, 0x16, 0x1e, 0x00, 0x22, 0x95, 0x02, 0x27,
    0x8e, 0x95, 0x8b, 0xa0, 0x23, 0x20, 0x21, 0x22, 0x1c, 0x05, 0x14, 0x99,
    0x15, 0x1e, 0x06, 0x16, 0x9e, 0x99, 0x0f, 0x87, 0x1c, 0x9f, 0x8a, 0x11,
    0x91, 0x1a, 0x95, 0x88, 0x85, 0x95, 0x15, 0x95, 0x92, 0xa2, 0x99, 0x98,
    0xa1, 0x1d, 0x97, 0x92, 0x91, 0x9c, 0x29, 0x91, 0x82, 0x9b, 0x9f, 0x1f,
    0x07, 0x22, 0x15, 0x92, 0x97, 0x81, 0xa7, 0x90, 0x1e, 0x1a, 0x26, 0x1f,
    0x20, 0x1d, 0xa2, 0x23, 0xa5, 0x11, 0x24, 0x26, 0x12, 0x26, 0x94, 0x0b,
    0x12, 0x0e, 0x23, 0x94, 0x92, 0x9f, 0x9c, 0x26, 0x11, 0x19, 0x17, 0x24,
    0x8a, 0x9d, 0x9c, 0x01, 0xa4, 0x28, 0x23, 0x84, 0x28, 0xa5, 0xa8, 0xa8,
    0x24, 0xa5, 0x96, 0xab, 0xa2, 0x22, 0x95, 0xa6, 0x8e, 0x0c, 0x89, 0x18,
    0x95, 0x05, 0x0b, 0x8c, 0x94, 0x83, 0x04, 0x93, 0x0f, 0x13, 0x9b, 0x94,
    0x9d, 0x0f, 0x0f, 0x9e, 0x94, 0x15, 0xa0, 0x09, 0x9b, 0x16, 0x0f, 0x92,
    0x14, 0x1e, 0x84, 0x84, 0xa5, 0x8c, 0x9c, 0x0c, 0x17, 0x21, 0x9a, 0x03,
    0x82, 0x9e, 0xa2, 0x90, 0x21, 0x90, 0x97, 0x0d, 0x08, 0x94, 0x13, 0x17,
    0xa0, 0x00, 0xa0, 0x17, 0x9c, 0x9d, 0x1d, 0x99, 0x10, 0x1b, 0x0b, 0x1a,
    0xa1, 0x23, 0x24, 0x03, 0xa1, 0x19, 0x08, 0x8b, 0x1b, 0x98, 0xa1, 0xa5,
    0xa3, 0x9d, 0x92, 0xa6, 0x1d, 0x21, 0x22, 0x21, 0x01, 0x84, 0xa0, 0x1f,
    0xa6, 0x84, 0x22, 0x9c, 0x94, 0x96, 0xa1, 0x0a, 0x91, 0x0c, 0x00, 0x0f,
    0x9d, 0x13, 0x93, 0x93, 0x9c, 0x94, 0x11, 0x96, 0x19, 0x96, 0x85, 0x93,
    0x92, 0x9c, 0x90, 0x17, 0x11, 0x1a, 0x13, 0x86, 0x13, 0x91, 0x0c, 0x8a,
    0x99, 0x07, 0x96, 0x02, 0x1f, 0x08, 0x99, 0x96, 0xa1, 0xaa, 0x8a, 0x10,
    0x99, 0x2b, 0x88, 0x1f, 0x95, 0x28, 0x21, 0x0d, 0x18, 0x8d, 0x16, 0x0f,
    0xa9, 0x28, 0x1f, 0x10, 0xac, 0x9d, 0x27, 0x9f, 0x8a, 0x27, 0x2a, 0x27,
    0x8e, 0x82, 0x98, 0x1f, 0x94, 0x9d, 0x8b, 0x12, 0x24, 0x18, 0x13, 0x8e,
    0x94, 0x8c, 0x85, 0x86, 0x02, 0x1e, 0x8f, 0x9a, 0x0e, 0x99, 0x18, 0x85,
    0x89, 0x1f, 0x98, 0x9c, 0x16, 0x91, 0x04, 0xa2, 0x25, 0x9c, 0x95, 0xa3,
    0x24, 0x1c, 0x24, 0x1c, 0x9b, 0x9c, 0x29, 0x9c, 0x28, 0x03, 0x28, 0x9d,
    0x1d, 0xa2, 0x1d, 0x97, 0x9a, 0xa2, 0x95, 0x23, 0xac, 0xa0, 0x16, 0x23,
    0x1b, 0x98, 0x07, 0x24, 0x1b, 0x21, 0x2f, 0x93, 0x20, 0x28, 0x21, 0x1b,
    0xaa, 0xa3, 0x17, 0x15, 0x8a, 0x81, 0x95, 0x29, 0x23, 0x99, 0x11, 0x23,
    0x12, 0xa2, 0x05, 0x9a, 0x0e, 0x1a, 0xac, 0x17, 0xa4, 0xa3, 0x1f, 0x16,
    0x91, 0x03, 0x9a, 0x23, 0xab, 0x9b, 0x00, 0x86, 0x86, 0x0a, 0xa8, 0x26,
    0x9a, 0x91, 0x1a, 0x96, 0x8f, 0x27, 0x9f, 0x9d, 0x19, 0x84, 0x83, 0x00,
    0x0e, 0x12, 0x0f, 0xa3, 0x16, 0x21, 0x8c, 0x9b, 0x85, 0x06, 0x1e, 0x22,
    0xa4, 0x87, 0x9a, 0x1e, 0x98, 0x1e, 0x21, 0x0f, 0x0b, 0x1a, 0x01, 0x16,
    0x13, 0x1a, 0x9d, 0x92, 0xa5, 0xa5, 0x97, 0x88, 0xa5, 0x86, 0x85, 0x88,
    0x02, 0x09, 0x8b, 0x9a, 0xa7, 0x90, 0x81, 0x24, 0x0e, 0x17, 0x0c, 0x1d,
    0x28, 0xa1, 0x85, 0x1a, 0x21, 0x22, 0x9b, 0xa6, 0xa8, 0x12, 0x98, 0x0e,
    0x00, 0x81, 0x98, 0x1f, 0xa2, 0x20, 0x1d, 0x9b, 0x81, 0x13, 0x16, 0x0d,
    0xa0, 0x23, 0xa0, 0x20, 0x83, 0x8a, 0x8e, 0x9d, 0x9b, 0x9e, 0x12, 0x9e,
    0x16, 0x93, 0x0b, 0x21, 0x18, 0x20, 0x23, 0x1a, 0xab, 0x27, 0x22, 0x86,
    0xa3, 0x1a, 0x27, 0x23, 0x91, 0xa9, 0x91, 0x0f, 0x98, 0x1b, 0x99, 0x91,
    0x93, 0x16, 0x13, 0x1e, 0x11, 0x9c, 0x8e, 0x99, 0x23, 0x9c, 0x86, 0x8f,
    0x13, 0x91, 0x19, 0x84, 0x1b, 0xa2, 0x1d, 0x1e, 0x01, 0x1f, 0x9b, 0x9f,
    0x1a, 0x1f, 0x24, 0x04, 0xa1, 0x17, 0x19, 0x21, 0x95, 0x24, 0x9c, 0xa5,
    0x91, 0x9f, 0x16, 0xa0, 0x1b, 0x13, 0xa2, 0x28, 0xa1, 0x29, 0x9a, 0x23,
    0x20, 0xa3, 0x22, 0x8f, 0x28, 0xab, 0xa3, 0xa1, 0x9d, 0x1d, 0x9f, 0x20,
    0xa0, 0x0d, 0xa5, 0x19, 0xa5, 0x8d, 0x1e, 0x21, 0x94, 0x89, 0x95, 0x1a,
    0x24, 0x13, 0x96, 0x9d, 0x88, 0x12, 0x88, 0x8a, 0x14, 0x99, 0x89, 0x19,
    0x94, 0x8b, 0xa2, 0xa4, 0x18, 0x95, 0x2a, 0x21, 0x80, 0x10, 0x17, 0x19,
    0x96, 0x9a, 0x84, 0x9a, 0x1c, 0x22, 0x04, 0x89, 0x94, 0x9e, 0x1b, 0x13,
    0x96, 0x9a, 0x1c, 0x1e, 0x01, 0x94, 0xa0, 0x14, 0x8f, 0x8e, 0x11, 0x97,
    0xa0, 0x09, 0x87, 0x11, 0x8d, 0x19, 0xa1, 0x15, 0xa5, 0x81, 0x92, 0x1c,
    0x97, 0x16, 0x9b, 0x02, 0x2c, 0x90, 0x04, 0x11, 0x9a, 0x9c, 0x9c, 0x01,
    0x9a, 0x9b, 0x1c, 0x15, 0x20, 0x09, 0x1d, 0x10, 0x22, 0x2f, 0x25, 0x26,
    0x26, 0x24, 0x13, 0x23, 0x25, 0x1b, 0x20, 0x9a, 0x96, 0x19, 0x1a, 0x25,
    0x0b, 0x8b, 0x94, 0x11, 0x12, 0x18, 0xa1, 0x85, 0x19, 0x1a, 0x1d, 0x91,
    0x16, 0x8f, 0x99, 0x24, 0x1f, 0x0a, 0x0a, 0x2b, 0x09, 0x1c, 0x21, 0x1e,
    0x0e, 0x19, 0x1a, 0x08, 0x1b, 0x9f, 0x13, 0x1e, 0x23, 0x17, 0x96, 0x21,
    0x1b, 0x1e, 0x0a, 0x24, 0x2a, 0x8f, 0x03, 0x0c, 0x81, 0x1d, 0x82, 0xa6,
    0x19, 0x24, 0x87, 0x28, 0x15, 0x23, 0x9c, 0x20, 0x1a, 0x11, 0x11, 0x22,
    0x1c, 0x30, 0x03, 0x12, 0x21, 0x14, 0x15, 0x22, 0x1a, 0x1e, 0x26, 0xa7,
    0x9e, 0xa9, 0x1f, 0x89, 0x12, 0xa0, 0x1a, 0x08, 0x26, 0x11, 0x20, 0xa8,
    0x15, 0x89, 0x8f, 0x1e, 0x03, 0xa5, 0x83, 0x14, 0x23, 0x21, 0x20, 0x1e,
    0x17, 0xa4, 0x17, 0x18, 0x23, 0x82, 0xa8, 0x0f, 0x8f, 0x8c, 0x12, 0xa0,
    0x1a, 0x91, 0x97, 0x28, 0x17, 0xa2, 0x22, 0x27, 0x24, 0x99, 0x14, 0x29,
    0xaa, 0x13, 0x0c, 0x8a, 0xa3, 0x19, 0x0f, 0x99, 0x9c, 0x86, 0x03, 0x88,
    0x9b, 0x83, 0xa3, 0xa2, 0x9c, 0x11, 0xa1, 0x93, 0x17, 0x8d, 0x00, 0x11,
    0xab, 0x06, 0x20, 0x20, 0x97, 0x1c, 0x99, 0x81, 0x9d, 0x27, 0x09, 0x93,
    0xa0, 0x93, 0x1c, 0x23, 0x18, 0x14, 0x23, 0x08, 0x08, 0x9f, 0x9d, 0x0f,
    0x9b, 0x8c, 0xa1, 0x92, 0x86, 0x06, 0x97, 0x98, 0x11, 0x9e, 0x1f, 0x1e,
    0x01, 0x24, 0x9c, 0x08, 0x26, 0x91, 0x9e, 0x1a, 0x83, 0xa1, 0x0f, 0x01,
    0x1c, 0x8e, 0x18, 0x15, 0x10, 0x1d, 0x26, 0xaa, 0xa7, 0xac, 0x00, 0x1f,
    0x1c, 0xa4, 0x8e, 0x16, 0xa5, 0xa0, 0x12, 0xa2, 0xa4, 0x8b, 0x1b, 0x1c,
    0x9b, 0x9f, 0x08, 0x24, 0x9c, 0x86, 0x8d, 0x97, 0xa7, 0x01, 0x07, 0x21,
    0x99, 0x15, 0x99, 0xa9, 0xa0, 0x07, 0xa2, 0xa2, 0x1f, 0x13, 0x8c, 0x8c,
    0x28, 0xab, 0x95, 0x9a, 0x1a, 0x20, 0x13, 0x2a, 0x0c, 0x07, 0x15, 0x17,
    0x8f, 0xa3, 0x20, 0x11, 0x21, 0x8d, 0x28, 0x01, 0x27, 0x16, 0x25, 0x9a,
    0x8a, 0x99, 0x23, 0x92, 0x17, 0x1c, 0x1e, 0x22, 0x12, 0x89, 0x28, 0x93,
    0x84, 0x18, 0x96, 0xa1, 0x1a, 0x22, 0x90, 0x92, 0x1c, 0x99, 0x9a, 0xa4,
    0x9d, 0x17, 0xa0, 0x9b, 0x9c, 0x15, 0x1c, 0x2a, 0x23, 0x9b, 0x23, 0x1e,
    0x20, 0xa0, 0x99, 0xa3, 0x96, 0x14, 0x20, 0x19, 0xa2, 0x98, 0x92, 0x04,
    0xa0, 0x9c, 0x92, 0x1c, 0xa6, 0x1d, 0xa1, 0x19, 0xa0, 0x97, 0x97, 0x99,
    0x94, 0x16, 0x11, 0x1e, 0x1b, 0x21, 0x80, 0x91, 0x19, 0x04, 0x94, 0x9a,
    0x18, 0x1d, 0x19, 0x0a, 0x99, 0x1c, 0x93, 0x22, 0x91, 0x14, 0x04, 0xa5,
    0x22, 0x11, 0x17, 0x21, 0xaa, 0x1a, 0x93, 0x96, 0x20, 0x21, 0x83, 0x15,
    0x18, 0x99, 0x1c, 0x20, 0x1d, 0x0b, 0x1b, 0x12, 0xa4, 0x27, 0x1a, 0x1c,
    0x91, 0x25, 0xa5, 0x09, 0xb1, 0x98, 0x07, 0x1e, 0x2a, 0x1e, 0x15, 0x16,
    0x04, 0x9f, 0x93, 0x17, 0x8b, 0x99, 0xa1, 0x22, 0x14, 0x0e, 0xa2, 0x18,
    0xa0, 0x88, 0x14, 0x1f, 0x90, 0x16, 0x13, 0x88, 0x00, 0x0d, 0x97, 0x20,
    0x1f, 0x1f, 0xa1, 0x1c, 0xa4, 0x25, 0x0e, 0xa9, 0xab, 0x9a, 0xa7, 0x24,
    0x0e, 0x1c, 0x1b, 0x97, 0x9e, 0xa8, 0x9d, 0x0d, 0x1b, 0x8d, 0x95, 0x07,
    0x1a, 0x9a, 0x9e, 0x8c, 0xa2, 0x95, 0x1c, 0x91, 0xa0, 0x90, 0x9a, 0x98,
    0x26, 0x1d, 0x82, 0xa0, 0xa9, 0xa7, 0x9b, 0x1c, 0x03, 0xa1, 0x96, 0x98,
    0xa7, 0x06, 0x15, 0x0b, 0x89, 0xa1, 0xa1, 0x9a, 0x9c, 0x25, 0x8d, 0x15,
    0x07, 0xa9, 0xa3, 0xa1, 0x25, 0xa6, 0x0a, 0xa0, 0x9c, 0x22, 0x1d, 0x93,
    0x0f, 0x19, 0x16, 0x15, 0x15, 0xa1, 0x20, 0x1a, 0x1c, 0x24, 0x1b, 0x16,
    0x10, 0x98, 0x91, 0x0d, 0x26, 0x98, 0xa2, 0x1a, 0x9b, 0x81, 0x19, 0xa6,
    0x14, 0x20, 0x89, 0x1b, 0x8e, 0x14, 0x9b, 0x06, 0x11, 0x21, 0x97, 0x9a,
    0x10, 0x9c, 0x22, 0x18, 0xa2, 0x13, 0x0e, 0x20, 0x12, 0x9a, 0x98, 0x9c,
    0x99, 0x1a, 0x21, 0xa7, 0x1a, 0x17, 0x9f, 0x10, 0xa1, 0x99, 0x1d, 0x9f,
    0x26, 0x8a, 0x14, 0x21, 0x20, 0x90, 0x99, 0x8a, 0x18, 0x02, 0x12, 0x9e,
    0x96, 0x9b, 0x83, 0x17, 0x89, 0x9f, 0x21, 0xa1, 0x01, 0x1f, 0x0a, 0x94,
    0xa6, 0x0e, 0x19, 0xa8, 0x1a, 0x07, 0x02, 0x21, 0x0e, 0x9e, 0x1d, 0x1c,
    0x1a, 0x1f, 0x12, 0x86, 0x9e, 0x89, 0x89, 0x1f, 0x19, 0x19, 0x85, 0x9d,
    0xa2, 0x94, 0x11, 0xa8, 0x05, 0x19, 0x25, 0x98, 0x28, 0x21, 0x01, 0x86,
    0xa4, 0x25, 0x89, 0x16, 0x17, 0x20, 0x05, 0x84, 0xa6, 0x93, 0x21, 0x1d,
    0xa1, 0x18, 0x1a, 0x11, 0x27, 0xa3, 0x98, 0x10, 0xa2, 0xa2, 0x9e, 0x9a,
    0xa3, 0x07, 0x9f, 0x1f, 0x95, 0x92, 0xa6, 0x96, 0xb0, 0x01, 0x0f, 0x9a,
    0x23, 0x1b, 0x1f, 0x98, 0x99, 0x1b, 0xa6, 0x0f, 0x1e, 0xa0, 0xa1, 0xa7,
    0x0f, 0xa8, 0x23, 0x9a, 0x9d, 0xa5, 0x83, 0x1d, 0xa0, 0x9f, 0x1a, 0x8e,
    0x94, 0x29, 0xa6, 0x9a, 0x10, 0x25, 0x98, 0x20, 0xb3, 0x1a, 0x99, 0x0d,
    0x2c, 0x1f, 0x28, 0xa0, 0xa8, 0xa4, 0x18, 0x9e, 0x8b, 0xa7, 0x1d, 0x14,
    0x10, 0xa0, 0x23, 0x21, 0xa5, 0x05, 0x23, 0x22, 0x19, 0x83, 0x94, 0x04,
    0x90, 0x8b, 0x0d, 0x0f, 0x12, 0x9c, 0x1a, 0x17, 0x19, 0xa4, 0x21, 0x09,
    0x98, 0x22, 0x11, 0x0a, 0x21, 0x86, 0x28, 0x11, 0x1c, 0x1f, 0x16, 0x85,
    0x18, 0x0e, 0xa5, 0x22, 0x02, 0x9c, 0x1b, 0x26, 0x01, 0x97, 0x1c, 0x18,
    0x9e, 0x10, 0x95, 0x1a, 0x0d, 0x8a, 0x98, 0x19, 0x1e, 0x22, 0x91, 0x17,
    0x86, 0x16, 0xa2, 0x24, 0x1e, 0xa0, 0x1d, 0x1a, 0xa2, 0x24, 0x05, 0x9e,
    0x02, 0x1b, 0xa0, 0x2d, 0x23, 0x9a, 0x19, 0xa5, 0x1e, 0x96, 0x1d, 0x89,
    0x1d, 0x14, 0x16, 0x9f, 0x1b, 0x1e, 0x99, 0x1b, 0x13, 0x92, 0x9a, 0x9a,
    0x04, 0x91, 0x1d, 0x17, 0x17, 0x0d, 0x26, 0x1c, 0x22, 0xa2, 0x1d, 0x19,
    0x18, 0x96, 0x13, 0x1a, 0xaa, 0x22, 0x86, 0x25, 0x9c, 0x15, 0x1d, 0x84,
    0x16, 0x91, 0x06, 0x86, 0x99, 0x81, 0xa3, 0x23, 0x95, 0x9e, 0x1c, 0x9c,
    0x9b, 0x00, 0x9a, 0x1e, 0x29, 0x98, 0x11, 0xa1, 0x82, 0x8d, 0xa0, 0xa2,
    0x9d, 0x9f, 0xa3, 0xa2, 0xa1, 0xa4, 0x9e, 0x9e, 0x06, 0x24, 0x10, 0x9a,
    0xa1, 0xa2, 0xa2, 0x93, 0x9a, 0x07, 0x05, 0x16, 0xa5, 0xa0, 0x23, 0x9f,
    0x8b, 0xa1, 0x8c, 0x9b, 0x8b, 0x98, 0x22, 0x17, 0x28, 0x92, 0x93, 0x99,
    0xa7, 0xa5, 0x12, 0x9a, 0x03, 0x22, 0x1c, 0xa5, 0xa5, 0x9c, 0x89, 0x83,
    0x9b, 0x89, 0x20, 0xa2, 0x82, 0x96, 0x8a, 0x93, 0x07, 0x13, 0xa3, 0xa1,
    0x21, 0x92, 0x1f, 0x82, 0x25, 0x9a, 0x11, 0x12, 0xa0, 0xa6, 0x21, 0x2c,
    0x9d, 0x1b, 0x8a, 0x1b, 0x24, 0x1e, 0x93, 0x23, 0xa2, 0x21, 0x19, 0x23,
    0x19, 0x1c, 0x1f, 0x19, 0x12, 0x18, 0xa5, 0x24, 0x89, 0x28, 0x99, 0xa0,
    0x1e, 0x1c, 0x25, 0x84, 0x21, 0x10, 0x94, 0x24, 0x14, 0x0f, 0x8d, 0x1c,
    0xa3, 0x1c, 0x9f, 0xa2, 0x94, 0x1d, 0x22, 0x20, 0xa1, 0xa2, 0x06, 0x98,
    0x94, 0xa4, 0x15, 0x99, 0x23, 0x9b, 0x00, 0x84, 0x9c, 0x25, 0x9e, 0x84,
    0x25, 0x20, 0x16, 0x9f, 0x24, 0x2a, 0x9b, 0x98, 0x99, 0x01, 0x20, 0x26,
    0xa3, 0xa0, 0xa0, 0x1f, 0x18, 0xa6, 0x14, 0x21, 0x98, 0x9f, 0x99, 0x08,
    0x19, 0x1c, 0x12, 0x92, 0xa4, 0x19, 0xa1, 0x11, 0x87, 0x1b, 0x9f, 0x83,
    0x9b, 0x83, 0x1c, 0x92, 0x09, 0x9b, 0xa1, 0x96, 0x9d, 0xa3, 0x23, 0x9e,
    0x18, 0xa1, 0x95, 0x16, 0x85, 0x18, 0x26, 0xab, 0x19, 0x91, 0xa1, 0x16,
    0x9e, 0x1a, 0x83, 0x09, 0xac, 0xaa, 0x16, 0x1f, 0xa0, 0x03, 0x13, 0x1a,
    0x99, 0x29, 0x9b, 0x9c, 0xa8, 0x9e, 0x06, 0x28, 0x8c, 0x07, 0x06, 0x18,
    0x10, 0x1d, 0x99, 0x26, 0x1e, 0x23, 0x17, 0x1a, 0xa3, 0x22, 0x91, 0x97,
    0x1a, 0xa0, 0x1d, 0x28, 0x28, 0x9c, 0xa4, 0xa2, 0x1c, 0xa7, 0x1a, 0xa5,
    0x91, 0x92, 0x84, 0x98, 0x02, 0x9e, 0xa2, 0xa2, 0x9a, 0x11, 0x9a, 0x1f,
    0x29, 0x16, 0xa2, 0x0f, 0x21, 0x8f, 0xa8, 0x9b, 0x22, 0x1f, 0x91, 0x20,
    0x29, 0x1d, 0xa1, 0x16, 0x1a, 0x1c, 0x11, 0x27, 0x96, 0x17, 0x8b, 0x11,
    0x19, 0x9a, 0x98, 0x1d, 0x8a, 0x1a, 0x99, 0xa3, 0x14, 0x13, 0x19, 0x07,
    0x9c, 0x23, 0x8b, 0x93, 0x82, 0x0a, 0x99, 0x2a, 0x97, 0x05, 0x07, 0xa4,
    0x03, 0x1f, 0x90, 0x14, 0x13, 0x18, 0x12, 0x1e, 0x9f, 0x21, 0x92, 0x90,
    0x89, 0x04, 0x14, 0xa8, 0xaf, 0x20, 0x81, 0x91, 0x0f, 0x29, 0x1a, 0x1c,
    0x85, 0x1f, 0xa3, 0x9e, 0x91, 0x0d, 0x06, 0x1c, 0x06, 0x1d, 0x02, 0xa1,
    0xa1, 0xa4, 0x21, 0xa3, 0x9b, 0x1b, 0x26, 0x1e, 0xa3, 0x84, 0x18, 0x9f,
    0x22, 0xa5, 0x93, 0x20, 0xa8, 0x0b, 0x21, 0x9a, 0x92, 0x24, 0x1e, 0x94,
    0x85, 0x95, 0x25, 0xa3, 0x88, 0x85, 0x9a, 0x1b, 0x07, 0x14, 0xa7, 0x1f,
    0x02, 0x91, 0x9a, 0x06, 0x9e, 0x85, 0x03, 0x1c, 0x16, 0x9c, 0x9a, 0x11,
    0x20, 0x12, 0x92, 0x22, 0x8a, 0xa1, 0x17, 0x1d, 0x06, 0xa2, 0x10, 0x1b,
    0x83, 0x18, 0x86, 0x1f, 0x1c, 0x0d, 0x1d, 0x04, 0x18, 0x89, 0x89, 0xa1,
    0x97, 0x00, 0x09, 0xa0, 0x22, 0xa3, 0x9d, 0x1f, 0x89, 0x1a, 0x1b, 0x1d,
    0x9a, 0x81, 0x91, 0x10, 0x0e, 0x28, 0x99, 0x24, 0x21, 0x88, 0x1a, 0xa2,
    0x1b, 0x0d, 0xa1, 0x02, 0x1d, 0x0d, 0x15, 0xa1, 0x1f, 0xac, 0x9d, 0x07,
    0x98, 0x8e, 0x92, 0x8f, 0x90, 0x99, 0x9a, 0xa2, 0x1d, 0x27, 0x1c, 0x29,
    0x9f, 0x88, 0xa0, 0x1a, 0xa2, 0x9e, 0xa1, 0x10, 0x9d, 0xa1, 0x98, 0x13,
    0x1c, 0x84, 0xa4, 0x1a, 0x9f, 0x90, 0x8c, 0x93, 0xa5, 0xa2, 0x81, 0x92,
    0x27, 0x90, 0x8c, 0x24, 0x23, 0x89, 0x0e, 0x0a, 0x0d, 0x8c, 0x25, 0x1f,
    0x22, 0xa4, 0x9a, 0x92, 0x13, 0x14, 0x8d, 0x20, 0x1d, 0x1a, 0x17, 0x9a,
    0x21, 0x8e, 0x14, 0x99, 0x25, 0x84, 0x23, 0x24, 0x85, 0x87, 0xa2, 0x0a,
    0x22, 0x20, 0x11, 0x83, 0x83, 0x9b, 0x85, 0x20, 0x17, 0x86, 0x82, 0x20,
    0x02, 0x9d, 0x0d, 0x0b, 0x13, 0x99, 0x98, 0x95, 0x1e, 0x1c, 0x96, 0x20,
    0x9b, 0x0a, 0x20, 0x99, 0x24, 0xa4, 0xa0, 0x14, 0x25, 0x9b, 0x12, 0x92,
    0x04, 0x1d, 0x00, 0xa5, 0xa4, 0x8f, 0x99, 0x1f, 0x1a, 0x1f, 0x1d, 0x9d,
    0x11, 0x13, 0x07, 0x10, 0x1b, 0x95, 0xa8, 0x90, 0x94, 0x18, 0x86, 0xa4,
    0x27, 0x1d, 0xa1, 0x9a, 0x1b, 0x1c, 0x22, 0x0d, 0x1c, 0x95, 0x18, 0x13,
    0x96, 0x11, 0x96, 0x93, 0xa6, 0x09, 0x99, 0x05, 0x19, 0x12, 0xa5, 0xaa,
    0x0a, 0x21, 0x9f, 0x8f, 0x91, 0x11, 0x84, 0x94, 0xa4, 0x12, 0x8e, 0x96,
    0x2a, 0x25, 0x20, 0x99, 0x19, 0x83, 0x15, 0x82, 0x9b, 0xa0, 0x1c, 0x1d,
    0x95, 0x0d, 0x99, 0x17, 0x15, 0x22, 0x8f, 0x86, 0x21, 0x9e, 0x1c, 0xa1,
    0x1c, 0x22, 0xa4, 0x22, 0x8d, 0xa8, 0x0c, 0x9d, 0x1d, 0x99, 0x9e, 0x03,
    0xa6, 0x92, 0x8a, 0x26, 0x9c, 0x19, 0x1e, 0xa4, 0x9e, 0xa1, 0x16, 0x88,
    0x9f, 0x26, 0x25, 0x9c, 0x29, 0xa3, 0x25, 0x9a, 0x13, 0x1d, 0x9c, 0x9e,
    0x96, 0x91, 0x17, 0x1f, 0x20, 0x27, 0x04, 0x83, 0x9d, 0x93, 0x81, 0x93,
    0x9d, 0x05, 0x19, 0x22, 0x94, 0x9b, 0xa3, 0x9c, 0xa3, 0x21, 0xa7, 0x12,
    0x14, 0xa7, 0x25, 0xaa, 0xa1, 0x18, 0x81, 0x83, 0xa3, 0x87, 0x9e, 0x1f,
    0x13, 0x13, 0x15, 0x9a, 0x9c, 0xa9, 0x1d, 0x18, 0x9b, 0x1e, 0x28, 0x18,
    0x98, 0xa0, 0x05, 0x9a, 0xa3, 0xa0, 0x19, 0xa3, 0x95, 0x99, 0xa2, 0x1a,
    0xa4, 0x1c, 0x86, 0x9f, 0x1e, 0x0e, 0x12, 0x1f, 0x11, 0x16, 0x27, 0x08,
    0x92, 0x23, 0x17, 0x9a, 0x88, 0x99, 0x91, 0x0f, 0x9c, 0x01, 0x85, 0x99,
    0x8a, 0x22, 0x13, 0x01, 0x2a, 0x20, 0x08, 0x03, 0x18, 0x91, 0x22, 0x1a,
    0x19, 0x88, 0x16, 0x20, 0x1c, 0xa3, 0x8d, 0x19, 0x19, 0x99, 0x85, 0x88,
    0x22, 0x1c, 0x02, 0x22, 0x97, 0x91, 0x1e, 0x1a, 0x26, 0x0e, 0x99, 0x13,
    0x8a, 0x29, 0xa5, 0x1f, 0x01, 0x0b, 0x96, 0x18, 0x81, 0x98, 0x9b, 0x22,
    0xa0, 0x1c, 0x9d, 0x26, 0x0e, 0x20, 0x13, 0x23, 0xb0, 0x90, 0x99, 0x06,
    0x0f, 0x11, 0x94, 0x22, 0x97, 0x06, 0x12, 0x15, 0xa1, 0x98, 0x9a, 0x20,
    0x23, 0x24, 0x22, 0x9e, 0x20, 0x03, 0x18, 0x02, 0x16, 0x1e, 0x11, 0x99,
    0x11, 0x0b, 0x1a, 0x24, 0xa3, 0x9c, 0x16, 0x9c, 0x17, 0x9e, 0x9a, 0xaa,
    0x9a, 0x83, 0x89, 0x9c, 0x1f, 0xa5, 0x90, 0xa0, 0xa4, 0xac, 0x19, 0x99,
    0x2c, 0x1b, 0x8d, 0x13, 0xa0, 0x0b, 0x91, 0x99, 0x97, 0x13, 0x97, 0xa7,
    0x98, 0xa7, 0x9c, 0x19, 0x81, 0xa0, 0xa4, 0x1e, 0x10, 0x25, 0x21, 0x83,
    0x07, 0x1a, 0x0e, 0x91, 0xa0, 0x98, 0xa3, 0xaa, 0xa4, 0x02, 0x15, 0x9a,
    0xa5, 0x9b, 0x12, 0x1c, 0x11, 0x04, 0x1a, 0x1f, 0x19, 0x1c, 0x9e, 0x9f,
    0xa6, 0x1b, 0x04, 0x01, 0x29, 0x99, 0x9d, 0x0d, 0x98, 0x15, 0x15, 0x15,
    0x21, 0x21, 0x9c, 0xa1, 0x1f, 0xab, 0x81, 0x9b, 0x9d, 0x19, 0x18, 0x1a,
    0x96, 0x22, 0x13, 0x97, 0x8f, 0x24, 0x23, 0x9b, 0xa7, 0x23, 0x06, 0x1a,
    0xa2, 0x1e, 0x94, 0x21, 0x28, 0x2a, 0x86, 0x99, 0x9e, 0x1f, 0x1e, 0xa3,
    0xa9, 0x07, 0x22, 0x9f, 0x23, 0x99, 0x25, 0x19, 0xa1, 0x1e, 0x95, 0x0b,
    0xa8, 0x08, 0x1b, 0x9a, 0x86, 0x9b, 0x89, 0x1d, 0x25, 0x01, 0xa1, 0x15,
    0x83, 0x83, 0xa4, 0x9c, 0x29, 0xa7, 0x1c, 0x98, 0x98, 0x1b, 0x22, 0xa2,
    0x20, 0x22, 0xa3, 0x98, 0x84, 0x1e, 0x12, 0x16, 0x06, 0xa1, 0xa2, 0x1e,
    0x21, 0x8b, 0x03, 0xa0, 0x9b, 0x1e, 0x27, 0x15, 0x97, 0x20, 0x10, 0x96,
    0x0c, 0x86, 0x27, 0x20, 0x0f, 0x97, 0x9d, 0x12, 0x9a, 0x9c, 0x21, 0x8e,
    0x07, 0xa2, 0x17, 0xa6, 0x11, 0xa4, 0x9e, 0x28, 0x82, 0x10, 0x86, 0xa2,
    0x1f, 0xaa, 0x9d, 0x1e, 0x94, 0x21, 0x10, 0x2a, 0xa1, 0x92, 0x17, 0x25,
    0x27, 0x26, 0xa0, 0x1b, 0x20, 0xa4, 0x06, 0x14, 0x86, 0xa4, 0x10, 0x21,
    0x1f, 0xa4, 0xa0, 0xa2, 0x99, 0x21, 0x12, 0x0c, 0x81, 0xa2, 0x1f, 0x95,
    0x9d, 0xa5, 0x12, 0x28, 0x27, 0x17, 0x1c, 0x15, 0x1b, 0x98, 0x9e, 0x9a,
    0x0e, 0x07, 0x16, 0x9b, 0x05, 0x2a, 0x28, 0x12, 0x22, 0x83, 0x8d, 0x1b,
    0x0f, 0x21, 0x09, 0x9d, 0x9c, 0x1d, 0x94, 0x9f, 0xa1, 0x19, 0x9f, 0x13,
    0x9d, 0x87, 0x99, 0x9a, 0x9e, 0xa5, 0x19, 0x1c, 0x9a, 0x9a, 0x9e, 0x13,
    0x18, 0x11, 0x1b, 0x9e, 0x85, 0xa0, 0x97, 0x80, 0x81, 0x96, 0x19, 0x9f,
    0x17, 0x17, 0xa1, 0x20, 0x99, 0xa1, 0x15, 0x07, 0xa0, 0x9c, 0x9f, 0x90,
    0x22, 0xaa, 0x14, 0x82, 0xa5, 0x80, 0x9a, 0x12, 0xa2, 0x0b, 0x9d, 0x1e,
    0x27, 0x17, 0xa2, 0xa4, 0xa2, 0x1e, 0x83, 0x1b, 0x84, 0x13, 0x9a, 0x19,
    0x16, 0x2b, 0x05, 0x26, 0xa3, 0x1d, 0x9c, 0x9c, 0x11, 0x94, 0xa1, 0xa5,
    0xa4, 0x87, 0x8a, 0x0b, 0x9a, 0x20, 0x9a, 0x15, 0x9c, 0x0d, 0xa2, 0x9a,
    0x9a, 0x11, 0xa5, 0x18, 0x82, 0x81, 0x99, 0x11, 0x95, 0x21, 0x82, 0x87,
    0xa1, 0x94, 0x8e, 0xa6, 0x96, 0xa1, 0x92, 0x1c, 0x19, 0x9c, 0x00, 0x26,
    0x88, 0x20, 0x81, 0x93, 0x22, 0xa0, 0x91, 0x93, 0xa7, 0x9c, 0xac, 0x89,
    0x9e, 0x9f, 0x22, 0x9d, 0x18, 0x98, 0x0d, 0x1c, 0x1a, 0x26, 0x90, 0x82,
    0x27, 0x11, 0xa2, 0x1f, 0x9a, 0x09, 0x9c, 0x07, 0x1d, 0x10, 0x13, 0x22,
    0x19, 0x15, 0x81, 0x9f, 0xa3, 0x84, 0x0c, 0x10, 0x82, 0xa1, 0x18, 0x23,
    0x81, 0x00, 0x9e, 0x13, 0x91, 0x2e, 0x89, 0x95, 0x13, 0x1a, 0x23, 0x9c,
    0x8b, 0x94, 0x9f, 0x82, 0x0c, 0x09, 0x25, 0x91, 0x88, 0x92, 0x9a, 0x1d,
    0xa4, 0x8d, 0x22, 0xa5, 0x98, 0x0b, 0x9a, 0x1c, 0x95, 0x01, 0x0c, 0x18,
    0x85, 0x92, 0x97, 0x06, 0x1c, 0x09, 0xa4, 0x17, 0x8f, 0x84, 0x1b, 0x16,
    0x05, 0x1d, 0x8d, 0x21, 0x13, 0x91, 0x19, 0x22, 0x06, 0x16, 0x1d, 0x98,
    0x1a, 0x1c, 0x99, 0x1d, 0x9b, 0x1a, 0xa1, 0x26, 0xa2, 0x1a, 0x95, 0x29,
    0x95, 0xa0, 0x17, 0xa1, 0x27, 0x19, 0x28, 0x01, 0x9f, 0x22, 0x95, 0x91,
    0xa0, 0x81, 0x92, 0x22, 0x1f, 0x9c, 0x03, 0x8d, 0x0f, 0x13, 0x18, 0xab,
    0x9f, 0xa0, 0x16, 0x19, 0x03, 0x1e, 0x8c, 0x21, 0x9b, 0x1d, 0x9c, 0x92,
    0x0d, 0x9e, 0x1c, 0x0e, 0x86, 0x98, 0x20, 0x21, 0x19, 0xa4, 0x9f, 0xa8,
    0x07, 0x9e, 0xa2, 0x1d, 0xa4, 0xab, 0x1b, 0xa9, 0x87, 0x9d, 0x06, 0x83,
    0x1f, 0x82, 0x26, 0x19, 0x1a, 0x1d, 0x1a, 0x21, 0x98, 0x10, 0x91, 0xa0,
    0xa1, 0x12, 0xa2, 0x16, 0x16, 0x0c, 0x92, 0x24, 0xaa, 0xa0, 0x16, 0x8d,
    0x25, 0x21, 0x0a, 0x9b, 0x16, 0xa3, 0xa0, 0x19, 0x1b, 0x24, 0x87, 0x13,
    0x9a, 0x12, 0xa7, 0x06, 0x15, 0x2b, 0x23, 0x20, 0x9b, 0x86, 0x1f, 0x83,
    0x01, 0x97, 0x82, 0x06, 0x88, 0x24, 0x0e, 0x9d, 0xa2, 0x84, 0xab, 0x19,
    0xa8, 0x22, 0x04, 0x8f, 0xa7, 0x11, 0x1a, 0x9a, 0x98, 0x25, 0x20, 0x82,
    0x0f, 0x1e, 0x11, 0x06, 0x14, 0x0a, 0x9d, 0x0c, 0xa0, 0x08, 0xa1, 0x1e,
    0x20, 0xa6, 0xa2, 0x9a, 0x9f, 0x9a, 0x1c, 0x08, 0x02, 0x1c, 0x97, 0x92,
    0x92, 0x9a, 0x96, 0x10, 0xa1, 0x8a, 0x9b, 0x1e, 0x84, 0x9c, 0xa2, 0x87,
    0x1b, 0xa4, 0x23, 0x19, 0x21, 0x88, 0x26, 0x98, 0x95, 0x07, 0xa2, 0x1d,
    0x03, 0x99, 0x13, 0x9f, 0x22, 0xa4, 0x1b, 0x95, 0xa0, 0x02, 0xa1, 0x81,
    0x9b, 0x23, 0x21, 0x0f, 0x1c, 0xa5, 0x16, 0x8a, 0x14, 0x1b, 0xa3, 0x21,
    0x80, 0x25, 0x8b, 0x0d, 0x92, 0x13, 0x21, 0x04, 0x15, 0x9a, 0x12, 0x15,
    0x12, 0x83, 0x00, 0x9a, 0xa2, 0x88, 0x0a, 0x19, 0xa3, 0x19, 0x94, 0x1c,
    0x87, 0x8a, 0xa2, 0x18, 0x99, 0x00, 0x26, 0x19, 0x0d, 0x20, 0x0a, 0x25,
    0xa6, 0x23, 0xa5, 0xa0, 0x29, 0x2d, 0xa7, 0x17, 0x0e, 0xa8, 0x95, 0x06,
    0x21, 0xa4, 0xa0, 0x05, 0x1c, 0x1e, 0x10, 0xa3, 0x12, 0x11, 0x95, 0x11,
    0x20, 0x90, 0x29, 0xa1, 0xa3, 0x16, 0x96, 0x20, 0x22, 0x1d, 0x17, 0x99,
    0x92, 0x81, 0x9a, 0x24, 0x1d, 0x9d, 0xa1, 0x21, 0x83, 0xa2, 0x19, 0x19,
    0x16, 0xa6, 0xa0, 0x1f, 0x9e, 0x2a, 0x0f, 0x24, 0x13, 0x81, 0x21, 0xa6,
    0x99, 0x9f, 0x20, 0x99, 0x16, 0x9f, 0x29, 0xa1, 0x20, 0xa0, 0x9b, 0x20,
    0x9a, 0x0f, 0x22, 0x9e, 0x9e, 0x19, 0x16, 0xa5, 0x92, 0x82, 0x1a, 0x25,
    0x9c, 0x20, 0x8b, 0x94, 0xa2, 0x89, 0x21, 0xa2, 0x11, 0xa7, 0xa7, 0x96,
    0x1a, 0x97, 0x88, 0x9a, 0x9d, 0x93, 0x0a, 0x15, 0x8e, 0x2b, 0x8b, 0xa1,
    0x8c, 0x0c, 0x03, 0x8e, 0x9f, 0x8b, 0x23, 0x84, 0x97, 0x11, 0x20, 0x20,
    0x22, 0x03, 0xa2, 0x13, 0x8d, 0x1d, 0x19, 0x10, 0xa5, 0x9f, 0x9c, 0x1a,
    0x26, 0x8c, 0x10, 0xa6, 0x26, 0x24, 0x9b, 0x14, 0x9b, 0xa8, 0x1b, 0x8b,
    0x8a, 0x11, 0x18, 0x0b, 0x16, 0x99, 0x94, 0x1c, 0xa2, 0xa5, 0x0a, 0x9e,
    0x89, 0x17, 0x22, 0x9e, 0x96, 0x97, 0x9a, 0x87, 0xa0, 0x12, 0x06, 0x0a,
    0x19, 0x1c, 0x97, 0x92, 0x1c, 0x22, 0x10, 0x9c, 0xa3, 0xa0, 0x98, 0x18,
    0x1c, 0x20, 0x8e, 0x18, 0x02, 0x12, 0x05, 0x92, 0x01, 0x19, 0xa5, 0x21,
    0x9a, 0x21, 0xa3, 0x1a, 0x97, 0x10, 0xa7, 0x20, 0x98, 0x1f, 0x15, 0x8e,
    0x22, 0x14, 0x0f, 0x22, 0xa5, 0x9e, 0x96, 0x1f, 0x2a, 0x8f, 0x94, 0x23,
    0x1a, 0x22, 0x15, 0x1c, 0x22, 0x1f, 0x09, 0x11, 0x95, 0x11, 0x18, 0x93,
    0xa4, 0x1a, 0x0a, 0x25, 0x24, 0x23, 0x93, 0x9e, 0xa2, 0x89, 0x04, 0x1a,
    0x14, 0x0b, 0x0f, 0x99, 0x09, 0x92, 0xa3, 0x81, 0x8d, 0x98, 0xa2, 0x9a,
    0x97, 0x9d, 0x9a, 0xa8, 0x27, 0x83, 0x9b, 0x9a, 0x1c, 0xa3, 0x1e, 0x22,
    0x1c, 0x10, 0x0b, 0x24, 0xa8, 0xa2, 0x11, 0x95, 0x21, 0x03, 0xa1, 0x13,
    0x21, 0x09, 0xa2, 0x94, 0x0f, 0x25, 0xa1, 0x99, 0x0f, 0x17, 0x04, 0x86,
    0x20, 0x27, 0x88, 0x91, 0xa1, 0x9d, 0x1d, 0x26, 0x18, 0xa6, 0x99, 0x04,
    0x1d, 0x9a, 0x19, 0x1d, 0x82, 0xa7, 0x9f, 0x17, 0x9f, 0x9f, 0x16, 0x1c,
    0x11, 0x1d, 0x85, 0x90, 0x21, 0x1d, 0x04, 0x85, 0x1c, 0xab, 0x93, 0x05,
    0x0a, 0x99, 0x04, 0x21, 0x23, 0x04, 0x99, 0x99, 0x93, 0xa1, 0x21, 0xa8,
    0x9d, 0xa4, 0x22, 0x9a, 0x88, 0x15, 0x11, 0x99, 0x20, 0x8e, 0x8f, 0x99,
    0x9f, 0x98, 0x13, 0xa0, 0x0d, 0x19, 0x95, 0x07, 0x93, 0x98, 0x0f, 0x14,
    0x1d, 0x9f, 0x1a, 0x00, 0x94, 0x0d, 0x1c, 0x0c, 0x91, 0x82, 0x81, 0xa6,
    0x14, 0xa8, 0x08, 0xa3, 0x18, 0x98, 0x9d, 0xa4, 0x10, 0x22, 0xa3, 0x1e,
    0xa2, 0x92, 0x01, 0xa8, 0x98, 0x82, 0x12, 0xa5, 0x99, 0x10, 0x23, 0x86,
    0x28, 0x20, 0x92, 0x89, 0x95, 0xa4, 0x93, 0x94, 0xa8, 0x96, 0xa0, 0x28,
    0xa4, 0x9d, 0x95, 0x8f, 0x20, 0x12, 0x14, 0xa5, 0x14, 0x87, 0x26, 0x18,
    0x91, 0x02, 0x83, 0x81, 0x1b, 0xa1, 0x23, 0x19, 0x9b, 0x22, 0x90, 0x9f,
    0x1f, 0x8c, 0xa2, 0x9e, 0x29, 0x28, 0x1d, 0x16, 0x9a, 0xa1, 0x19, 0x05,
    0x12, 0x05, 0x1b, 0x9c, 0x25, 0x07, 0x16, 0x20, 0x93, 0x0d, 0xa2, 0xa8,
    0x96, 0x21, 0xa1, 0x24, 0x9b, 0xa9, 0xa2, 0xa8, 0x21, 0x89, 0x07, 0xa2,
    0x10, 0x94, 0x87, 0x23, 0x21, 0x28, 0xa1, 0x1e, 0x0e, 0x11, 0x14, 0x9a,
    0x0e, 0x19, 0xa3, 0x03, 0xa3, 0xa0, 0x91, 0x17, 0xa2, 0x1a, 0x1d, 0x19,
    0x9a, 0x10, 0x98, 0x20, 0x27, 0x1c, 0x9e, 0x89, 0x0e, 0x9d, 0x03, 0x21,
    0xa1, 0x02, 0x8b, 0x92, 0x0e, 0x97, 0x20, 0x23, 0x22, 0x29, 0x11, 0x09,
    0x1a, 0x1f, 0x8e, 0x03, 0x25, 0xa0, 0x93, 0x17, 0x95, 0x0f, 0x24, 0x9d,
    0x20, 0x97, 0x22, 0x15, 0x22, 0x02, 0x22, 0x93, 0x1e, 0x10, 0x27, 0x22,
    0x98, 0x8b, 0x08, 0x10, 0x12, 0x97, 0x95, 0x14, 0x1e, 0x01, 0x98, 0xa4,
    0xa1, 0x9e, 0x8b, 0xa1, 0x9a, 0x89, 0x2a, 0xa9, 0x28, 0x90, 0x0f, 0x1f,
    0xa5, 0x1b, 0x11, 0x9d, 0x95, 0x20, 0x1a, 0x9b, 0xa5, 0x1e, 0x9a, 0x1d,
    0x1d, 0x97, 0x9c, 0x19, 0x98, 0x12, 0x93, 0x19, 0x09, 0x13, 0x1c, 0x9e,
    0x1d, 0x1e, 0x93, 0x23, 0x19, 0x1b, 0x10, 0xa1, 0x0a, 0x29, 0xa2, 0x99,
    0x96, 0x8e, 0x23, 0x9b, 0x9f, 0x99, 0xa9, 0x83, 0xa3, 0x93, 0x98, 0x04,
    0x13, 0xab, 0x1d, 0xa2, 0x21, 0x22, 0x8b, 0x8e, 0xa6, 0x1a, 0xa3, 0x06,
    0x2e, 0xa2, 0xa2, 0x9a, 0x98, 0x9f, 0x10, 0x00, 0x25, 0x98, 0x1e, 0x25,
    0x96, 0xa6, 0x9c, 0x9d, 0xa9, 0xa3, 0xa3, 0x1b, 0xaa, 0xa0, 0x1d, 0x99,
    0x83, 0x8c, 0x21, 0x22, 0x9e, 0x9a, 0x23, 0x19, 0x21, 0x8a, 0x88, 0xa4,
    0x1b, 0x9c, 0x99, 0x94, 0xa0, 0x17, 0x12, 0x10, 0x1f, 0x98, 0x0a, 0x18,
    0xa1, 0x8a, 0xa7, 0x9e, 0x99, 0x25, 0x00, 0x23, 0x90, 0x9a, 0x19, 0x8f,
    0x14, 0xa3, 0x1d, 0x11, 0xa9, 0xa2, 0x1b, 0x29, 0x11, 0x24, 0x11, 0x8f,
    0x87, 0xa8, 0x94, 0x82, 0x26, 0xa2, 0x1b, 0x89, 0x19, 0xa1, 0x12, 0x91,
    0xa0, 0x23, 0x99, 0xa1, 0x99, 0x1c, 0x21, 0x83, 0x81, 0x08, 0x09, 0xaa,
    0x1d, 0x8d, 0xa0, 0x86, 0xa2, 0xa3, 0x1b, 0x23, 0x12, 0xa6, 0xaa, 0x0c,
    0x21, 0x8b, 0x13, 0xa4, 0x24, 0x13, 0x94, 0xa1, 0xa6, 0x88, 0x19, 0x18,
    0xaa, 0x08, 0x20, 0xa1, 0x9e, 0x15, 0x90, 0x26, 0xa3, 0x9f, 0x28, 0xa1,
    0x9a, 0x96, 0x92, 0x9b, 0x9b, 0x0d, 0x93, 0x94, 0x99, 0x1a, 0x1d, 0x96,
    0x99, 0x1f, 0xa2, 0x03, 0x81, 0x9a, 0x98, 0x8a, 0x1b, 0x14, 0x86, 0x18,
    0xa4, 0x93, 0x1c, 0x20, 0xa3, 0x0e, 0x22, 0x22, 0x83, 0x92, 0x23, 0x99,
    0x1c, 0x14, 0x92, 0x92, 0x8e, 0x12, 0x12, 0x16, 0x98, 0xa2, 0x24, 0xa3,
    0x23, 0xa0, 0x1c, 0x10, 0x90, 0x1b, 0x99, 0x06, 0x98, 0x8e, 0x84, 0x21,
    0x14, 0x81, 0x9c, 0x21, 0x9c, 0x0b, 0x13, 0x9a, 0x1e, 0x9d, 0x87, 0x1b,
    0x1b, 0x19, 0x0b, 0x00, 0x2d, 0x9c, 0xa0, 0x9a, 0x1f, 0x99, 0x14, 0x0b,
    0x86, 0x9c, 0x0b, 0xa2, 0x10, 0x9b, 0x1e, 0x94, 0xa0, 0x28, 0x21, 0x1f,
    0x23, 0x85, 0x92, 0x92, 0xa0, 0x8f, 0x9e, 0x09, 0x19, 0x12, 0x9d, 0x8f,
    0xa2, 0xa3, 0xae, 0xa0, 0x16, 0x1f, 0x18, 0x12, 0x16, 0x1f, 0x9d, 0x14,
    0x8c, 0x1b, 0x01, 0x89, 0xa1, 0x02, 0xa1, 0x14, 0xa4, 0x1f, 0x21, 0x0c,
    0x1b, 0xa1, 0x04, 0x24, 0xa0, 0x97, 0x0a, 0x95, 0x9a, 0x1a, 0x9a, 0xaa,
    0x16, 0x12, 0x21, 0x22, 0xa5, 0x0d, 0x84, 0x22, 0x8b, 0x1d, 0x15, 0x11,
    0x04, 0x14, 0xa0, 0x06, 0x12, 0x82, 0xa1, 0xa3, 0x1b, 0xa4, 0x9b, 0x1e,
    0x20, 0x20, 0x8c, 0xa1, 0x21, 0x19, 0xb1, 0x8e, 0x25, 0x81, 0x01, 0x1a,
    0x25, 0x98, 0x82, 0x86, 0x91, 0x0a, 0x19, 0x18, 0x8c, 0x89, 0x09, 0x01,
    0xa4, 0x08, 0x97, 0x13, 0x9d, 0x0b, 0x1f, 0x9b, 0x97, 0x03, 0x1c, 0x10,
    0x2e, 0x8e, 0x0e, 0x19, 0x18, 0x12, 0x84, 0x9d, 0x11, 0xa6, 0x0d, 0x04,
    0xa0, 0x31, 0x91, 0x0b, 0x82, 0xa0, 0xa4, 0x90, 0x9c, 0xa8, 0x9b, 0x82,
    0x22, 0x89, 0x9c, 0x9a, 0x80, 0x04, 0x12, 0x8b, 0x1c, 0x06, 0xad, 0x8b,
    0x92, 0x16, 0xa0, 0x10, 0x1c, 0x1c, 0x20, 0x99, 0x96, 0x19, 0x1a, 0x9c,
    0x9c, 0x22, 0x1e, 0x13, 0x93, 0x22, 0x9a, 0x80, 0x96, 0x0e, 0x14, 0x81,
    0x91, 0x90, 0x21, 0x11, 0x15, 0x9d, 0x92, 0x8c, 0x25, 0x94, 0x8a, 0x11,
    0x0a, 0x83, 0x1f, 0x09, 0x27, 0x99, 0x09, 0x9e, 0x21, 0x99, 0xa3, 0xa7,
    0x9f, 0x99, 0x15, 0x8f, 0x93, 0x17, 0x1e, 0x1d, 0x11, 0x06, 0x9b, 0x0e,
    0x98, 0x29, 0x82, 0x90, 0xa2, 0x15, 0x94, 0x25, 0x8c, 0x99, 0x99, 0x99,
    0x81, 0x9a, 0x1b, 0x95, 0x2d, 0x25, 0x99, 0x18, 0x23, 0x29, 0xa3, 0x0b,
    0x09, 0x19, 0xa3, 0x1e, 0x12, 0x94, 0x1d, 0x98, 0xa7, 0x20, 0x18, 0xa2,
    0x1a, 0x95, 0x02, 0x16, 0x8a, 0x23, 0xa1, 0x84, 0x9a, 0x98, 0x21, 0xaa,
    0x13, 0x18, 0x98, 0x09, 0xa6, 0x90, 0x81, 0x26, 0x24, 0x94, 0x22, 0x9f,
    0x1f, 0x9e, 0x13, 0x8e, 0x22, 0xa5, 0x1a, 0xa1, 0x8a, 0xa2, 0x99, 0x2b,
    0x25, 0x19, 0x1c, 0x03, 0x22, 0x14, 0x13, 0x0c, 0x95, 0x18, 0x8f, 0x1c,
    0x9f, 0x1a, 0x18, 0x0d, 0x87, 0x94, 0x92, 0xa3, 0x03, 0x8c, 0x28, 0xa5,
    0x96, 0x9b, 0x20, 0xa2, 0x1a, 0x93, 0x95, 0x15, 0x1d, 0x1c, 0x25, 0x1a,
    0x95, 0x20, 0x8c, 0x1e, 0xa1, 0x13, 0x80, 0x89, 0x19, 0x15, 0x02, 0x22,
    0x10, 0x1a, 0x98, 0x9d, 0x08, 0x8c, 0x10, 0x1a, 0x9b, 0x88, 0xa2, 0x09,
    0x1a, 0x08, 0x14, 0xa5, 0x9e, 0x95, 0x1d, 0x99, 0x90, 0x99, 0xa5, 0x9f,
    0xa2, 0x86, 0xa0, 0x15, 0x9f, 0x03, 0x20, 0x1c, 0x95, 0x21, 0x24, 0xa3,
    0xa1, 0x10, 0x24, 0x15, 0x09, 0x83, 0x20, 0x93, 0x13, 0x9b, 0x03, 0xa0,
    0x95, 0x8b, 0xa2, 0x1b, 0x14, 0x27, 0x82, 0x02, 0x12, 0x9a, 0x98, 0x21,
    0x09, 0xa1, 0x1f, 0x9b, 0x84, 0x22, 0x81, 0x20, 0xa2, 0x1f, 0x99, 0x15,
    0xa8, 0x92, 0x11, 0x9c, 0x08, 0x9f, 0x29, 0x03, 0x29, 0x9e, 0x99, 0x18,
    0x14, 0x0e, 0x1d, 0x96, 0xab, 0x84, 0xa0, 0x16, 0x02, 0x9b, 0x24, 0x14,
    0x95, 0xa8, 0x15, 0x82, 0x0c, 0x9f, 0x97, 0x15, 0x19, 0x1e, 0x16, 0x92,
    0xab, 0x0c, 0x9e, 0x9c, 0xa3, 0x9c, 0x86, 0xa0, 0x99, 0x07, 0x15, 0x9a,
    0x10, 0x1e, 0x12, 0x14, 0x8a, 0x17, 0x19, 0x95, 0x22, 0x19, 0x00, 0x17,
    0xa0, 0x22, 0x23, 0x15, 0x18, 0xa4, 0x85, 0x99, 0x1b, 0x9b, 0x8e, 0x91,
    0x1a, 0x12, 0x8d, 0x1d, 0xa3, 0x91, 0x81, 0x11, 0xab, 0x9d, 0x93, 0x13,
    0x9f, 0x8a, 0x9a, 0x1e, 0x1e, 0x87, 0x2c, 0x9a, 0x9f, 0x92, 0x28, 0x99,
    0x9e, 0x1d, 0x18, 0x98, 0x09, 0x98, 0x02, 0x1b, 0x97, 0xa5, 0x06, 0x94,
    0x1a, 0x15, 0x93, 0xa1, 0x13, 0x14, 0x02, 0x9c, 0x97, 0x89, 0xa5, 0x23,
    0x06, 0x9b, 0x98, 0x19, 0xa1, 0x1d, 0x9b, 0xa5, 0x97, 0x99, 0x15, 0x9a,
    0xa2, 0x92, 0x0d, 0x13, 0x8e, 0x89, 0xab, 0x01, 0x99, 0x21, 0x9b, 0x8c,
    0x93, 0xa0, 0x95, 0x90, 0x0a, 0x15, 0x25, 0x15, 0x23, 0x87, 0x18, 0x29,
    0x06, 0x0a, 0x18, 0x27, 0xa7, 0xa1, 0xa1, 0xa9, 0x1c, 0x29, 0x05, 0x0f,
    0x1a, 0x80, 0x1e, 0x28, 0x14, 0xa3, 0xa0, 0x1e, 0x95, 0x22, 0xa8, 0xa5,
    0x27, 0x1c, 0x19, 0xa1, 0x9b, 0xa6, 0x03, 0x9a, 0x22, 0x8e, 0x9f, 0x19,
    0x22, 0x05, 0x0c, 0x14, 0x03, 0x84, 0xa1, 0xa4, 0xa3, 0x07, 0x9b, 0x21,
    0x04, 0x0f, 0x88, 0x90, 0x01, 0xa2, 0x8b, 0x8f, 0x20, 0x96, 0x98, 0x0f,
    0x01, 0x19, 0x26, 0x80, 0x87, 0x25, 0xa7, 0xa3, 0x1d, 0x15, 0x85, 0x14,
    0x1a, 0x00, 0x21, 0x9e, 0xa5, 0x05, 0x90, 0x12, 0x17, 0x0f, 0x9c, 0x0c,
    0xa8, 0x20, 0x12, 0xa3, 0x9c, 0x08, 0x04, 0x17, 0x07, 0xa3, 0x18, 0x9d,
    0x83, 0xa9, 0x9d, 0x97, 0xa6, 0xa9, 0x05, 0x06, 0x23, 0x18, 0x26, 0x83,
    0x91, 0x11, 0x19, 0x22, 0x20, 0x10, 0x9f, 0x1d, 0xb0, 0x20, 0x8c, 0x1f,
    0x9d, 0x1e, 0x1d, 0xa6, 0x11, 0x1b, 0x95, 0x22, 0x95, 0x19, 0x24, 0x97,
    0x02, 0x1c, 0xa3, 0x17, 0x8c, 0x8c, 0x91, 0x27, 0x9b, 0x97, 0x99, 0x90,
    0xa2, 0x17, 0x9b, 0xa6, 0x09, 0x1c, 0x14, 0x1d, 0x8e, 0x18, 0x93, 0x17,
    0xa3, 0x93, 0x1d, 0x1c, 0xa3, 0x1c, 0x26, 0xa9, 0x1b, 0xa1, 0x06, 0x1f,
    0x0d, 0xa9, 0x0c, 0x1b, 0x19, 0x09, 0x94, 0x1f, 0x10, 0x17, 0x23, 0x91,
    0x1b, 0xa1, 0x9a, 0x18, 0x2a, 0x11, 0x84, 0x1b, 0x12, 0xa0, 0x18, 0x99,
    0x90, 0x1a, 0xa1, 0x0f, 0x9a, 0x9c, 0x20, 0x04, 0x8f, 0x22, 0x1d, 0x8f,
    0x83, 0x06, 0x20, 0x9e, 0x16, 0x95, 0x21, 0x1b, 0x95, 0x25, 0x1a, 0x1d,
    0x92, 0xa6, 0xa5, 0x84, 0x2a, 0x18, 0x29, 0x9d, 0x0d, 0x9d, 0x24, 0x1e,
    0x9c, 0xa3, 0x17, 0x18, 0x25, 0x15, 0xa9, 0xa2, 0x1c, 0x89, 0xa7, 0x03,
    0xa9, 0xa2, 0x92, 0x1f, 0x2a, 0x1a, 0x0b, 0x89, 0x17, 0x23, 0x9d, 0x18,
    0x9d, 0x96, 0x85, 0x06, 0x17, 0x85, 0xa4, 0x9d, 0x99, 0xa4, 0x06, 0x12,
    0xa0, 0xa1, 0x2b, 0x90, 0xa2, 0x10, 0x15, 0x02, 0x1b, 0x2c, 0x99, 0x1b,
    0x1a, 0x07, 0x21, 0x25, 0x8b, 0x90, 0x27, 0x18, 0x03, 0x03, 0x20, 0xa6,
    0x88, 0x13, 0x03, 0xa5, 0x9b, 0x1a, 0x81, 0x24, 0x96, 0x07, 0x8d, 0x9f,
    0x84, 0x19, 0x21, 0x1c, 0x26, 0x1f, 0x1a, 0x1a, 0xaf, 0xa1, 0xa4, 0x84,
    0x9c, 0xa2, 0x21, 0x1a, 0x1b, 0x22, 0x18, 0x25, 0x9d, 0x96, 0x9d, 0x24,
    0x19, 0x20, 0x1a, 0x1f, 0x21, 0x95, 0x90, 0x99, 0x16, 0xa1, 0x28, 0x26,
    0x21, 0x01, 0xa2, 0x1a, 0x21, 0x30, 0x9c, 0x9d, 0x24, 0x1e, 0x98, 0x1f,
    0x81, 0x26, 0x03, 0x23, 0x21, 0x96, 0xa3, 0x9c, 0xa2, 0x1d, 0x10, 0x9c,
    0x16, 0x9b, 0xa2, 0x03, 0x28, 0xa2, 0x9f, 0xa9, 0x91, 0x28, 0x8b, 0x82,
    0xa3, 0x16, 0x98, 0x99, 0x99, 0x19, 0x01, 0x0b, 0x93, 0xa1, 0x99, 0x8e,
    0x90, 0x86, 0x9c, 0x1e, 0x1f, 0xa8, 0x98, 0x90, 0x28, 0x02, 0x03, 0x8c,
    0x10, 0x24, 0xa9, 0x26, 0xb0, 0x27, 0x1c, 0x92, 0x19, 0x95, 0x1b, 0xa1,
    0x1a, 0x88, 0x18, 0x19, 0x86, 0x0a, 0x8e, 0xa0, 0x88, 0x84, 0x13, 0xa2,
    0x1b, 0x13, 0x81, 0x18, 0x1a, 0x15, 0xa0, 0xa7, 0x25, 0x19, 0x84, 0x94,
    0x0d, 0x1d, 0x83, 0xa1, 0xa9, 0x18, 0x12, 0x99, 0x1e, 0x0b, 0x15, 0x91,
    0x02, 0xa4, 0x0b, 0x24, 0x03, 0x16, 0x21, 0x9d, 0x0d, 0x16, 0xa1, 0x22,
    0xa9, 0x98, 0x27, 0xa1, 0x91, 0x89, 0x1d, 0x84, 0x11, 0x0f, 0x10, 0x1a,
    0xa1, 0x23, 0x88, 0x91, 0x18, 0x9d, 0x8d, 0x20, 0x9b, 0x0a, 0x11, 0x93,
    0x15, 0xa0, 0xa4, 0x90, 0x9c, 0x97, 0x02, 0x98, 0x22, 0x1e, 0x11, 0x00,
    0x9a, 0x97, 0x9b, 0x9a, 0x15, 0x0f, 0x11, 0x18, 0x20, 0x18, 0x81, 0x8d,
    0xa0, 0x22, 0x1d, 0x93, 0x0d, 0x19, 0x88, 0x0d, 0x11, 0x03, 0x86, 0x17,
    0x9c, 0x1d, 0x1a, 0x27, 0x23, 0x9a, 0xa1, 0x1a, 0x1f, 0x9f, 0x1c, 0xa7,
    0x20, 0x11, 0xa4, 0x02, 0x0e, 0x1d, 0x1b, 0x22, 0x89, 0x99, 0x0a, 0x8d,
    0x9a, 0x00, 0x9b, 0x14, 0x83, 0x21, 0x84, 0x91, 0x98, 0xa2, 0x1b, 0x29,
    0x88, 0x9a, 0x87, 0x21, 0x99, 0x93, 0xa0, 0x1d, 0x23, 0x2a, 0xa3, 0x98,
    0x86, 0x1c, 0x13, 0x09, 0x21, 0xa3, 0x1c, 0x1d, 0x22, 0x98, 0x95, 0x91,
    0x20, 0x82, 0x8d, 0x85, 0x11, 0x9c, 0x84, 0x9d, 0xa5, 0x16, 0x93, 0x8e,
    0x8b, 0x21, 0x95, 0x95, 0x28, 0x00, 0x1a, 0x23, 0x24, 0xa4, 0x99, 0x02,
    0x9e, 0x11, 0x9a, 0x84, 0x15, 0xa2, 0x94, 0xa0, 0x9b, 0x9e, 0x12, 0x23,
    0xa0, 0x04, 0x88, 0x18, 0x29, 0xa3, 0x1c, 0x8d, 0x88, 0x10, 0x1b, 0x1f,
    0xa8, 0x93, 0x90, 0x23, 0x14, 0x28, 0x02, 0x19, 0x12, 0xa2, 0xa6, 0x2a,
    0x9c, 0x02, 0x9a, 0x96, 0x84, 0x13, 0x84, 0x1c, 0x10, 0x1b, 0x12, 0x83,
    0x14, 0x98, 0x09, 0x9c, 0x1b, 0x98, 0x28, 0x1a, 0x28, 0x95, 0x08, 0x87,
    0x1b, 0x9e, 0x99, 0x21, 0x27, 0x1b, 0x98, 0x80, 0x20, 0x21, 0x21, 0x8b,
    0x1a, 0xa8, 0x03, 0x8b, 0x2a, 0x15, 0x94, 0xa6, 0x1e, 0x16, 0x92, 0xa0,
    0x07, 0x91, 0x20, 0xa1, 0x9a, 0xa9, 0x97, 0x12, 0x2b, 0xa5, 0x9b, 0x0b,
    0xa5, 0x1c, 0x92, 0xa2, 0xa4, 0x98, 0x23, 0xa3, 0x1e, 0x1a, 0x06, 0x26,
    0x92, 0x1b, 0x99, 0x98, 0xa3, 0x1c, 0x0a, 0x04, 0x8f, 0x95, 0x00, 0x1c,
    0xa7, 0x95, 0x21, 0xa2, 0x8d, 0xa8, 0x1b, 0xa1, 0x9a, 0x12, 0xa0, 0x15,
    0xa6, 0x0b, 0x22, 0x25, 0x9e, 0x1d, 0x88, 0x97, 0x1c, 0x9a, 0x8d, 0x1e,
    0x89, 0x12, 0x96, 0x92, 0x9d, 0x18, 0x81, 0x87, 0x96, 0x13, 0x18, 0x86,
    0x83, 0xa8, 0x0d, 0x24, 0x1c, 0x81, 0x13, 0x0e, 0x1e, 0x98, 0x99, 0x05,
    0x11, 0x9a, 0x05, 0x00, 0x97, 0x10, 0x27, 0x96, 0xa0, 0x17, 0x29, 0x0c,
    0x9f, 0x09, 0xa2, 0x90, 0x1c, 0x90, 0x21, 0x0d, 0x24, 0x06, 0x90, 0x10,
    0xa1, 0x9b, 0x9b, 0x26, 0xa1, 0x27, 0x82, 0x9c, 0x1e, 0x1c, 0x9b, 0x8b,
    0xa0, 0x12, 0x08, 0x97, 0x9b, 0x14, 0x02, 0x21, 0x21, 0x9a, 0x86, 0x22,
    0x11, 0x9b, 0x10, 0x0f, 0x98, 0x90, 0x1b, 0x9e, 0xa7, 0x15, 0x21, 0x1d,
    0x1d, 0x09, 0x9c, 0x1f, 0xa1, 0x91, 0x89, 0x90, 0x10, 0x07, 0x18, 0x1c,
    0xa5, 0x99, 0xa6, 0x21, 0x97, 0x20, 0x9b, 0xa9, 0x0f, 0x12, 0x9c, 0x96,
    0x9d, 0x1b, 0xa0, 0x9e, 0x15, 0x9f, 0x1a, 0x12, 0x9c, 0x1f, 0x92, 0x9a,
    0x27, 0x04, 0x94, 0x1c, 0x20, 0x93, 0x9f, 0x0d, 0x92, 0x91, 0x98, 0x94,
    0x91, 0x88, 0x16, 0x10, 0x2d, 0x12, 0x9f, 0x26, 0x99, 0xa0, 0x93, 0x8a,
    0x93, 0x8e, 0x1a, 0x9b, 0xa1, 0x19, 0x02, 0x9b, 0x97, 0x12, 0x19, 0x99,
    0x99, 0x96, 0x22, 0x83, 0x21, 0x8d, 0x97, 0x13, 0x03, 0x17, 0x1d, 0x24,
    0x24, 0x8c, 0x9c, 0x92, 0x96, 0x8d, 0xa0, 0x1d, 0x14, 0x22, 0xa0, 0x19,
    0x00, 0x26, 0x95, 0x21, 0x98, 0xa1, 0x08, 0xa4, 0x19, 0x1c, 0x00, 0x8a,
    0x10, 0x19, 0x03, 0x1b, 0x11, 0x13, 0x1b, 0xa2, 0x8d, 0x8f, 0x91, 0x19,
    0x25, 0x1c, 0x14, 0x94, 0x18, 0x16, 0x9e, 0xa1, 0xa1, 0x8d, 0x12, 0x90,
    0xa9, 0x8c, 0x98, 0x20, 0x8a, 0x89, 0x21, 0xa8, 0xa5, 0x18, 0x9b, 0x81,
    0x8b, 0x1b, 0x97, 0x29, 0x01, 0x17, 0x1f, 0x2a, 0x93, 0x24, 0x0e, 0xa2,
    0x0b, 0x9d, 0x17, 0x82, 0x8d, 0x1a, 0x22, 0x1f, 0x27, 0x12, 0x1e, 0xa1,
    0xa2, 0x1f, 0x9a, 0x1d, 0x21, 0x9c, 0x1c, 0x9f, 0x21, 0x18, 0x13, 0x19,
    0x22, 0xa2, 0xa3, 0x23, 0x99, 0x9c, 0x07, 0x0a, 0x9e, 0xa7, 0x8f, 0x10,
    0x1b, 0x09, 0x98, 0x19, 0x8c, 0x20, 0x9f, 0x92, 0x0d, 0x04, 0x97, 0x15,
    0x19, 0x8e, 0x16, 0x17, 0x93, 0xa3, 0xa8, 0xa9, 0x87, 0xac, 0xa3, 0x99,
    0x23, 0x9b, 0x1e, 0xa0, 0x94, 0xa6, 0x2d, 0x1d, 0x99, 0x9f, 0x8d, 0xa1,
    0x94, 0x11, 0x9e, 0x21, 0x91, 0x9c, 0x98, 0x28, 0x91, 0x22, 0x99, 0x11,
    0x9d, 0x93, 0x27, 0x22, 0x1b, 0x24, 0x2a, 0x21, 0xa9, 0xa3, 0xa0, 0x04,
    0x9b, 0x12, 0x27, 0x13, 0x11, 0xa4, 0x01, 0x23, 0x9f, 0xa4, 0x1b, 0xa4,
    0x98, 0x0a, 0x0c, 0x94, 0x1e, 0x19, 0x97, 0xa3, 0x99, 0x8f, 0x0b, 0x9c,
    0x1a, 0x90, 0x14, 0x12, 0x22, 0x19, 0xa0, 0x24, 0x9c, 0xa7, 0x21, 0xa3,
    0x93, 0x15, 0x8f, 0xa9, 0x0a, 0x98, 0xa0, 0x1d, 0xa1, 0x9e, 0x9b, 0x9e,
    0xa0, 0x20, 0xa3, 0x1d, 0x9e, 0x0b, 0x1f, 0x98, 0xa2, 0x97, 0x98, 0x0e,
    0xa0, 0x85, 0x8e, 0x89, 0x10, 0x15, 0xa8, 0x1f, 0x20, 0xa3, 0xa2, 0xa5,
    0x9a, 0xa5, 0x1a, 0x10, 0x0b, 0xa8, 0x19, 0x9a, 0x8a, 0xa5, 0x21, 0x23,
    0x1f, 0x18, 0x8e, 0xa5, 0x1a, 0x9d, 0x94, 0x11, 0x05, 0x83, 0x8e, 0x85,
    0x12, 0x94, 0x23, 0x1f, 0x90, 0x16, 0x09, 0x02, 0x93, 0x1c, 0x91, 0x9d,
    0x1e, 0x9b, 0x8a, 0x1d, 0x0d, 0x04, 0x1d, 0xab, 0x0f, 0x0d, 0x1a, 0x1f,
    0x99, 0x23, 0x14, 0x99, 0x1d, 0xa9, 0x99, 0x1b, 0x14, 0x12, 0x8c, 0x1d,
    0x17, 0x93, 0x80, 0x9d, 0xa1, 0x03, 0x99, 0x1a, 0x94, 0x1c, 0x9d, 0xa2,
    0x25, 0x12, 0x98, 0x15, 0x21, 0x12, 0x94, 0x19, 0x13, 0x87, 0x1e, 0x94,
    0x9e, 0xa2, 0x87, 0x1a, 0x27, 0x99, 0xa8, 0x1e, 0x93, 0x1b, 0x20, 0x16,
    0x99, 0xa3, 0x25, 0xa7, 0x91, 0x9c, 0x97, 0x0c, 0x97, 0x0b, 0xa3, 0x11,
    0x82, 0x24, 0x16, 0x96, 0xab, 0x18, 0x99, 0x1c, 0x20, 0x25, 0x9b, 0x85,
    0x11, 0x1c, 0x06, 0x19, 0x0b, 0x00, 0x9b, 0x02, 0x1b, 0xaa, 0x08, 0x91,
    0x22, 0x23, 0x00, 0x92, 0xa2, 0x0a, 0x1d, 0x8a, 0x20, 0x1e, 0xa8, 0x26,
    0x21, 0x8d, 0x9b, 0x1e, 0x21, 0x22, 0x9d, 0xa1, 0x96, 0x96, 0x29, 0xa1,
    0xa0, 0x24, 0x21, 0x9d, 0x1d, 0x1f, 0x22, 0x27, 0x9f, 0x24, 0x9a, 0x9d,
    0x01, 0x1c, 0xa4, 0x18, 0x2c, 0x90, 0x01, 0x84, 0x96, 0x9c, 0x27, 0x11,
    0x1f, 0x97, 0x20, 0x0b, 0x06, 0x88, 0xa0, 0x21, 0x1b, 0x82, 0xa7, 0x08,
    0xa2, 0x11, 0xa2, 0x29, 0x98, 0xa3, 0x25, 0x0d, 0x1d, 0x9b, 0xa7, 0x9f,
    0x93, 0x21, 0xa1, 0x83, 0x16, 0x97, 0x20, 0xa9, 0x17, 0x12, 0xab, 0x85,
    0x96, 0x24, 0x1b, 0x2d, 0x91, 0xa7, 0xa7, 0x24, 0x96, 0x9a, 0x22, 0x93,
    0x2a, 0xa7, 0x9e, 0x19, 0xa2, 0x2b, 0x87, 0x25, 0x9d, 0x16, 0x20, 0x24,
    0x24, 0x28, 0x97, 0x1c, 0x14, 0x99, 0x1c, 0x1b, 0x9b, 0xa4, 0x13, 0x92,
    0x9b, 0x1b, 0xa2, 0xa6, 0x02, 0x27, 0x15, 0x12, 0x1d, 0x9c, 0x24, 0x90,
    0x26, 0x12, 0x9f, 0x0f, 0x87, 0x19, 0xa4, 0x0e, 0x9f, 0x95, 0x9e, 0x94,
    0x20, 0x21, 0x1c, 0x8c, 0x93, 0x92, 0x1a, 0x17, 0x8a, 0x9d, 0x9e, 0xa1,
    0x93, 0x02, 0x18, 0x0e, 0xa2, 0x9e, 0x19, 0x9a, 0xa0, 0xa0, 0x92, 0x9c,
    0xa1, 0x26, 0x93, 0x98, 0x15, 0x20, 0xa2, 0x86, 0xa4, 0x99, 0x22, 0x9b,
    0x1c, 0x02, 0x0a, 0x84, 0x8f, 0xa0, 0x99, 0x19, 0xaa, 0x23, 0x93, 0x19,
    0x99, 0x86, 0x22, 0x16, 0x9d, 0x9b, 0x8b, 0x9d, 0x9b, 0x06, 0x95, 0x95,
    0x18, 0x1c, 0x9d, 0x07, 0x94, 0xb1, 0x87, 0x00, 0x12, 0x9c, 0x2a, 0x86,
    0x24, 0x14, 0x91, 0x23, 0x10, 0x22, 0x0b, 0x98, 0x20, 0x9f, 0x00, 0x9a,
    0x07, 0x13, 0x08, 0x85, 0x1a, 0x94, 0x14, 0x97, 0x19, 0xa1, 0x16, 0x11,
    0xa1, 0x91, 0x9b, 0x29, 0x9a, 0x13, 0x01, 0x96, 0x0b, 0x0b, 0xaa, 0x12,
    0x10, 0x95, 0xa3, 0x0c, 0x20, 0x1d, 0x2a, 0x26, 0x18, 0x0b, 0x13, 0x1d,
    0x21, 0x13, 0x94, 0x9f, 0xa4, 0x01, 0x1a, 0x98, 0x8a, 0x99, 0x98, 0x19,
    0x1f, 0x93, 0x94, 0x0c, 0x1d, 0xa2, 0x1c, 0x97, 0x15, 0x95, 0x9a, 0xa2,
    0x20, 0xa0, 0x81, 0x0d, 0x9d, 0x19, 0x04, 0x07, 0x95, 0xa0, 0x1a, 0x92,
    0x87, 0x0f, 0x1b, 0x96, 0x82, 0xa0, 0xa4, 0x85, 0x92, 0x2b, 0x0f, 0x9c,
    0x88, 0x9d, 0x9b, 0x1a, 0xa0, 0x18, 0x0a, 0x25, 0x84, 0x22, 0x9b, 0x9b,
    0x06, 0x10, 0x22, 0x20, 0x83, 0x8e, 0x18, 0x29, 0x99, 0x89, 0x09, 0x20,
    0x24, 0x25, 0x18, 0x04, 0x23, 0xa9, 0x81, 0xa5, 0xa1, 0x1a, 0x25, 0x18,
    0x9b, 0xa1, 0xa2, 0x01, 0xa8, 0x01, 0x90, 0x98, 0xa5, 0x20, 0x19, 0xa0,
    0x0e, 0x10, 0x9e, 0xa7, 0x23, 0xa3, 0x99, 0x90, 0x20, 0x89, 0x94, 0x10,
    0x94, 0x15, 0x21, 0x8c, 0x1c, 0x9a, 0x24, 0x98, 0x97, 0x9b, 0x25, 0x99,
    0x15, 0x99, 0x1e, 0x87, 0x84, 0x9c, 0x28, 0x97, 0x28, 0x03, 0xa5, 0x15,
    0xad, 0x0a, 0x1c, 0x20, 0x05, 0x91, 0x20, 0x87, 0x8b, 0x8d, 0x10, 0x13,
    0xa4, 0x25, 0x93, 0xae, 0x94, 0x92, 0x91, 0x14, 0xa1, 0x99, 0x1c, 0x86,
    0x9c, 0x10, 0x01, 0x9e, 0x1f, 0x12, 0x9a, 0x0b, 0x24, 0x14, 0x8d, 0x15,
    0xaf, 0xa4, 0x23, 0xa1, 0x14, 0xa3, 0x03, 0x80, 0x8d, 0xa8, 0x88, 0x28,
    0x8d, 0x83, 0x16, 0x17, 0x89, 0x01, 0x1f, 0x91, 0x19, 0x9a, 0x9f, 0x01,
    0x23, 0x02, 0x93, 0xa1, 0x19, 0x85, 0x19, 0x85, 0x0f, 0x23, 0x07, 0x9b,
    0x0d, 0xa6, 0x8a, 0x20, 0x18, 0x01, 0x9a, 0x11, 0x03, 0x1b, 0x1f, 0x07,
    0x9b, 0x0e, 0x06, 0x13, 0x14, 0x98, 0x0f, 0x22, 0x0c, 0x9e, 0x16, 0x27,
    0x0b, 0x86, 0x14, 0x23, 0x9d, 0x96, 0x8d, 0x14, 0x08, 0xa1, 0x94, 0x0a,
    0x9c, 0x93, 0x22, 0x98, 0x88, 0x9d, 0x95, 0x9c, 0x13, 0x32, 0x10, 0x11,
    0x10, 0x1c, 0x84, 0x14, 0x99, 0x9c, 0x0a, 0x0c, 0xaa, 0x95, 0x97, 0x11,
    0x20, 0x1e, 0x1c, 0x20, 0xa1, 0x83, 0x9c, 0x07, 0x24, 0x93, 0x89, 0x87,
    0x1a, 0x21, 0xa1, 0x9f, 0x23, 0x93, 0x97, 0x84, 0x8e, 0x19, 0x17, 0x28,
    0x93, 0x19, 0x24, 0x27, 0x26, 0x1d, 0x20, 0x24, 0xa9, 0xa0, 0x9e, 0x16,
    0x22, 0x09, 0x24, 0x21, 0x1c, 0x9b, 0x93, 0x9f, 0x1f, 0x29, 0x14, 0xa7,
    0x12, 0x19, 0x09, 0x83, 0xa2, 0x26, 0x88, 0x93, 0x16, 0x0a, 0x17, 0x04,
    0x10, 0x9f, 0x05, 0x9e, 0x1d, 0x2a, 0x0f, 0x82, 0x20, 0x0d, 0x0e, 0x09,
    0x9f, 0x10, 0x91, 0xa3, 0x25, 0x99, 0x1f, 0x9a, 0x26, 0x21, 0x05, 0x1d,
    0x9e, 0x88, 0x98, 0x20, 0x1e, 0x13, 0x13, 0xa9, 0xa8, 0x04, 0xa2, 0x1d,
    0x24, 0x21, 0x13, 0x2e, 0x0e, 0xa4, 0x1c, 0x1a, 0x28, 0x06, 0x99, 0x10,
    0x90, 0x1f, 0x02, 0x99, 0x9d, 0xa7, 0x1d, 0x9d, 0x02, 0x21, 0x23, 0x95,
    0x07, 0xa0, 0x0b, 0x91, 0x1b, 0xa0, 0x9a, 0x97, 0x22, 0x25, 0xa0, 0xa0,
    0x1c, 0x28, 0x1f, 0xa4, 0x29, 0xa1, 0x23, 0x14, 0x26, 0x9f, 0x8f, 0x20,
    0x1a, 0x2a, 0x9b, 0x98, 0x18, 0x1e, 0x8d, 0x99, 0x25, 0x97, 0x1b, 0x9a,
    0x93, 0x9e, 0x11, 0x20, 0x0f, 0x17, 0x85, 0xa0, 0x86, 0x0d, 0x86, 0xa0,
    0xa4, 0x1d, 0x23, 0x94, 0x17, 0x23, 0x19, 0x99, 0x9a, 0x95, 0x11, 0x99,
    0x9e, 0x23, 0x04, 0xa2, 0x93, 0x9b, 0x95, 0x28, 0x95, 0x14, 0x96, 0x8c,
    0x0a, 0x8f, 0x24, 0x19, 0xa5, 0x1c, 0xa2, 0xa1, 0xa5, 0xa8, 0x93, 0x19,
    0x9a, 0x15, 0xa1, 0x93, 0x9e, 0x9d, 0x85, 0x25, 0x96, 0x2a, 0x9d, 0xa7,
    0x90, 0xa2, 0x21, 0x9f, 0xa2, 0x1e, 0x19, 0x99, 0x8f, 0xa0, 0xa5, 0x07,
    0x89, 0x20, 0x27, 0x89, 0x16, 0x99, 0x8e, 0x22, 0x91, 0x25, 0x9b, 0x29,
    0x15, 0x94, 0x22, 0x1f, 0x91, 0x25, 0x85, 0xa5, 0x9d, 0x28, 0x22, 0x26,
    0xa7, 0x0b, 0x09, 0x1e, 0x0b, 0x98, 0x20, 0x21, 0x1a, 0x99, 0x24, 0x95,
    0x1b, 0x16, 0x20, 0x8c, 0x20, 0x98, 0x16, 0x86, 0x06, 0x21, 0x9c, 0x91,
    0x8a, 0x04, 0x1a, 0x18, 0x22, 0xa1, 0x03, 0x94, 0x1c, 0x9f, 0x98, 0x1c,
    0xa7, 0x17, 0x9f, 0x1a, 0x8a, 0x95, 0x1d, 0x97, 0x04, 0xa5, 0x9e, 0x0f,
    0x9f, 0xa3, 0x89, 0x90, 0x94, 0xa3, 0x9d, 0x81, 0x96, 0xa1, 0xa1, 0xa5,
    0x19, 0xa6, 0x1f, 0x81, 0x82, 0x14, 0xa2, 0x22, 0x9f, 0x8a, 0x9d, 0x9a,
    0x18, 0x99, 0x8e, 0x1c, 0x95, 0x13, 0xa9, 0x21, 0x1e, 0x28, 0xa2, 0x0d,
    0xa0, 0x23, 0x90, 0x0c, 0x12, 0x94, 0x25, 0x12, 0x96, 0x19, 0x1b, 0xa8,
    0x1a, 0x14, 0x01, 0x93, 0x9e, 0x8c, 0x9c, 0x07, 0x01, 0x1b, 0x91, 0x8d,
    0x87, 0x8b, 0x26, 0x82, 0x04, 0x1b, 0x1c, 0x1d, 0x16, 0x0b, 0xa8, 0xa3,
    0x8f, 0x20, 0xa2, 0x11, 0x9d, 0x27, 0x23, 0xaa, 0x2e, 0x18, 0x10, 0x11,
    0x9b, 0x0c, 0x02, 0x92, 0x0d, 0xa0, 0x09, 0x1b, 0x86, 0xa9, 0x0a, 0x29,
    0x21, 0x16, 0x18, 0x84, 0x23, 0xa2, 0x19, 0xa2, 0x84, 0x01, 0x81, 0x09,
    0x10, 0x19, 0x23, 0x0f, 0xa1, 0x12, 0x1d, 0x9e, 0x2f, 0x23, 0x9f, 0x0d,
    0x27, 0xa0, 0x9f, 0x1d, 0x1e, 0x07, 0x03, 0x1b, 0x20, 0x88, 0x1b, 0xa5,
    0x15, 0x23, 0x96, 0xa2, 0x20, 0x95, 0x23, 0xa1, 0x11, 0x04, 0x9b, 0x1a,
    0x1b, 0x92, 0xa9, 0xa9, 0xa3, 0x99, 0x04, 0x91, 0x26, 0xa2, 0x20, 0xa8,
    0x26, 0x1e, 0xa1, 0x08, 0x9f, 0x9f, 0x0c, 0xa2, 0xa8, 0x0c, 0x12, 0x0a,
    0x97, 0x99, 0x26, 0x9b, 0x81, 0x12, 0x9b, 0x99, 0x17, 0xa1, 0x1b, 0x9d,
    0x94, 0x9a, 0x9c, 0x02, 0x94, 0xa5, 0x97, 0xa3, 0x11, 0x89, 0x26, 0x16,
    0x98, 0x9b, 0x1f, 0x14, 0x0c, 0x27, 0x9b, 0xa9, 0x9e, 0x23, 0x91, 0x21,
    0x28, 0xa6, 0xaa, 0x86, 0xa0, 0x99, 0x18, 0x13, 0x8c, 0x90, 0xa3, 0x9b,
    0x1d, 0x93, 0x96, 0xa1, 0x9b, 0xa9, 0x1d, 0x9b, 0x99, 0x9a, 0x85, 0x09,
    0x85, 0xa2, 0x15, 0x9f, 0x91, 0x1b, 0x12, 0x8d, 0xa3, 0xa4, 0x9f, 0x9a,
    0x1b, 0x99, 0x15, 0x16, 0xa0, 0x8f, 0x13, 0xa4, 0x99, 0x87, 0x0b, 0x13,
    0x99, 0xa6, 0x09, 0xa1, 0x9c, 0x97, 0x9d, 0x99, 0x96, 0x98, 0xa1, 0x05,
    0x89, 0xa0, 0xa1, 0x0b, 0x01, 0x12, 0x25, 0xab, 0x9b, 0x0e, 0x18, 0x9b,
    0x9f, 0x99, 0x17, 0x1a, 0x99, 0xa7, 0xa2, 0x10, 0x1c, 0x91, 0x82, 0x1d,
    0x82, 0x8b, 0x8d, 0x95, 0x16, 0x12, 0x88, 0x88, 0x8a, 0xa0, 0x12, 0x09,
    0x1d, 0x17, 0xa0, 0x8f, 0x2a, 0x25, 0x10, 0xa7, 0x9b, 0xa0, 0x1e, 0xa2,
    0x1c, 0x87, 0x94, 0x99, 0x95, 0x93, 0xa3, 0x96, 0x03, 0x29, 0xa6, 0xa4,
    0x9f, 0x02, 0x90, 0x25, 0x11, 0x11, 0xa2, 0x9d, 0x22, 0x29, 0x98, 0x14,
    0x21, 0x1f, 0x90, 0x9a, 0xa1, 0x17, 0x25, 0x1d, 0x1a, 0x1a, 0x27, 0x82,
    0x9a, 0x07, 0x98, 0x96, 0x13, 0x09, 0x0d, 0x81, 0x14, 0x1c, 0x15, 0x19,
    0x10, 0x19, 0x0e, 0x8f, 0x12, 0xa0, 0x1f, 0x9a, 0x1c, 0x83, 0x91, 0x9b,
    0x20, 0x1d, 0xa4, 0x08, 0x95, 0xa0, 0x1c, 0x9f, 0x92, 0x2e, 0x0e, 0x18,
    0x13, 0x99, 0x9f, 0x1b, 0x19, 0x96, 0xa3, 0x20, 0x9d, 0x1d, 0x14, 0x1a,
    0x0d, 0x1e, 0x9a, 0x29, 0x12, 0x9b, 0x0d, 0x21, 0x2a, 0xa5, 0x18, 0x16,
    0x1d, 0x2c, 0x8d, 0x12, 0x89, 0x87, 0x21, 0x8a, 0x9c, 0xa3, 0xa3, 0x13,
    0x0a, 0x93, 0x1d, 0x06, 0x19, 0xab, 0x93, 0x9f, 0x10, 0x18, 0x0d, 0x94,
    0xa4, 0x22, 0x1d, 0xa0, 0x17, 0xa4, 0x98, 0xa8, 0x05, 0xaa, 0xa2, 0x1a,
    0x11, 0x9e, 0xa4, 0x20, 0x92, 0x05, 0x9f, 0xa3, 0x8d, 0x9d, 0x89, 0x14,
    0x07, 0x9e, 0x2a, 0x14, 0x21, 0x09, 0x28, 0x1f, 0x8f, 0x92, 0x23, 0x8f,
    0x89, 0x1a, 0x22, 0xa3, 0x90, 0xa1, 0x87, 0x29, 0x9b, 0x20, 0x9e, 0x1c,
    0x90, 0x00, 0xa7, 0x1b, 0x95, 0x86, 0x96, 0x1d, 0x96, 0xa4, 0x18, 0x0d,
    0x17, 0x1e, 0x9b, 0x16, 0x9f, 0x23, 0x87, 0x14, 0x24, 0x99, 0x95, 0x1f,
    0x28, 0x9b, 0xa6, 0x1d, 0x0b, 0xa5, 0x99, 0x82, 0x19, 0x9d, 0x18, 0xa8,
    0x9f, 0x21, 0x14, 0x1d, 0x1f, 0xa3, 0x1b, 0x82, 0x24, 0xa3, 0x1c, 0x1b,
    0x1e, 0x87, 0x0b, 0xa4, 0x97, 0x9d, 0x1a, 0x8a, 0x1f, 0xa3, 0x9a, 0x0e,
    0x13, 0x25, 0x98, 0xa2, 0xa1, 0xa5, 0x27, 0x1f, 0x04, 0x9f, 0x89, 0xa0,
    0x05, 0xa2, 0x02, 0x0d, 0xa4, 0xa5, 0x9b, 0xa0, 0x25, 0x9a, 0x0f, 0x01,
    0x99, 0x22, 0x85, 0x91, 0x18, 0xa2, 0x23, 0x1c, 0xa8, 0xa1, 0x27, 0xa2,
    0x0e, 0x14, 0x09, 0x01, 0x1f, 0x11, 0x9b, 0x87, 0x91, 0x9a, 0xa4, 0x27,
    0x27, 0x18, 0x14, 0x21, 0xa6, 0x1c, 0x1f, 0x91, 0x91, 0x0a, 0x1a, 0x21,
    0x9b, 0x91, 0xa0, 0x22, 0x0b, 0xa5, 0x15, 0xa0, 0x87, 0xa2, 0x22, 0x13,
    0x14, 0x1e, 0x89, 0x14, 0x05, 0x97, 0x91, 0x1d, 0x99, 0x13, 0x21, 0xa1,
    0x13, 0x81, 0x1e, 0x9e, 0xa8, 0x23, 0x1c, 0x99, 0x24, 0x23, 0x11, 0xa1,
    0xa5, 0x80, 0x02, 0x1a, 0x26, 0x25, 0x18, 0x12, 0x0a, 0x84, 0x04, 0x11,
    0xa2, 0x23, 0x1b, 0x23, 0x04, 0x24, 0xa5, 0x2b, 0x9a, 0x10, 0x0b, 0x04,
    0x28, 0x17, 0x09, 0x08, 0x1b, 0x81, 0x1a, 0x9f, 0x1a, 0x20, 0x1f, 0x91,
    0xa6, 0xa2, 0x18, 0x1a, 0x1c, 0x95, 0x0d, 0x9a, 0x86, 0x1a, 0x13, 0x14,
    0x85, 0x19, 0x13, 0x1d, 0x8f, 0x24, 0xa1, 0x20, 0x14, 0x98, 0x26, 0x17,
    0x02, 0x0f, 0x1a, 0x13, 0x1b, 0x11, 0xa5, 0x92, 0x8a, 0x9d, 0x14, 0xa4,
    0x29, 0x1f, 0x26, 0x21, 0x85, 0xa0, 0x25, 0xa0, 0x92, 0x12, 0x9a, 0x9d,
    0x1f, 0x9e, 0x99, 0xa8, 0xa0, 0x94, 0x8f, 0xa5, 0x81, 0x97, 0x15, 0x1d,
    0x13, 0x2a, 0x0d, 0x94, 0xa2, 0x99, 0x9c, 0xa1, 0x9b, 0x93, 0x98, 0x27,
    0x99, 0x9f, 0x85, 0x16, 0x8f, 0x1c, 0x9a, 0x20, 0x20, 0x2c, 0x9d, 0x23,
    0x25, 0xa6, 0x18, 0x9a, 0x2d, 0x19, 0x1a, 0x18, 0x8d, 0x1f, 0x8a, 0x1a,
    0x1f, 0xa9, 0x8c, 0xaa, 0x1c, 0x97, 0x80, 0x1d, 0x9b, 0x1c, 0x1b, 0x11,
    0x99, 0x1f, 0x9c, 0x99, 0x1b, 0x11, 0x0e, 0x83, 0x28, 0x29, 0x9d, 0xa4,
    0x22, 0x1b, 0x98, 0x25, 0x02, 0x23, 0x97, 0xa4, 0x20, 0x11, 0x23, 0x03,
    0x16, 0x9e, 0x88, 0x94, 0x22, 0xa0, 0xa1, 0x15, 0x14, 0xa5, 0x21, 0xa9,
    0x2b, 0x93, 0x1d, 0x26, 0xa6, 0x2d, 0x0c, 0x19, 0x98, 0x1c, 0x84, 0x14,
    0x1e, 0x1e, 0xa5, 0x81, 0x87, 0x22, 0xa2, 0x14, 0x24, 0x0e, 0x21, 0x9a,
    0xa6, 0x29, 0x1f, 0x9c, 0x21, 0x09, 0x9a, 0x05, 0x28, 0x85, 0x1a, 0x99,
    0x97, 0x14, 0x1a, 0x21, 0x8f, 0x98, 0x9e, 0x08, 0x02, 0x1d, 0x94, 0x21,
    0x1d, 0x22, 0x1c, 0x95, 0x15, 0x1d, 0x92, 0x26, 0x23, 0x1c, 0x19, 0x11,
    0x9b, 0x83, 0xa3, 0x22, 0x23, 0x05, 0x16, 0x9a, 0x1b, 0x91, 0x26, 0x92,
    0x1f, 0x23, 0x19, 0x23, 0x22, 0x14, 0x13, 0x95, 0x1c, 0xac, 0x98, 0x17,
    0x11, 0x02, 0x19, 0xa0, 0x05, 0x1a, 0x1d, 0x14, 0x01, 0x18, 0x10, 0xaa,
    0x10, 0x0a, 0x18, 0x25, 0xa8, 0x95, 0x80, 0x9b, 0x10, 0x2a, 0x0d, 0xa4,
    0x14, 0x21, 0x86, 0xa3, 0x27, 0xa4, 0x25, 0x23, 0x16, 0x20, 0x11, 0x1d,
    0x90, 0x9b, 0x90, 0x98, 0x9d, 0x22, 0xa1, 0x23, 0xa6, 0x92, 0x90, 0x9d,
    0x18, 0x28, 0x98, 0x08, 0x14, 0x9e, 0x97, 0x21, 0x20, 0x99, 0x12, 0x8d,
    0x86, 0x9b, 0xa2, 0x09, 0xa4, 0x2a, 0x14, 0x8d, 0x28, 0x9d, 0x20, 0xa5,
    0x96, 0xa1, 0x17, 0x1f, 0x1f, 0x1f, 0x8f, 0x1f, 0x23, 0x1a, 0xa1, 0x15,
    0x9a, 0xa1, 0x20, 0x04, 0x1b, 0xa8, 0x9c, 0x23, 0x19, 0x9f, 0x11, 0x21,
    0xa2, 0x1f, 0x89, 0x18, 0x15, 0x24, 0x11, 0x92, 0xa1, 0x24, 0x2b, 0x03,
    0x0b, 0x98, 0xa7, 0x0a, 0x2f, 0x13, 0x88, 0x9b, 0x9a, 0x81, 0x1b, 0x91,
    0x8c, 0x1c, 0x93, 0x14, 0x16, 0x27, 0x19, 0x09, 0x9c, 0x25, 0x18, 0x11,
    0x26, 0xa0, 0x8d, 0xa9, 0x8a, 0x28, 0xa1, 0x17, 0x9a, 0x1e, 0xa5, 0x04,
    0x20, 0x30, 0x82, 0x0a, 0x9e, 0x24, 0xa4, 0x10, 0x13, 0x8a, 0x98, 0x0c,
    0x18, 0x11, 0x18, 0x9d, 0x96, 0x1e, 0x91, 0x9f, 0x22, 0x9f, 0x24, 0x19,
    0x0f, 0xa2, 0x0d, 0x81, 0x9d, 0x8d, 0x91, 0xa6, 0x10, 0x11, 0x9e, 0x90,
    0x88, 0x9d, 0x18, 0x83, 0x21, 0x91, 0x10, 0xa1, 0x91, 0x9e, 0x86, 0x21,
    0x8e, 0x24, 0x9e, 0x9a, 0x2b, 0x13, 0xa4, 0x91, 0x00, 0xa5, 0x99, 0x1c,
    0x24, 0xa6, 0x96, 0xa1, 0x9f, 0x96, 0x19, 0x11, 0x21, 0x21, 0x1c, 0x1c,
    0x84, 0x9b, 0x13, 0x98, 0x20, 0x18, 0x0c, 0xa4, 0xa0, 0x1e, 0x12, 0x95,
    0x95, 0x99, 0x18, 0x18, 0x94, 0x0c, 0xa3, 0x21, 0x13, 0x91, 0xa0, 0xa5,
    0x0b, 0x9a, 0xa8, 0x91, 0x95, 0x91, 0x21, 0x21, 0x12, 0x09, 0x24, 0x19,
    0x10, 0x1a, 0x25, 0x23, 0x94, 0x8e, 0xa9, 0x94, 0x90, 0x1e, 0xa4, 0x04,
    0x84, 0xa2, 0x99, 0x15, 0x9d, 0x19, 0x90, 0x97, 0x99, 0xa8, 0x20, 0x19,
    0x8d, 0x21, 0x21, 0x99, 0x1f, 0x18, 0x24, 0x22, 0xa7, 0x19, 0x9b, 0x88,
    0x8e, 0xa7, 0x14, 0xa3, 0x90, 0x20, 0xa7, 0x94, 0x87, 0xa2, 0x90, 0xac,
    0x97, 0xa0, 0x87, 0x89, 0x18, 0x9c, 0x1c, 0x27, 0x20, 0x12, 0x22, 0x1e,
    0x10, 0x88, 0x05, 0x11, 0x19, 0xa1, 0x8a, 0x07, 0x29, 0x93, 0x88, 0x11,
    0xa8, 0x1e, 0x24, 0x13, 0x01, 0x9a, 0x2d, 0x95, 0x94, 0x11, 0x28, 0x99,
    0x98, 0x02, 0x8c, 0x1b, 0x95, 0x9d, 0xab, 0x0e, 0xa6, 0x8f, 0x9a, 0x13,
    0x85, 0x8c, 0x1b, 0x1f, 0x9f, 0x82, 0x13, 0x0c, 0x05, 0x0d, 0x16, 0xa5,
    0x8c, 0x9f, 0x23, 0x98, 0x19, 0x1b, 0x96, 0x8a, 0xa0, 0x29, 0x25, 0xa2,
    0xa7, 0x04, 0x0c, 0x8f, 0x00, 0x95, 0x83, 0x9a, 0x9e, 0x29, 0x0d, 0x96,
    0x95, 0x9b, 0x88, 0xa1, 0x18, 0x1b, 0x0a, 0x9d, 0x14, 0x26, 0x99, 0xa4,
    0x94, 0x1c, 0x99, 0x93, 0x19, 0x1d, 0x00, 0x9c, 0x93, 0x98, 0x29, 0x22,
    0x93, 0x8f, 0x9d, 0xa1, 0x21, 0x89, 0x16, 0xa1, 0x01, 0x18, 0x93, 0x1f,
    0x98, 0x9f, 0x20, 0x20, 0x1d, 0x23, 0xa4, 0x9d, 0x92, 0x00, 0x22, 0x9b,
    0x1b, 0xa7, 0x11, 0x9c, 0x18, 0xa7, 0x14, 0x9d, 0x0f, 0x8e, 0x97, 0x9e,
    0x8f, 0x12, 0x8d, 0x0f, 0x13, 0x1c, 0x2e, 0x2b, 0x85, 0xa2, 0x99, 0x2c,
    0xab, 0x92, 0xa1, 0x21, 0x9d, 0x9c, 0x89, 0x8a, 0x27, 0x9f, 0x01, 0x1a,
    0x8f, 0x18, 0x95, 0x07, 0x9c, 0x95, 0xa2, 0x18, 0x1b, 0x95, 0x8f, 0xad,
    0x09, 0x02, 0x12, 0x16, 0x12, 0x92, 0x15, 0x8b, 0x0c, 0xa4, 0x23, 0x11,
    0xa0, 0x9e, 0x88, 0x21, 0x20, 0x0b, 0x05, 0x13, 0xa3, 0x9a, 0x8d, 0x07,
    0x11, 0x97, 0x92, 0x86, 0x8c, 0x8a, 0x16, 0xa0, 0x83, 0x1c, 0x9b, 0x22,
    0xaa, 0x0f, 0x1a, 0xa6, 0x9b, 0x97, 0x9d, 0x23, 0x91, 0x0a, 0x25, 0x91,
    0x16, 0x2b, 0x8a, 0x9c, 0x95, 0x17, 0x01, 0x8c, 0x25, 0x18, 0x9c, 0x96,
    0x1c, 0x05, 0x01, 0x83, 0x97, 0x19, 0x88, 0x1c, 0x23, 0x91, 0xa1, 0x19,
    0x9e, 0x9e, 0x82, 0x9b, 0xa8, 0x8a, 0x28, 0x26, 0x1c, 0x9a, 0x94, 0x9a,
    0x07, 0x87, 0x87, 0xa3, 0xa7, 0x92, 0x90, 0x94, 0x04, 0x93, 0x28, 0xa8,
    0x09, 0xa3, 0x21, 0x08, 0x9a, 0x15, 0x0d, 0x1f, 0x8c, 0x0d, 0xa3, 0x9a,
    0x2e, 0xa2, 0x9b, 0x1d, 0xa1, 0x94, 0x19, 0x0a, 0x9f, 0x9e, 0x27, 0x1b,
    0x24, 0x9c, 0xa3, 0x91, 0x8b, 0x8a, 0x8a, 0x20, 0x8c, 0x22, 0x04, 0x24,
    0x17, 0x10, 0x1b, 0x21, 0x14, 0xa2, 0x99, 0x0c, 0x89, 0x1f, 0x8b, 0xa1,
    0x31, 0x9a, 0x05, 0x93, 0xa1, 0x87, 0x94, 0x00, 0x01, 0x2c, 0x8c, 0xa9,
    0x92, 0xa2, 0x1d, 0xa2, 0x13, 0x9e, 0xa6, 0xa0, 0x95, 0x25, 0xa4, 0x1b,
    0x0e, 0x1c, 0xa8, 0x9b, 0x1a, 0x18, 0xa1, 0x20, 0x21, 0xa4, 0x82, 0x1f,
    0x86, 0x22, 0x22, 0x9d, 0x06, 0x1a, 0x03, 0xaa, 0xa8, 0x14, 0x0a, 0x08,
    0x21, 0x9f, 0x99, 0x1a, 0xa7, 0xaa, 0x20, 0x9d, 0x1a, 0x19, 0x23, 0x1d,
    0x94, 0x13, 0xa5, 0x94, 0x16, 0x21, 0x91, 0x1c, 0x15, 0xa4, 0xa8, 0x90,
    0x27, 0x1b, 0xaa, 0x94, 0x10, 0xa3, 0x01, 0x1b, 0x9f, 0xa7, 0x8d, 0x9f,
    0x92, 0x12, 0x1f, 0xa6, 0xa4, 0x8c, 0x0d, 0x9c, 0x92, 0x29, 0x00, 0x0c,
    0x04, 0x09, 0x1c, 0x90, 0x20, 0x18, 0x20, 0xa4, 0x22, 0x22, 0xa1, 0x1f,
    0x08, 0xa1, 0x1d, 0x8c, 0x16, 0xa8, 0x13, 0x21, 0x08, 0x9d, 0x00, 0x98,
    0xa3, 0x8e, 0xab, 0xa0, 0x01, 0x1d, 0xa5, 0xa5, 0x28, 0x8b, 0x1d, 0x08,
    0x1d, 0x9a, 0x9b, 0xa2, 0xa1, 0x97, 0x1f, 0x9e, 0x18, 0x99, 0x0e, 0x26,
    0x0d, 0xa1, 0x13, 0x9d, 0x9e, 0x18, 0xa3, 0x15, 0x15, 0x9c, 0x95, 0xa2,
    0x82, 0x1b, 0xa2, 0x1e, 0x9b, 0x24, 0x1a, 0x16, 0xa3, 0x8d, 0x91, 0x22,
    0x15, 0xa1, 0x27, 0x23, 0x02, 0x14, 0x22, 0x81, 0x17, 0x07, 0x10, 0x04,
    0x18, 0x11, 0x24, 0x15, 0x1f, 0xa7, 0x8e, 0x18, 0x20, 0x07, 0xa3, 0x04,
    0x94, 0x12, 0x21, 0x18, 0x1a, 0x0d, 0xa5, 0x9a, 0x22, 0x19, 0x17, 0x14,
    0x14, 0x9b, 0xa2, 0x12, 0x94, 0x94, 0xa9, 0xa4, 0xa0, 0x1c, 0x03, 0x13,
    0x22, 0x27, 0xa1, 0x2b, 0x29, 0x27, 0xa2, 0x23, 0x12, 0x95, 0xa2, 0xa0,
    0x02, 0xa3, 0x05, 0x07, 0x9a, 0xab, 0x8c, 0xa2, 0x1f, 0x1b, 0x1f, 0x9f,
    0x21, 0x26, 0x17, 0x92, 0x80, 0xa1, 0x1c, 0x9c, 0x03, 0x90, 0x87, 0x21,
    0x97, 0x86, 0x9d, 0x8a, 0x29, 0x1b, 0xa7, 0x8b, 0x9c, 0xa9, 0x9a, 0x24,
    0x16, 0x27, 0xa0, 0xa3, 0xa1, 0x8d, 0xa2, 0x8e, 0x09, 0x8b, 0xa5, 0x97,
    0x23, 0xaf, 0x23, 0xa9, 0x1d, 0x8f, 0xa9, 0x1a, 0x84, 0x19, 0x1e, 0xb0,
    0x1c, 0x29, 0x9f, 0x16, 0x20, 0x2e, 0xa1, 0x8d, 0x18, 0x99, 0xa5, 0x21,
    0xa8, 0xa3, 0x82, 0x9e, 0xa5, 0xa2, 0x10, 0x21, 0x1d, 0x1e, 0xa2, 0x11,
    0xa4, 0xac, 0x9c, 0xa5, 0x16, 0xa2, 0xa3, 0x22, 0xac, 0x14, 0x9f, 0x89,
    0x00, 0x0b, 0x8f, 0x9c, 0xa7, 0x85, 0x99, 0x9a, 0x1a, 0x85, 0x1d, 0x1d,
    0x0c, 0xa2, 0xa1, 0xa2, 0x99, 0x8f, 0xa9, 0x9f, 0x1d, 0x9f, 0x95, 0xa2,
    0x15, 0x08, 0xa4, 0xa1, 0x23, 0x1e, 0x99, 0x9e, 0x9b, 0x9d, 0x8c, 0xab,
    0x92, 0xa9, 0x98, 0x9d, 0x1e, 0x90, 0x9b, 0x9b, 0xa3, 0x21, 0x92, 0xa6,
    0x15, 0x94, 0xa0, 0x18, 0xad, 0x25, 0x1d, 0x9d, 0x03, 0xa8, 0x0e, 0x9e,
    0x24, 0xab, 0x0d, 0xa6, 0xa8, 0x00, 0x20, 0x99, 0x00, 0x1f, 0x9b, 0xa6,
    0x92, 0x17, 0x92, 0x81, 0x8c, 0x84, 0x9f, 0x20, 0xa9, 0x29, 0x9a, 0x23,
    0xa0, 0xa1, 0x9f, 0x19, 0x99, 0x8a, 0x9a, 0x99, 0x1a, 0x9a, 0xa7, 0xa4,
    0xa3, 0x10, 0x05, 0x94, 0x92, 0xaa, 0x02, 0x10, 0x21, 0x1e, 0x9a, 0xa0,
    0x88, 0x25, 0x82, 0x9e, 0x1f, 0x1d, 0x9e, 0xa3, 0x9c, 0x0c, 0x0c, 0x1e,
    0xa0, 0x9e, 0x1f, 0xa4, 0x17, 0x8b, 0x20, 0xa0, 0x9e, 0x87, 0x1d, 0x18,
    0x20, 0x90, 0xa4, 0x18, 0x84, 0x0f, 0x02, 0x8f, 0x16, 0xa9, 0xa5, 0x20,
    0xa7, 0x8a, 0x0a, 0xa3, 0xa2, 0x1b, 0x28, 0x87, 0x2b, 0x1a, 0x23, 0xa9,
    0x1e, 0x16, 0x9d, 0x17, 0x0f, 0x14, 0x08, 0x11, 0x1f, 0xa9, 0xa0, 0x10,
    0x92, 0x1e, 0xa0, 0xa7, 0x92, 0x1b, 0x95, 0xa5, 0x87, 0xa1, 0x95, 0x01,
    0x20, 0x8a, 0x9b, 0x0d, 0x92, 0xa1, 0x23, 0xa0, 0x2e, 0xa7, 0xa4, 0xa1,
    0x20, 0x0a, 0x85, 0x1b, 0x19, 0x25, 0x98, 0x14, 0x9d, 0x21, 0x1d, 0x2b,
    0x81, 0x20, 0x9a, 0x99, 0x1c, 0x20, 0x23, 0x22, 0x8e, 0x0c, 0x95, 0x83,
    0x95, 0x88, 0xa3, 0x8e, 0x9b, 0x18, 0x87, 0xa0, 0x21, 0x26, 0xa4, 0xa2,
    0x21, 0x20, 0x1d, 0x27, 0x9a, 0xa7, 0x23, 0x94, 0x97, 0x9e, 0x99, 0x9a,
    0x98, 0x97, 0x25, 0xa6, 0x89, 0x9d, 0x1a, 0x92, 0xa4, 0x00, 0x11, 0xa2,
    0x27, 0xa2, 0xa6, 0x99, 0x0d, 0x1a, 0xa5, 0x98, 0x0d, 0x11, 0x1b, 0x0c,
    0x07, 0x9b, 0x1b, 0x93, 0x19, 0xa2, 0x24, 0x90, 0xa1, 0x22, 0x9a, 0x16,
    0x93, 0xa1, 0x24, 0x17, 0x30, 0x98, 0xa0, 0x89, 0x1d, 0x9e, 0xa3, 0x99,
    0x0d, 0x22, 0x19, 0x98, 0x9d, 0xa4, 0xa3, 0x8c, 0x1e, 0x9f, 0x9e, 0x87,
    0x2a, 0x1b, 0xa1, 0xa8, 0x95, 0xa5, 0xa0, 0x98, 0x25, 0x1e, 0x8a, 0x9a,
    0x14, 0xa5, 0x1f, 0x92, 0x2e, 0x9a, 0x20, 0x83, 0xa0, 0x24, 0x90, 0xa0,
    0x9b, 0x26, 0x01, 0x91, 0x1c, 0xa6, 0x13, 0xa0, 0x05, 0x93, 0x1b, 0x83,
    0xa2, 0x21, 0x23, 0x1e, 0x17, 0x1b, 0x96, 0xa7, 0xa2, 0x03, 0x19, 0xa9,
    0x22, 0xa0, 0x90, 0x21, 0xa8, 0x18, 0x90, 0x9a, 0x91, 0xa4, 0x17, 0xa7,
    0x25, 0x14, 0x17, 0x82, 0x9b, 0x22, 0x89, 0x14, 0x0f, 0x22, 0x9d, 0x21,
    0x9a, 0x15, 0x1a, 0x1b, 0x1c, 0xa1, 0xa8, 0x14, 0xa1, 0x9c, 0x06, 0x26,
    0x97, 0x29, 0x89, 0xa3, 0x87, 0x1a, 0x28, 0x9d, 0x04, 0x9a, 0x99, 0x9b,
    0x91, 0x1e, 0x21, 0xa0, 0x21, 0x90, 0xa0, 0x21, 0x2b, 0x80, 0x96, 0x0c,
    0x0c, 0x99, 0x87, 0x18, 0x09, 0x15, 0x0e, 0x9f, 0x0d, 0x09, 0x98, 0x0a,
    0x24, 0x24, 0x23, 0x0c, 0x19, 0x90, 0x22, 0x15, 0xa2, 0x11, 0x1e, 0x01,
    0x18, 0x1b, 0x9c, 0x92, 0x9c, 0x1f, 0x9e, 0x21, 0x13, 0x1e, 0xa0, 0x10,
    0xa2, 0x94, 0x19, 0x0a, 0x98, 0x1c, 0x13, 0x14, 0x17, 0x82, 0x14, 0xa2,
    0x1f, 0x97, 0x1f, 0xa8, 0xa2, 0x1a, 0x1a, 0x1e, 0x28, 0x1d, 0xa2, 0x0f,
    0x9c, 0x9d, 0xa6, 0x26, 0x9b, 0x9d, 0xa4, 0x84, 0x1e, 0x22, 0x1c, 0x16,
    0xaa, 0x9c, 0x21, 0x90, 0x20, 0x98, 0x96, 0x22, 0x23, 0x03, 0x13, 0x20,
    0x98, 0x1d, 0x9d, 0x24, 0x8a, 0x9d, 0x0a, 0x99, 0x93, 0xa2, 0x0a, 0x18,
    0x8b, 0x1e, 0x98, 0x1b, 0x22, 0x1a, 0x1a, 0x04, 0xa6, 0x94, 0x2a, 0x03,
    0x28, 0x25, 0x22, 0x00, 0x24, 0x13, 0x90, 0xa8, 0x99, 0x99, 0x9c, 0x01,
    0x21, 0x98, 0x27, 0x92, 0x1a, 0x13, 0x1a, 0x8d, 0x18, 0x98, 0x29, 0x21,
    0xa4, 0x96, 0x23, 0x08, 0x1a, 0xa2, 0x20, 0x17, 0x8b, 0x00, 0x1a, 0x9c,
    0x16, 0x17, 0x1a, 0x96, 0x87, 0x22, 0x18, 0x99, 0x95, 0x9c, 0x9b, 0x22,
    0x9c, 0x9d, 0x82, 0x10, 0x98, 0x17, 0x92, 0x00, 0x89, 0x20, 0x1f, 0x04,
    0x15, 0x1d, 0x99, 0x83, 0x2a, 0x8c, 0xa3, 0x1c, 0x1f, 0x82, 0x94, 0x9b,
    0x19, 0x93, 0xa1, 0x1b, 0x8d, 0x23, 0x1d, 0x03, 0x90, 0x92, 0x1e, 0x1b,
    0x23, 0x02, 0xa1, 0x1d, 0x1f, 0x8c, 0x8a, 0x23, 0x1c, 0x20, 0xa5, 0x28,
    0x9b, 0x1c, 0x82, 0xa0, 0x26, 0x91, 0x8b, 0x1b, 0x15, 0x9d, 0x21, 0x94,
    0x0d, 0x1e, 0x25, 0x9b, 0xa5, 0x9f, 0x13, 0x1a, 0x03, 0x9a, 0x11, 0x1f,
    0x1b, 0x0e, 0x8d, 0xa1, 0x8a, 0x02, 0x24, 0x19, 0x8b, 0x9d, 0x28, 0x23,
    0xa2, 0x9d, 0x1d, 0x22, 0x19, 0x0c, 0xa0, 0x99, 0x9f, 0x10, 0x13, 0x97,
    0x91, 0x82, 0x1a, 0x8f, 0x21, 0x95, 0x00, 0x10, 0x20, 0x13, 0x9b, 0x27,
    0x17, 0x18, 0x8d, 0x84, 0x15, 0x9d, 0xa0, 0x99, 0x28, 0x99, 0x11, 0x9a,
    0x98, 0x9d, 0x9e, 0x1d, 0x94, 0x1a, 0x9c, 0x1d, 0x9b, 0xa5, 0x8f, 0x25,
    0x92, 0x9f, 0x17, 0x97, 0x14, 0x91, 0x97, 0x1f, 0x96, 0x1e, 0x1a, 0x91,
    0xa5, 0x87, 0x9e, 0x19, 0x18, 0x1e, 0xa3, 0x10, 0xa4, 0x85, 0xa8, 0xa0,
    0x9f, 0x87, 0x1a, 0x9e, 0x97, 0x04, 0x0c, 0x8e, 0x08, 0x00, 0x1d, 0x9e,
    0x1a, 0x24, 0x28, 0x1a, 0x05, 0x98, 0x28, 0xa3, 0xa1, 0x94, 0x9f, 0x0f,
    0x13, 0xa6, 0x21, 0x0c, 0x93, 0x81, 0x9b, 0x03, 0x92, 0x9c, 0x8e, 0xab,
    0x81, 0x05, 0x00, 0x19, 0x12, 0x99, 0x99, 0x1d, 0x19, 0x14, 0x16, 0x05,
    0x81, 0x1d, 0x8e, 0x1d, 0x85, 0x84, 0x9c, 0x9e, 0xa2, 0xa4, 0x84, 0x94,
    0x9a, 0x25, 0x88, 0x26, 0x21, 0x98, 0x1a, 0x1f, 0x0e, 0x9c, 0x9e, 0xa2,
    0x90, 0x95, 0x12, 0x1a, 0xa2, 0xa4, 0x13, 0xa4, 0x14, 0x19, 0x1d, 0xa0,
    0xa0, 0xa4, 0x87, 0xa0, 0x0f, 0x8c, 0x15, 0x9a, 0x9d, 0xa1, 0x88, 0x21,
    0xa4, 0x07, 0x9f, 0xa1, 0x1d, 0x15, 0x27, 0x18, 0x26, 0x98, 0x9d, 0x10,
    0x1a, 0x98, 0x15, 0x13, 0x9d, 0x9d, 0x98, 0x1d, 0x15, 0x98, 0xa4, 0x11,
    0x21, 0x8d, 0x8b, 0x89, 0x0b, 0x9f, 0x9b, 0x0c, 0x9d, 0xa6, 0x86, 0x1e,
    0x28, 0x8e, 0x1b, 0x99, 0x00, 0x20, 0x12, 0x03, 0x96, 0x99, 0x17, 0x0c,
    0x09, 0x8d, 0x89, 0x91, 0x29, 0x03, 0x1f, 0x26, 0x0d, 0xa2, 0x90, 0x17,
    0x9e, 0x90, 0x96, 0x9c, 0x05, 0x1d, 0x89, 0x1a, 0x19, 0x93, 0x07, 0x97,
    0x19, 0x92, 0x26, 0xa4, 0xa3, 0x28, 0x99, 0x05, 0x02, 0x99, 0x1b, 0x9a,
    0x9f, 0x9d, 0x15, 0x14, 0x8f, 0x97, 0x19, 0x83, 0xa1, 0xa0, 0x98, 0x92,
    0xa6, 0x9c, 0x8c, 0x1e, 0x28, 0x9c, 0x9a, 0x8d, 0x1a, 0xa0, 0x9a, 0x02,
    0x9d, 0x1e, 0x9a, 0x9e, 0x13, 0x12, 0x9f, 0x0d, 0x15, 0x0a, 0x21, 0x93,
    0x9c, 0x82, 0x12, 0x21, 0xa1, 0x89, 0x02, 0xa1, 0x97, 0x22, 0xa4, 0xa0,
    0x03, 0x21, 0xa0, 0x1b, 0x91, 0x10, 0x07, 0x99, 0xa2, 0x8a, 0x8c, 0x86,
    0x14, 0x82, 0x07, 0x18, 0x85, 0x9b, 0x13, 0x9d, 0x81, 0xa0, 0x23, 0xa3,
    0x9c, 0x10, 0x19, 0x8b, 0x1e, 0x0e, 0x0f, 0x0e, 0xa3, 0x1f, 0xa3, 0x01,
    0x9f, 0x8d, 0x9f, 0x06, 0x03, 0x11, 0x93, 0x18, 0x82, 0x81, 0x03, 0x9a,
    0x11, 0x8e, 0x92, 0x20, 0x20, 0x21, 0x81, 0x22, 0x0d, 0x90, 0x1e, 0x26,
    0x08, 0x06, 0x1c, 0x19, 0x23, 0x9b, 0x94, 0x95, 0xa5, 0x1c, 0x81, 0x98,
    0x20, 0x10, 0x26, 0x1a, 0x15, 0x0b, 0x1e, 0x1b, 0x1d, 0x28, 0x13, 0x13,
    0x19, 0x1d, 0x9e, 0xa6, 0x03, 0x07, 0x98, 0x1b, 0x16, 0x98, 0x86, 0x0d,
    0x92, 0x1f, 0x1f, 0x0d, 0x02, 0x92, 0x21, 0x1f, 0x97, 0x21, 0x23, 0x13,
    0xa2, 0x9c, 0x24, 0x24, 0x9d, 0x8d, 0x02, 0xa3, 0x04, 0x96, 0x18, 0x86,
    0xa3, 0x14, 0x16, 0xa3, 0x1e, 0x9b, 0xa6, 0x26, 0x98, 0x90, 0x1e, 0x15,
    0x9c, 0x09, 0x9b, 0x19, 0x10, 0x20, 0x19, 0xa4, 0x97, 0x29, 0x96, 0x8b,
    0x23, 0x20, 0x9e, 0x81, 0x24, 0x1d, 0x12, 0x93, 0x18, 0xa2, 0x8b, 0x20,
    0x11, 0x17, 0x1b, 0x02, 0x20, 0x25, 0x1b, 0x20, 0x99, 0x07, 0xa3, 0x8a,
    0x16, 0x8c, 0x03, 0x19, 0x85, 0x1a, 0xa4, 0x1d, 0x02, 0x1e, 0x20, 0x97,
    0x16, 0x9f, 0x95, 0x0d, 0x90, 0x9c, 0x21, 0x91, 0x08, 0x16, 0x21, 0x9c,
    0xa5, 0xa0, 0x14, 0x05, 0x86, 0x9e, 0x1c, 0x13, 0x91, 0x05, 0x1d, 0x99,
    0x0f, 0x1b, 0x03, 0x27, 0x12, 0x84, 0x23, 0x1a, 0x9d, 0x9a, 0x28, 0x90,
    0x06, 0x1e, 0x24, 0x13, 0x92, 0x13, 0x98, 0x18, 0x1a, 0x0e, 0x1c, 0x19,
    0x24, 0x83, 0x12, 0x83, 0x1d, 0x1c, 0xa1, 0x86, 0x21, 0x92, 0x09, 0x8c,
    0x21, 0x9d, 0x07, 0x98, 0x22, 0x19, 0x1d, 0x20, 0x05, 0x9f, 0x0e, 0x92,
    0x98, 0x16, 0x9b, 0x1f, 0x9b, 0xa7, 0x9b, 0x25, 0xa1, 0x1b, 0x11, 0x94,
    0x82, 0x20, 0x92, 0x19, 0x9f, 0x08, 0x1b, 0x88, 0xa1, 0x08, 0x9a, 0x26,
    0x18, 0x12, 0xa4, 0x1e, 0x9b, 0x1a, 0x8e, 0xa1, 0x91, 0x90, 0x16, 0x8c,
    0x13, 0x16, 0x05, 0x89, 0x0a, 0xa1, 0x83, 0x9e, 0x23, 0x99, 0x28, 0x19,
    0x1f, 0x23, 0x1d, 0x0a, 0xa3, 0x03, 0x93, 0x10, 0x01, 0xa6, 0x23, 0x1c,
    0x9d, 0x04, 0x19, 0x91, 0x9c, 0x97, 0x17, 0xa3, 0x97, 0x99, 0x87, 0x17,
    0x13, 0x96, 0x11, 0x1d, 0xa0, 0x95, 0xa2, 0x94, 0x0b, 0x21, 0x1d, 0x0b,
    0x27, 0x8d, 0x9d, 0x8f, 0x93, 0xa1, 0x1c, 0x14, 0x90, 0x10, 0x9a, 0x16,
    0x98, 0xa1, 0x04, 0x21, 0x05, 0x02, 0x9a, 0x98, 0x9d, 0x98, 0x83, 0x13,
    0x9e, 0x04, 0x1f, 0xa0, 0x05, 0x1c, 0x22, 0x9e, 0x9f, 0xa5, 0x9a, 0x94,
    0x82, 0x86, 0x19, 0x91, 0xa1, 0x8c, 0xa6, 0x1b, 0x98, 0x02, 0x9e, 0xa2,
    0x96, 0x8c, 0x23, 0x1c, 0x23, 0x8e, 0x9d, 0x0d, 0x95, 0x9d, 0xa6, 0x1e,
    0x9f, 0x86, 0x99, 0x1d, 0x8d, 0x95, 0xa5, 0x90, 0x15, 0x13, 0x25, 0x8d,
    0x9c, 0x10, 0x95, 0x1b, 0x9f, 0xa5, 0x15, 0x95, 0x29, 0x9d, 0x1a, 0xa4,
    0xa2, 0x1d, 0x24, 0x23, 0x19, 0x06, 0x22, 0x9a, 0x9d, 0x0c, 0x8f, 0x96,
    0x12, 0x09, 0x06, 0x21, 0x92, 0x96, 0x22, 0x06, 0x95, 0x9a, 0xa4, 0x96,
    0x85, 0x21, 0x85, 0x01, 0x08, 0x8f, 0x92, 0x01, 0x17, 0x13, 0x19, 0xa2,
    0x97, 0x27, 0x04, 0x9f, 0x1b, 0x1a, 0x87, 0xa2, 0x9e, 0x9a, 0x1c, 0x0b,
    0x9a, 0x87, 0x94, 0x09, 0x8c, 0x0c, 0x98, 0x98, 0xa0, 0x95, 0x0f, 0x19,
    0x2b, 0x90, 0x00, 0x18, 0x21, 0x9d, 0x8e, 0x0a, 0x92, 0x1b, 0x9f, 0xa4,
    0x11, 0x83, 0x85, 0x07, 0x8a, 0x1f, 0x20, 0x80, 0x87, 0x8d, 0x21, 0x20,
    0xa0, 0x85, 0x9f, 0xa0, 0x07, 0x1d, 0x9c, 0xa4, 0x16, 0x21, 0x0e, 0x19,
    0x23, 0x19, 0x99, 0x94, 0xa5, 0x97, 0x96, 0x93, 0x16, 0x81, 0x1f, 0x11,
    0x84, 0xa1, 0x28, 0x14, 0x19, 0x9a, 0x1e, 0xa4, 0x9c, 0x22, 0xa6, 0x05,
    0x16, 0x21, 0x08, 0x19, 0x9e, 0x8f, 0xa4, 0x0f, 0xa0, 0xa0, 0x98, 0x93,
    0x91, 0x1a, 0x91, 0x9b, 0x98, 0x9b, 0x8e, 0x9e, 0x1a, 0x85, 0x93, 0x1a,
    0x26, 0x08, 0x9e, 0x26, 0x8f, 0x1d, 0xa1, 0x21, 0x9e, 0x0a, 0x99, 0x98,
    0x12, 0xa1, 0x23, 0x98, 0x8d, 0x1b, 0x13, 0x19, 0x92, 0x91, 0x22, 0x87,
    0x9b, 0x1d, 0x1e, 0x10, 0x22, 0x29, 0x18, 0xa1, 0x20, 0x13, 0xa6, 0xa1,
    0x8f, 0x90, 0x14, 0xa0, 0x1b, 0x04, 0x19, 0x96, 0x95, 0x11, 0x9a, 0x86,
    0xa1, 0x81, 0x12, 0x22, 0x02, 0x14, 0x2b, 0x11, 0x9a, 0x9d, 0x21, 0x06,
    0x96, 0x8c, 0x2a, 0x96, 0x2a, 0x94, 0x20, 0x87, 0xa6, 0x12, 0xa9, 0xa8,
    0xa8, 0x86, 0xa8, 0x20, 0xa5, 0x9d, 0x9e, 0x19, 0x9f, 0x1b, 0x03, 0x99,
    0x15, 0x03, 0x24, 0xa0, 0x98, 0x23, 0xa2, 0x98, 0x26, 0x8f, 0xa3, 0x02,
    0x02, 0x0b, 0x99, 0x02, 0x07, 0x12, 0xa1, 0x07, 0x1b, 0x1c, 0x19, 0x81,
    0x98, 0x17, 0x1a, 0x92, 0x94, 0x9c, 0x9f, 0x1b, 0x19, 0x9c, 0x98, 0x1f,
    0x95, 0x13, 0xa4, 0x22, 0xa0, 0x08, 0x1d, 0x9d, 0x23, 0x9e, 0x92, 0x16,
    0x82, 0x9f, 0x1b, 0x9a, 0x9c, 0x1c, 0x26, 0x9f, 0xa1, 0x08, 0x96, 0x12,
    0x05, 0x9c, 0x12, 0x17, 0x14, 0x89, 0x26, 0x98, 0x19, 0x06, 0x18, 0x1d,
    0x23, 0x20, 0x2b, 0x15, 0x27, 0xa2, 0x19, 0x03, 0x97, 0x1b, 0x20, 0x85,
    0xa5, 0x0b, 0x9d, 0x8f, 0x14, 0x21, 0x29, 0x1b, 0x89, 0x9a, 0xa0, 0x9b,
    0x1f, 0x9e, 0xa4, 0x24, 0x13, 0x1a, 0x22, 0x94, 0x1d, 0x09, 0x1c, 0x9b,
    0x21, 0x19, 0x16, 0x1e, 0x9b, 0x95, 0xa7, 0x83, 0x94, 0x06, 0xa2, 0x25,
    0x9c, 0xa6, 0xa1, 0x26, 0x93, 0x90, 0x20, 0x00, 0x0c, 0x24, 0x16, 0x0f,
    0x02, 0x03, 0x0e, 0x8d, 0xa8, 0x1f, 0x1b, 0x1e, 0x0b, 0x08, 0xa4, 0x21,
    0xa5, 0x21, 0x09, 0xa7, 0x8c, 0x8c, 0x10, 0x06, 0x86, 0x1c, 0x11, 0x10,
    0x1b, 0x98, 0x9b, 0x94, 0x16, 0x9d, 0x14, 0x24, 0x9b, 0x08, 0x08, 0x11,
    0xa3, 0x11, 0x97, 0x17, 0x81, 0xa1, 0x1e, 0x18, 0x83, 0x1d, 0x1b, 0x19,
    0x1a, 0xa4, 0x95, 0xa5, 0x05, 0xa0, 0x9b, 0x92, 0x1b, 0x92, 0x9d, 0x83,
    0x10, 0x92, 0x1a, 0x11, 0x15, 0x1c, 0x1a, 0x9c, 0x25, 0x9d, 0xa4, 0x8d,
    0x08, 0xa4, 0x18, 0x18, 0x19, 0x1d, 0x99, 0x0c, 0x9b, 0x9b, 0x04, 0x20,
    0x9a, 0x09, 0x93, 0x99, 0x1c, 0xa1, 0x9f, 0x13, 0xa3, 0x06, 0x20, 0x98,
    0x21, 0x19, 0x20, 0x99, 0x98, 0xa2, 0x95, 0xa0, 0x9b, 0x18, 0x13, 0x9b,
    0x90, 0x9a, 0x9d, 0x11, 0xa5, 0x12, 0x0e, 0xa4, 0x9d, 0xa0, 0x09, 0x14,
    0x28, 0x9e, 0x19, 0x99, 0x91, 0x84, 0xa1, 0x93, 0xa8, 0x9b, 0x8d, 0x1e,
    0x0c, 0x9c, 0xa1, 0x9c, 0x1e, 0x81, 0x14, 0x93, 0x90, 0x81, 0x1b, 0x93,
    0x98, 0xa5, 0x26, 0xa0, 0x21, 0x14, 0x27, 0x03, 0x97, 0x9c, 0x05, 0x0d,
    0x16, 0x0d, 0x10, 0x99, 0x1b, 0x16, 0x16, 0x82, 0x97, 0x9a, 0x07, 0x22,
    0x8a, 0x9a, 0x25, 0x17, 0xa8, 0x00, 0x9a, 0xa4, 0x9a, 0x1e, 0x84, 0x13,
    0x27, 0x9f, 0x85, 0x9a, 0x1f, 0x9c, 0x22, 0xa4, 0x94, 0x1c, 0x0b, 0x8b,
    0x18, 0x10, 0x20, 0x9e, 0xa0, 0x99, 0x11, 0x0a, 0xa2, 0x93, 0x95, 0xa0,
    0xa4, 0x95, 0x13, 0x16, 0x9b, 0x00, 0x8b, 0x1e, 0x2b, 0x88, 0x9a, 0x0a,
    0x13, 0x06, 0x89, 0x02, 0x11, 0x18, 0x1d, 0x82, 0x94, 0x16, 0x07, 0x1c,
    0x13, 0x02, 0x03, 0x1b, 0x05, 0x82, 0x9c, 0x18, 0x90, 0x9d, 0x0a, 0x1d,
    0x93, 0x98, 0x24, 0x80, 0xa2, 0x1d, 0xa0, 0x22, 0x1d, 0x1d, 0x86, 0x86,
    0x98, 0x20, 0x0d, 0x9a, 0x03, 0x1d, 0x20, 0x0f, 0x02, 0xa8, 0xa3, 0x9b,
    0x13, 0x99, 0x92, 0xa4, 0x81, 0x1b, 0x22, 0x83, 0x06, 0x04, 0x89, 0x99,
    0x12, 0x0d, 0x95, 0x1f, 0x23, 0x23, 0x18, 0xa2, 0x1b, 0x23, 0x19, 0x89,
    0xa0, 0x9b, 0x82, 0x94, 0x12, 0x1a, 0x03, 0x23, 0x1e, 0x86, 0x12, 0x1d,
    0x92, 0x21, 0xa2, 0x27, 0x1a, 0x06, 0x07, 0x8c, 0x16, 0x00, 0x22, 0x23,
    0x19, 0x25, 0x9f, 0x14, 0x26, 0x0b, 0x85, 0x91, 0xa1, 0x8f, 0x1f, 0x93,
    0x1f, 0x21, 0x01, 0x17, 0x21, 0x1f, 0x06, 0xab, 0x09, 0x1f, 0x89, 0x18,
    0x03, 0xa3, 0x21, 0x1c, 0x21, 0x99, 0x04, 0x98, 0x82, 0x9e, 0x26, 0x1b,
    0xa6, 0xa1, 0x1c, 0x15, 0x22, 0xa2, 0x04, 0x24, 0x9b, 0x19, 0x98, 0x9b,
    0x82, 0x16, 0x89, 0x0c, 0x1a, 0x84, 0x83, 0x94, 0x96, 0x9e, 0x19, 0x20,
    0x03, 0xa0, 0x14, 0x05, 0x15, 0x14, 0x17, 0x88, 0x99, 0x19, 0x9e, 0x81,
    0x22, 0x13, 0x1e, 0x89, 0x01, 0x11, 0x9e, 0x86, 0x1b, 0x18, 0x1c, 0x1e,
    0x01, 0x9b, 0x16, 0xa2, 0x84, 0x23, 0x97, 0x15, 0x19, 0x98, 0x9f, 0x10,
    0x2c, 0x1e, 0x9e, 0x8c, 0x16, 0x1d, 0xa2, 0x17, 0x92, 0x1a, 0x99, 0x24,
    0x91, 0x1e, 0x80, 0x92, 0x21, 0x03, 0x20, 0x84, 0x1d, 0x8a, 0x82, 0x82,
    0x19, 0x1c, 0x25, 0x98, 0x9d, 0xa1, 0x15, 0x19, 0x19, 0x86, 0x04, 0x8b,
    0x1b, 0x0c, 0x02, 0x9d, 0x0b, 0x1a, 0x23, 0x24, 0x92, 0x8d, 0x23, 0x27,
    0xa3, 0x9b, 0x85, 0x12, 0x0e, 0x94, 0xa5, 0x90, 0x03, 0x1e, 0x13, 0x98,
    0x89, 0xa1, 0xa0, 0x93, 0x20, 0x1d, 0x20, 0x14, 0x8c, 0x97, 0x8c, 0x16,
    0x16, 0x16, 0x90, 0x85, 0x05, 0x9d, 0xa3, 0x0e, 0x1e, 0x9c, 0x1e, 0x9d,
    0x0f, 0x98, 0x1a, 0x8f, 0x16, 0x1f, 0x11, 0x06, 0x07, 0xa5, 0x1a, 0x29,
    0x81, 0x18, 0xa2, 0x98, 0x12, 0x96, 0x9c, 0x23, 0x87, 0x11, 0x14, 0x99,
    0x03, 0x97, 0x95, 0x16, 0x84, 0x1b, 0xa8, 0x9c, 0x98, 0x94, 0xa7, 0x95,
    0x05, 0x92, 0x1f, 0xa4, 0xa0, 0x13, 0x13, 0x11, 0x14, 0x19, 0x1f, 0x94,
    0x05, 0x20, 0x8b, 0x9e, 0x88, 0x14, 0x21, 0x9a, 0x20, 0x0b, 0x9d, 0x1a,
    0x19, 0x9a, 0x19, 0x8d, 0x99, 0x95, 0x9a, 0x15, 0x8a, 0x9c, 0x90, 0xa9,
    0x11, 0x21, 0x16, 0x12, 0x05, 0x09, 0x83, 0x21, 0x24, 0x24, 0x25, 0x9f,
    0x06, 0x88, 0x82, 0x23, 0xa2, 0x0b, 0x8e, 0xa3, 0xa3, 0x06, 0x9a, 0x9d,
    0xa0, 0x21, 0x82, 0x86, 0x23, 0x8d, 0x1f, 0x1e, 0x16, 0x97, 0x09, 0xa0,
    0x21, 0x93, 0x90, 0x1a, 0x8c, 0xa4, 0x8f, 0x13, 0x99, 0x81, 0x97, 0x97,
    0x09, 0xa1, 0x20, 0x89, 0x1b, 0x83, 0xa3, 0x83, 0x88, 0xa2, 0x20, 0x18,
    0x8e, 0x12, 0x0e, 0x96, 0x1c, 0x01, 0x25, 0x06, 0x24, 0x18, 0xa2, 0x19,
    0x1e, 0x1c, 0x21, 0x24, 0x96, 0xa0, 0x92, 0x19, 0x24, 0x15, 0x9b, 0x25,
    0x26, 0x9d, 0xa2, 0x85, 0x19, 0x9d, 0x87, 0x91, 0x8a, 0x9c, 0x18, 0x24,
    0x19, 0x8c, 0x18, 0xa0, 0x13, 0x1f, 0x1e, 0x11, 0x8b, 0x0c, 0x87, 0x19,
    0x1d, 0x06, 0x90, 0x97, 0x29, 0x0d, 0x10, 0x24, 0x03, 0x90, 0xa1, 0x0b,
    0x95, 0x99, 0x11, 0x87, 0x22, 0x16, 0x97, 0x03, 0x0b, 0x07, 0x16, 0x01,
    0x88, 0x04, 0x21, 0x9d, 0x96, 0x8f, 0xa6, 0xa3, 0x1a, 0x1b, 0x9a, 0x8f,
    0x90, 0x99, 0x95, 0x03, 0x9b, 0x9a, 0x0f, 0x14, 0x8d, 0x9d, 0x99, 0x9a,
    0xa1, 0x9b, 0x12, 0x83, 0x18, 0xa3, 0x08, 0x12, 0x1f, 0x9b, 0xa3, 0x91,
    0x9b, 0x19, 0x04, 0x22, 0x1c, 0x29, 0x99, 0x21, 0x8d, 0xa1, 0x98, 0x9b,
    0x9b, 0x84, 0xa2, 0x18, 0x8d, 0x03, 0x1c, 0x21, 0x97, 0x8e, 0x21, 0x1b,
    0x8b, 0x1a, 0x9e, 0x9a, 0xa2, 0x89, 0x23, 0x06, 0x12, 0x04, 0x0b, 0x9f,
    0x1b, 0x9a, 0x1e, 0x9e, 0x8f, 0x13, 0x9a, 0x10, 0x92, 0x1a, 0x92, 0x0d,
    0x22, 0x9c, 0x22, 0x0d, 0x0c, 0xa5, 0x26, 0xa9, 0x98, 0x22, 0x13, 0x96,
    0x0f, 0x24, 0x05, 0x0b, 0x0d, 0x0f, 0x19, 0x23, 0x84, 0x1a, 0x83, 0x9f,
    0x97, 0x14, 0xa5, 0x99, 0x14, 0x07, 0x1a, 0xa3, 0xa2, 0x9b, 0x24, 0x94,
    0x19, 0x98, 0x25, 0x19, 0x2a, 0x9b, 0x16, 0x9f, 0x9d, 0xa1, 0xa3, 0x86,
    0x99, 0x9a, 0x19, 0x9b, 0x1d, 0x9a, 0xa7, 0x9b, 0x92, 0xa2, 0x99, 0x20,
    0x9c, 0x94, 0x99, 0x92, 0x8f, 0x1c, 0x9d, 0x04, 0x19, 0x21, 0xa9, 0x1a,
    0x21, 0x8a, 0x8c, 0x22, 0x19, 0x97, 0x97, 0x8d, 0x17, 0x1d, 0x0c, 0x1b,
    0x88, 0xa3, 0x09, 0xa0, 0xa0, 0x1c, 0xaa, 0x9a, 0x8a, 0x17, 0x9e, 0x27,
    0x1a, 0x9a, 0x19, 0x1a, 0x18, 0x8e, 0x1e, 0x06, 0x18, 0x8f, 0x22, 0x83,
    0x20, 0x1f, 0x0a, 0x0e, 0x18, 0x98, 0xa3, 0x99, 0x96, 0x04, 0x16, 0x06,
    0xa9, 0x22, 0x20, 0x19, 0x8e, 0x25, 0xa2, 0x08, 0x0e, 0x96, 0xa0, 0x1e,
    0x20, 0x08, 0x22, 0x24, 0x27, 0x1e, 0xa3, 0x93, 0x82, 0x91, 0x22, 0x9b,
    0x9b, 0x13, 0x9b, 0x9c, 0xa9, 0x88, 0x98, 0x85, 0x21, 0x98, 0x1a, 0x9c,
    0x81, 0x12, 0x1a, 0xa6, 0x96, 0x24, 0x18, 0x05, 0x8c, 0x06, 0x05, 0x1c,
    0x1d, 0x8f, 0x1b, 0x99, 0x12, 0x06, 0x9d, 0xa3, 0x95, 0x11, 0x9a, 0x1c,
    0xa0, 0x18, 0x96, 0x1f, 0x1a, 0x13, 0xa3, 0x1a, 0x07, 0x1e, 0x21, 0xa5,
    0x11, 0x21, 0x19, 0x1e, 0x19, 0x93, 0x0d, 0x9a, 0x24, 0x03, 0x9d, 0x99,
    0x9b, 0x1d, 0x20, 0x1b, 0x8b, 0x23, 0x96, 0xa0, 0x88, 0x9f, 0x9b, 0x1a,
    0x18, 0x0e, 0x11, 0x23, 0x01, 0x1c, 0x1a, 0x01, 0x23, 0x9c, 0x2a, 0x9b,
    0x1f, 0x19, 0x22, 0x9e, 0x9a, 0x19, 0x13, 0x1f, 0x91, 0x21, 0x99, 0x18,
    0x07, 0xa1, 0x95, 0x19, 0x91, 0x19, 0x0e, 0x19, 0x22, 0xa1, 0x9d, 0xa0,
    0x9c, 0x9a, 0x1c, 0x09, 0x24, 0x22, 0x1c, 0x25, 0x22, 0x9e, 0x20, 0x82,
    0x26, 0x9d, 0x8e, 0x9d, 0x83, 0x21, 0xa0, 0x0e, 0x9f, 0x09, 0xa5, 0x9d,
    0x24, 0x22, 0x16, 0x0f, 0x19, 0x1a, 0x00, 0x10, 0x16, 0x9f, 0x14, 0x86,
    0xa8, 0x1b, 0x00, 0x9a, 0x01, 0x16, 0x1b, 0x17, 0x88, 0x98, 0x95, 0x05,
    0x97, 0x19, 0x20, 0x14, 0xa8, 0x8a, 0x1d, 0xa5, 0x14, 0x90, 0x1d, 0x89,
    0xa5, 0x14, 0x8b, 0xa0, 0x1c, 0x9d, 0xa7, 0x1f, 0x1d, 0xa5, 0x14, 0xa7,
    0x18, 0x0e, 0xa2, 0x99, 0x0b, 0x18, 0x1f, 0x18, 0xa1, 0x0c, 0x91, 0xa0,
    0x23, 0x25, 0x01, 0x23, 0x9f, 0x9c, 0x1e, 0x93, 0x1f, 0x18, 0xa2, 0x9c,
    0x08, 0x86, 0x98, 0x15, 0x8c, 0xa4, 0x9b, 0xa3, 0x20, 0x1b, 0x19, 0x0e,
    0xa0, 0x11, 0x02, 0xa2, 0xa4, 0x25, 0xa6, 0x18, 0xa1, 0x99, 0x9c, 0x18,
    0x20, 0x9b, 0x1b, 0x00, 0x13, 0x9e, 0x1d, 0x97, 0xa3, 0x9d, 0x2b, 0x11,
    0x11, 0xa5, 0x95, 0x04, 0x88, 0x13, 0x20, 0x1c, 0x99, 0x8a, 0xa2, 0x83,
    0x0b, 0x2a, 0x14, 0x20, 0x21, 0x05, 0x23, 0xa3, 0x9e, 0x27, 0xa5, 0x16,
    0x8a, 0x21, 0x9d, 0xa9, 0x9f, 0x13, 0x1a, 0x8d, 0x1c, 0x0e, 0x9c, 0x24,
    0x8f, 0x26, 0x22, 0x9e, 0x0d, 0x12, 0xa1, 0x1c, 0x0a, 0x23, 0xa4, 0x1c,
    0x1a, 0xa3, 0xa1, 0x91, 0x8a, 0x25, 0xaa, 0x25, 0x83, 0x92, 0x25, 0x89,
    0x19, 0x1a, 0x01, 0x17, 0x1c, 0x26, 0x08, 0x9f, 0x88, 0x97, 0x98, 0x97,
    0x29, 0x9a, 0x03, 0x19, 0x18, 0x9b, 0x9d, 0x0a, 0x95, 0x20, 0x8e, 0x99,
    0x01, 0x03, 0x16, 0x09, 0x9b, 0x18, 0x9b, 0x1b, 0xa1, 0x17, 0x92, 0x19,
    0x09, 0xa2, 0x0a, 0x1d, 0x0c, 0x19, 0x10, 0x9d, 0x06, 0x89, 0x95, 0x17,
    0x1d, 0x16, 0x21, 0x89, 0xa0, 0x21, 0x81, 0x9d, 0x0f, 0x96, 0x26, 0x04,
    0x99, 0xa8, 0x0d, 0x06, 0x18, 0x99, 0x99, 0x9f, 0x14, 0x23, 0x92, 0x93,
    0x9a, 0x20, 0x11, 0x96, 0x9f, 0x9d, 0x05, 0x08, 0x90, 0xa1, 0x14, 0x8f,
    0xa3, 0x22, 0xa1, 0xa9, 0x9c, 0x84, 0x9c, 0xa5, 0x00, 0x13, 0x95, 0x83,
    0x1e, 0x93, 0x9b, 0x1f, 0x99, 0x1a, 0x99, 0x24, 0x0e, 0x22, 0x9e, 0x98,
    0x13, 0xa3, 0x23, 0x99, 0x02, 0x03, 0x9a, 0x24, 0x96, 0x9b, 0x16, 0x90,
    0x10, 0x19, 0x9c, 0x90, 0x86, 0x18, 0x81, 0x99, 0x97, 0x94, 0xa2, 0xa3,
    0x8c, 0x1d, 0x8d, 0x93, 0x8b, 0x05, 0x84, 0x98, 0x03, 0x0f, 0x00, 0x88,
    0x93, 0x85, 0x95, 0x17, 0x89, 0x11, 0x24, 0x8a, 0x9b, 0x8f, 0x8f, 0x1e,
    0xa2, 0x99, 0x8d, 0x94, 0x1f, 0x9e, 0x97, 0x10, 0xa3, 0xa4, 0xa3, 0x9f,
    0xa9, 0x90, 0x89, 0x1c, 0x9d, 0x86, 0x10, 0x86, 0x01, 0x17, 0x8d, 0x9a,
    0x12, 0x93, 0x1b, 0x9a, 0x0d, 0x26, 0x86, 0x97, 0x84, 0x9c, 0x92, 0x0b,
    0x0b, 0x17, 0x8a, 0x1e, 0x85, 0x92, 0x9f, 0x9e, 0x03, 0x20, 0x1e, 0x0f,
    0x09, 0xa1, 0x95, 0x92, 0x9d, 0x0f, 0x24, 0x96, 0x1b, 0x18, 0x1a, 0x13,
    0xa2, 0x06, 0x97, 0x1f, 0x99, 0x03, 0x8f, 0xa3, 0x19, 0xa2, 0x9a, 0x11,
    0x8b, 0x9d, 0x12, 0x8a, 0xa1, 0x1d, 0x20, 0xa2, 0x8b, 0x8d, 0x9c, 0x1b,
    0x17, 0x91, 0x96, 0x8e, 0x15, 0x0d, 0x23, 0x93, 0x8d, 0x20, 0x09, 0x24,
    0x1b, 0x18, 0x11, 0x10, 0x23, 0xa1, 0x84, 0x90, 0xa1, 0x01, 0x91, 0x1b,
    0xa1, 0x83, 0x9f, 0x94, 0x84, 0x1c, 0x07, 0x21, 0x04, 0x93, 0x09, 0x96,
    0x8f, 0x80, 0xa5, 0x8c, 0xa2, 0x19, 0x20, 0x20, 0x23, 0x03, 0x20, 0x94,
    0x0a, 0x1d, 0x24, 0x23, 0x8e, 0x12, 0x9d, 0x1b, 0x98, 0x95, 0x85, 0x21,
    0x90, 0xa7, 0x97, 0x26, 0x93, 0x14, 0x04, 0x15, 0x16, 0x25, 0x21, 0x1a,
    0x06, 0x99, 0x0e, 0x95, 0xa7, 0x1c, 0x17, 0x1a, 0x96, 0x8c, 0x9e, 0x16,
    0x97, 0x22, 0x20, 0x05, 0x16, 0x96, 0x1e, 0x85, 0x04, 0x1f, 0x1c, 0x18,
    0x1c, 0x88, 0x15, 0x1e, 0x98, 0x8d, 0xa2, 0x25, 0x00, 0x1d, 0xa1, 0x20,
    0x86, 0x19, 0x9b, 0x23, 0x1b, 0x9a, 0x1b, 0x85, 0x9b, 0x24, 0x19, 0x20,
    0x20, 0xa2, 0xa2, 0xa2, 0x1c, 0x08, 0x9b, 0xa1, 0x91, 0x99, 0xa7, 0xa1,
    0x10, 0x02, 0x1d, 0x83, 0x1d, 0x1c, 0x1e, 0x9c, 0x9a, 0x9a, 0xa4, 0x92,
    0x02, 0xa8, 0x9d, 0x0e, 0x21, 0x21, 0xa2, 0xa8, 0x04, 0x19, 0x0c, 0x1e,
    0xa1, 0x13, 0x19, 0x0d, 0x22, 0xa0, 0xa1, 0x8d, 0x99, 0x1f, 0x89, 0x1f,
    0x82, 0x08, 0x9e, 0x14, 0x8c, 0x82, 0x17, 0x91, 0x12, 0x12, 0x94, 0x8a,
    0x1a, 0x91, 0x9d, 0x91, 0x95, 0x18, 0x19, 0x9f, 0xa1, 0xa5, 0x0d, 0x1a,
    0x2b, 0x1a, 0x12, 0x8e, 0x93, 0x28, 0x1c, 0x95, 0x9f, 0xa0, 0x02, 0x96,
    0x14, 0x16, 0x01, 0x02, 0x19, 0x92, 0x95, 0x91, 0x06, 0xa1, 0x17, 0x00,
    0x86, 0x9b, 0x28, 0x87, 0x98, 0x19, 0x21, 0x81, 0x1b, 0x93, 0x9b, 0x91,
    0x04, 0x21, 0x9a, 0x96, 0x1a, 0x22, 0x0f, 0x95, 0x99, 0x8c, 0x9d, 0x1f,
    0x9b, 0x0b, 0x26, 0x09, 0xa5, 0x05, 0x20, 0x9a, 0x1d, 0x18, 0x96, 0x9b,
    0x22, 0x97, 0x90, 0x93, 0x8d, 0x95, 0x1f, 0x95, 0x81, 0xa0, 0x13, 0x9f,
    0x1b, 0x26, 0x96, 0x9b, 0x9a, 0x19, 0x06, 0x1a, 0xa0, 0x13, 0xa0, 0xa6,
    0x93, 0x98, 0x1c, 0x1a, 0x15, 0x98, 0x9b, 0x20, 0x2e, 0x1a, 0x1f, 0x23,
    0x10, 0x0e, 0x1a, 0x1b, 0x1c, 0x1a, 0x82, 0x9a, 0x99, 0x98, 0x1b, 0x19,
    0x9a, 0x25, 0x1d, 0x23, 0x1b, 0x1e, 0x20, 0x1b, 0x16, 0x1a, 0xa3, 0xa0,
    0xa1, 0x8d, 0x80, 0x97, 0x9b, 0x0d, 0x9f, 0x22, 0x91, 0x20, 0x96, 0x07,
    0xa0, 0x91, 0x22, 0x84, 0x8a, 0x19, 0x17, 0x02, 0xa1, 0x9b, 0x8b, 0x1a,
    0x17, 0x02, 0x83, 0x9f, 0x13, 0x27, 0x8e, 0x0d, 0x1a, 0x14, 0x92, 0x13,
    0x81, 0x19, 0x99, 0x1e, 0x0a, 0x8a, 0x1d, 0x9a, 0x18, 0x23, 0x09, 0x07,
    0xa5, 0x00, 0x85, 0x01, 0x20, 0x91, 0x93, 0x1e, 0x21, 0x89, 0x1a, 0x22,
    0x98, 0x19, 0xa1, 0x27, 0x04, 0x99, 0xa2, 0x91, 0x9e, 0x10, 0x1e, 0x1d,
    0x21, 0x24, 0x94, 0x1d, 0x21, 0x1d, 0xa0, 0xa1, 0xa4, 0x06, 0x0f, 0x85,
    0x18, 0x13, 0x8d, 0xa2, 0x9c, 0x0a, 0x01, 0xa4, 0x95, 0x9c, 0x12, 0x98,
    0x23, 0x98, 0x25, 0x8d, 0x1d, 0x95, 0x9d, 0x9c, 0x0c, 0x94, 0x16, 0x16,
    0xa4, 0xa7, 0x17, 0x1c, 0x15, 0xa1, 0x13, 0x05, 0xa0, 0x14, 0x13, 0x0c,
    0x15, 0x19, 0x16, 0x8a, 0x1b, 0x18, 0xa2, 0x92, 0xa0, 0x9f, 0x98, 0x21,
    0x24, 0xa9, 0xa3, 0xa0, 0x85, 0x88, 0x04, 0xa4, 0xa5, 0xa1, 0x22, 0x22,
    0x23, 0x20, 0x21, 0x9d, 0x80, 0x9a, 0xa0, 0x95, 0x99, 0x8d, 0x1b, 0x1e,
    0x88, 0x12, 0x14, 0xa5, 0x9c, 0x21, 0xa1, 0x17, 0xa0, 0x9b, 0x9a, 0xa2,
    0x21, 0x91, 0x00, 0x1d, 0x03, 0x9a, 0x83, 0x19, 0x1d, 0x1b, 0xa2, 0x20,
    0x99, 0x1f, 0x10, 0x9a, 0x24, 0x0f, 0x20, 0x1e, 0x1a, 0x8a, 0x82, 0x97,
    0x1e, 0x07, 0x21, 0x9d, 0xa5, 0x1a, 0x1c, 0x25, 0x13, 0x11, 0x1e, 0x1b,
    0x1d, 0x11, 0xa0, 0xa4, 0x0e, 0x03, 0x1d, 0x18, 0x9f, 0x9a, 0x0f, 0x27,
    0xa3, 0x94, 0x91, 0x08, 0x15, 0xa3, 0xa4, 0x96, 0x9b, 0x21, 0x8a, 0x9d,
    0x13, 0xa3, 0x9e, 0x0a, 0x24, 0x97, 0x21, 0x07, 0x10, 0x9c, 0x28, 0x21,
    0x98, 0x22, 0x98, 0x99, 0x9a, 0x95, 0x97, 0x9a, 0x21, 0xa2, 0x1c, 0xa3,
    0x00, 0x20, 0x9d, 0x12, 0x82, 0x0a, 0x11, 0x93, 0x13, 0xa3, 0x85, 0x24,
    0x88, 0x91, 0x94, 0x91, 0x1d, 0xa0, 0x9c, 0x1e, 0x06, 0x20, 0x10, 0x0b,
    0x86, 0x07, 0x02, 0x83, 0x01, 0x13, 0xaa, 0x82, 0xa4, 0xa1, 0xa9, 0x86,
    0x1b, 0x94, 0x19, 0xa0, 0x9b, 0x14, 0x1f, 0x10, 0x14, 0x19, 0x1c, 0x92,
    0x19, 0x26, 0xa0, 0x13, 0x9f, 0x9f, 0x12, 0x83, 0x26, 0x05, 0x92, 0x0d,
    0x16, 0xa2, 0x95, 0x8d, 0x1e, 0xa0, 0xa7, 0x15, 0x02, 0xa2, 0x98, 0xa8,
    0x99, 0x24, 0x1e, 0x87, 0x9e, 0x15, 0x0f, 0x01, 0x24, 0x26, 0x9e, 0x24,
    0x96, 0x14, 0xa1, 0x0f, 0x9a, 0x12, 0x86, 0x98, 0x94, 0x98, 0x99, 0x8e,
    0xa2, 0x1a, 0x9c, 0x16, 0x1c, 0x84, 0x25, 0x83, 0x1a, 0x97, 0xa2, 0x97,
    0x22, 0x90, 0x81, 0x22, 0x14, 0xa0, 0xa1, 0x97, 0x06, 0x03, 0xa7, 0x27,
    0x9f, 0x05, 0x24, 0x14, 0x9d, 0x20, 0x99, 0x1a, 0x1b, 0x26, 0x29, 0x92,
    0x9e, 0x9b, 0xa3, 0x11, 0x16, 0x90, 0x19, 0x9e, 0x1f, 0x1a, 0x83, 0x8c,
    0x21, 0x0c, 0x24, 0x96, 0x83, 0x9e, 0x08, 0x11, 0x1e, 0x20, 0x85, 0x26,
    0x18, 0x83, 0xa5, 0x1a, 0x1e, 0x20, 0x09, 0x99, 0x17, 0xa8, 0x88, 0x29,
    0x12, 0x05, 0x19, 0x10, 0x17, 0x13, 0x04, 0x9d, 0x8f, 0x0e, 0xa0, 0x8f,
    0x1e, 0x20, 0x1c, 0x05, 0x29, 0x0d, 0x23, 0x21, 0x92, 0x87, 0x9f, 0x13,
    0x9e, 0x0e, 0x22, 0xa3, 0x1d, 0x0e, 0x92, 0x1a, 0x8d, 0x11, 0x22, 0x92,
    0x0b, 0x93, 0x27, 0x8e, 0xa4, 0x20, 0x99, 0x22, 0x19, 0x85, 0x99, 0x96,
    0x18, 0xa4, 0x92, 0x86, 0x8e, 0x9d, 0x91, 0x93, 0x9c, 0xa6, 0x21, 0x0d,
    0xa2, 0x04, 0x99, 0x11, 0x2c, 0x17, 0x1a, 0x18, 0x11, 0x19, 0x18, 0x04,
    0x1d, 0x23, 0x1a, 0x1b, 0x12, 0x98, 0x19, 0x20, 0x97, 0x27, 0x1c, 0x1d,
    0x97, 0x28, 0x22, 0x14, 0x26, 0x1d, 0x94, 0x92, 0x94, 0x17, 0xa0, 0x99,
    0x88, 0x92, 0x9b, 0x15, 0xa1, 0x10, 0x22, 0x13, 0x9f, 0x09, 0x25, 0x11,
    0x93, 0x84, 0x18, 0x9b, 0xa1, 0x84, 0x15, 0x1d, 0x05, 0x82, 0x83, 0x9c,
    0x1d, 0x1f, 0x8f, 0x86, 0x1a, 0x1b, 0x14, 0x90, 0x8e, 0x97, 0x9b, 0x8b,
    0x9e, 0x9c, 0x90, 0x91, 0x9e, 0x02, 0x1b, 0x19, 0x07, 0x02, 0x8f, 0x94,
    0x15, 0x09, 0xa2, 0x08, 0x22, 0x19, 0x10, 0x1b, 0x98, 0x90, 0x90, 0x23,
    0x1b, 0x83, 0x99, 0x0f, 0x1f, 0x92, 0x15, 0x8e, 0x18, 0x1b, 0x98, 0x82,
    0x1d, 0x0e, 0x89, 0x86, 0x1e, 0x1e, 0x9d, 0x07, 0x9a, 0x10, 0x82, 0xa2,
    0xa9, 0x9c, 0x04, 0x9b, 0x92, 0x19, 0x0c, 0x99, 0x1a, 0x90, 0x8b, 0x94,
    0x86, 0x11, 0x99, 0x98, 0x18, 0x96, 0xa3, 0x01, 0x9b, 0x92, 0xa0, 0x86,
    0x82, 0x98, 0x0b, 0x1c, 0x9f, 0x09, 0xa1, 0x9b, 0x87, 0x0f, 0x83, 0x86,
    0x89, 0x9b, 0x81, 0x15, 0x10, 0xa2, 0x17, 0x1e, 0x24, 0xa7, 0x98, 0x19,
    0x91, 0x81, 0x94, 0x9b, 0x9b, 0xa4, 0x90, 0x95, 0x98, 0x21, 0x19, 0x82,
    0xa0, 0xa2, 0xa1, 0xa0, 0x99, 0x9f, 0x96, 0x1f, 0xa1, 0x90, 0x1e, 0xa8,
    0x8f, 0x22, 0x9b, 0x8e, 0x9b, 0x13, 0x9a, 0x9c, 0x99, 0x82, 0x28, 0x11,
    0x81, 0x89, 0x8e, 0x08, 0x8f, 0x11, 0x9d, 0x14, 0x03, 0x22, 0x1e, 0x9e,
    0x05, 0x05, 0x1a, 0x0b, 0x0f, 0x9d, 0x0d, 0x1b, 0x29, 0x00, 0x21, 0x97,
    0xa3, 0x05, 0x9f, 0x1d, 0x16, 0x13, 0x11, 0x88, 0x17, 0x87, 0x9b, 0x8f,
    0x1f, 0x20, 0x90, 0x25, 0x8a, 0x9f, 0xa2, 0x85, 0x9a, 0x9d, 0x9c, 0x95,
    0x95, 0x9d, 0x96, 0x87, 0x94, 0x1f, 0x9f, 0x9b, 0x20, 0x9f, 0x98, 0x21,
    0x24, 0xa1, 0x20, 0x1c, 0x03, 0x21, 0x2a, 0x96, 0x9d, 0x81, 0x9a, 0x8e,
    0x9a, 0x1a, 0x12, 0x0e, 0x21, 0x94, 0x02, 0xa1, 0x0b, 0x1e, 0x1b, 0x1e,
    0x9c, 0x05, 0x93, 0x12, 0x8b, 0xa6, 0x92, 0x21, 0x99, 0x21, 0x94, 0x00,
    0x1f, 0x95, 0x05, 0x12, 0x1a, 0x18, 0x1a, 0x13, 0x1e, 0x07, 0x0e, 0x19,
    0x99, 0x95, 0xa3, 0x1b, 0x98, 0x91, 0x1d, 0x11, 0x20, 0xa0, 0x18, 0x96,
    0x14, 0x04, 0x1b, 0x98, 0x88, 0x23, 0x0d, 0x18, 0x20, 0x1e, 0xa4, 0x9a,
    0xa0, 0x0f, 0x9a, 0x1f, 0x24, 0x18, 0x02, 0x1a, 0x05, 0x9b, 0x9f, 0x93,
    0x05, 0x07, 0x00, 0x89, 0x14, 0xa5, 0x9c, 0xa3, 0x98, 0x22, 0x1c, 0x95,
    0xa4, 0x1c, 0x13, 0x99, 0x99, 0x1a, 0xa8, 0x27, 0xa9, 0x0b, 0x9e, 0x95,
    0x14, 0x1d, 0x02, 0x14, 0x20, 0x9d, 0x9f, 0x04, 0xa0, 0x12, 0x1d, 0x88,
    0x11, 0x85, 0x07, 0x94, 0x92, 0x12, 0x88, 0x98, 0x87, 0x1c, 0x06, 0x1a,
    0x18, 0x20, 0x8c, 0x93, 0x11, 0x9f, 0xa4, 0x23, 0x9c, 0x1a, 0x25, 0x22,
    0x9b, 0x13, 0x9b, 0x23, 0x18, 0x29, 0x1d, 0x97, 0x9a, 0x99, 0xa0, 0x1f,
    0x06, 0xa1, 0x05, 0x9b, 0x24, 0x20, 0x91, 0x89, 0x0e, 0x92, 0x22, 0x81,
    0x13, 0xa2, 0x0b, 0x8e, 0x9c, 0x23, 0x11, 0x23, 0x01, 0x10, 0x04, 0x11,
    0x87, 0x11, 0x14, 0x96, 0x83, 0xa2, 0x1c, 0x26, 0x8d, 0x17, 0x11, 0x19,
    0x0d, 0x22, 0x96, 0xa4, 0x0f, 0x1c, 0xa0, 0x8f, 0x1c, 0x1f, 0x15, 0x94,
    0x18, 0x05, 0x09, 0x1b, 0x93, 0x1a, 0x19, 0x81, 0x9b, 0x81, 0x23, 0x9f,
    0x1e, 0x0b, 0x99, 0x83, 0x81, 0x00, 0x20, 0xa0, 0x14, 0x98, 0x21, 0x0f,
    0x9a, 0x9a, 0x83, 0x18, 0x20, 0x1b, 0xa2, 0x92, 0x08, 0x97, 0x18, 0x0e,
    0x87, 0x18, 0x99, 0x95, 0x1c, 0x11, 0x02, 0x01, 0xa1, 0x9d, 0x9d, 0x15,
    0x2e, 0x08, 0x88, 0x86, 0x00, 0x86, 0x09, 0x15, 0x19, 0x1d, 0x21, 0x9d,
    0x16, 0xa1, 0x15, 0x1a, 0xa1, 0x2a, 0x87, 0x14, 0x9e, 0x22, 0x29, 0x21,
    0x21, 0x1e, 0x91, 0x9c, 0x19, 0x18, 0xa8, 0x96, 0x17, 0x0f, 0x17, 0x1f,
    0x1a, 0x0d, 0x8c, 0x81, 0xa2, 0x86, 0x22, 0x81, 0x86, 0x8b, 0x28, 0x8f,
    0xa5, 0xa0, 0x22, 0x1b, 0x89, 0x93, 0x82, 0x9f, 0x19, 0x29, 0xa2, 0x15,
    0x15, 0x22, 0x9d, 0x89, 0x87, 0xa0, 0x97, 0x1e, 0x99, 0xa4, 0x99, 0x9c,
    0x9e, 0x1d, 0x16, 0x9a, 0xa1, 0x89, 0x14, 0x9b, 0x20, 0x9b, 0x9c, 0x14,
    0x26, 0x95, 0x96, 0x1b, 0x9b, 0x11, 0xa3, 0x22, 0xa0, 0x88, 0xa1, 0x99,
    0x80, 0xa7, 0x1e, 0x88, 0x18, 0x12, 0xa1, 0x1d, 0x88, 0x98, 0x14, 0x8e,
    0x98, 0x1e, 0x18, 0x94, 0x05, 0x06, 0x03, 0x9e, 0xa1, 0x9a, 0xa0, 0x9d,
    0x9b, 0x97, 0x0c, 0xa1, 0x16, 0x11, 0x22, 0x9c, 0x9c, 0x1d, 0xa2, 0xa0,
    0x10, 0x16, 0x13, 0x1b, 0x0c, 0x08, 0x19, 0x90, 0x11, 0x9d, 0xa3, 0x12,
    0x98, 0x99, 0x16, 0x06, 0x22, 0x90, 0xa2, 0x96, 0x9e, 0xa1, 0xa3, 0x86,
    0xab, 0x95, 0x09, 0x16, 0x1c, 0xa7, 0x9b, 0x86, 0x8a, 0x85, 0xa1, 0xa2,
    0x9b, 0x9b, 0x1e, 0x12, 0x09, 0x26, 0x1a, 0x9f, 0x14, 0xa2, 0x98, 0x19,
    0xa2, 0x13, 0x21, 0x0a, 0x92, 0x1c, 0x9f, 0xa3, 0x91, 0x21, 0x83, 0x04,
    0xa3, 0x9a, 0x06, 0x99, 0xa3, 0x9b, 0x23, 0x12, 0x03, 0x98, 0x1a, 0x15,
    0x94, 0x95, 0x8d, 0x1d, 0x97, 0x0e, 0x01, 0xa5, 0x1c, 0x9d, 0x08, 0x19,
    0x86, 0x9e, 0x22, 0x98, 0x16, 0x85, 0x26, 0xa3, 0xa2, 0x20, 0x9d, 0x14,
    0x18, 0x02, 0x19, 0x17, 0x22, 0x13, 0x21, 0x8d, 0x25, 0x17, 0x9a, 0x1f,
    0x20, 0x9c, 0x8a, 0x15, 0x1f, 0xa5, 0xa2, 0x97, 0x9c, 0xa2, 0x92, 0x13,
    0xa8, 0x0d, 0x9c, 0xa5, 0x09, 0x1b, 0x1a, 0x24, 0x12, 0xa5, 0x13, 0x8d,
    0x01, 0x18, 0x23, 0x25, 0xa3, 0x20, 0x15, 0x10, 0x9c, 0x1a, 0x21, 0xa0,
    0x00, 0x0c, 0x1e, 0x8d, 0x9c, 0x0c, 0xa1, 0x1e, 0x1b, 0x95, 0x89, 0x1e,
    0x14, 0xa5, 0x9b, 0x21, 0x9a, 0x0b, 0x12, 0x09, 0x21, 0x19, 0x1c, 0x88,
    0x17, 0x81, 0x92, 0x12, 0x9b, 0x20, 0x17, 0x0b, 0x9e, 0x93, 0xa8, 0x1e,
    0xa6, 0x99, 0x07, 0x99, 0x24, 0x8c, 0x18, 0x91, 0xa4, 0x1b, 0x87, 0x1d,
    0x15, 0x23, 0x1f, 0x01, 0x86, 0x19, 0xa8, 0x21, 0x9a, 0x9c, 0x9f, 0x22,
    0x1f, 0x17, 0x04, 0x1d, 0x85, 0x9d, 0x99, 0x8f, 0x1a, 0x11, 0x11, 0x18,
    0x22, 0xa9, 0xa2, 0xa3, 0x1d, 0x1b, 0x1c, 0xa1, 0x96, 0x07, 0xaa, 0x9e,
    0x1d, 0x84, 0x90, 0x2a, 0x11, 0x11, 0x85, 0xa0, 0x0d, 0x09, 0xa0, 0x0c,
    0x82, 0xa9, 0xa1, 0x1a, 0x87, 0x24, 0x17, 0x08, 0x8b, 0x0f, 0x0e, 0x20,
    0xa6, 0x14, 0x9b, 0x03, 0x19, 0x10, 0x9b, 0x12, 0x01, 0x23, 0x93, 0x99,
    0x1c, 0x9d, 0xa6, 0x23, 0x9c, 0x18, 0x27, 0x1a, 0xa6, 0x24, 0x91, 0x07,
    0x22, 0x2a, 0x9d, 0x89, 0xa5, 0x9a, 0xa2, 0x86, 0x8f, 0xa8, 0x95, 0x9b,
    0x2a, 0x83, 0x23, 0x9c, 0x25, 0x1f, 0x22, 0xa3, 0xa1, 0xa1, 0x05, 0x91,
    0xa0, 0x1d, 0x91, 0x20, 0x05, 0x8d, 0x93, 0x01, 0x90, 0x1a, 0x08, 0x8d,
    0x1a, 0xa2, 0x22, 0x14, 0xa1, 0x15, 0x24, 0x17, 0x10, 0x91, 0x9c, 0xa4,
    0xa0, 0x8a, 0xa7, 0x09, 0x27, 0x1c, 0x22, 0x95, 0x92, 0x92, 0x0e, 0x23,
    0x01, 0x8e, 0x1f, 0x17, 0xa7, 0x22, 0x21, 0xa3, 0x14, 0x8a, 0x9e, 0x01,
    0x22, 0x87, 0x1f, 0x9b, 0x1f, 0x9e, 0x24, 0x90, 0xa0, 0x89, 0x08, 0x24,
    0x18, 0x1e, 0x8e, 0x98, 0x12, 0x88, 0x19, 0x14, 0x9a, 0x07, 0xa1, 0xa2,
    0x8a, 0xa3, 0x1e, 0x23, 0x93, 0xa1, 0x95, 0x21, 0x10, 0x28, 0x22, 0xa4,
    0x09, 0x11, 0x21, 0x1b, 0xa0, 0x02, 0x16, 0x88, 0x95, 0x10, 0xa3, 0x9a,
    0x01, 0x95, 0x09, 0x93, 0x06, 0x87, 0x11, 0x98, 0x0b, 0x0e, 0x93, 0x9a,
    0x06, 0x98, 0xa3, 0x9f, 0x95, 0x20, 0x99, 0x90, 0xa9, 0x2a, 0x20, 0xa3,
    0x95, 0xa2, 0x25, 0x20, 0xa0, 0x06, 0x0c, 0x97, 0x9d, 0x8b, 0x22, 0xa8,
    0x89, 0x07, 0x22, 0xa9, 0x11, 0x18, 0x0b, 0x20, 0x1b, 0xa0, 0x89, 0xa6,
    0x24, 0xa9, 0x18, 0x1c, 0x9c, 0x93, 0x21, 0x20, 0x25, 0x1d, 0x9e, 0x98,
    0x16, 0xa6, 0x20, 0x98, 0xa1, 0x92, 0x14, 0xa7, 0x99, 0x1a, 0x8a, 0x10,
    0x95, 0x8e, 0xa8, 0x91, 0x9d, 0x92, 0x94, 0x20, 0x1c, 0xa4, 0x18, 0x16,
    0xae, 0xa1, 0x9f, 0xa4, 0x24, 0x28, 0x31, 0xa2, 0xa2, 0xa1, 0x1a, 0x03,
    0x08, 0x23, 0x26, 0x21, 0x28, 0xa1, 0x01, 0x9c, 0x8c, 0x25, 0x2d, 0x01,
    0x81, 0x1b, 0x90, 0x2c, 0x21, 0x96, 0x03, 0x99, 0xa4, 0x84, 0x12, 0x25,
    0x14, 0x99, 0x90, 0x90, 0x9b, 0x15, 0x90, 0x18, 0x21, 0x0d, 0x1e, 0x8b,
    0x0a, 0xa0, 0x88, 0x1f, 0x9d, 0x1b, 0x1b, 0x10, 0xa1, 0x99, 0x92, 0x1a,
    0x16, 0x19, 0x8c, 0xa1, 0xa4, 0x86, 0x03, 0x00, 0x19, 0x86, 0xa2, 0x05,
    0x8a, 0xa1, 0x98, 0xa4, 0x12, 0x81, 0x0c, 0x25, 0x9d, 0x06, 0x9c, 0x19,
    0xa1, 0x15, 0x21, 0x8c, 0x0e, 0x13, 0x22, 0x00, 0x1c, 0x8b, 0x1b, 0x15,
    0x03, 0xa5, 0x95, 0x20, 0x1b, 0x1d, 0x1a, 0x24, 0xa3, 0x98, 0x15, 0x9b,
    0x87, 0x9e, 0x93, 0x12, 0x15, 0x06, 0x02, 0x12, 0xa2, 0x00, 0xa2, 0x92,
    0x1f, 0x11, 0xa3, 0x9f, 0x95, 0x25, 0x8f, 0xa0, 0x90, 0x93, 0x85, 0xa5,
    0xa5, 0x1f, 0x87, 0x29, 0x9d, 0x27, 0xa1, 0x9d, 0x23, 0x21, 0xa4, 0x9d,
    0x16, 0x25, 0x12, 0x84, 0x85, 0x21, 0x8d, 0x0d, 0x9d, 0x9c, 0x1e, 0x0c,
    0x0f, 0xa1, 0xa0, 0x20, 0x1e, 0x95, 0xa0, 0x17, 0xa6, 0x0c, 0x93, 0x21,
    0x1d, 0x99, 0x06, 0xa7, 0x09, 0x00, 0x0d, 0x89, 0x01, 0xa0, 0x06, 0x20,
    0x9c, 0x11, 0x9c, 0x06, 0x1e, 0x18, 0x05, 0x94, 0x26, 0x9b, 0x1e, 0x17,
    0xa4, 0x96, 0x17, 0x2b, 0x9a, 0x20, 0x90, 0xa6, 0x19, 0x29, 0x28, 0xa1,
    0x20, 0x93, 0xa5, 0x9d, 0x96, 0xa7, 0x21, 0x1f, 0x18, 0x06, 0x1d, 0x0d,
    0x24, 0x22, 0x13, 0x23, 0x1e, 0x11, 0x21, 0x16, 0x08, 0x0a, 0x9a, 0x03,
    0x1d, 0x01, 0x9d, 0x1c, 0xa0, 0x12, 0xa6, 0xa1, 0x1c, 0x98, 0x1a, 0x82,
    0x19, 0xa3, 0x07, 0x22, 0xa1, 0x9b, 0x9b, 0x16, 0x0e, 0x18, 0x98, 0x8a,
    0xa8, 0x23, 0xa1, 0x12, 0x9c, 0x88, 0x1e, 0x97, 0x8c, 0x17, 0x21, 0x19,
    0x8c, 0x29, 0xa7, 0x98, 0x05, 0x15, 0x19, 0x1b, 0x28, 0x9c, 0x9c, 0x9b,
    0x9c, 0x1e, 0x82, 0xa0, 0x21, 0x0f, 0x9c, 0x20, 0x1a, 0x24, 0xa1, 0x83,
    0x2e, 0x19, 0x1f, 0x22, 0x16, 0x2a, 0x04, 0x90, 0x29, 0x25, 0x8e, 0xa6,
    0xa2, 0x9d, 0x16, 0x95, 0xa1, 0x9f, 0x1e, 0xa2, 0xa1, 0x10, 0x24, 0x28,
    0x86, 0x18, 0x21, 0xa1, 0x8c, 0x9d, 0x9b, 0x8a, 0xaa, 0x99, 0x1f, 0x8f,
    0x0d, 0x02, 0x90, 0x1a, 0x9f, 0x90, 0x01, 0x04, 0x93, 0x09, 0x24, 0xa3,
    0x07, 0x23, 0xa5, 0x20, 0x1a, 0x86, 0x82, 0x1c, 0x1b, 0x21, 0x28, 0x96,
    0x9b, 0x9b, 0x23, 0x9d, 0x9e, 0x1d, 0xa0, 0x23, 0xa0, 0x94, 0x00, 0x23,
    0x23, 0x9e, 0xa0, 0x94, 0xa4, 0x9f, 0x1d, 0xa7, 0x1b, 0x92, 0x28, 0x21,
    0x29, 0x2a, 0x98, 0x1b, 0x21, 0x16, 0x29, 0x8b, 0x86, 0x08, 0x92, 0x14,
    0x9a, 0xa3, 0x02, 0x19, 0x92, 0xa5, 0x08, 0x22, 0x1c, 0x08, 0x1f, 0x0b,
    0x14, 0x0c, 0x0c, 0x97, 0x93, 0x95, 0x11, 0xa3, 0xa3, 0x12, 0x18, 0x10,
    0x87, 0x0f, 0x02, 0x9b, 0x16, 0x22, 0x95, 0x9b, 0x18, 0x9d, 0x0b, 0x8b,
    0x05, 0x8f, 0xa1, 0x9c, 0x95, 0x9b, 0xa5, 0x98, 0x99, 0x1a, 0x0b, 0xa1,
    0x07, 0x94, 0x19, 0x22, 0x91, 0x95, 0x20, 0x90, 0x25, 0xa2, 0x17, 0x16,
    0x25, 0x19, 0x22, 0x15, 0x9b, 0x1e, 0x2b, 0x98, 0x89, 0x9f, 0xab, 0x1f,
    0x14, 0x02, 0x28, 0xad, 0x28, 0x2e, 0x9d, 0xaa, 0x1c, 0xa3, 0x99, 0x98,
    0x9e, 0x8a, 0x2c, 0x29, 0x18, 0x17, 0x1e, 0x98, 0x21, 0x1d, 0x9a, 0x01,
    0x90, 0x05, 0x12, 0x91, 0xa3, 0xa1, 0x12, 0x1b, 0x09, 0x85, 0xa2, 0x21,
    0x9a, 0x90, 0x93, 0x96, 0x98, 0x04, 0x9f, 0x02, 0x21, 0xa3, 0x10, 0x21,
    0x99, 0x98, 0x10, 0xa1, 0x1f, 0x13, 0x25, 0x99, 0x25, 0x07, 0x97, 0x24,
    0x9d, 0x0a, 0xa9, 0x14, 0x94, 0x28, 0x1a, 0xaa, 0x1c, 0x11, 0x22, 0x1a,
    0x04, 0x83, 0xa0, 0x03, 0x91, 0x1a, 0x2d, 0x2b, 0x24, 0x1e, 0x22, 0x08,
    0x1a, 0x94, 0x97, 0x0f, 0x85, 0xa5, 0xa1, 0x09, 0x19, 0x21, 0x12, 0x07,
    0x00, 0x19, 0xa0, 0x17, 0x8e, 0x03, 0x98, 0xa0, 0x19, 0x8e, 0x07, 0x09,
    0x1c, 0x12, 0x08, 0x9c, 0x84, 0xa5, 0xa2, 0x11, 0x97, 0x97, 0x99, 0x1b,
    0x29, 0x83, 0x25, 0x00, 0xa0, 0x8b, 0x22, 0x84, 0x9e, 0x86, 0x9d, 0x22,
    0x12, 0x82, 0xa9, 0xa3, 0x96, 0x10, 0xa4, 0xa8, 0x0c, 0x28, 0x00, 0x99,
    0x24, 0x88, 0xa2, 0xa5, 0x1a, 0x15, 0x21, 0x0c, 0x95, 0x8f, 0x23, 0x83,
    0x1c, 0x16, 0x24, 0x1f, 0x86, 0x96, 0x10, 0x15, 0x85, 0x92, 0x99, 0x15,
    0x08, 0x99, 0x20, 0x9a, 0x0a, 0x1a, 0x98, 0xa4, 0x1e, 0x00, 0x12, 0x99,
    0x1a, 0x98, 0x22, 0x13, 0x15, 0x91, 0xa5, 0x18, 0xa1, 0x2a, 0xa2, 0x9b,
    0x20, 0x2b, 0x23, 0x9e, 0x98, 0x0c, 0x1f, 0x1d, 0x8f, 0xa2, 0x94, 0x25,
    0x02, 0x19, 0x23, 0x23, 0x19, 0x27, 0x9b, 0x9e, 0x91, 0x06, 0x84, 0x88,
    0x1b, 0xa1, 0xa9, 0x1d, 0x1a, 0x1b, 0x17, 0x1e, 0x95, 0x27, 0x14, 0x19,
    0x86, 0x0b, 0x21, 0x14, 0x92, 0x97, 0x8f, 0x1b, 0x13, 0x85, 0x14, 0x9a,
    0x1e, 0x0d, 0x1a, 0xa2, 0x99, 0xac, 0x1c, 0x1c, 0x19, 0x96, 0x99, 0x9b,
    0xa8, 0x20, 0x9c, 0x07, 0xa5, 0x99, 0x1f, 0xa4, 0x29, 0x19, 0xa3, 0xa9,
    0x84, 0x23, 0x11, 0x97, 0x07, 0x8b, 0x2b, 0x18, 0x9b, 0x9e, 0x22, 0x90,
    0xa4, 0x96, 0x9b, 0x1f, 0xa1, 0xa8, 0x91, 0x10, 0x93, 0x27, 0x04, 0x17,
    0x04, 0x26, 0xa3, 0x09, 0xa2, 0x83, 0xa0, 0x0c, 0x14, 0x0d, 0x00, 0x95,
    0x1a, 0x00, 0x1a, 0x94, 0x98, 0x98, 0xa7, 0x10, 0xa2, 0x1b, 0xa2, 0x22,
    0x91, 0x01, 0x08, 0x17, 0x12, 0xaa, 0x24, 0xa0, 0xa9, 0xa3, 0x14, 0xa1,
    0x21, 0x07, 0x25, 0x9f, 0x12, 0x98, 0xac, 0x27, 0xa4, 0x0e, 0x1c, 0x83,
    0x23, 0x83, 0xa1, 0x02, 0xa8, 0x9d, 0x11, 0x16, 0x19, 0xa5, 0x9a, 0x17,
    0x16, 0x1d, 0x99, 0x04, 0x98, 0x15, 0x28, 0x8f, 0x0c, 0x17, 0x0e, 0xa2,
    0x17, 0x8b, 0x01, 0x14, 0x20, 0x8b, 0x8f, 0x21, 0xa3, 0x15, 0x9b, 0x19,
    0x9f, 0x18, 0xa3, 0x20, 0x9e, 0xa1, 0x23, 0xa7, 0x84, 0x17, 0x24, 0x18,
    0x89, 0x9e, 0x9d, 0x15, 0x18, 0x9d, 0x89, 0xa9, 0x9a, 0x08, 0xa7, 0x9b,
    0x9b, 0x11, 0x0d, 0xa0, 0x99, 0x90, 0x19, 0x23, 0xa7, 0xa2, 0x9a, 0x09,
    0x22, 0x22, 0x90, 0x22, 0x20, 0x04, 0x9b, 0x26, 0xa3, 0x06, 0x0c, 0x09,
    0x9a, 0x20, 0x02, 0x18, 0xa1, 0x25, 0x21, 0x25, 0x02, 0x92, 0x1c, 0x97,
    0x28, 0x9f, 0xa6, 0x1d, 0x1b, 0x1a, 0x02, 0x10, 0x84, 0x22, 0x90, 0xa3,
    0x95, 0x08, 0x04, 0x9d, 0x91, 0x10, 0x03, 0x15, 0x0a, 0x0a, 0x82, 0x11,
    0x01, 0x99, 0xa4, 0xa8, 0x13, 0x8d, 0x11, 0x98, 0x86, 0x21, 0x19, 0x94,
    0xa4, 0x21, 0x14, 0x98, 0x19, 0x99, 0xa1, 0x99, 0x1d, 0x8c, 0x98, 0xa0,
    0x83, 0x20, 0x0a, 0x14, 0x9f, 0x96, 0xa7, 0x92, 0x1d, 0x99, 0x81, 0x1a,
    0x1c, 0x95, 0x8d, 0x1a, 0x89, 0x9a, 0x1a, 0x20, 0xa5, 0x8d, 0x11, 0x11,
    0xa5, 0x9d, 0x11, 0x18, 0x83, 0x24, 0x04, 0x8f, 0xa4, 0x20, 0x89, 0x1e,
    0x88, 0x00, 0x03, 0x91, 0x89, 0x1e, 0x8d, 0x20, 0xa1, 0x04, 0x95, 0xa7,
    0x19, 0x20, 0x17, 0x1b, 0x12, 0x1b, 0x87, 0x9f, 0x0c, 0x03, 0x18, 0x99,
    0x9e, 0xa0, 0x24, 0x27, 0x81, 0x81, 0x93, 0x20, 0x8b, 0x90, 0xa1, 0x93,
    0x1b, 0x09, 0x17, 0x1f, 0x94, 0x9c, 0xa1, 0x1a, 0x07, 0xa5, 0x9a, 0xa4,
    0x1f, 0x1b, 0x19, 0x22, 0x19, 0x10, 0x25, 0x10, 0xa5, 0xa4, 0x14, 0x9a,
    0x02, 0x0e, 0x21, 0x96, 0x9b, 0x94, 0x98, 0x9a, 0x1d, 0x8c, 0x0a, 0x15,
    0x1a, 0x30, 0x01, 0x1e, 0x2a, 0x1c, 0x9e, 0x9d, 0x87, 0x0b, 0x1b, 0x1b,
    0x1c, 0x22, 0xa3, 0x9e, 0x1c, 0x1a, 0x8e, 0x96, 0x81, 0x12, 0xa2, 0x17,
    0x24, 0x81, 0x11, 0x10, 0x12, 0x15, 0x03, 0x97, 0x90, 0x8b, 0xa1, 0x02,
    0x10, 0x27, 0x0f, 0xa2, 0x23, 0x99, 0xa4, 0x1b, 0x24, 0x27, 0x22, 0x2a,
    0x1d, 0x9b, 0x26, 0xab, 0x1b, 0x93, 0x12, 0x0b, 0x13, 0xa0, 0x9e, 0x84,
    0xa0, 0x93, 0x9c, 0x19, 0x95, 0x94, 0x29, 0x24, 0x20, 0x21, 0x19, 0x21,
    0x0e, 0x9d, 0x0a, 0x02, 0x0d, 0xa5, 0x9d, 0x19, 0x15, 0x1a, 0x19, 0x1c,
    0x96, 0x15, 0x23, 0x86, 0x0b, 0x18, 0x18, 0x98, 0x1d, 0xa2, 0x0c, 0x21,
    0x1d, 0x9e, 0x8b, 0x1f, 0x98, 0xa2, 0xa2, 0x21, 0xac, 0x8a, 0x18, 0x0d,
    0x1f, 0x1e, 0x9f, 0x12, 0x18, 0x93, 0x9b, 0x22, 0x91, 0xab, 0xa0, 0xa3,
    0x95, 0x12, 0x86, 0x9b, 0x2c, 0xaa, 0xa9, 0x1b, 0x98, 0x2a, 0x99, 0x9b,
    0x1d, 0x8b, 0x19, 0x25, 0x93, 0x18, 0x8d, 0x9c, 0x9a, 0x02, 0xa0, 0x95,
    0x1c, 0x9e, 0x8a, 0x99, 0x1c, 0x03, 0x94, 0x96, 0xac, 0xa8, 0x8f, 0xa4,
    0x9e, 0x9c, 0x28, 0xa1, 0xa5, 0x92, 0x21, 0x26, 0x9a, 0x20, 0x82, 0x96,
    0x9d, 0x0b, 0x99, 0x1c, 0x0f, 0x0a, 0x21, 0x93, 0x1a, 0x8f, 0x05, 0x87,
    0x9b, 0x8f, 0x97, 0x08, 0x82, 0xa0, 0x20, 0x16, 0x83, 0x99, 0x12, 0x9c,
    0x18, 0x19, 0x99, 0x99, 0x8d, 0xa0, 0x9a, 0x81, 0x23, 0x99, 0x18, 0x96,
    0x8c, 0x0e, 0x94, 0x14, 0x88, 0x0a, 0x15, 0x1b, 0xa4, 0x21, 0xa3, 0x1d,
    0x9a, 0x99, 0xa8, 0x1c, 0x23, 0x94, 0x25, 0x1d, 0xa1, 0xa5, 0xa6, 0x8f,
    0x1f, 0x18, 0x9f, 0x84, 0xa1, 0x1a, 0x07, 0xa5, 0xa8, 0x0b, 0x83, 0x01,
    0xa2, 0xa0, 0x1e, 0x9a, 0x96, 0x82, 0x94, 0x9e, 0x09, 0x19, 0x2c, 0xa0,
    0x9d, 0x1a, 0x95, 0x02, 0x9a, 0x19, 0x8b, 0x8d, 0x2a, 0x22, 0x1c, 0x21,
    0x95, 0x8a, 0x8a, 0x18, 0x08, 0x11, 0xa8, 0x15, 0x1c, 0x27, 0x0b, 0x1e,
    0x96, 0x28, 0x9c, 0x99, 0x09, 0x19, 0x12, 0x93, 0x16, 0x95, 0x93, 0x19,
    0x1f, 0x98, 0x1c, 0x14, 0xa0, 0x9d, 0xa0, 0x06, 0x1e, 0x92, 0x9e, 0x1d,
    0x10, 0x21, 0xa6, 0x20, 0x9f, 0x9b, 0x97, 0xaa, 0x1d, 0x20, 0x1e, 0x14,
    0x18, 0x1e, 0x21, 0x1b, 0x97, 0x99, 0xa8, 0x93, 0x1b, 0x17, 0x20, 0x01,
    0x1d, 0x9b, 0x17, 0x12, 0x1a, 0x83, 0x16, 0x26, 0x20, 0x1c, 0x9c, 0xa0,
    0x18, 0x96, 0x23, 0x24, 0x03, 0x1b, 0x15, 0x23, 0x9b, 0x84, 0x12, 0x9c,
    0x01, 0x13, 0x11, 0x02, 0x14, 0x85, 0x9a, 0x8b, 0x8c, 0x92, 0x84, 0x1c,
    0xa3, 0x01, 0x15, 0x11, 0x28, 0x19, 0x20, 0x02, 0x9d, 0x19, 0x03, 0x98,
    0x07, 0x9d, 0x96, 0x9d, 0x1d, 0x99, 0xa7, 0xa3, 0x1a, 0x23, 0x25, 0x9c,
    0x0b, 0x89, 0x95, 0x1b, 0x16, 0x86, 0x27, 0x29, 0x91, 0xa8, 0x24, 0x92,
    0x1c, 0x8d, 0x27, 0x1c, 0xa6, 0x1f, 0x8f, 0xa0, 0x06, 0x11, 0x07, 0x28,
    0xac, 0x1c, 0x18, 0x9e, 0x20, 0x87, 0x9d, 0x24, 0xa6, 0x99, 0x08, 0x90,
    0xa6, 0x21, 0x10, 0xa2, 0x99, 0x01, 0x9a, 0x12, 0x1e, 0x86, 0x23, 0x93,
    0x8c, 0x01, 0x15, 0x19, 0x12, 0x1b, 0x97, 0x93, 0x21, 0x9f, 0x0d, 0x0f,
    0x18, 0x93, 0x07, 0x8d, 0x87, 0x06, 0x00, 0x18, 0x14, 0x06, 0x1a, 0x86,
    0x12, 0xa1, 0x20, 0x9d, 0x21, 0xa0, 0x9f, 0x1c, 0x24, 0x28, 0x93, 0x24,
    0x1a, 0x16, 0x0c, 0x94, 0x13, 0x9d, 0x99, 0x1d, 0x23, 0x0e, 0x19, 0x19,
    0x9a, 0xa2, 0x25, 0x28, 0x1a, 0x89, 0xa0, 0x21, 0x13, 0x8f, 0x9e, 0x98,
    0xa3, 0x84, 0x1b, 0x98, 0x87, 0xa4, 0x1b, 0xa1, 0x9b, 0x9b, 0xa6, 0x21,
    0x89, 0x27, 0x20, 0x82, 0x12, 0x97, 0xa3, 0xa5, 0x02, 0x15, 0x8c, 0x8f,
    0x1c, 0x16, 0x9f, 0x1f, 0x85, 0x1b, 0x21, 0x21, 0x18, 0x17, 0x91, 0x15,
    0x20, 0x99, 0x98, 0xa1, 0x92, 0x1b, 0xa2, 0x1f, 0x90, 0x16, 0xa0, 0x02,
    0x04, 0x10, 0x13, 0x21, 0x20, 0x86, 0x92, 0x06, 0x97, 0x8f, 0x16, 0x90,
    0x9e, 0x1b, 0x0b, 0x96, 0xa8, 0x29, 0x19, 0x19, 0x1c, 0xa0, 0x28, 0x22,
    0x97, 0xa4, 0x17, 0x9e, 0x90, 0x9c, 0x13, 0xa2, 0x0a, 0xa0, 0x88, 0x09,
    0x16, 0xa2, 0x19, 0x10, 0x1b, 0x23, 0x21, 0x23, 0x23, 0x91, 0x02, 0x18,
    0x81, 0x99, 0x21, 0x87, 0x19, 0xa1, 0x19, 0x26, 0x04, 0x20, 0x9f, 0x1a,
    0x94, 0x91, 0xa3, 0x1d, 0x10, 0xa5, 0x1d, 0x17, 0x01, 0x08, 0xa0, 0x86,
    0x19, 0x82, 0x0f, 0x97, 0x9c, 0x16, 0x1e, 0x9f, 0xa3, 0x24, 0x99, 0xa0,
    0xa2, 0x98, 0x25, 0x94, 0x84, 0x8e, 0x9b, 0xa3, 0x87, 0x89, 0x91, 0xa7,
    0x22, 0x23, 0x22, 0x9c, 0x8f, 0x23, 0x15, 0x1e, 0x14, 0x93, 0x14, 0x21,
    0x13, 0x27, 0x19, 0x2b, 0xa2, 0x19, 0x14, 0x22, 0x1a, 0x24, 0xa8, 0x0c,
    0x8c, 0x8f, 0x0c, 0x1b, 0xa8, 0x2b, 0x99, 0x22, 0xa6, 0x82, 0x2a, 0x09,
    0xa9, 0x21, 0x00, 0x21, 0x19, 0x05, 0x04, 0x10, 0x16, 0x8c, 0x81, 0x8e,
    0x17, 0x8e, 0x93, 0x1b, 0x91, 0x09, 0x19, 0x0c, 0x15, 0x9b, 0x16, 0x02,
    0x9f, 0x0e, 0x98, 0x14, 0x99, 0x93, 0xa2, 0x96, 0x82, 0x89, 0x8e, 0x93,
    0x0d, 0x1a, 0x8e, 0x81, 0x0e, 0x05, 0x08, 0x1f, 0x20, 0x81, 0x9b, 0x9f,
    0x98, 0xa3, 0x87, 0x11, 0x16, 0x8d, 0x92, 0x1a, 0x83, 0x16, 0x92, 0x9e,
    0xa0, 0x9d, 0x92, 0x19, 0x84, 0x18, 0x9e, 0x97, 0x99, 0xa3, 0x19, 0x03,
    0xa1, 0xa2, 0x9e, 0x99, 0x1c, 0x28, 0x85, 0x2d, 0xa1, 0x9d, 0x8c, 0x8a,
    0x94, 0x25, 0x10, 0x1c, 0x1c, 0x9e, 0x07, 0xa9, 0xa6, 0x8e, 0xa1, 0xa5,
    0x20, 0x08, 0x29, 0x9e, 0x22, 0x0e, 0x2e, 0x99, 0x88, 0x83, 0x1a, 0x15,
    0x8b, 0x9a, 0x80, 0x09, 0x82, 0x16, 0x26, 0x18, 0x11, 0x13, 0x88, 0x1c,
    0x02, 0x94, 0xa2, 0x1b, 0x1f, 0x22, 0x1f, 0x9a, 0x1c, 0x91, 0x1c, 0x0c,
    0x96, 0xa3, 0xa2, 0xa6, 0x92, 0x84, 0x9a, 0x21, 0x0f, 0x1f, 0x99, 0x8f,
    0x15, 0x99, 0xa6, 0x23, 0xa2, 0x08, 0x1a, 0xa9, 0x27, 0x24, 0x82, 0x92,
    0xa0, 0x95, 0x18, 0x92, 0x1c, 0x1a, 0x99, 0x29, 0x1c, 0x22, 0x9d, 0x22,
    0x1b, 0x18, 0x88, 0x27, 0x24, 0x1f, 0x93, 0xa0, 0xa4, 0xa6, 0x1d, 0x21,
    0x1a, 0x18, 0x27, 0x08, 0x12, 0xa3, 0x20, 0x21, 0x09, 0xa2, 0x16, 0x99,
    0x9c, 0x03, 0xa4, 0x90, 0x1c, 0x20, 0x87, 0x17, 0x87, 0xaa, 0x1d, 0x9c,
    0x27, 0xa8, 0x9a, 0xa1, 0xa2, 0x11, 0xa6, 0x97, 0x94, 0x11, 0x21, 0x9b,
    0x1e, 0x94, 0x9c, 0xa9, 0x07, 0x0c, 0x03, 0x1b, 0x95, 0x12, 0x1c, 0x8a,
    0x20, 0x8c, 0x1f, 0x88, 0xa8, 0x8b, 0x23, 0x1c, 0x12, 0x9f, 0x91, 0x8d,
    0x9b, 0x12, 0x12, 0x14, 0xa0, 0x91, 0x1e, 0x94, 0x85, 0x9c, 0x1e, 0x06,
    0x04, 0x98, 0x20, 0x0d, 0x82, 0x93, 0x9c, 0x1c, 0x90, 0x99, 0x98, 0x21,
    0xa5, 0xaa, 0xa3, 0x92, 0xa2, 0x9e, 0xa2, 0xa3, 0x01, 0x25, 0xa2, 0x13,
    0xa3, 0x1c, 0x97, 0x0c, 0x04, 0x97, 0x8b, 0xa9, 0x88, 0x94, 0x01, 0x92,
    0x13, 0x88, 0x10, 0x29, 0x21, 0x1b, 0x9e, 0x27, 0x11, 0x13, 0x0e, 0xa9,
    0xa1, 0x11, 0x98, 0x9d, 0x24, 0x1c, 0x8c, 0x25, 0xa3, 0x26, 0x27, 0x1c,
    0x9b, 0x82, 0x83, 0x24, 0x8c, 0x0a, 0x90, 0x17, 0x12, 0xa0, 0x86, 0x8b,
    0x95, 0xa2, 0x20, 0x97, 0x21, 0x1a, 0x17, 0xa5, 0x02, 0x03, 0xa4, 0x15,
    0x1f, 0x9c, 0x84, 0x9e, 0x91, 0x9a, 0x15, 0xa8, 0x9a, 0x18, 0x22, 0x0a,
    0x95, 0x11, 0x11, 0x1a, 0xa1, 0x26, 0x81, 0x98, 0x86, 0x86, 0x21, 0xa3,
    0x9b, 0x1e, 0x8e, 0xa5, 0x13, 0x9a, 0x94, 0xa1, 0x8c, 0x20, 0xa0, 0x9f,
    0xa5, 0x81, 0xa0, 0xa0, 0x82, 0x24, 0x21, 0xa2, 0xa1, 0x12, 0x9d, 0x09,
    0x9e, 0x9a, 0x8c, 0x15, 0x8c, 0x8b, 0x20, 0x1b, 0x86, 0x24, 0x19, 0x1e,
    0x93, 0x9b, 0x29, 0x21, 0xa2, 0x1a, 0x1d, 0x8f, 0x10, 0x96, 0x9f, 0xa0,
    0x94, 0x19, 0x28, 0x17, 0x23, 0x9c, 0x11, 0x28, 0x04, 0x0d, 0x2b, 0x25,
    0x22, 0x86, 0x11, 0x19, 0x8e, 0x8b, 0x0a, 0x18, 0x9a, 0xa4, 0x9c, 0x1d,
    0x9d, 0x1c, 0x0f, 0x08, 0x0d, 0x9b, 0x95, 0x0f, 0x9f, 0x03, 0xa3, 0x09,
    0xa1, 0xa9, 0x07, 0x13, 0x09, 0x8e, 0xa1, 0xa1, 0x23, 0x05, 0x16, 0x91,
    0xa5, 0x21, 0x26, 0x1c, 0x07, 0x20, 0x9c, 0x9c, 0xa5, 0xa0, 0x04, 0x98,
    0x16, 0x82, 0x11, 0x8d, 0x9a, 0x1a, 0xa3, 0xa6, 0x20, 0xab, 0x06, 0x0f,
    0x90, 0x2b, 0x86, 0x1c, 0x28, 0x91, 0x24, 0x81, 0x9b, 0x27, 0x1d, 0xa5,
    0x1e, 0x11, 0xa1, 0x9c, 0x20, 0x90, 0xa7, 0x22, 0x03, 0x26, 0x22, 0x0e,
    0x99, 0x9e, 0x98, 0x03, 0x12, 0x01, 0x1c, 0x89, 0x04, 0x82, 0x9b, 0x9d,
    0x93, 0xa6, 0xa3, 0x97, 0x9c, 0x8d, 0x1f, 0x23, 0x19, 0xa0, 0x21, 0x89,
    0x23, 0x20, 0x9c, 0x99, 0x1e, 0x18, 0x9d, 0x1f, 0x0e, 0x1c, 0x21, 0xa2,
    0x9d, 0x1c, 0x06, 0xa7, 0x8c, 0x28, 0x0b, 0x9e, 0x23, 0x01, 0x9b, 0x24,
    0x9b, 0x85, 0x8e, 0x17, 0x21, 0x19, 0x9c, 0x1b, 0x24, 0x01, 0xa1, 0x9a,
    0x99, 0x17, 0x95, 0x06, 0x9a, 0x1a, 0x12, 0x11, 0x9a, 0xa5, 0x0b, 0x21,
    0x16, 0x90, 0x98, 0x8f, 0x92, 0xa3, 0x21, 0x22, 0x8c, 0x22, 0x87, 0x96,
    0x18, 0x1a, 0xa5, 0xa3, 0xab, 0x1b, 0x10, 0x0b, 0x27, 0x98, 0xa0, 0x9d,
    0x9d, 0x03, 0xa0, 0x20, 0x26, 0x11, 0xa5, 0xa8, 0x96, 0x22, 0x93, 0x20,
    0x20, 0x9e, 0x21, 0xa0, 0x20, 0x9f, 0x94, 0x99, 0x1b, 0x9d, 0x99, 0x1d,
    0x90, 0x98, 0xa3, 0x21, 0x9b, 0x22, 0x82, 0xa3, 0x24, 0xa3, 0x20, 0x08,
    0x23, 0x98, 0x16, 0x9a, 0xa9, 0x11, 0x1c, 0x24, 0x1a, 0x9a, 0x9d, 0xa2,
    0x81, 0x97, 0x28, 0xa0, 0x23, 0x94, 0x08, 0x20, 0x16, 0xa4, 0x24, 0xa4,
    0x9b, 0x05, 0x9a, 0xa8, 0x17, 0x98, 0x1d, 0x22, 0x9f, 0x9b, 0x98, 0xab,
    0xa2, 0x9e, 0x21, 0x0a, 0x2a, 0x2b, 0x1c, 0x28, 0xa4, 0x1a, 0x11, 0x93,
    0x96, 0x22, 0x9e, 0x83, 0x20, 0x15, 0x15, 0x1f, 0x99, 0x24, 0x24, 0x20,
    0x9b, 0x15, 0x20, 0x0c, 0xa4, 0x01, 0x9a, 0x18, 0x23, 0x88, 0x14, 0x11,
    0x90, 0x19, 0x21, 0x99, 0x91, 0xa1, 0xa4, 0x9a, 0x8c, 0x8c, 0x18, 0xa2,
    0xa0, 0x23, 0x22, 0x8b, 0xa9, 0x9e, 0x9f, 0x1f, 0x05, 0x96, 0x04, 0xa2,
    0x1c, 0x1f, 0x9a, 0x25, 0x01, 0x1c, 0x81, 0x2d, 0x86, 0x99, 0xa2, 0x1b,
    0x18, 0x9e, 0x02, 0x17, 0x9c, 0x9f, 0x94, 0x8c, 0x23, 0x13, 0x9b, 0x96,
    0x15, 0x96, 0x9a, 0x21, 0x1b, 0x00, 0x1a, 0x92, 0x19, 0x91, 0x93, 0x14,
    0x20, 0x9c, 0x93, 0x20, 0xa4, 0x20, 0xa2, 0x24, 0x21, 0xa2, 0xa0, 0x0c,
    0x14, 0x24, 0x30, 0x1b, 0x82, 0x9f, 0x29, 0x9b, 0x26, 0x98, 0x11, 0x99,
    0x12, 0x21, 0xa9, 0xa0, 0x91, 0x25, 0x94, 0x25, 0x9b, 0x94, 0x2a, 0x91,
    0x8e, 0x0e, 0x28, 0x1f, 0x93, 0x9a, 0x20, 0x93, 0x93, 0x19, 0x1a, 0x90,
    0x9f, 0x22, 0xa0, 0x83, 0x9b, 0x8c, 0x8b, 0x19, 0x26, 0x26, 0x8c, 0x21,
    0x21, 0x07, 0xab, 0x88, 0x22, 0x90, 0xa1, 0x94, 0x22, 0xa1, 0x9c, 0x24,
    0x9f, 0x17, 0x89, 0x18, 0x89, 0x87, 0x21, 0x9b, 0x0d, 0x85, 0x01, 0x95,
    0x94, 0x11, 0x0d, 0x03, 0x12, 0x9f, 0x26, 0x1a, 0x11, 0x9c, 0x18, 0xa0,
    0x0f, 0x19, 0x85, 0x99, 0x81, 0x9b, 0x99, 0x93, 0x26, 0xa4, 0x11, 0x27,
    0x94, 0x09, 0x99, 0x22, 0x1b, 0x9f, 0x20, 0x9b, 0x1e, 0x21, 0x8a, 0x28,
    0xa4, 0x9b, 0x12, 0x11, 0x98, 0x83, 0x09, 0x95, 0x1a, 0x8d, 0xa6, 0x92,
    0x12, 0x21, 0x19, 0x0a, 0xa4, 0x9c, 0x18, 0x95, 0x26, 0x1f, 0x8c, 0x9b,
    0x1a, 0x99, 0xa3, 0xa0, 0x1a, 0x99, 0x0d, 0xa4, 0x8c, 0x02, 0x9e, 0xa5,
    0x20, 0xa0, 0xa3, 0x1a, 0x19, 0x0a, 0x28, 0x22, 0x22, 0x26, 0x03, 0x18,
    0x10, 0x0c, 0x26, 0x19, 0xa1, 0x9e, 0x9f, 0xa1, 0x14, 0x9b, 0x1a, 0x23,
    0x19, 0x9b, 0x95, 0x1d, 0xa9, 0x1a, 0x90, 0x20, 0x27, 0x05, 0xa9, 0x20,
    0x95, 0x1b, 0x18, 0x9e, 0x91, 0x19, 0x03, 0x1f, 0x97, 0x94, 0x8b, 0x01,
    0x96, 0x13, 0x1e, 0xa3, 0x1d, 0x02, 0x21, 0x14, 0x19, 0x1d, 0x86, 0x89,
    0x14, 0x99, 0x99, 0x21, 0x86, 0x9c, 0x18, 0x95, 0x08, 0x10, 0x82, 0x01,
    0x14, 0x96, 0x84, 0x9c, 0xa5, 0x24, 0x12, 0xa1, 0x14, 0x99, 0x06, 0x99,
    0xa0, 0x95, 0x88, 0x1a, 0x99, 0x92, 0x9a, 0x1f, 0x12, 0x99, 0x09, 0x07,
    0x9b, 0x9f, 0x00, 0x82, 0x82, 0x06, 0x9c, 0x8e, 0x20, 0x1a, 0x21, 0x0c,
    0xa6, 0x0b, 0x97, 0x15, 0x9e, 0xaa, 0x9f, 0x97, 0x12, 0x24, 0x22, 0x0d,
    0xa2, 0x0c, 0xab, 0x15, 0x90, 0x18, 0xa3, 0xab, 0x15, 0xa1, 0x94, 0x1e,
    0x19, 0x8b, 0x20, 0x17, 0x1e, 0x1a, 0x1a, 0x90, 0x1c, 0x92, 0x0f, 0x28,
    0x28, 0xa3, 0x9f, 0x0b, 0x05, 0x20, 0x16, 0xa0, 0x9b, 0xa8, 0x97, 0x89,
    0x21, 0x84, 0x1c, 0x85, 0x93, 0x9b, 0x99, 0x17, 0x13, 0x94, 0xa3, 0x94,
    0x0c, 0x1a, 0x89, 0x9f, 0x11, 0xa1, 0xa4, 0x22, 0x81, 0x84, 0x96, 0xaa,
    0x98, 0xa4, 0x21, 0x20, 0x97, 0x81, 0x25, 0x11, 0x25, 0x19, 0x9f, 0x93,
    0x9d, 0xa1, 0x92, 0x1a, 0xa7, 0x22, 0x18, 0xa3, 0x17, 0x03, 0x19, 0xa3,
    0x9f, 0x20, 0xa2, 0x97, 0x1d, 0xa3, 0xa4, 0x02, 0x91, 0x21, 0x16, 0x90,
    0xa0, 0x13, 0x9f, 0x1e, 0x98, 0x9a, 0x93, 0x1d, 0x83, 0x14, 0x90, 0x93,
    0x92, 0x98, 0x8b, 0x11, 0x99, 0x21, 0x1e, 0x15, 0x9f, 0x27, 0xa1, 0x24,
    0x14, 0x29, 0x9f, 0x01, 0x94, 0x20, 0x02, 0x02, 0x1f, 0x0e, 0x9c, 0x02,
    0x9a, 0x25, 0x06, 0x9b, 0x02, 0x15, 0x97, 0x94, 0x81, 0x9a, 0x23, 0x9c,
    0x25, 0x23, 0x2a, 0x1e, 0x15, 0x02, 0x9b, 0x24, 0x05, 0x80, 0x0c, 0xa2,
    0x21, 0x8e, 0x95, 0xa0, 0xac, 0x9b, 0x19, 0x10, 0x91, 0xa2, 0x1b, 0x8d,
    0xa8, 0xa4, 0xa1, 0x99, 0xaa, 0xae, 0x21, 0xa3, 0x21, 0x11, 0x8a, 0x9d,
    0x9e, 0x11, 0xa3, 0x96, 0xa0, 0x9c, 0x18, 0x1b, 0x91, 0x95, 0x17, 0x16,
    0x02, 0x19, 0x96, 0x86, 0x19, 0x15, 0x1c, 0x95, 0x96, 0x9b, 0x90, 0x19,
    0x9f, 0x04, 0x8d, 0x95, 0x04, 0x00, 0x9a, 0x99, 0x9b, 0x1a, 0x93, 0xa9,
    0x9d, 0x1e, 0x29, 0x9e, 0x8b, 0x84, 0xa8, 0x90, 0x25, 0xa6, 0x27, 0xa2,
    0x89, 0x0b, 0x83, 0x08, 0x81, 0x97, 0x1c, 0xa3, 0x90, 0x1b, 0x17, 0x9c,
    0x12, 0x94, 0x1e, 0x13, 0x1b, 0x1c, 0x9d, 0x11, 0x02, 0x15, 0x85, 0x07,
    0x13, 0x26, 0xa3, 0x0a, 0x9d, 0x9f, 0x95, 0x06, 0x8b, 0x11, 0x20, 0x9c,
    0x23, 0x9a, 0x1a, 0x9f, 0x98, 0x1e, 0x10, 0x12, 0x1d, 0x29, 0x9b, 0x20,
    0x9f, 0x9f, 0x81, 0x15, 0x9f, 0xa3, 0x11, 0x9c, 0x20, 0x1f, 0x16, 0x1e,
    0x8d, 0x26, 0x12, 0x9c, 0x98, 0x9d, 0x14, 0x06, 0x85, 0x19, 0x84, 0x90,
    0x9d, 0x93, 0xa2, 0xa0, 0x23, 0x1b, 0x1f, 0x07, 0x04, 0x95, 0xa0, 0x07,
    0xa5, 0x82, 0xa1, 0x0e, 0x98, 0x29, 0x9d, 0x06, 0xa2, 0x22, 0xa1, 0x19,
    0x84, 0x05, 0x21, 0xa9, 0x14, 0x1f, 0x82, 0x97, 0xa4, 0x1e, 0x1c, 0x1b,
    0x88, 0x20, 0x91, 0x21, 0x19, 0x98, 0x12, 0x20, 0x84, 0x9b, 0x03, 0x1e,
    0x93, 0x16, 0x84, 0x1b, 0x0c, 0xa1, 0x24, 0x9e, 0x9e, 0x19, 0x18, 0xa2,
    0xa2, 0x08, 0xa2, 0xa0, 0x1e, 0x92, 0xa1, 0x07, 0xa0, 0x20, 0x8c, 0x19,
    0x26, 0xa2, 0x03, 0x8f, 0x27, 0x1d, 0x22, 0x2b, 0x9e, 0x11, 0xa0, 0x27,
    0x9e, 0x22, 0x21, 0xaa, 0x18, 0x18, 0x21, 0x89, 0xa7, 0x1a, 0x82, 0x09,
    0xa6, 0x06, 0x21, 0xa2, 0x91, 0x21, 0x1c, 0x9c, 0x9b, 0x05, 0x91, 0x95,
    0xa1, 0x25, 0x23, 0x09, 0xa2, 0xa3, 0x07, 0x8a, 0x9c, 0x87, 0x1e, 0x96,
    0x91, 0x12, 0x87, 0x1a, 0x20, 0x91, 0x16, 0x82, 0x1f, 0x1a, 0x0b, 0x13,
    0x8c, 0x22, 0xa5, 0x24, 0xa0, 0x17, 0x2d, 0x92, 0x18, 0x1b, 0x85, 0xa9,
    0xa0, 0x19, 0x19, 0x9e, 0x9e, 0x20, 0x9d, 0xa0, 0x23, 0x0b, 0x20, 0x1e,
    0x28, 0x18, 0x24, 0x22, 0xa7, 0x87, 0x9b, 0x18, 0x20, 0x14, 0x0f, 0x2d,
    0x0f, 0xa3, 0x94, 0x26, 0xa1, 0xa2, 0x0d, 0x1e, 0x83, 0x1b, 0x1e, 0x93,
    0x98, 0x20, 0x97, 0x0e, 0xa3, 0x23, 0x9c, 0x00, 0x9d, 0x0a, 0x90, 0x21,
    0x24, 0x0d, 0x8c, 0x21, 0xa6, 0xa3, 0x14, 0x1d, 0x11, 0x9b, 0xa4, 0x22,
    0xa2, 0xa0, 0x10, 0x27, 0x85, 0x08, 0xa6, 0x8d, 0x17, 0x97, 0x0b, 0x9b,
    0x91, 0x27, 0xa1, 0x1e, 0x97, 0xa3, 0x10, 0x23, 0x11, 0x81, 0x1b, 0x8f,
    0x08, 0x24, 0x0b, 0x1b, 0x19, 0x9c, 0xa0, 0x9d, 0x9b, 0x9b, 0x18, 0x90,
    0x22, 0x20, 0x0a, 0xa1, 0x07, 0x98, 0x1b, 0x94, 0xa3, 0x83, 0xa4, 0x24,
    0x95, 0x91, 0x1c, 0xa4, 0x86, 0x19, 0xa5, 0xa2, 0x17, 0x1d, 0x1a, 0xa2,
    0x23, 0x94, 0xa1, 0x1b, 0xa8, 0x20, 0x18, 0x21, 0xa1, 0x03, 0xa2, 0x1d,
    0x1a, 0x25, 0x88, 0x08, 0x19, 0x24, 0xa2, 0xa3, 0x9b, 0x1e, 0x10, 0xa6,
    0x8a, 0x1b, 0x1d, 0xa6, 0x20, 0x14, 0x1b, 0x8b, 0x1b, 0x11, 0x12, 0x20,
    0x12, 0x1e, 0xa3, 0x9a, 0x9a, 0x13, 0x93, 0xa6, 0x01, 0x1f, 0x23, 0xa0,
    0x8d, 0xa8, 0x8e, 0x22, 0x20, 0x93, 0x82, 0x98, 0x20, 0x24, 0x1f, 0x11,
    0xa7, 0x9c, 0x24, 0x89, 0x13, 0x1b, 0x95, 0x93, 0x92, 0x96, 0x93, 0x9a,
    0x1b, 0x85, 0x95, 0x8e, 0x1a, 0x94, 0x1c, 0x11, 0x87, 0x1f, 0x9a, 0x93,
    0xa6, 0x93, 0x9d, 0xa9, 0x84, 0x82, 0x98, 0x01, 0x82, 0x1f, 0x94, 0x82,
    0x9b, 0xa0, 0x1a, 0x20, 0x17, 0x96, 0x8e, 0x9c, 0x29, 0x20, 0x1a, 0x81,
    0x9d, 0x95, 0x1b, 0x1c, 0x18, 0x1a, 0xa6, 0x8a, 0x29, 0xa4, 0x22, 0x9b,
    0x1b, 0x93, 0x9b, 0x9a, 0x81, 0x28, 0x92, 0x1a, 0x1c, 0x87, 0x0c, 0x14,
    0x8d, 0x1a, 0x04, 0x18, 0xa2, 0xa5, 0x26, 0x99, 0x24, 0x21, 0x1c, 0x1d,
    0x23, 0x08, 0x1b, 0xa5, 0x1b, 0xa2, 0xa0, 0x95, 0x92, 0x93, 0x9d, 0x9e,
    0x23, 0x91, 0x15, 0x1f, 0x9b, 0x89, 0x1e, 0x20, 0x19, 0x89, 0x1a, 0x92,
    0xa0, 0xa2, 0x1b, 0x99, 0x9f, 0x19, 0x22, 0x82, 0x99, 0x86, 0x17, 0x16,
    0x95, 0x06, 0x16, 0x98, 0x1f, 0x1c, 0xa3, 0x9f, 0x8e, 0x04, 0x85, 0x8d,
    0x03, 0x9c, 0x9b, 0x20, 0x1c, 0xa4, 0x8e, 0xa7, 0x04, 0x29, 0x99, 0x9a,
    0xa4, 0xa5, 0x15, 0x9c, 0x1f, 0x93, 0x94, 0xaa, 0x84, 0xa8, 0x97, 0x1d,
    0x16, 0x8f, 0x23, 0x19, 0x05, 0x1c, 0x1a, 0x11, 0x1e, 0x19, 0x22, 0x13,
    0x25, 0x9a, 0xa7, 0x95, 0x19, 0x25, 0x95, 0x24, 0x87, 0x95, 0x91, 0x9b,
    0x22, 0x01, 0x1b, 0x04, 0x04, 0x19, 0x10, 0xa4, 0x03, 0x00, 0x15, 0x1d,
    0x91, 0x93, 0x8e, 0xa3, 0x13, 0x8f, 0x98, 0x18, 0x1c, 0xa2, 0x29, 0x98,
    0x11, 0x00, 0xa0, 0x21, 0x14, 0x28, 0x9a, 0x9a, 0x16, 0x92, 0xa1, 0x0f,
    0xa6, 0x23, 0x21, 0x99, 0xa1, 0x83, 0x86, 0xa4, 0x0f, 0x12, 0x07, 0x0e,
    0x93, 0x19, 0x9c, 0x91, 0x0f, 0x04, 0x17, 0xa2, 0x9c, 0x94, 0x16, 0x1c,
    0x89, 0x1f, 0x1a, 0x9f, 0x9a, 0x9a, 0x15, 0x04, 0xa1, 0x18, 0x04, 0x24,
    0x19, 0x9d, 0x8d, 0x16, 0xa4, 0x08, 0x88, 0x19, 0x81, 0xa1, 0x8c, 0x86,
    0xa6, 0x9f, 0x9d, 0xa0, 0x16, 0x9e, 0x9d, 0x24, 0xa2, 0xa5, 0x12, 0x1a,
    0x1b, 0x19, 0x27, 0x99, 0x1b, 0x9a, 0x81, 0x86, 0x11, 0x09, 0xa0, 0x9e,
    0x11, 0x25, 0x13, 0x18, 0xa1, 0x23, 0x28, 0xa5, 0x24, 0x90, 0x98, 0x98,
    0x26, 0x20, 0x95, 0x95, 0x9a, 0x98, 0x82, 0x9c, 0x0b, 0x18, 0x10, 0x9b,
    0x1f, 0x81, 0x21, 0xa3, 0x20, 0x95, 0x1d, 0x1e, 0xa1, 0xaa, 0x97, 0x9c,
    0x99, 0x9a, 0x8c, 0x9b, 0x01, 0x1d, 0x02, 0x96, 0x84, 0xa3, 0xa8, 0xa4,
    0xa4, 0x9f, 0x05, 0xa1, 0x13, 0x15, 0x23, 0x0e, 0x9d, 0xa7, 0x15, 0x8d,
    0x05, 0x00, 0x03, 0x9d, 0x16, 0x25, 0x16, 0x05, 0x22, 0x2a, 0x21, 0x08,
    0x9a, 0x94, 0xa2, 0xa9, 0x05, 0x25, 0x27, 0xa5, 0xa0, 0x18, 0x21, 0x0d,
    0x9c, 0x92, 0x13, 0xa8, 0x1a, 0x88, 0xa7, 0x22, 0x13, 0x22, 0x07, 0x2b,
    0x27, 0x9a, 0x0c, 0x14, 0x96, 0x08, 0x0d, 0xa0, 0xa6, 0x1c, 0x8f, 0x03,
    0xa1, 0x24, 0x8b, 0x25, 0x9d, 0xa1, 0x93, 0x8a, 0x1b, 0xa0, 0x25, 0x99,
    0x25, 0x18, 0xa2, 0x1c, 0xa0, 0x14, 0x01, 0x26, 0x1b, 0x13, 0x10, 0x88,
    0x97, 0x93, 0x13, 0xa0, 0x12, 0x16, 0xa6, 0x9b, 0x1b, 0x1f, 0x88, 0x25,
    0x8f, 0x1c, 0x06, 0x14, 0x05, 0x90, 0xa5, 0x92, 0x1a, 0x1b, 0x15, 0x84,
    0x92, 0x93, 0x9e, 0x95, 0x83, 0x89, 0x90, 0xa3, 0x9d, 0x13, 0x9c, 0x96,
    0xa3, 0x28, 0x24, 0x98, 0x1c, 0xa9, 0x21, 0x21, 0xa8, 0x9e, 0x09, 0x95,
    0x94, 0x8b, 0x1e, 0xaa, 0x00, 0x0a, 0x1b, 0xa1, 0x1a, 0x19, 0x92, 0x95,
    0x1f, 0x88, 0x8d, 0x16, 0xa3, 0x88, 0x1f, 0xa1, 0x91, 0x9a, 0xa3, 0xa3,
    0x26, 0x23, 0x88, 0x13, 0x1a, 0x99, 0x20, 0x16, 0x99, 0x12, 0xa4, 0x9f,
    0x00, 0x20, 0x17, 0x99, 0x18, 0x98, 0x07, 0x9b, 0x13, 0x9a, 0x1b, 0x9c,
    0x1a, 0xa4, 0x11, 0x1b, 0x19, 0x14, 0x22, 0x12, 0x0b, 0x9a, 0xa3, 0x8a,
    0x99, 0x1e, 0x11, 0x0c, 0x13, 0x29, 0x91, 0xad, 0xa4, 0x92, 0x14, 0xa3,
    0x15, 0x2b, 0x1a, 0x20, 0x19, 0x1e, 0x9b, 0x9d, 0x96, 0x02, 0x90, 0x9e,
    0x94, 0x89, 0x9c, 0xa1, 0x21, 0x1c, 0x1d, 0x24, 0x88, 0x27, 0x10, 0x26,
    0x15, 0x16, 0x23, 0x1d, 0x8a, 0x93, 0x18, 0x9c, 0x0e, 0x1f, 0x1f, 0x94,
    0x95, 0x9c, 0xa2, 0x16, 0xa5, 0xa2, 0xa0, 0x95, 0x19, 0x1c, 0x05, 0x9a,
    0x13, 0x16, 0x11, 0x20, 0xa7, 0x0b, 0x9b, 0x06, 0x93, 0x9d, 0xa1, 0xa7,
    0x88, 0x22, 0x89, 0x22, 0x88, 0x1b, 0x1e, 0xa0, 0x08, 0x96, 0x22, 0xa4,
    0x0a, 0x86, 0x19, 0xa2, 0x99, 0x1b, 0x9f, 0xa5, 0x23, 0x24, 0x82, 0x14,
    0x19, 0x9c, 0x9f, 0x28, 0x89, 0xa3, 0x85, 0x2a, 0x9b, 0x11, 0x16, 0x8a,
    0x86, 0x91, 0x9f, 0x96, 0x98, 0x81, 0xa0, 0xa1, 0x9b, 0xa4, 0x15, 0x21,
    0x19, 0x99, 0x10, 0x1e, 0xa6, 0x15, 0x9b, 0x8e, 0x14, 0x22, 0x1a, 0xa0,
    0x98, 0x22, 0x0c, 0xa0, 0xa8, 0x9b, 0x14, 0x21, 0xa5, 0x8f, 0x18, 0x91,
    0x26, 0x28, 0x9e, 0x96, 0x19, 0x9b, 0x24, 0x24, 0x87, 0x8f, 0x91, 0x89,
    0x9c, 0x0c, 0x0c, 0x28, 0x98, 0x12, 0x1a, 0xaa, 0xa0, 0x21, 0xaa, 0x93,
    0xa5, 0x9b, 0x9f, 0x26, 0x8f, 0x9a, 0x9a, 0x8d, 0x25, 0x93, 0x0c, 0x93,
    0x17, 0xa6, 0x26, 0x15, 0x0c, 0x81, 0x91, 0x1c, 0xa8, 0x98, 0x20, 0xa3,
    0x9d, 0x9f, 0x14, 0x21, 0x03, 0x26, 0x06, 0xa7, 0x86, 0xa5, 0x94, 0x99,
    0x8c, 0x2c, 0x11, 0x1c, 0x1f, 0x98, 0x07, 0x07, 0x09, 0x1c, 0x0f, 0x20,
    0x0e, 0xa4, 0x1d, 0x06, 0x97, 0x85, 0x0c, 0x95, 0x8f, 0x91, 0xa4, 0x94,
    0x07, 0x05, 0x19, 0x13, 0xa1, 0x81, 0x9e, 0x99, 0x0f, 0x13, 0x1a, 0xa0,
    0x21, 0x23, 0x1c, 0x17, 0x0f, 0xab, 0xa5, 0x01, 0x89, 0x9f, 0x9a, 0x9e,
    0x9d, 0xa7, 0xa1, 0xa4, 0x15, 0x1e, 0x03, 0x1b, 0x0e, 0x22, 0x25, 0x22,
    0xa0, 0xa2, 0xa0, 0x20, 0xae, 0x98, 0x14, 0x9b, 0x1d, 0x29, 0x98, 0x9b,
    0x95, 0x8f, 0x95, 0x11, 0x0a, 0x1b, 0x0a, 0x9c, 0x9f, 0x21, 0x14, 0x21,
    0x19, 0x99, 0x18, 0x9f, 0x8f, 0x17, 0x26, 0x0f, 0x18, 0x9a, 0x16, 0xa1,
    0x87, 0x07, 0x0f, 0x93, 0x19, 0x96, 0xa2, 0x85, 0x93, 0xa4, 0x2b, 0x01,
    0x24, 0xa6, 0x9f, 0x99, 0xa4, 0x9c, 0xa2, 0xa2, 0x0a, 0x8c, 0x10, 0xa1,
    0xa3, 0x10, 0x1e, 0x86, 0xa1, 0xa9, 0x16, 0x05, 0xa2, 0x0a, 0x8a, 0x16,
    0x24, 0x2d, 0x03, 0x0d, 0x05, 0x16, 0x8e, 0x17, 0x1f, 0xa4, 0x89, 0x19,
    0x98, 0x94, 0x9d, 0x9c, 0xa2, 0xa0, 0xa5, 0x98, 0x94, 0x04, 0x24, 0x91,
    0x9f, 0x9f, 0xa0, 0x0e, 0x9f, 0x1f, 0x22, 0x92, 0x11, 0x1a, 0xa0, 0x22,
    0x8f, 0x9d, 0xa9, 0x1a, 0xad, 0x8d, 0x21, 0x1e, 0xa4, 0xa2, 0x13, 0x2a,
    0xa8, 0x1e, 0x8d, 0x14, 0x8f, 0x22, 0x20, 0xa4, 0x94, 0x17, 0x1f, 0x08,
    0x1a, 0x83, 0x96, 0xa8, 0x18, 0x1e, 0x29, 0x8d, 0x11, 0x9e, 0x14, 0x21,
    0x19, 0x8e, 0xa9, 0x9c, 0x1a, 0x22, 0x21, 0x2a, 0xa3, 0x87, 0x85, 0x23,
    0x9e, 0x00, 0x03, 0xa3, 0x16, 0x91, 0x82, 0x11, 0xa0, 0x18, 0x9f, 0x9c,
    0x1c, 0xa4, 0x1b, 0x13, 0xa5, 0x1d, 0x25, 0x13, 0x00, 0x06, 0x9e, 0x95,
    0x8b, 0x1d, 0xa8, 0x1e, 0xa2, 0x90, 0x1d, 0xa4, 0x82, 0x0f, 0x07, 0xa7,
    0x1b, 0x25, 0xac, 0x2b, 0xa2, 0x16, 0x1f, 0x25, 0x0f, 0x14, 0x91, 0x19,
    0x9c, 0x1b, 0x1d, 0x97, 0x1c, 0x9f, 0xa0, 0x19, 0x9c, 0x10, 0x92, 0x24,
    0x9b, 0x1f, 0x1b, 0x0b, 0xa4, 0xa1, 0xa0, 0x04, 0x90, 0x14, 0x8b, 0x90,
    0x98, 0xa2, 0x18, 0x1b, 0x94, 0xaa, 0x9a, 0x1a, 0x9f, 0x96, 0xa2, 0x0b,
    0xa8, 0x21, 0x20, 0xa4, 0x9a, 0xa4, 0x1d, 0x95, 0xa2, 0xa3, 0x8a, 0x1b,
    0x20, 0x12, 0x21, 0x9f, 0x14, 0x23, 0x11, 0x94, 0x91, 0x10, 0x99, 0xa4,
    0x1b, 0x1d, 0x9e, 0x1c, 0xa0, 0x14, 0x18, 0x0f, 0x9d, 0x10, 0x93, 0x87,
    0x9b, 0x8c, 0x12, 0x20, 0x9f, 0x1f, 0x02, 0x11, 0xa0, 0x15, 0xa1, 0x16,
    0x91, 0x20, 0x04, 0x22, 0x1f, 0xa4, 0x0a, 0x27, 0x9f, 0x93, 0x0c, 0x9b,
    0x93, 0x9a, 0x1d, 0x82, 0xa9, 0x9e, 0x91, 0x8b, 0xab, 0x24, 0xa2, 0xaa,
    0xa4, 0x1a, 0x9b, 0x9f, 0x22, 0x2b, 0x06, 0x12, 0x04, 0x9c, 0x1a, 0x8e,
    0xa1, 0x23, 0x1a, 0x1a, 0x29, 0x19, 0xa0, 0x92, 0x18, 0x1f, 0x07, 0x07,
    0x29, 0x1d, 0x25, 0x21, 0x10, 0x23, 0x94, 0x98, 0x25, 0x28, 0x05, 0xa3,
    0x23, 0x2b, 0x00, 0x27, 0x19, 0x1c, 0xab, 0x94, 0x17, 0x1a, 0xa5, 0x9e,
    0x1b, 0x9e, 0x03, 0x21, 0xa0, 0x1b, 0x93, 0x1a, 0xa1, 0x99, 0x18, 0x15,
    0x9a, 0x00, 0x18, 0x17, 0x95, 0x98, 0x1e, 0x91, 0x19, 0x9f, 0x14, 0xa1,
    0x20, 0xa5, 0xa4, 0x07, 0xa0, 0x9c, 0x9c, 0x0b, 0x21, 0x8f, 0x1b, 0x0b,
    0x1b, 0x21, 0x9c, 0xa8, 0x9d, 0x0a, 0x1a, 0x94, 0x18, 0x9a, 0xa5, 0x10,
    0x09, 0x99, 0x85, 0x90, 0x13, 0x8d, 0xa0, 0x15, 0x1c, 0x9e, 0x9c, 0x21,
    0x1a, 0x93, 0x1c, 0x1c, 0x1e, 0x1f, 0x95, 0x9c, 0x24, 0x10, 0x24, 0xa8,
    0x1e, 0xa3, 0x21, 0x1f, 0x8d, 0x86, 0x03, 0x16, 0x13, 0xa2, 0x82, 0xa5,
    0x08, 0x1c, 0x25, 0xa1, 0x21, 0x25, 0x01, 0x26, 0xab, 0x8e, 0x1b, 0x27,
    0x1d, 0x03, 0x00, 0x99, 0x0f, 0x06, 0x22, 0x9b, 0x9f, 0x13, 0x9d, 0x05,
    0x8d, 0x19, 0x93, 0x11, 0x19, 0x05, 0x9b, 0x9d, 0x1e, 0x8e, 0x15, 0x0e,
    0xa2, 0x8c, 0x94, 0x25, 0x9d, 0x19, 0x1d, 0x17, 0xa3, 0x21, 0x98, 0x1d,
    0x1a, 0x11, 0x9f, 0x21, 0x9a, 0xa8, 0x94, 0x1f, 0xa0, 0x21, 0x8b, 0xa2,
    0x99, 0x1c, 0x07, 0x12, 0x1f, 0x08, 0x25, 0x1a, 0xa4, 0xa6, 0xa1, 0x22,
    0x91, 0x13, 0x90, 0xa7, 0x20, 0x23, 0x16, 0x9a, 0x03, 0x0f, 0x20, 0x83,
    0x8e, 0x05, 0x9b, 0x9a, 0x18, 0x04, 0x21, 0x1e, 0x1d, 0x23, 0x94, 0x19,
    0x9a, 0x20, 0xa8, 0x92, 0x1b, 0xa9, 0x11, 0x21, 0x0a, 0xa1, 0x9b, 0x1e,
    0xa4, 0xa5, 0x9e, 0x1b, 0x13, 0x85, 0x2b, 0x15, 0x91, 0x01, 0x11, 0xa8,
    0xa0, 0x08, 0x22, 0xa9, 0x22, 0x18, 0x14, 0x01, 0x84, 0x16, 0x29, 0xa7,
    0x26, 0xa9, 0xa0, 0x1c, 0x95, 0x30, 0x93, 0x95, 0x2c, 0x2b, 0x05, 0x83,
    0x92, 0x21, 0x8d, 0xa0, 0x20, 0x95, 0x13, 0xa4, 0xa3, 0xa0, 0xa2, 0x9d,
    0x9b, 0xa4, 0x21, 0xa0, 0x8d, 0x1b, 0x1a, 0x22, 0x16, 0xa1, 0x11, 0x9e,
    0x08, 0x88, 0x19, 0x20, 0x27, 0x22, 0x13, 0x1a, 0x18, 0xae, 0x0d, 0x19,
    0x9e, 0x9a, 0x1c, 0x22, 0x8e, 0x24, 0xa6, 0x26, 0x05, 0x23, 0x0f, 0x1f,
    0x21, 0x12, 0xa0, 0xae, 0x0e, 0x80, 0x1c, 0x9b, 0x96, 0x04, 0x9a, 0x24,
    0x23, 0x10, 0x18, 0x11, 0x01, 0x96, 0x14, 0x86, 0x9a, 0x91, 0xa2, 0x24,
    0xa0, 0x22, 0x97, 0x13, 0x9c, 0xa6, 0x19, 0x99, 0x1a, 0x11, 0x1b, 0x1f,
    0x8d, 0xa0, 0x86, 0x1b, 0x16, 0x9b, 0x21, 0x1e, 0x85, 0x1f, 0x90, 0x04,
    0x01, 0x90, 0x92, 0x08, 0x9b, 0x1a, 0x22, 0x1c, 0xad, 0x26, 0x91, 0x9f,
    0xa5, 0x1f, 0x05, 0x1b, 0x1c, 0x04, 0xa6, 0x22, 0x9e, 0x14, 0x90, 0x2b,
    0x9a, 0x1a, 0x21, 0xa0, 0x18, 0xa0, 0x9d, 0xa1, 0x9c, 0x95, 0x2a, 0x8f,
    0x1d, 0x86, 0x95, 0x21, 0x00, 0x07, 0x9d, 0x94, 0xa3, 0x9f, 0xa1, 0x9f,
    0x1c, 0x14, 0x83, 0x0f, 0x1b, 0x1c, 0x99, 0x87, 0x96, 0x9b, 0x18, 0x26,
    0x94, 0x8a, 0x0d, 0xa2, 0x20, 0x99, 0x9f, 0x09, 0x15, 0x05, 0x17, 0xaa,
    0xa0, 0x21, 0x82, 0x29, 0x1e, 0xa2, 0x1f, 0x0f, 0x0d, 0x90, 0xa9, 0x9e,
    0x1f, 0xa1, 0x21, 0x12, 0x8f, 0x0c, 0x94, 0x86, 0x1f, 0x16, 0xa0, 0x06,
    0xa4, 0xa0, 0x12, 0x14, 0x08, 0xa2, 0x97, 0x1b, 0x1b, 0x25, 0x87, 0x9b,
    0x98, 0x05, 0x8e, 0x96, 0x83, 0x97, 0x21, 0x9d, 0x85, 0x18, 0x07, 0x02,
    0x9b, 0x81, 0x94, 0x0b, 0x21, 0x9f, 0x19, 0x15, 0x01, 0x99, 0x00, 0x21,
    0xa5, 0x08, 0x91, 0xa1, 0x9c, 0x26, 0x0f, 0x25, 0x8b, 0x27, 0x93, 0x23,
    0x12, 0x83, 0xa0, 0x9a, 0x17, 0x9a, 0x1d, 0x9a, 0x10, 0x15, 0x1c, 0x25,
    0x00, 0x1f, 0xa1, 0x01, 0x20, 0xa5, 0x16, 0x1a, 0x98, 0x91, 0x0d, 0x0d,
    0x20, 0x27, 0x93, 0x92, 0x09, 0x96, 0x9d, 0x96, 0x9d, 0x8d, 0x9d, 0x9d,
    0x9f, 0x02, 0x09, 0x97, 0x83, 0x04, 0x9a, 0x04, 0x8c, 0xa0, 0x93, 0x98,
    0x20, 0x19, 0xa9, 0x27, 0xa1, 0x0b, 0x1a, 0xa8, 0x0f, 0x9d, 0x1a, 0x21,
    0x25, 0x1f, 0x20, 0x12, 0x93, 0x22, 0x97, 0x24, 0x8e, 0xaa, 0x1f, 0x93,
    0x1b, 0x1c, 0x20, 0xa5, 0x25, 0x15, 0x93, 0x11, 0x1a, 0x8f, 0x05, 0x90,
    0x9c, 0x13, 0x08, 0x90, 0x1d, 0x1c, 0x13, 0x12, 0x18, 0x9c, 0x19, 0x0a,
    0x9e, 0x8c, 0x8f, 0x83, 0x9f, 0x9c, 0x85, 0x11, 0x18, 0x0b, 0xa1, 0x9a,
    0x98, 0x14, 0x9f, 0x85, 0x01, 0x20, 0x95, 0x9a, 0x01, 0x28, 0x1e, 0xa6,
    0x93, 0xa9, 0x10, 0x22, 0x87, 0x91, 0x9f, 0xa1, 0x9b, 0x23, 0x9e, 0xa9,
    0x1e, 0x89, 0x81, 0xa1, 0x21, 0x12, 0x98, 0x1c, 0x8c, 0x04, 0x21, 0xa1,
    0x1b, 0xa8, 0x94, 0x21, 0x88, 0x1e, 0x8f, 0x0d, 0x1f, 0xa1, 0xa6, 0x99,
    0x0e, 0x22, 0x12, 0x1e, 0x25, 0x18, 0x1e, 0x23, 0x15, 0x97, 0x13, 0x22,
    0x04, 0x20, 0x28, 0x96, 0x01, 0x9b, 0x21, 0x9c, 0x29, 0xa4, 0x02, 0xa6,
    0x9a, 0x1e, 0x9b, 0x19, 0x9a, 0x22, 0x1b, 0x0f, 0xa1, 0xa1, 0x1b, 0x10,
    0x23, 0x0c, 0xa6, 0xa3, 0x1e, 0x9a, 0x0d, 0x1d, 0xa9, 0x95, 0x13, 0x27,
    0x08, 0x25, 0x11, 0xa6, 0xa6, 0x13, 0x92, 0x13, 0x22, 0x95, 0x9d, 0xa0,
    0x92, 0x03, 0x84, 0x14, 0x11, 0x20, 0x01, 0x01, 0x19, 0x99, 0x94, 0x9f,
    0x91, 0x1b, 0x81, 0xa1, 0x07, 0x14, 0x8d, 0x9a, 0x1a, 0x9a, 0x1a, 0x8d,
    0x89, 0x9f, 0x95, 0xa1, 0x95, 0xa3, 0x8f, 0x96, 0x0a, 0x83, 0x98, 0xa9,
    0x1a, 0x06, 0x20, 0x1e, 0x21, 0x98, 0x21, 0x15, 0x93, 0xa6, 0x20, 0x24,
    0x97, 0x1d, 0x20, 0x95, 0x1c, 0x2b, 0x13, 0x16, 0x8a, 0x9e, 0x97, 0xa3,
    0x22, 0x19, 0x9a, 0xa3, 0xa8, 0x1a, 0x16, 0x21, 0x9a, 0x1e, 0xa1, 0x22,
    0x22, 0x19, 0x1a, 0x9e, 0x91, 0x05, 0x06, 0x18, 0x9b, 0x99, 0x16, 0x22,
    0x00, 0xa2, 0x22, 0x9c, 0x07, 0x99, 0x14, 0x1a, 0x92, 0x1c, 0x21, 0x06,
    0x15, 0x89, 0x1a, 0x93, 0x98, 0x1d, 0x12, 0x1e, 0x19, 0x13, 0x15, 0x92,
    0x8d, 0x1a, 0x18, 0x89, 0x0b, 0x8c, 0x92, 0x94, 0x8f, 0x1f, 0x90, 0x1e,
    0x07, 0x96, 0x9b, 0x9a, 0x98, 0xa0, 0xa3, 0x9d, 0x11, 0x22, 0x83, 0x1f,
    0x99, 0x22, 0x01, 0x15, 0x92, 0xa0, 0x19, 0x1d, 0xa0, 0x90, 0x91, 0x1e,
    0x20, 0x10, 0x25, 0x99, 0x26, 0x9e, 0x0c, 0x9c, 0x27, 0xac, 0x23, 0x8f,
    0xa3, 0x90, 0x9c, 0x29, 0x84, 0x9c, 0x29, 0x17, 0x0c, 0x19, 0xa8, 0xa1,
    0x1c, 0xa5, 0x2b, 0x92, 0x28, 0x00, 0x0b, 0x9e, 0x88, 0x23, 0x29, 0x25,
    0x19, 0x9a, 0x9e, 0x26, 0x95, 0x23, 0x1d, 0xa7, 0x9d, 0x9e, 0x9e, 0x18,
    0x98, 0x22, 0x12, 0x1b, 0xa2, 0x0a, 0xa3, 0x15, 0x0f, 0x9b, 0x82, 0x98,
    0x03, 0xa0, 0x1f, 0x1e, 0xa7, 0xa8, 0xab, 0x17, 0x1c, 0x14, 0x11, 0x25,
    0x01, 0x15, 0x89, 0x03, 0xa5, 0xa3, 0x20, 0x23, 0x1a, 0x9a, 0xa1, 0x92,
    0x8d, 0x95, 0xa5, 0x19, 0x04, 0x25, 0x21, 0x9a, 0x02, 0xa3, 0x92, 0xa2,
    0x9c, 0x24, 0x11, 0x9f, 0x18, 0x96, 0x8d, 0x11, 0xa6, 0x9c, 0x87, 0x1b,
    0x08, 0x1a, 0xaa, 0x9a, 0x1f, 0x25, 0x03, 0xa1, 0x1a, 0x82, 0x9f, 0x25,
    0x20, 0x98, 0x21, 0x16, 0x1d, 0x0f, 0x22, 0x85, 0x0a, 0x99, 0x18, 0x18,
    0x17, 0x1e, 0x80, 0x11, 0x0d, 0x9e, 0xa6, 0x13, 0xa2, 0xa5, 0x92, 0x29,
    0x98, 0xa1, 0x84, 0x10, 0x8c, 0x05, 0x1c, 0x1e, 0x24, 0x84, 0x17, 0x0a,
    0x87, 0xa3, 0xa3, 0x26, 0x95, 0x92, 0x13, 0xa3, 0x1a, 0x20, 0x27, 0x18,
    0x85, 0x13, 0x9b, 0x9d, 0x98, 0x87, 0x1f, 0x11, 0x1f, 0xa1, 0x08, 0x99,
    0x9c, 0x10, 0x09, 0x1e, 0x0f, 0x18, 0xaa, 0x13, 0x19, 0x89, 0x19, 0x21,
    0x22, 0x99, 0x18, 0x21, 0x9d, 0x1b, 0x95, 0x94, 0x22, 0x18, 0x1c, 0xa1,
    0x91, 0x21, 0x11, 0x9c, 0x84, 0x25, 0x85, 0x89, 0x06, 0xa2, 0x23, 0xa0,
    0xa6, 0x26, 0x1a, 0x12, 0x29, 0x14, 0x15, 0x82, 0xa5, 0x88, 0x21, 0x93,
    0x1b, 0x97, 0x1e, 0x0a, 0x20, 0xa1, 0x04, 0x20, 0x17, 0xa6, 0xa6, 0x98,
    0x1f, 0x20, 0x01, 0x19, 0x91, 0x16, 0x9d, 0x1a, 0x9f, 0x0f, 0x92, 0xa0,
    0x9f, 0x99, 0x02, 0x97, 0x98, 0x18, 0x9a, 0x98, 0x20, 0xa1, 0x24, 0x11,
    0xa3, 0x9c, 0xa5, 0x22, 0x9c, 0x07, 0x19, 0xa7, 0x9e, 0xa3, 0x1e, 0x10,
    0x18, 0x1a, 0x22, 0x1f, 0x1b, 0xa7, 0x9f, 0x07, 0x9d, 0x9a, 0x21, 0xa4,
    0x1e, 0x19, 0x01, 0x0f, 0x1e, 0x06, 0x12, 0x28, 0x02, 0x1d, 0x96, 0x25,
    0x9e, 0x83, 0xa3, 0xa0, 0xa5, 0x1b, 0x8e, 0xa7, 0x00, 0x25, 0x22, 0x99,
    0x86, 0x0f, 0x85, 0x94, 0x1a, 0x1b, 0x22, 0x24, 0x20, 0x24, 0x15, 0x1b,
    0x26, 0x99, 0xa1, 0x86, 0x1e, 0x8b, 0x9b, 0xa1, 0x1b, 0x88, 0x92, 0x9f,
    0x22, 0x88, 0x14, 0x13, 0x9d, 0x84, 0x1a, 0x0c, 0x1f, 0x8d, 0xa9, 0x91,
    0x1b, 0x06, 0x11, 0xa2, 0x8e, 0x18, 0x93, 0x22, 0x94, 0x21, 0x0c, 0x21,
    0x9b, 0x18, 0x90, 0x0c, 0x23, 0xa1, 0x97, 0x07, 0x9b, 0x9b, 0x99, 0x96,
    0x98, 0x8c, 0x9b, 0x13, 0x9a, 0x03, 0x9d, 0x17, 0x18, 0x8e, 0x10, 0x01,
    0x89, 0x86, 0x11, 0x15, 0x08, 0x8d, 0x0d, 0x0f, 0xa9, 0x9c, 0x1e, 0x20,
    0xa3, 0xaa, 0x0b, 0x18, 0x1a, 0x1a, 0x19, 0x23, 0xa6, 0x0f, 0x15, 0x1e,
    0x21, 0xa1, 0x20, 0xa1, 0x9b, 0x12, 0x83, 0x17, 0xa0, 0xa1, 0x12, 0xa8,
    0x12, 0x22, 0x0e, 0x92, 0xa1, 0x0d, 0x16, 0x18, 0x18, 0xa8, 0x1a, 0x98,
    0x87, 0x9e, 0x8c, 0x06, 0x11, 0x22, 0x20, 0x94, 0x95, 0x85, 0x92, 0xa1,
    0x11, 0x1b, 0x1a, 0x96, 0x0c, 0x88, 0x93, 0x04, 0x19, 0x9a, 0x1a, 0x8d,
    0xa0, 0x9e, 0x19, 0x14, 0xa3, 0xa8, 0x8e, 0x24, 0x98, 0x2a, 0x1e, 0x26,
    0xa5, 0x18, 0x1a, 0x91, 0x0a, 0x87, 0x2c, 0x91, 0x99, 0x24, 0x20, 0x22,
    0xa2, 0x02, 0x1d, 0x83, 0x8e, 0x27, 0x12, 0x25, 0x9c, 0x21, 0x8a, 0xa6,
    0xa0, 0x9b, 0x22, 0x92, 0x9a, 0x83, 0x8a, 0x89, 0x99, 0x0e, 0x8e, 0xa1,
    0x95, 0x18, 0x0a, 0x04, 0x9a, 0x97, 0x95, 0x1b, 0x15, 0x09, 0x22, 0x88,
    0x19, 0x14, 0x05, 0x1c, 0x14, 0x11, 0x21, 0xa5, 0x92, 0x82, 0x9a, 0x94,
    0x92, 0x23, 0x91, 0x1c, 0xa4, 0xa0, 0x9d, 0x06, 0x92, 0x07, 0x22, 0x22,
    0x22, 0x19, 0xa2, 0x8e, 0x9f, 0x25, 0x16, 0x24, 0x91, 0x95, 0x85, 0x97,
    0xa7, 0x24, 0x09, 0x20, 0x1c, 0x87, 0x90, 0x9b, 0x97, 0x8e, 0x03, 0x88,
    0x20, 0x81, 0xa0, 0x1f, 0xa4, 0x90, 0x91, 0x94, 0x9a, 0x17, 0x19, 0xa0,
    0x21, 0xa0, 0xa2, 0xa0, 0x81, 0x9e, 0x9a, 0x9a, 0x0e, 0x96, 0x95, 0x1e,
    0xa1, 0x20, 0x1a, 0x0e, 0x9d, 0x94, 0x0c, 0x98, 0x14, 0xa3, 0x21, 0x08,
    0x82, 0x26, 0x0d, 0x0e, 0x24, 0xaf, 0x99, 0x99, 0x1d, 0x95, 0x91, 0x9a,
    0x28, 0x1c, 0x98, 0x0b, 0x9e, 0x21, 0x9f, 0x20, 0x22, 0x1e, 0xa0, 0xa3,
    0x0f, 0x9b, 0x27, 0x1a, 0x1a, 0x0b, 0x91, 0x24, 0x15, 0x06, 0xa3, 0x01,
    0x1e, 0x11, 0x24, 0x08, 0x0a, 0x82, 0x07, 0xa1, 0x02, 0xa0, 0x11, 0x86,
    0x0e, 0x94, 0x97, 0x12, 0x9f, 0xa2, 0xa5, 0x04, 0xa8, 0x20, 0x06, 0x20,
    0x9a, 0x19, 0x24, 0x15, 0x27, 0x23, 0x24, 0x8d, 0x1f, 0xa7, 0x14, 0x23,
    0x15, 0x1f, 0x1c, 0x98, 0x92, 0x26, 0x0c, 0x95, 0x19, 0x15, 0x9b, 0x9a,
    0x91, 0x24, 0x1e, 0x2a, 0x0c, 0x11, 0x11, 0x9c, 0x9b, 0x9e, 0x9b, 0x92,
    0x19, 0x92, 0x1c, 0x1b, 0x9a, 0x9f, 0x19, 0x12, 0x01, 0x82, 0x9e, 0x8a,
    0x1d, 0x1d, 0x1e, 0xa6, 0x15, 0x06, 0x96, 0x8d, 0x05, 0x11, 0x16, 0x9e,
    0x12, 0x1e, 0x8a, 0x8a, 0x96, 0x8e, 0x29, 0x91, 0x9b, 0x9c, 0x8b, 0x9b,
    0x94, 0x16, 0x18, 0x94, 0x98, 0x06, 0x15, 0x19, 0x18, 0x95, 0xa6, 0x0e,
    0x1f, 0x10, 0x1d, 0x96, 0x0d, 0x86, 0x98, 0x08, 0x20, 0x18, 0x13, 0x1c,
    0x9e, 0x0a, 0xa3, 0x1f, 0xa4, 0x8b, 0xab, 0x1e, 0x25, 0x94, 0x1c, 0x13,
    0x02, 0xa4, 0xa1, 0x1a, 0x1d, 0x00, 0x1f, 0xa2, 0x95, 0x92, 0xa0, 0x82,
    0x94, 0x97, 0x9e, 0x86, 0xa1, 0x9b, 0x9c, 0x89, 0x90, 0x98, 0x9b, 0x9a,
    0x08, 0x22, 0x22, 0x91, 0x08, 0x9e, 0x0e, 0x0b, 0x21, 0x1a, 0x83, 0x16,
    0x24, 0x99, 0x01, 0x13, 0xa3, 0x1d, 0x98, 0x95, 0xaa, 0x98, 0xaa, 0xa2,
    0x19, 0xa6, 0x20, 0x8d, 0x95, 0xa0, 0x11, 0x9f, 0x20, 0x92, 0x18, 0x00,
    0x21, 0x0f, 0x9d, 0x0d, 0x9c, 0x96, 0xa1, 0x84, 0x84, 0x03, 0x9d, 0x24,
    0xa1, 0x9c, 0x91, 0x1c, 0x24, 0x9a, 0x25, 0xa1, 0x8b, 0x81, 0x1d, 0x85,
    0x9c, 0x1c, 0xa1, 0x9f, 0x21, 0x9f, 0x22, 0x8f, 0x9b, 0x97, 0x21, 0x18,
    0x0f, 0x87, 0x06, 0x82, 0x85, 0x03, 0x8d, 0x11, 0x94, 0x8b, 0x23, 0x84,
    0x17, 0xa3, 0xa0, 0x93, 0x0a, 0x22, 0x82, 0x23, 0x04, 0xa1, 0x21, 0x91,
    0x1b, 0x84, 0xa9, 0x1c, 0x1c, 0x9b, 0x98, 0xa8, 0xa5, 0x22, 0x25, 0x1b,
    0x26, 0x1a, 0x95, 0x9a, 0x1f, 0x0b, 0x91, 0x0f, 0xa2, 0x03, 0x92, 0x8d,
    0x10, 0x99, 0x22, 0xa0, 0x9f, 0x97, 0x16, 0x07, 0x9f, 0x1c, 0x23, 0x88,
    0x14, 0x21, 0x09, 0xa0, 0xa3, 0x1e, 0x9b, 0x9d, 0x22, 0x12, 0x99, 0x21,
    0x9a, 0x16, 0x1f, 0xa6, 0x93, 0x10, 0x97, 0x90, 0x91, 0x9e, 0x8a, 0x04,
    0x98, 0x27, 0x0b, 0x13, 0x1c, 0x25, 0x15, 0x26, 0x0a, 0xa2, 0x9a, 0x21,
    0x18, 0x9d, 0x22, 0x10, 0x1a, 0x09, 0x99, 0x95, 0xa5, 0x21, 0x12, 0x9e,
    0x20, 0x21, 0x9a, 0xa7, 0xa6, 0x8c, 0x11, 0x85, 0x20, 0x19, 0x1e, 0xa5,
    0x21, 0xa5, 0xa1, 0x89, 0x11, 0x1e, 0x9c, 0x95, 0x96, 0x98, 0x1d, 0x83,
    0x21, 0x07, 0x8d, 0xa4, 0x19, 0x00, 0x20, 0x97, 0x82, 0x0a, 0x9a, 0x8a,
    0x1d, 0x82, 0x00, 0x1f, 0x98, 0x1f, 0x99, 0x8b, 0x9f, 0x8f, 0xa6, 0x1a,
    0x16, 0xa2, 0x20, 0x24, 0x86, 0xa1, 0xa2, 0x91, 0x1f, 0x9a, 0x16, 0xa2,
    0x9a, 0x1e, 0x1d, 0x20, 0xa9, 0x09, 0x1e, 0x92, 0xa4, 0x8d, 0x1f, 0x9b,
    0xa0, 0x18, 0x8a, 0x21, 0x9b, 0x1c, 0x20, 0xa5, 0x1e, 0x18, 0x11, 0x1c,
    0x06, 0x22, 0x87, 0x99, 0x29, 0x22, 0x0b, 0x96, 0x19, 0x9d, 0xa3, 0x1a,
    0xa1, 0x06, 0x0e, 0x9d, 0x9d, 0x1f, 0x1a, 0x28, 0xa3, 0x90, 0x85, 0x82,
    0x9c, 0xa3, 0x98, 0x05, 0x9d, 0x99, 0x0c, 0x9c, 0x91, 0x94, 0xa2, 0x11,
    0xa1, 0xa6, 0xa4, 0x88, 0xa0, 0x00, 0x9d, 0x1d, 0x21, 0x8d, 0x07, 0x17,
    0x12, 0x99, 0xa0, 0xa4, 0xac, 0xa3, 0xaa, 0x25, 0x18, 0x1a, 0x90, 0xa9,
    0x22, 0x13, 0x97, 0x21, 0x9b, 0x84, 0x30, 0x24, 0x28, 0x24, 0x2a, 0x26,
    0x95, 0x1a, 0x91, 0x9d, 0x14, 0x25, 0x1b, 0x9a, 0x9d, 0x9e, 0x9f, 0x98,
    0x1d, 0xa4, 0x12, 0x9e, 0x1b, 0x1d, 0x9a, 0x1b, 0x1e, 0xa3, 0x1e, 0x06,
    0x82, 0x82, 0x1e, 0x19, 0x91, 0xa7, 0x9a, 0x92, 0xa1, 0x8b, 0x1d, 0x9c,
    0x0c, 0xa3, 0x26, 0x16, 0x27, 0x20, 0x82, 0x9c, 0x96, 0x03, 0x96, 0xa9,
    0x03, 0xa2, 0x03, 0x91, 0x1a, 0x04, 0xa4, 0x1d, 0xa9, 0xa0, 0x17, 0x93,
    0x25, 0x21, 0x99, 0x22, 0x0a, 0x13, 0x9e, 0x05, 0x23, 0x9b, 0xa3, 0x9f,
    0xa2, 0x1f, 0x99, 0xa3, 0x1e, 0x9b, 0x04, 0x27, 0x85, 0x9f, 0x08, 0x1b,
    0xa1, 0x92, 0x8e, 0x10, 0x99, 0x1d, 0x9d, 0x1c, 0xa2, 0x96, 0x9b, 0x11,
    0xa3, 0x17, 0x29, 0x23, 0x17, 0x11, 0x12, 0x08, 0x04, 0x1d, 0x11, 0x08,
    0x82, 0x1d, 0x20, 0xab, 0x21, 0xa5, 0x99, 0x12, 0x85, 0x1d, 0x9c, 0x16,
    0xab, 0x09, 0x19, 0x89, 0x21, 0x14, 0x83, 0x20, 0x98, 0x83, 0x9b, 0x11,
    0x0b, 0x1e, 0x96, 0xa5, 0x02, 0xa0, 0x01, 0x99, 0x17, 0x20, 0x97, 0x1b,
    0x0b, 0x22, 0x88, 0xa4, 0x21, 0x8c, 0x85, 0xa1, 0x22, 0xa6, 0x0c, 0x21,
    0x9e, 0x9e, 0x9c, 0x18, 0x1f, 0x99, 0x97, 0x9a, 0x1a, 0xa4, 0x03, 0x26,
    0xa3, 0x9f, 0x92, 0xad, 0x21, 0x8a, 0x1a, 0x82, 0x1a, 0x14, 0x29, 0x1d,
    0xa4, 0xa4, 0xa3, 0x29, 0x98, 0x19, 0x24, 0x22, 0x1b, 0x2c, 0x28, 0x1f,
    0x9a, 0x83, 0x23, 0x9e, 0x19, 0x85, 0xa4, 0x00, 0x22, 0x24, 0x9d, 0x18,
    0x8f, 0x9d, 0x14, 0x92, 0x14, 0x04, 0xa0, 0x11, 0x9e, 0x01, 0x1a, 0x1b,
    0x1b, 0x21, 0x83, 0xa7, 0x1b, 0x19, 0x11, 0x99, 0x1d, 0x86, 0x9a, 0x20,
    0x9e, 0xa7, 0x29, 0x20, 0xa4, 0x1c, 0x9f, 0xa5, 0xa0, 0x28, 0x1a, 0x20,
    0x16, 0x25, 0x11, 0xa3, 0xa9, 0x0f, 0x18, 0x22, 0xaa, 0x28, 0x20, 0x9a,
    0x0d, 0x1e, 0x9b, 0xaa, 0x98, 0xa7, 0x08, 0xa1, 0x12, 0x1d, 0x03, 0x01,
    0x1b, 0x93, 0x25, 0x0a, 0x06, 0x98, 0x15, 0x98, 0x9b, 0x17, 0x93, 0x15,
    0x18, 0x92, 0x8f, 0x8d, 0x20, 0x2b, 0xa7, 0x2e, 0x01, 0x91, 0x23, 0x96,
    0x1e, 0x9b, 0x9c, 0x99, 0x02, 0x12, 0x17, 0x01, 0x1c, 0x8a, 0x06, 0x86,
    0x09, 0x91, 0x17, 0x03, 0x16, 0x9c, 0x93, 0x97, 0x12, 0x1b, 0x98, 0xa9,
    0x8f, 0x13, 0x9a, 0x9d, 0x8b, 0x82, 0x97, 0x9b, 0x95, 0x9d, 0x9e, 0x1b,
    0x9c, 0x1c, 0x23, 0x84, 0x97, 0x00, 0x17, 0x99, 0x17, 0x0e, 0x05, 0x85,
    0x10, 0x0d, 0x97, 0x85, 0x8e, 0x1a, 0x12, 0x95, 0x07, 0x13, 0x0e, 0x94,
    0x8b, 0x9d, 0x22, 0x9d, 0x22, 0x90, 0xa3, 0x19, 0x99, 0x13, 0x07, 0xa0,
    0x95, 0x19, 0x19, 0x26, 0xa3, 0x98, 0x20, 0x92, 0x9b, 0x1c, 0x89, 0x86,
    0x03, 0x1a, 0x1e, 0x99, 0x96, 0x23, 0x0b, 0x1a, 0x90, 0x86, 0x93, 0x97,
    0xa2, 0x99, 0x22, 0x0b, 0xa2, 0x02, 0x1b, 0x0a, 0x13, 0x15, 0x22, 0x8e,
    0x93, 0xa1, 0x90, 0x9d, 0x95, 0x99, 0x19, 0x9d, 0x9b, 0xa4, 0x11, 0x88,
    0x28, 0x94, 0xa6, 0x91, 0x89, 0x98, 0x98, 0x8f, 0x95, 0x12, 0x00, 0x90,
    0x1b, 0x95, 0x98, 0x15, 0x9e, 0x0f, 0x1b, 0x1e, 0x93, 0x99, 0x97, 0x9d,
    0xa3, 0xa1, 0x9b, 0x19, 0x08, 0xa4, 0xa2, 0x24, 0x90, 0x9a, 0x95, 0x08,
    0x0b, 0x11, 0x1d, 0x1a, 0x93, 0xa3, 0x8f, 0x83, 0x11, 0xa2, 0x90, 0x98,
    0x1d, 0x24, 0x8c, 0x17, 0x1e, 0xa4, 0x2e, 0x92, 0x1b, 0x21, 0x84, 0x91,
    0x03, 0x21, 0x95, 0x87, 0x1c, 0x04, 0x26, 0x1b, 0x93, 0x1b, 0x19, 0x92,
    0x20, 0x19, 0x9c, 0x10, 0xa6, 0x99, 0x07, 0x9b, 0x86, 0x9a, 0x11, 0x04,
    0x9c, 0x95, 0xa0, 0x19, 0x09, 0x20, 0x8d, 0x9c, 0x98, 0x9a, 0x88, 0x22,
    0x9f, 0x04, 0x87, 0x8e, 0x81, 0x8a, 0x1b, 0x98, 0x92, 0x2b, 0xa6, 0x21,
    0x98, 0x12, 0xa4, 0x12, 0x24, 0x9d, 0x24, 0x10, 0x08, 0x95, 0x8b, 0xa7,
    0x2a, 0x00, 0x9d, 0x93, 0xa6, 0x12, 0x8a, 0xa0, 0x28, 0x84, 0xa3, 0x21,
    0x25, 0x86, 0x9b, 0x26, 0x99, 0x9a, 0x1b, 0x1c, 0x1d, 0x09, 0x22, 0x96,
    0x90, 0x98, 0x1d, 0x0b, 0x89, 0x85, 0x98, 0x98, 0x17, 0xa2, 0x13, 0x1c,
    0x86, 0x9a, 0x11, 0x19, 0x1f, 0x02, 0x9a, 0x87, 0x99, 0x10, 0x84, 0x95,
    0x83, 0x11, 0x0a, 0x92, 0x8d, 0x86, 0x20, 0x91, 0x13, 0x99, 0x1b, 0x83,
    0x93, 0x86, 0xa2, 0x1b, 0x13, 0x8c, 0x1f, 0x00, 0xa1, 0x1f, 0x8c, 0x91,
    0x87, 0x8b, 0x98, 0x05, 0x91, 0x9b, 0x21, 0x8e, 0x17, 0x21, 0xa9, 0x07,
    0x1f, 0x23, 0x1f, 0x9b, 0x82, 0x18, 0x15, 0x1f, 0x20, 0x1a, 0x98, 0x8d,
    0xa0, 0x16, 0x9c, 0x1f, 0x06, 0xa9, 0x04, 0x9b, 0x11, 0x97, 0x26, 0x23,
    0x27, 0x21, 0x2b, 0x28, 0x8b, 0x91, 0x04, 0x05, 0x98, 0x9f, 0x90, 0x1a,
    0x83, 0x15, 0x98, 0x93, 0x01, 0x2a, 0x1d, 0x9c, 0xa5, 0x0c, 0x20, 0x22,
    0x05, 0x92, 0x95, 0x9d, 0x21, 0xa1, 0x14, 0x1c, 0x12, 0x24, 0xa1, 0x13,
    0xa0, 0xa9, 0x29, 0xa2, 0xa4, 0x99, 0x94, 0x21, 0x9f, 0xa4, 0x28, 0x98,
    0x89, 0x23, 0x9d, 0x1a, 0x2a, 0x27, 0x1f, 0x0c, 0x1b, 0x21, 0x14, 0x11,
    0x91, 0x24, 0x29, 0x02, 0x1c, 0x96, 0x23, 0x19, 0xa8, 0xaf, 0x81, 0x9a,
    0x21, 0x21, 0x19, 0x20, 0x22, 0xa8, 0x98, 0x28, 0x1f, 0x85, 0x9d, 0x0f,
    0x91, 0x90, 0x00, 0x21, 0x9a, 0x99, 0x21, 0x91, 0x9c, 0x86, 0x20, 0xa3,
    0x9e, 0x98, 0x91, 0x1d, 0x10, 0x97, 0x1c, 0x91, 0x1f, 0x92, 0x12, 0x93,
    0x1d, 0x99, 0x14, 0x12, 0x91, 0x19, 0x18, 0x99, 0x1d, 0x0f, 0xa6, 0x9d,
    0x9c, 0x1a, 0x9a, 0x9f, 0x84, 0x0a, 0x98, 0x12, 0x83, 0x1a, 0x18, 0x1b,
    0x94, 0x11, 0x86, 0x95, 0x9a, 0x0a, 0x22, 0x1d, 0x18, 0x9f, 0x91, 0x90,
    0x02, 0x85, 0x20, 0x8e, 0x94, 0x0e, 0x04, 0x8a, 0x06, 0x0d, 0x92, 0x18,
    0x09, 0x95, 0x87, 0x10, 0x88, 0x13, 0x18, 0x1f, 0x1d, 0x92, 0x1d, 0xaa,
    0xa2, 0x27, 0x27, 0x07, 0x04, 0x0a, 0x20, 0xa4, 0xa6, 0x9a, 0x9d, 0xa8,
    0x02, 0x1c, 0x1f, 0x20, 0x28, 0x0c, 0x88, 0x1d, 0x98, 0x1d, 0x1d, 0x29,
    0x99, 0x03, 0xa4, 0x08, 0xa0, 0x19, 0x95, 0xa7, 0xa4, 0x0e, 0x15, 0x26,
    0x18, 0x9a, 0x09, 0x9f, 0x15, 0x29, 0x22, 0x81, 0x1a, 0x9a, 0x19, 0x24,
    0x20, 0x99, 0x1d, 0x1a, 0x02, 0x1f, 0x23, 0x8a, 0x25, 0x1c, 0x8f, 0x9d,
    0x93, 0x23, 0x21, 0x1a, 0x24, 0xa5, 0x2d, 0x90, 0xa1, 0x98, 0xab, 0x28,
    0x9d, 0xa2, 0x08, 0xa1, 0x2e, 0x17, 0xa7, 0xa5, 0x19, 0x19, 0x1d, 0x17,
    0xaa, 0x98, 0x8e, 0x86, 0x22, 0x25, 0x9d, 0x19, 0xa4, 0x9d, 0x19, 0xa7,
    0x1c, 0x95, 0x07, 0x26, 0x08, 0x03, 0x03, 0x31, 0x1a, 0x9d, 0x9b, 0x1e,
    0x1d, 0x18, 0x84, 0x1b, 0x9c, 0x9e, 0x1e, 0x9f, 0x16, 0xaa, 0x1e, 0xa2,
    0xa4, 0x91, 0x24, 0x20, 0x92, 0xa2, 0x89, 0x05, 0xaa, 0x19, 0x9a, 0x1e,
    0x9d, 0x1c, 0x9b, 0x21, 0x1f, 0x9c, 0x16, 0x8c, 0x8e, 0xa0, 0x29, 0xa0,
    0x11, 0x21, 0xa6, 0x21, 0x03, 0x85, 0x1c, 0x28, 0x1d, 0x94, 0x15, 0x8c,
    0x90, 0x06, 0x8e, 0x1c, 0x14, 0x97, 0x28, 0x10, 0x15, 0x22, 0x1e, 0x99,
    0xa2, 0x25, 0x9b, 0x97, 0x1f, 0x0a, 0x92, 0x23, 0x1e, 0x10, 0x24, 0x0b,
    0xa1, 0x0d, 0x24, 0x12, 0x9b, 0xa0, 0x95, 0x9a, 0x23, 0xa1, 0x1c, 0xa3,
    0x93, 0x1b, 0x07, 0x89, 0x1d, 0x8c, 0x1a, 0xa0, 0x1b, 0x8a, 0x1b, 0x12,
    0x19, 0x21, 0x8f, 0x19, 0x14, 0x14, 0x9f, 0x90, 0xa0, 0x91, 0x99, 0x15,
    0x84, 0x1e, 0x00, 0x1e, 0xa4, 0x18, 0x1e, 0xa2, 0x8d, 0x8e, 0x05, 0x9e,
    0x0b, 0x25, 0x17, 0x17, 0x89, 0x1d, 0x29, 0x9b, 0x9b, 0x93, 0x9b, 0x1c,
    0x02, 0x9b, 0x99, 0x95, 0x81, 0x13, 0x1d, 0x13, 0x16, 0x03, 0x0a, 0x09,
    0xa4, 0x91, 0x83, 0x8e, 0x98, 0x22, 0x9c, 0x18, 0x1c, 0x25, 0x21, 0x18,
    0xa5, 0xa0, 0x1e, 0x14, 0x95, 0xa7, 0x20, 0x88, 0xa1, 0x12, 0xa2, 0x21,
    0x9a, 0x1a, 0x21, 0x9a, 0x0a, 0x99, 0x1c, 0x20, 0xa6, 0x1f, 0x17, 0x91,
    0xa7, 0x99, 0x9b, 0xa7, 0x8c, 0x8a, 0x17, 0x21, 0x96, 0x89, 0xa0, 0x16,
    0x90, 0x2a, 0x21, 0x0c, 0x22, 0x90, 0x9e, 0x1d, 0xa1, 0x99, 0x9f, 0x1a,
    0xa9, 0x18, 0x98, 0xa7, 0x99, 0x93, 0x15, 0x1d, 0x86, 0x15, 0x16, 0x8e,
    0x94, 0x0a, 0x0b, 0x92, 0x00, 0x22, 0x9c, 0x98, 0x19, 0x9c, 0x22, 0x88,
    0x8b, 0x93, 0x85, 0x18, 0x1b, 0x96, 0x9a, 0x93, 0x04, 0x20, 0x04, 0x1a,
    0x96, 0x20, 0x0a, 0xa0, 0x29, 0x18, 0x2b, 0x1d, 0xa1, 0x27, 0x1b, 0x03,
    0x1b, 0x25, 0x1d, 0x1c, 0x85, 0x9e, 0x06, 0xa0, 0x9c, 0x92, 0x20, 0xa1,
    0x83, 0x9c, 0x99, 0x28, 0x93, 0x1e, 0x91, 0x19, 0x9f, 0x12, 0x0a, 0x22,
    0x22, 0x8a, 0x23, 0x9f, 0x98, 0x9b, 0x15, 0x81, 0x99, 0x1a, 0x98, 0x8c,
    0x23, 0xa1, 0x9e, 0x90, 0x9d, 0x14, 0x81, 0x19, 0x1c, 0x83, 0x8a, 0x91,
    0x88, 0x94, 0x09, 0x96, 0xa9, 0x89, 0x9f, 0x1a, 0xa6, 0x18, 0x1d, 0x9a,
    0x9f, 0x9b, 0x91, 0x19, 0x18, 0x25, 0x17, 0xa8, 0x1d, 0x17, 0x14, 0x93,
    0x22, 0x8d, 0x21, 0x95, 0x9b, 0x8d, 0x97, 0x98, 0x19, 0xa0, 0x1e, 0xa1,
    0xa4, 0x8f, 0x16, 0x9b, 0x9f, 0xa3, 0x04, 0x27, 0x23, 0x1c, 0x22, 0xa0,
    0x89, 0x19, 0x23, 0x02, 0x86, 0xa0, 0x22, 0x9c, 0xa0, 0x02, 0x98, 0x84,
    0x91, 0x1e, 0x23, 0x83, 0x24, 0x2a, 0x9f, 0x97, 0x83, 0x21, 0xa0, 0x97,
    0x04, 0x9a, 0x9a, 0x81, 0x9c, 0xa2, 0x99, 0x81, 0x9b, 0x21, 0xa3, 0x22,
    0x8e, 0xa9, 0x96, 0x21, 0x25, 0x81, 0x1b, 0x05, 0xa3, 0xa1, 0xa2, 0x8e,
    0x1e, 0xa3, 0x82, 0x8b, 0x9f, 0x1b, 0x95, 0xa1, 0xaa, 0x1a, 0x1a, 0xa8,
    0x1a, 0x90, 0x04, 0x1d, 0x81, 0x03, 0x1d, 0x08, 0x1a, 0x11, 0x26, 0xa3,
    0x1d, 0x82, 0x15, 0x1d, 0x16, 0x8f, 0x21, 0x9a, 0x29, 0x12, 0xa2, 0x84,
    0x00, 0xab, 0x94, 0xa9, 0x25, 0xa1, 0x9e, 0x9b, 0xa1, 0xa4, 0x2a, 0x9f,
    0x03, 0x11, 0x9d, 0x97, 0x25, 0xad, 0x91, 0x97, 0x25, 0x96, 0xa9, 0x12,
    0x2a, 0xa2, 0x18, 0xa8, 0xa2, 0x9c, 0x1b, 0x0c, 0x18, 0x0f, 0x18, 0x90,
    0x9d, 0x89, 0x1c, 0x92, 0x1a, 0x9b, 0x05, 0x95, 0x0c, 0x15, 0x0d, 0x91,
    0x17, 0x8d, 0x94, 0x0d, 0x90, 0x9c, 0x13, 0xa5, 0x0d, 0x14, 0x0b, 0x10,
    0x91, 0x18, 0x94, 0x12, 0x21, 0x29, 0x02, 0x28, 0x94, 0x0a, 0x15, 0x1a,
    0x8e, 0x1e, 0xa2, 0x98, 0x04, 0x82, 0x1c, 0x1d, 0x1b, 0xa0, 0x95, 0x21,
    0x1e, 0x89, 0xa3, 0x8c, 0x94, 0x14, 0x11, 0x20, 0x09, 0x98, 0x1e, 0x14,
    0x9a, 0x9d, 0x19, 0x97, 0x14, 0xa1, 0x9a, 0x9d, 0x0c, 0x04, 0x1f, 0x93,
    0x0e, 0x09, 0x9c, 0x92, 0x11, 0x16, 0x9f, 0x98, 0x8c, 0x0d, 0x92, 0x9c,
    0x16, 0x0f, 0x83, 0x22, 0x98, 0x20, 0x1c, 0x15, 0x1e, 0x23, 0x21, 0x24,
    0x94, 0x87, 0x11, 0x9a, 0x84, 0x22, 0xa0, 0x13, 0x20, 0x10, 0x0f, 0x01,
    0x15, 0x9b, 0x99, 0x10, 0x91, 0x14, 0x21, 0x15, 0x00, 0xad, 0x2a, 0xaa,
    0x05, 0x0c, 0x9e, 0x1b, 0x11, 0xa1, 0x9b, 0x9d, 0x96, 0x98, 0x02, 0x94,
    0x23, 0x04, 0x12, 0x96, 0x17, 0x9a, 0x82, 0x9c, 0x08, 0x9e, 0x94, 0x1a,
    0x10, 0x0c, 0x0a, 0xa5, 0x8b, 0x0e, 0x99, 0x93, 0x8d, 0x0c, 0x9c, 0x84,
    0x0d, 0x85, 0x90, 0xa4, 0xa3, 0xa3, 0x99, 0x28, 0x1c, 0x22, 0x94, 0x84,
    0x05, 0x1e, 0x83, 0x9a, 0xa3, 0x1c, 0x1d, 0x1f, 0xa1, 0x18, 0xa3, 0x14,
    0x1e, 0x0e, 0x22, 0x16, 0x17, 0xa6, 0x24, 0x85, 0x10, 0xa2, 0xa2, 0xa4,
    0x81, 0x1f, 0x86, 0x11, 0x1f, 0x21, 0x87, 0x24, 0x93, 0x93, 0xa5, 0x19,
    0x1a, 0xa6, 0x92, 0x99, 0x1b, 0xa6, 0x88, 0xa8, 0x19, 0x0a, 0x29, 0x15,
    0x19, 0x1c, 0x21, 0x9a, 0x86, 0x98, 0xac, 0x1c, 0x9f, 0x21, 0x26, 0x02,
    0x9f, 0xa0, 0x8d, 0x24, 0xa4, 0x27, 0x86, 0x97, 0xa1, 0xa9, 0x92, 0x28,
    0x0e, 0x1c, 0x08, 0x21, 0x93, 0x23, 0x96, 0x9b, 0x0d, 0x8b, 0x84, 0x12,
    0x1b, 0x9d, 0xa2, 0xa3, 0x20, 0x9f, 0xab, 0x1b, 0x26, 0x91, 0x17, 0x1a,
    0x22, 0x1b, 0x18, 0x19, 0x9f, 0xa6, 0x0a, 0x99, 0x23, 0x96, 0x0b, 0x99,
    0x83, 0x05, 0x8e, 0x20, 0x23, 0x18, 0x13, 0x92, 0x18, 0x92, 0x95, 0x2d,
    0x14, 0x96, 0x18, 0xa3, 0x8c, 0x93, 0xa9, 0xa2, 0x16, 0x29, 0x20, 0x0e,
    0xa0, 0x8c, 0xa1, 0x27, 0x01, 0xa7, 0x9a, 0x01, 0x0a, 0x11, 0x1c, 0x1b,
    0x9f, 0x16, 0x82, 0x19, 0x06, 0x9a, 0x1a, 0x25, 0x10, 0xab, 0x2a, 0xa5,
    0x1d, 0x19, 0x83, 0x95, 0x9e, 0x93, 0x1e, 0x85, 0xa9, 0x8d, 0x17, 0x20,
    0xa2, 0x27, 0x1c, 0x93, 0x15, 0x9a, 0x90, 0x29, 0x9b, 0x18, 0x83, 0x9d,
    0x99, 0x18, 0xa5, 0x0f, 0xa8, 0x85, 0x27, 0x93, 0x8f, 0x88, 0x81, 0x24,
    0x06, 0x1a, 0xa3, 0x9f, 0xab, 0x0c, 0x1c, 0x21, 0x1c, 0x87, 0x22, 0x99,
    0x9f, 0x87, 0x04, 0x9e, 0x24, 0x1d, 0x98, 0x13, 0xa8, 0x1a, 0x9c, 0x96,
    0x25, 0x03, 0x08, 0x00, 0x21, 0x9d, 0x13, 0x09, 0x0b, 0x18, 0xa1, 0x9a,
    0x90, 0x99, 0x0b, 0x04, 0x0e, 0x1d, 0x25, 0x95, 0x12, 0x15, 0x82, 0x15,
    0xa2, 0x21, 0x1a, 0x97, 0x9b, 0x1a, 0xad, 0x1e, 0x0c, 0x23, 0x9f, 0xa2,
    0x88, 0x0f, 0xa2, 0x0e, 0x89, 0x22, 0x1f, 0x88, 0x1a, 0x98, 0x04, 0x20,
    0x99, 0x1f, 0x17, 0x9a, 0x82, 0x1c, 0x21, 0x03, 0x15, 0x9d, 0x94, 0x1b,
    0x9b, 0x92, 0x27, 0x1b, 0x0e, 0xa5, 0xae, 0x21, 0x97, 0x1a, 0xa4, 0xa0,
    0x99, 0x22, 0x24, 0x24, 0x92, 0x1f, 0xaa, 0x10, 0xa2, 0x2d, 0x94, 0x0f,
    0x95, 0x8d, 0xa6, 0x27, 0xa5, 0x28, 0x24, 0x1a, 0x0b, 0xae, 0xa3, 0x8f,
    0x1f, 0x95, 0xaa, 0x23, 0x23, 0xad, 0x88, 0xa2, 0xab, 0x9b, 0x9b, 0x98,
    0x9d, 0x97, 0x0f, 0x9e, 0x93, 0xa0, 0xa4, 0xa3, 0x1a, 0x98, 0xa8, 0xa0,
    0x21, 0x94, 0x12, 0x9f, 0xa1, 0x00, 0xa6, 0x25, 0xa0, 0x86, 0x18, 0x1a,
    0x99, 0x1b, 0xa9, 0x91, 0x1b, 0x9c, 0x02, 0x1c, 0xa3, 0x89, 0x93, 0x04,
    0x99, 0x84, 0x24, 0x99, 0xab, 0x15, 0x86, 0xa0, 0xab, 0x9b, 0x1e, 0x0c,
    0x19, 0x01, 0x25, 0x9d, 0x9e, 0x9b, 0xa1, 0xa6, 0x23, 0x15, 0x18, 0x25,
    0x13, 0x99, 0xaa, 0x13, 0xa1, 0x99, 0x9d, 0x1b, 0x24, 0x1f, 0x8b, 0x22,
    0x9c, 0x1f, 0x29, 0x99, 0xaa, 0x81, 0x1d, 0x1a, 0x94, 0x95, 0x9e, 0x19,
    0x90, 0x21, 0x2d, 0x00, 0x21, 0x27, 0x2b, 0xa3, 0x83, 0x97, 0x9c, 0x99,
    0x04, 0x14, 0xa4, 0x1a, 0x9c, 0x26, 0x0f, 0x17, 0x99, 0x29, 0x9d, 0x19,
    0x9d, 0x25, 0x14, 0x1b, 0x12, 0x20, 0x22, 0x0a, 0x20, 0xa2, 0xa2, 0x9c,
    0xa3, 0x26, 0x18, 0x17, 0x12, 0xa5, 0x23, 0x0e, 0x21, 0x27, 0x1d, 0x9a,
    0x99, 0x82, 0x1e, 0x1e, 0x21, 0x9d, 0x21, 0x26, 0x09, 0x12, 0x22, 0x1f,
    0x25, 0x92, 0x1c, 0x03, 0x0c, 0x8a, 0x0d, 0x9e, 0x93, 0x1d, 0x18, 0x96,
    0x9a, 0x13, 0x91, 0x0b, 0x8c, 0x95, 0x81, 0x92, 0x9c, 0xa6, 0x19, 0x14,
    0x1b, 0x9f, 0x98, 0x96, 0x9b, 0x95, 0x08, 0x82, 0x24, 0x9b, 0x21, 0x1a,
    0x0a, 0xa1, 0x18, 0x99, 0x9c, 0x9f, 0x27, 0x1c, 0xa8, 0x04, 0x1d, 0x12,
    0x02, 0x0e, 0x9d, 0x1d, 0x19, 0x1e, 0x9b, 0x1e, 0x00, 0x90, 0x09, 0x1d,
    0x22, 0x11, 0x81, 0xa6, 0x10, 0x99, 0xab, 0x21, 0x9b, 0x8d, 0xa2, 0x9d,
    0x29, 0x9d, 0x02, 0x8b, 0x86, 0x81, 0x87, 0xa5, 0x97, 0x9a, 0x9f, 0xa9,
    0x29, 0x1a, 0x2a, 0x88, 0xa1, 0x29, 0x04, 0xa7, 0x18, 0x94, 0x87, 0x1d,
    0x07, 0xa0, 0xa3, 0x01, 0xa4, 0x0c, 0xa2, 0x25, 0x2e, 0x0a, 0x83, 0x14,
    0x97, 0x23, 0x01, 0x94, 0x1e, 0x0d, 0x19, 0x1e, 0x01, 0x1d, 0x14, 0xa5,
    0x13, 0xa1, 0x1c, 0x27, 0x1e, 0x06, 0x12, 0x97, 0x19, 0xa2, 0x0f, 0x97,
    0x9d, 0x9b, 0x9a, 0x97, 0x9c, 0x19, 0xa6, 0x88, 0x9e, 0x13, 0x12, 0x14,
    0x96, 0x9c, 0xa9, 0x00, 0x8d, 0xa3, 0xa4, 0x9c, 0xa4, 0x8e, 0x1f, 0x1b,
    0xa5, 0x15, 0x21, 0x9b, 0x8d, 0x95, 0x29, 0x9c, 0x9c, 0x04, 0xa0, 0x22,
    0x1a, 0x94, 0xac, 0xa8, 0xab, 0x19, 0x92, 0x15, 0x9a, 0xa3, 0x21, 0x06,
    0x80, 0x1c, 0x9a, 0xa2, 0x89, 0x13, 0x81, 0x27, 0x93, 0x14, 0x10, 0x9a,
    0xa0, 0x9a, 0x1a, 0x14, 0x9a, 0xa1, 0x2d, 0x9e, 0x0b, 0x95, 0x24, 0x8d,
    0x22, 0x81, 0x87, 0x1a, 0x13, 0x1f, 0x0a, 0x95, 0x18, 0xa6, 0x14, 0x12,
    0x20, 0x0b, 0xa4, 0xa0, 0x8d, 0x1f, 0x1f, 0xa0, 0x88, 0x29, 0x9a, 0x0f,
    0x88, 0x8a, 0x2b, 0x1b, 0x1a, 0x18, 0x24, 0xa6, 0xaa, 0x9a, 0x10, 0xa1,
    0x99, 0x1f, 0x1f, 0x9e, 0x0a, 0x27, 0x1c, 0xa0, 0x9d, 0xa7, 0x95, 0xac,
    0x1c, 0x20, 0x95, 0x97, 0x8f, 0x01, 0xa6, 0x23, 0x94, 0x9e, 0x1d, 0x0b,
    0x29, 0x94, 0x15, 0x18, 0x1b, 0x97, 0x25, 0x1e, 0x23, 0x08, 0x1d, 0x03,
    0x11, 0x14, 0x08, 0x26, 0x1e, 0x23, 0x92, 0xa4, 0x21, 0x96, 0x22, 0x03,
    0x8c, 0x1a, 0x90, 0x25, 0x1d, 0x19, 0x13, 0x05, 0x1a, 0x1b, 0xa6, 0x81,
    0x09, 0x98, 0x93, 0x1a, 0x14, 0x9f, 0x1b, 0x1e, 0x9c, 0x2b, 0x84, 0x12,
    0x9d, 0x18, 0x27, 0x21, 0x9e, 0x9f, 0x96, 0x21, 0x93, 0xa0, 0x24, 0x1d,
    0x8b, 0x26, 0xb0, 0x90, 0x1e, 0x9c, 0x18, 0x9e, 0x9b, 0xa0, 0x87, 0x1a,
    0x26, 0x96, 0x9f, 0x0c, 0x33, 0x2c, 0xa1, 0xa1, 0x8b, 0x9d, 0x2b, 0x1b,
    0x9a, 0x17, 0x1e, 0x21, 0x0c, 0x13, 0x88, 0x81, 0x1b, 0x18, 0xa0, 0x95,
    0x10, 0x1c, 0x12, 0x1b, 0x18, 0x06, 0x88, 0x28, 0x22, 0x2b, 0x0b, 0x28,
    0x98, 0x1f, 0x91, 0x83, 0x96, 0xa2, 0x20, 0x18, 0x14, 0xa3, 0x18, 0x1a,
    0xa2, 0x01, 0x19, 0xaa, 0x24, 0x23, 0x08, 0x90, 0x07, 0x98, 0xa0, 0x9f,
    0x09, 0x1b, 0x88, 0x9e, 0x21, 0x1d, 0x1f, 0x21, 0x9b, 0x92, 0x90, 0x9a,
    0xa8, 0x02, 0x16, 0x16, 0xab, 0x26, 0x8f, 0xa6, 0x06, 0x19, 0x25, 0x13,
    0x21, 0x1d, 0x14, 0x1c, 0x03, 0x91, 0xa5, 0x29, 0x82, 0x18, 0x99, 0x89,
    0x95, 0x01, 0x99, 0x23, 0x97, 0x9d, 0x19, 0x0a, 0x0d, 0x21, 0x29, 0x99,
    0x0d, 0x86, 0xa2, 0x97, 0x22, 0xa4, 0x1e, 0xa8, 0xa4, 0x19, 0x97, 0x98,
    0x20, 0xa4, 0x14, 0x08, 0x22, 0x99, 0x06, 0x1f, 0xa2, 0x9b, 0xa1, 0xa2,
    0xa2, 0x2f, 0x91, 0x1b, 0x90, 0x22, 0x1b, 0x99, 0xa2, 0x24, 0x8c, 0x9c,
    0xac, 0x27, 0x13, 0x90, 0x0d, 0x1e, 0x16, 0xa5, 0x06, 0x28, 0x13, 0x9c,
    0x14, 0x98, 0x9d, 0x87, 0x1b, 0x05, 0x07, 0x16, 0x85, 0x98, 0x0a, 0x8c,
    0x1a, 0x9c, 0x97, 0x27, 0x12, 0x97, 0xa0, 0xa7, 0xa2, 0x19, 0x9e, 0x1f,
    0x93, 0x08, 0x9a, 0x90, 0xa7, 0x15, 0x08, 0x97, 0x0d, 0x82, 0xa4, 0xa5,
    0x24, 0x93, 0xa2, 0x8d, 0x06, 0x1c, 0x00, 0x22, 0x99, 0xa1, 0x0c, 0x2a,
    0x28, 0xa1, 0xa5, 0x83, 0x97, 0x28, 0xab, 0xa4, 0x04, 0x23, 0x0f, 0x1f,
    0xa7, 0xa6, 0x81, 0x16, 0x00, 0xaa, 0xa6, 0xa9, 0x0b, 0x12, 0x9d, 0x1a,
    0x1f, 0x1e, 0x81, 0xa6, 0xa7, 0x89, 0x15, 0x03, 0x1b, 0xa6, 0x0b, 0x93,
    0x19, 0x99, 0x02, 0x04, 0x25, 0x0e, 0x99, 0x0a, 0x19, 0x0a, 0x27, 0x0a,
    0x20, 0x92, 0x90, 0x81, 0x9c, 0x2c, 0x19, 0x1a, 0x2b, 0x1b, 0x1b, 0xa3,
    0x03, 0x1d, 0x12, 0xab, 0x19, 0x04, 0x03, 0x13, 0x21, 0x86, 0x16, 0x0f,
    0xa5, 0x1a, 0x9b, 0xa8, 0x29, 0x19, 0x9c, 0x0a, 0x18, 0xab, 0x13, 0x03,
    0x1f, 0x23, 0x9c, 0xa1, 0x0a, 0x8c, 0x25, 0x16, 0x89, 0x8d, 0x11, 0x24,
    0x91, 0x8d, 0xa2, 0x89, 0xa5, 0x1c, 0xa6, 0x93, 0x98, 0x23, 0x12, 0x0d,
    0xab, 0x02, 0x0d, 0x11, 0x98, 0x1b, 0x1a, 0xa8, 0x18, 0x03, 0x2c, 0x16,
    0x9f, 0x1e, 0x8c, 0x25, 0x9f, 0xa0, 0x92, 0x92, 0x2b, 0x8b, 0x9e, 0x90,
    0xa2, 0xaa, 0x25, 0xa9, 0x81, 0x2f, 0x93, 0xa6, 0xa8, 0xa8, 0x1d, 0x93,
    0x83, 0x0e, 0x8b, 0xaa, 0x22, 0x24, 0xa7, 0x15, 0x82, 0x20, 0x86, 0x99,
    0xa8, 0x14, 0x05, 0x12, 0x1b, 0x90, 0x1f, 0xa1, 0x16, 0xa5, 0x99, 0xa0,
    0x1f, 0x9d, 0x9d, 0x24, 0x18, 0x9d, 0x29, 0x98, 0x9e, 0x85, 0x10, 0x03,
    0x27, 0x2b, 0x04, 0x00, 0x29, 0x1f, 0x8b, 0x83, 0x12, 0x99, 0x1f, 0x84,
    0x0f, 0x91, 0x9a, 0x1f, 0x24, 0xa4, 0x10, 0x00, 0x26, 0x1b, 0x25, 0x1b,
    0xab, 0x8b, 0x1f, 0x1e, 0x9d, 0x1c, 0x1c, 0x86, 0x9b, 0x11, 0x06, 0x84,
    0x10, 0x9f, 0x92, 0x99, 0xa2, 0x97, 0x83, 0x0b, 0x9c, 0x95, 0x25, 0x1d,
    0x99, 0x20, 0x22, 0x98, 0x1c, 0x96, 0xaa, 0x9c, 0x98, 0x14, 0x18, 0x11,
    0x11, 0x13, 0xa0, 0x1a, 0x98, 0x06, 0x27, 0x1f, 0x92, 0x01, 0x16, 0x8b,
    0x91, 0x27, 0x0e, 0x99, 0x29, 0xa6, 0x19, 0x1d, 0x23, 0x88, 0x99, 0x25,
    0x8d, 0xa2, 0x2a, 0x9a, 0x81, 0x17, 0x1c, 0xa5, 0x8c, 0x1c, 0x24, 0x1c,
    0x11, 0x94, 0x23, 0x90, 0x0c, 0x22, 0x24, 0x26, 0x21, 0x9b, 0xa1, 0x9f,
    0x9a, 0x27, 0x18, 0x24, 0x01, 0x13, 0x24, 0xa0, 0xa2, 0x00, 0x9d, 0x99,
    0xa7, 0x92, 0x98, 0x02, 0x0a, 0x21, 0x9a, 0x18, 0xa3, 0xa2, 0x82, 0x09,
    0x8a, 0x80, 0x1f, 0xa8, 0x22, 0xa0, 0x92, 0x22, 0x89, 0xa1, 0x05, 0x23,
    0x12, 0xa4, 0x9d, 0x91, 0x03, 0x18, 0x2c, 0x9b, 0x1d, 0x8e, 0x0e, 0x0e,
    0x9b, 0x12, 0x0e, 0x86, 0x1c, 0x1a, 0x9e, 0x84, 0x28, 0xa0, 0x9d, 0x90,
    0xa8, 0x81, 0x96, 0x16, 0xa4, 0x86, 0x1a, 0x9c, 0x99, 0x91, 0x10, 0x9b,
    0x1e, 0x1e, 0x21, 0x9d, 0x16, 0xa8, 0x9c, 0x22, 0x83, 0x9b, 0x1f, 0x94,
    0x8e, 0x9b, 0x86, 0x24, 0x9b, 0x98, 0x9a, 0x0e, 0x99, 0xa0, 0xa1, 0x02,
    0x1b, 0x13, 0x13, 0x06, 0x12, 0x9a, 0x27, 0x03, 0x18, 0x9f, 0x14, 0x9c,
    0x1d, 0x99, 0x08, 0xa4, 0x82, 0x24, 0xa1, 0x9e, 0xa0, 0xa1, 0x91, 0x25,
    0x9f, 0xac, 0x99, 0x9a, 0x19, 0x19, 0xa1, 0x87, 0xa8, 0x15, 0xa3, 0x03,
    0xa1, 0x10, 0x2d, 0x20, 0x28, 0x9f, 0x23, 0x9d, 0x91, 0x10, 0x27, 0x27,
    0x9e, 0x08, 0x8f, 0x2b, 0x22, 0x1f, 0x2a, 0x00, 0x81, 0xa8, 0xab, 0x19,
    0xa7, 0xa8, 0x14, 0x1e, 0x29, 0xa8, 0xa7, 0x07, 0x96, 0xa3, 0x2a, 0x11,
    0x1f, 0xa0, 0x28, 0x93, 0x20, 0xa0, 0x83, 0xa0, 0xab, 0xa1, 0x12, 0x1a,
    0x95, 0x18, 0x25, 0x11, 0x21, 0x90, 0xa1, 0xa2, 0x98, 0xa1, 0xa4, 0x87,
    0xa2, 0x0a, 0x29, 0x9c, 0x14, 0x94, 0x25, 0x26, 0xa9, 0x90, 0x99, 0x1e,
    0xa7, 0x86, 0x9c, 0x13, 0xa2, 0x22, 0x9a, 0x9c, 0x88, 0x2b, 0x9b, 0x9e,
    0xa0, 0x91, 0xa5, 0x21, 0xa3, 0x17, 0x9b, 0x9a, 0x23, 0x91, 0x98, 0x23,
    0x25, 0x1f, 0x9d, 0xa1, 0xa4, 0x11, 0x9a, 0xaa, 0x1a, 0x92, 0x26, 0x2c,
    0xa7, 0xaa, 0x1a, 0x22, 0x08, 0x1c, 0x8e, 0x8f, 0x1a, 0x1d, 0x95, 0x2a,
    0x85, 0x8a, 0x9f, 0x97, 0x16, 0x98, 0x28, 0x90, 0xa0, 0x04, 0x1e, 0x8e,
    0xa3, 0x23, 0x8e, 0x21, 0x92, 0x25, 0x82, 0x24, 0x24, 0x21, 0x99, 0x0c,
    0x96, 0x98, 0x28, 0xa4, 0x24, 0x9f, 0x9d, 0x1a, 0x82, 0xa0, 0x99, 0xaa,
    0x24, 0xa3, 0x98, 0x1f, 0xa2, 0x1c, 0x1b, 0x98, 0x9a, 0x1d, 0x1a, 0x96,
    0x1e, 0x1b, 0x83, 0x94, 0x29, 0x94, 0x98, 0x82, 0x25, 0x00, 0x18, 0xa1,
    0x27, 0x8b, 0x1a, 0x19, 0xa4, 0x93, 0x8e, 0x16, 0xa2, 0x08, 0xa2, 0x02,
    0x86, 0x16, 0x9d, 0x10, 0x87, 0x18, 0x29, 0xa0, 0xa4, 0xa6, 0xa4, 0x1f,
    0x9a, 0x07, 0xa1, 0x9e, 0x1d, 0x8e, 0xa1, 0x9a, 0x97, 0x81, 0x0f, 0x9d,
    0x22, 0x97, 0x21, 0x1e, 0xa6, 0x99, 0x8a, 0x9c, 0x9c, 0x95, 0x28, 0x9e,
    0x0d, 0x20, 0xa2, 0x26, 0x16, 0x93, 0x93, 0x2b, 0x0a, 0x92, 0xa3, 0x8b,
    0x0c, 0x11, 0x9b, 0xa1, 0x97, 0x9f, 0x9e, 0x9c, 0x08, 0x17, 0x84, 0x1f,
    0x23, 0xa0, 0x17, 0x9b, 0xa0, 0xa4, 0x2d, 0x19, 0x15, 0x12, 0x1c, 0x22,
    0x0f, 0x15, 0x21, 0x9a, 0x8c, 0xa3, 0x1e, 0x1f, 0x1d, 0x21, 0x18, 0x19,
    0x83, 0x13, 0x9e, 0x8e, 0x27, 0xaa, 0x9d, 0x99, 0x18, 0x0f, 0x8c, 0x99,
    0x99, 0x29, 0x1d, 0x92, 0x26, 0x01, 0x21, 0x1d, 0xab, 0x1c, 0x9e, 0x01,
    0x0f, 0x14, 0x1e, 0x82, 0x0d, 0x12, 0x8f, 0xa9, 0x94, 0x21, 0x12, 0x9a,
    0x9e, 0x22, 0x87, 0x0a, 0x14, 0x89, 0x10, 0x29, 0x25, 0x98, 0x29, 0xa1,
    0xa1, 0x09, 0xa0, 0x9e, 0x9f, 0x96, 0x1d, 0x02, 0xa1, 0x24, 0x82, 0x0c,
    0x93, 0x0e, 0x83, 0x1a, 0x22, 0x0c, 0x8c, 0x92, 0x14, 0xa4, 0xa3, 0x29,
    0x8b, 0x8c, 0x03, 0x25, 0x91, 0x92, 0x0d, 0x1f, 0x87, 0xa5, 0x27, 0x0c,
    0x26, 0x23, 0x22, 0xae, 0x9d, 0x9e, 0x24, 0x18, 0x22, 0x23, 0x26, 0x9c,
    0xa8, 0x0c, 0x9d, 0x84, 0x0a, 0x9b, 0x17, 0xa2, 0x99, 0xa2, 0x2a, 0x16,
    0x98, 0x1d, 0x99, 0x1f, 0x89, 0x23, 0x16, 0x1d, 0xaa, 0x29, 0x94, 0x06,
    0xa3, 0x1c, 0x9b, 0x04, 0x29, 0xa5, 0xa3, 0x15, 0x22, 0x25, 0x19, 0x1c,
    0x98, 0xa0, 0x06, 0x11, 0xa0, 0x04, 0x8d, 0x1f, 0x8a, 0x20, 0xa9, 0x82,
    0xa8, 0x1a, 0x97, 0x0c, 0xa8, 0xa1, 0x13, 0x1b, 0xa4, 0x19, 0xa5, 0x24,
    0xa2, 0x20, 0x96, 0x17, 0x9a, 0x08, 0x9d, 0xa1, 0x27, 0x84, 0x9b, 0xaa,
    0xa0, 0x23, 0x9c, 0x9a, 0xaa, 0x16, 0x84, 0x95, 0x25, 0x10, 0x1b, 0x11,
    0x9e, 0x1b, 0xa1, 0x04, 0x16, 0x96, 0x28, 0x1e, 0x02, 0xa8, 0x18, 0x21,
    0x1d, 0x20, 0xa4, 0xa4, 0x89, 0x18, 0x86, 0x1a, 0x2d, 0x1c, 0x29, 0x87,
    0xa1, 0x90, 0x1b, 0x28, 0x23, 0x23, 0x0e, 0xa1, 0x99, 0x1f, 0xaa, 0x9f,
    0x2a, 0x29, 0x98, 0xa4, 0x13, 0xa7, 0x11, 0x25, 0x23, 0x2d, 0x9a, 0xa2,
    0xa4, 0x8e, 0xac, 0x81, 0x9d, 0x85, 0x94, 0x23, 0x13, 0x9b, 0xa4, 0x18,
    0x93, 0x9d, 0xa6, 0x94, 0x0b, 0x23, 0x86, 0x1a, 0x97, 0x03, 0x21, 0xa5,
    0x21, 0x11, 0x2c, 0x23, 0x8e, 0xa3, 0x9e, 0x24, 0x89, 0x2a, 0x92, 0x2b,
    0x26, 0xa6, 0xa9, 0x20, 0x1b, 0x21, 0xa4, 0xa5, 0x2c, 0xa0, 0xa0, 0x23,
    0xa9, 0xab, 0x1b, 0x13, 0xa9, 0x2a, 0xa4, 0x0a, 0x19, 0x16, 0x1d, 0x1b,
    0x0d, 0x90, 0x94, 0x02, 0x1b, 0x14, 0x87, 0x1d, 0x0b, 0x21, 0x24, 0x95,
    0x23, 0x8f, 0x26, 0x94, 0x25, 0x9e, 0x98, 0xa3, 0x1f, 0x95, 0xa3, 0x1a,
    0x22, 0x06, 0x20, 0x1f, 0xa9, 0xa9, 0xa3, 0x88, 0x19, 0xa5, 0x06, 0xac,
    0xa3, 0xa1, 0xa0, 0x19, 0x85, 0x1a, 0xa2, 0x05, 0x27, 0x22, 0x20, 0x90,
    0x1d, 0xa6, 0x93, 0xaa, 0x21, 0x1c, 0x1c, 0xa6, 0xa1, 0x24, 0x21, 0x19,
    0xa2, 0x85, 0x29, 0x1f, 0x17, 0x9e, 0x00, 0x8f, 0x8f, 0x05, 0x19, 0x22,
    0xaa, 0x0c, 0x94, 0x99, 0x13, 0x19, 0x12, 0x19, 0x12, 0x9d, 0x2b, 0xa5,
    0x16, 0x9a, 0x8c, 0x97, 0x9e, 0x1a, 0xa8, 0x1d, 0xa5, 0xa8, 0x84, 0xa2,
    0x21, 0x0b, 0x1c, 0x10, 0x15, 0x98, 0x84, 0x17, 0x1a, 0x02, 0x81, 0x91,
    0xa1, 0x22, 0x9a, 0x8a, 0x9f, 0x1f, 0xa3, 0x20, 0xa3, 0x14, 0x20, 0x12,
    0x9f, 0xa7, 0x23, 0x21, 0x9b, 0xa9, 0x91, 0x8a, 0x29, 0x91, 0x08, 0x19,
    0x18, 0x97, 0x9f, 0x96, 0x13, 0x8e, 0xa1, 0x0e, 0x1e, 0x13, 0xa4, 0x14,
    0x90, 0x87, 0x89, 0x9e, 0x19, 0xae, 0x13, 0x8e, 0x1c, 0xa0, 0x1b, 0x86,
    0x9a, 0x06, 0x88, 0x94, 0x1d, 0x15, 0xa6, 0x8e, 0x85, 0x9d, 0x21, 0x05,
    0x25, 0x13, 0x21, 0x11, 0x20, 0x02, 0x96, 0x1b, 0x98, 0x81, 0x1f, 0x8b,
    0x94, 0x94, 0x1d, 0x1c, 0xa7, 0x9a, 0x98, 0x9f, 0x04, 0x01, 0x8d, 0x1b,
    0x91, 0x29, 0x0c, 0x0d, 0x99, 0x87, 0x9e, 0x93, 0x19, 0x12, 0x8b, 0x16,
    0x11, 0x99, 0xa0, 0x9e, 0x21, 0x1d, 0x9e, 0x98, 0x88, 0x1d, 0x15, 0xae,
    0x9a, 0x8c, 0x1a, 0x99, 0x85, 0x1c, 0x23, 0x23, 0x25, 0xa2, 0xa2, 0x93,
    0xac, 0x1d, 0x0f, 0x20, 0x18, 0xa1, 0x30, 0x93, 0xa1, 0x20, 0x22, 0x25,
    0xa1, 0xa4, 0xa3, 0x1f, 0x90, 0xa0, 0x9c, 0x9e, 0xa8, 0x9b, 0x11, 0x8f,
    0x9f, 0x0e, 0xaa, 0x9c, 0x91, 0xa9, 0x0e, 0x82, 0x82, 0x0c, 0x9f, 0x9d,
    0x9d, 0x0e, 0x19, 0xa5, 0x91, 0x16, 0x9d, 0x9a, 0x15, 0x23, 0x1f, 0x96,
    0x92, 0x1a, 0xa0, 0x06, 0x1a, 0x84, 0x9b, 0x22, 0x05, 0x15, 0x25, 0xa9,
    0x0f, 0x06, 0x1f, 0x0a, 0x1a, 0x97, 0x99, 0x05, 0x9b, 0xa4, 0x9d, 0x98,
    0x21, 0x84, 0x9d, 0x9a, 0xab, 0x19, 0x9e, 0xa7, 0x27, 0x0f, 0x08, 0x1b,
    0xa6, 0xa6, 0x18, 0x03, 0x91, 0x9b, 0xa2, 0x0b, 0x94, 0x1b, 0x9c, 0x9c,
    0x07, 0x86, 0x00, 0x96, 0x8f, 0x98, 0x1e, 0x92, 0x11, 0x29, 0x07, 0x87,
    0x26, 0x20, 0xab, 0x9c, 0x22, 0x8f, 0x95, 0x17, 0x22, 0x09, 0x14, 0x1c,
    0x02, 0x22, 0x82, 0xa1, 0x1f, 0xa8, 0xa2, 0x93, 0x04, 0x93, 0x1d, 0x92,
    0x19, 0x96, 0x1b, 0x9d, 0xa0, 0x1c, 0x2b, 0x9a, 0x26, 0xad, 0xa2, 0x1e,
    0x15, 0x29, 0xa3, 0xa4, 0x21, 0x14, 0x18, 0x91, 0x16, 0x07, 0x88, 0x23,
    0x23, 0xa9, 0xa5, 0x0a, 0x99, 0x18, 0x2a, 0x17, 0x92, 0x9e, 0x1d, 0x1b,
    0xa3, 0xa1, 0x29, 0x9e, 0x19, 0x92, 0x2c, 0x21, 0xa9, 0x96, 0xa6, 0x16,
    0x25, 0x28, 0x17, 0x19, 0x18, 0x05, 0xa9, 0x1e, 0xa9, 0x89, 0x99, 0x09,
    0x02, 0x06, 0xa4, 0x0a, 0xa9, 0x9e, 0x9f, 0x85, 0xa3, 0x24, 0x28, 0x16,
    0xa8, 0x02, 0xa2, 0x1b, 0x22, 0x11, 0x29, 0xa8, 0xa4, 0xa1, 0xa2, 0x9c,
    0x0e, 0xa1, 0x1f, 0xa4, 0x0c, 0x11, 0x19, 0x1d, 0x24, 0x0a, 0x21, 0xa7,
    0x08, 0x97, 0x1a, 0x1b, 0x91, 0x24, 0xa0, 0x24, 0xa8, 0x18, 0xa1, 0x09,
    0xa4, 0x99, 0x23, 0x1a, 0x20, 0x17, 0x89, 0x1b, 0x8b, 0x02, 0x10, 0x19,
    0xa9, 0xaa, 0x99, 0x9a, 0x90, 0x87, 0x93, 0xa2, 0xa1, 0x09, 0x98, 0x00,
    0x16, 0x8d, 0xa9, 0x20, 0x9d, 0xa4, 0xa5, 0x23, 0x03, 0x1e, 0xa2, 0x09,
    0x0a, 0x21, 0x21, 0x97, 0x04, 0x87, 0x89, 0x21, 0x12, 0xa2, 0xa2, 0xa0,
    0x1f, 0x81, 0x85, 0x93, 0x1a, 0x05, 0x1a, 0x1c, 0x10, 0xa2, 0x9a, 0x98,
    0x21, 0x99, 0x24, 0x19, 0x98, 0x8d, 0x12, 0x83, 0x20, 0x1a, 0x26, 0x1f,
    0x80, 0x18, 0x05, 0xa7, 0x9f, 0xaa, 0x05, 0x19, 0x1c, 0x9c, 0x1b, 0xa1,
    0xa4, 0x8a, 0x99, 0x95, 0x1c, 0x1f, 0xab, 0x2a, 0x24, 0x14, 0xa3, 0xa2,
    0x23, 0xa1, 0x1c, 0x30, 0xa7, 0x8d, 0x9c, 0xa3, 0x81, 0x05, 0x97, 0x9d,
    0x88, 0xb1, 0x26, 0x12, 0x0f, 0xa9, 0x03, 0x21, 0x0e, 0x9a, 0xa9, 0x9a,
    0x91, 0x0c, 0x98, 0x23, 0x15, 0x26, 0x8e, 0xa6, 0x1d, 0x92, 0xa1, 0x8b,
    0x1d, 0x0c, 0x10, 0x90, 0x96, 0xa4, 0x0a, 0x97, 0x19, 0xa7, 0x13, 0x90,
    0x02, 0x9b, 0x24, 0xa0, 0x94, 0x0d, 0x8a, 0xa4, 0x01, 0x93, 0x96, 0x11,
    0x23, 0x07, 0x13, 0xa1, 0x88, 0xaa, 0x86, 0x1f, 0xa8, 0xa0, 0x92, 0x16,
    0x15, 0x9b, 0x8f, 0xa8, 0x0a, 0x24, 0x99, 0x10, 0x8c, 0x1a, 0x28, 0x15,
    0x8a, 0x18, 0xa3, 0xa2, 0x04, 0x1e, 0x29, 0xa5, 0x99, 0x16, 0xaa, 0x24,
    0x11, 0x0e, 0xa9, 0x9e, 0x0b, 0xa2, 0x11, 0xa3, 0x88, 0xa0, 0x0f, 0x0c,
    0xa4, 0x97, 0x20, 0x94, 0x9a, 0xa4, 0x87, 0x22, 0x14, 0x9a, 0x9b, 0x89,
    0xa0, 0xa3, 0xa4, 0x9c, 0xa0, 0x22, 0x2d, 0x1e, 0xa9, 0xaa, 0x15, 0xa9,
    0x9c, 0x1c, 0x24, 0x03, 0x94, 0x1a, 0x15, 0x18, 0x17, 0xa0, 0x9f, 0x9f,
    0x9b, 0x97, 0x18, 0x27, 0xa3, 0xa8, 0x22, 0x8e, 0x13, 0x27, 0x13, 0xa1,
    0x16, 0x9b, 0x8b, 0x95, 0x06, 0x9b, 0xa1, 0x1a, 0x9b, 0x18, 0x1a, 0x1b,
    0x12, 0xa1, 0x95, 0x9f, 0x24, 0x99, 0x01, 0x98, 0x01, 0x8a, 0x96, 0x1e,
    0x18, 0x98, 0x10, 0x81, 0x95, 0x09, 0x10, 0x28, 0x20, 0x21, 0xa3, 0xa5,
    0x10, 0x1d, 0x9b, 0x20, 0x24, 0x1e, 0x24, 0x16, 0x1a, 0x95, 0x20, 0x84,
    0x13, 0x25, 0x1c, 0xa5, 0x09, 0xab, 0x18, 0x26, 0x85, 0xa2, 0x1a, 0xa7,
    0x23, 0x19, 0x11, 0x25, 0xa1, 0x10, 0xaa, 0x23, 0x9d, 0x1d, 0x9f, 0x26,
    0x01, 0xac, 0x1e, 0x9b, 0x1b, 0x11, 0x9a, 0x9a, 0x1e, 0x21, 0x15, 0xa0,
    0x2a, 0x19, 0x20, 0x0d, 0xa7, 0x98, 0x19, 0x1f, 0x2b, 0xa3, 0xa5, 0x0b,
    0xa3, 0xa8, 0x12, 0x02, 0x91, 0x9b, 0x9c, 0x88, 0x99, 0xa1, 0x27, 0x11,
    0x1f, 0x22, 0x9c, 0x0b, 0x1b, 0x0e, 0x06, 0xa2, 0x95, 0xa8, 0x03, 0x25,
    0xa2, 0x07, 0x28, 0x26, 0xa2, 0xa0, 0x00, 0x98, 0xaa, 0xab, 0x19, 0x21,
    0x91, 0x01, 0x1b, 0x11, 0x0f, 0x05, 0x99, 0x19, 0x99, 0xa3, 0x9c, 0x13,
    0xa9, 0xa4, 0x02, 0x18, 0x19, 0x9a, 0xa6, 0x9b, 0x01, 0x00, 0x95, 0xa0,
    0x9d, 0xa1, 0x1a, 0x98, 0x13, 0x97, 0x21, 0x9a, 0x99, 0x09, 0x8e, 0x97,
    0x03, 0x8f, 0x06, 0x03, 0x1d, 0x90, 0x22, 0x9e, 0xa0, 0x29, 0x00, 0x02,
    0x2b, 0x26, 0x28, 0x29, 0xa1, 0x87, 0x11, 0x16, 0x95, 0x8f, 0x06, 0x9b,
    0xa1, 0x14, 0x1c, 0x81, 0xa6, 0x15, 0x1b, 0x2c, 0x12, 0x1b, 0x1c, 0x00,
    0x04, 0x94, 0x17, 0x1f, 0x99, 0xa5, 0x8c, 0x92, 0x90, 0x06, 0x9e, 0x9a,
    0x25, 0x22, 0x18, 0x9c, 0xa6, 0x20, 0x1b, 0x9b, 0x20, 0x1e, 0x25, 0x25,
    0x1c, 0x05, 0x26, 0x93, 0x19, 0x1b, 0x8b, 0x17, 0x9f, 0x2a, 0x99, 0xa1,
    0x9a, 0x20, 0xa6, 0x9c, 0x0c, 0x99, 0x97, 0x94, 0x2a, 0x95, 0x16, 0x88,
    0x9d, 0x89, 0x18, 0x9b, 0x11, 0x20, 0x1d, 0x17, 0xa2, 0x10, 0x24, 0xab,
    0x10, 0x9d, 0x08, 0xac, 0x9b, 0x1e, 0x25, 0x1d, 0x06, 0x11, 0x27, 0x21,
    0x2b, 0xa7, 0x1b, 0x97, 0x0c, 0x15, 0x28, 0x9b, 0xa5, 0x22, 0x12, 0x20,
    0x8c, 0xa3, 0x98, 0x09, 0x1c, 0xa2, 0x96, 0xa4, 0x21, 0xaa, 0x25, 0x9c,
    0xa9, 0x98, 0x9b, 0x29, 0x1e, 0x8d, 0xa6, 0x19, 0x16, 0xa2, 0xa2, 0x91,
    0x10, 0xa2, 0x07, 0xa5, 0x9f, 0x0a, 0x83, 0x12, 0x27, 0x0b, 0x9e, 0x9a,
    0x08, 0x95, 0x0c, 0x9c, 0x1d, 0x9d, 0x9d, 0x84, 0x1e, 0x0f, 0x96, 0x11,
    0x25, 0x1e, 0x12, 0x9c, 0x90, 0x0a, 0x03, 0x21, 0x9b, 0xa1, 0x90, 0x20,
    0x27, 0x14, 0xa2, 0x26, 0xa5, 0x1a, 0x10, 0x09, 0x81, 0x0f, 0x24, 0x27,
    0xaa, 0xa1, 0x14, 0x1a, 0x12, 0xa6, 0x20, 0x15, 0x18, 0xa8, 0x87, 0x9d,
    0x98, 0x9a, 0xa2, 0x94, 0xa1, 0x97, 0x20, 0x29, 0x0a, 0x23, 0x97, 0x22,
    0xa2, 0x1f, 0x1a, 0xa8, 0x15, 0x23, 0x9d, 0x9a, 0xa1, 0x15, 0xa4, 0x99,
    0x95, 0x2a, 0x95, 0x23, 0xa9, 0xa0, 0x9c, 0x24, 0x1d, 0x11, 0xaa, 0x0c,
    0x0a, 0x14, 0x0e, 0x88, 0x0c, 0xa9, 0x21, 0x24, 0x28, 0x82, 0x1b, 0x98,
    0x22, 0x10, 0x98, 0x18, 0x96, 0x25, 0xa1, 0x9c, 0x14, 0x2a, 0x09, 0xa7,
    0x2e, 0x26, 0x0f, 0x10, 0x07, 0x1c, 0x26, 0x26, 0x03, 0x22, 0x1b, 0x16,
    0x1a, 0x0d, 0x22, 0x06, 0x86, 0x14, 0x10, 0x19, 0x9e, 0xab, 0x98, 0x9e,
    0x20, 0x80, 0x93, 0xa6, 0x20, 0x1a, 0x20, 0x9e, 0x9b, 0x9a, 0x1e, 0x9c,
    0x19, 0x21, 0x99, 0x1d, 0x20, 0x9b, 0xa2, 0x9f, 0xa6, 0x1b, 0x94, 0xa7,
    0x06, 0x15, 0x10, 0x98, 0xa3, 0x14, 0x04, 0xa7, 0x29, 0x21, 0x21, 0x22,
    0x09, 0x2b, 0x23, 0xa1, 0x1d, 0xa1, 0x18, 0x9d, 0x21, 0x98, 0xa2, 0x16,
    0x98, 0x91, 0x28, 0xa6, 0xa9, 0x9c, 0x9d, 0x04, 0xa1, 0x90, 0x2f, 0x23,
    0x15, 0xa2, 0x93, 0x9b, 0x1f, 0x15, 0x11, 0x9f, 0x13, 0x94, 0x21, 0x99,
    0xa7, 0x07, 0x22, 0x1c, 0x90, 0x21, 0x25, 0xa7, 0xa0, 0x95, 0x18, 0xa8,
    0x99, 0x23, 0x0c, 0x99, 0x10, 0x1e, 0x22, 0x1a, 0xa6, 0x8e, 0x9b, 0x82,
    0x8c, 0xa1, 0x1f, 0x0e, 0x0d, 0x9a, 0xa1, 0x9b, 0x2c, 0x8c, 0x1a, 0x86,
    0x2b, 0x1c, 0x9e, 0x96, 0x2d, 0x11, 0x9e, 0x9d, 0x98, 0x93, 0x88, 0x9a,
    0x9d, 0x1b, 0xa3, 0x19, 0x19, 0xa9, 0x95, 0x25, 0xa8, 0x93, 0x89, 0x0c,
    0x99, 0x18, 0x9e, 0x09, 0x23, 0x09, 0x92, 0xa1, 0xa0, 0x86, 0x1d, 0x0a,
    0x98, 0x0c, 0x25, 0x1e, 0x97, 0xa5, 0x9a, 0x97, 0x0d, 0x91, 0x22, 0x1e,
    0x98, 0x05, 0xa4, 0x1c, 0x9d, 0x05, 0x9b, 0x9c, 0x20, 0x9c, 0xa2, 0x12,
    0x0f, 0x22, 0x9e, 0x94, 0x8a, 0x1d, 0x04, 0x0a, 0x1c, 0x1c, 0x82, 0x1a,
    0x0c, 0x01, 0x98, 0xa9, 0x1e, 0x83, 0xa2, 0x9e, 0x8c, 0x22, 0x21, 0x24,
    0x91, 0x95, 0x24, 0xab, 0x1f, 0x15, 0x9c, 0x22, 0x9d, 0x2a, 0x9e, 0x99,
    0x27, 0x97, 0xa1, 0x14, 0xa9, 0x8a, 0xa3, 0x09, 0x21, 0x99, 0x08, 0x0d,
    0x13, 0x81, 0xa2, 0x12, 0x02, 0x93, 0x26, 0x13, 0x99, 0x91, 0x9d, 0xaa,
    0x0a, 0xa3, 0x9c, 0x13, 0x07, 0xaa, 0x99, 0x21, 0x29, 0x94, 0x24, 0xa4,
    0xae, 0x02, 0xa1, 0x17, 0x21, 0x1c, 0x14, 0x98, 0x96, 0x1a, 0x84, 0x9d,
    0x1e, 0xa2, 0x9a, 0x28, 0x19, 0x89, 0x00, 0x91, 0x08, 0x8f, 0x0e, 0x94,
    0xa2, 0x11, 0x2e, 0x85, 0x0c, 0x99, 0x87, 0x9a, 0xa3, 0x0c, 0x12, 0x97,
    0x17, 0x9c, 0xa2, 0x92, 0x9d, 0x08, 0x0b, 0xa3, 0x1a, 0x9e, 0x20, 0xa8,
    0x0d, 0x90, 0x18, 0x0b, 0x98, 0xa1, 0x26, 0x80, 0xa0, 0x9d, 0x20, 0x84,
    0x8f, 0x8a, 0x98, 0xa2, 0xa6, 0x06, 0x9c, 0xa0, 0x11, 0x29, 0x85, 0x19,
    0x95, 0x25, 0x24, 0x05, 0x1c, 0xa4, 0xa3, 0x19, 0x0f, 0x0c, 0x9d, 0xab,
    0xa2, 0x09, 0xa2, 0x0f, 0x1b, 0x88, 0x9c, 0x1a, 0x2c, 0x87, 0x29, 0x2b,
    0x2b, 0x03, 0x03, 0x89, 0x8f, 0xa9, 0x09, 0x1e, 0x9a, 0x9f, 0x90, 0x16,
    0x83, 0xa4, 0xa3, 0x81, 0x07, 0x9f, 0x9c, 0x92, 0x91, 0xad, 0xa2, 0xa3,
    0x87, 0x03, 0x9c, 0x21, 0xa1, 0x15, 0x94, 0x88, 0x24, 0x86, 0xa9, 0x9c,
    0x24, 0x00, 0xa7, 0x99, 0x92, 0x22, 0x83, 0xa6, 0x21, 0x93, 0x17, 0x98,
    0x2a, 0x9c, 0x23, 0x9b, 0x99, 0x94, 0x8b, 0x9d, 0x1d, 0x8c, 0x9a, 0x0a,
    0x20, 0x19, 0x0d, 0x1f, 0x2a, 0x91, 0x93, 0xa8, 0xa7, 0xa2, 0xa3, 0x9b,
    0x1c, 0x1c, 0x22, 0xa1, 0x17, 0x95, 0x21, 0xa0, 0x10, 0x27, 0xa3, 0x19,
    0x90, 0x25, 0x92, 0x90, 0x8d, 0x26, 0x27, 0x9b, 0x8c, 0x16, 0x18, 0xa2,
    0xa2, 0x93, 0x84, 0x9b, 0x0f, 0x20, 0x03, 0x11, 0x97, 0x2d, 0x2a, 0x09,
    0xa4, 0x23, 0x27, 0x21, 0x18, 0x82, 0x9c, 0x1a, 0x19, 0x1d, 0x8c, 0x08,
    0x19, 0x18, 0x98, 0x9b, 0x10, 0x1f, 0x2a, 0x23, 0xa3, 0x0f, 0xa7, 0xa7,
    0x82, 0x10, 0x94, 0xa5, 0x9a, 0x21, 0x93, 0x02, 0x0d, 0x20, 0x03, 0x98,
    0x1f, 0x10, 0x13, 0xb1, 0x22, 0x8b, 0x24, 0xa0, 0x13, 0x23, 0x1f, 0x9a,
    0xa6, 0xa4, 0x03, 0x25, 0xa9, 0x90, 0x20, 0x1f, 0x0c, 0x09, 0xa2, 0x0c,
    0x9a, 0x92, 0x14, 0x23, 0xa4, 0x9c, 0x8d, 0xa3, 0xa3, 0x21, 0x23, 0x9e,
    0x95, 0x19, 0x86, 0x8a, 0x90, 0x94, 0x2d, 0x00, 0x9d, 0x0f, 0x1f, 0x21,
    0x1d, 0x1f, 0x1f, 0x1a, 0x83, 0x15, 0x16, 0x98, 0x25, 0x91, 0x93, 0x29,
    0x9f, 0x08, 0x1b, 0x2c, 0x9b, 0x8e, 0x9a, 0x8e, 0x97, 0x28, 0x9f, 0x12,
    0xa2, 0x28, 0x9f, 0x8a, 0xa0, 0x92, 0xa3, 0x8a, 0x28, 0x18, 0x9a, 0x12,
    0x8e, 0xa9, 0x98, 0x96, 0x9b, 0xa1, 0x9c, 0x20, 0x9d, 0x15, 0x23, 0x1a,
    0x95, 0x27, 0x19, 0x25, 0x21, 0x13, 0x96, 0x15, 0x82, 0x19, 0x20, 0x19,
    0xa4, 0x22, 0x9e, 0xa7, 0x29, 0x22, 0xa0, 0x0f, 0x22, 0x21, 0x90, 0x13,
    0xa2, 0xa0, 0x8e, 0x91, 0x94, 0x10, 0x99, 0xa3, 0x28, 0x12, 0x1a, 0x94,
    0x98, 0x9f, 0xaa, 0x1c, 0x99, 0x18, 0x0f, 0x81, 0x93, 0x0f, 0x25, 0x23,
    0xa3, 0xa4, 0x14, 0x86, 0x26, 0x8f, 0xa1, 0x16, 0x8e, 0x1a, 0x02, 0x1e,
    0x1c, 0x25, 0x9f, 0x82, 0x85, 0x03, 0x1b, 0x86, 0x89, 0x87, 0xa8, 0x13,
    0xa0, 0x21, 0x87, 0xa2, 0x21, 0x86, 0x24, 0x25, 0x0c, 0x92, 0x1a, 0x05,
    0x03, 0xaa, 0x8b, 0x98, 0x9f, 0xa2, 0xa0, 0xa0, 0x04, 0x9b, 0xa0, 0xaa,
    0x9b, 0x81, 0x09, 0xa4, 0x12, 0x20, 0x10, 0x22, 0x00, 0xa5, 0x22, 0x06,
    0x09, 0x97, 0x99, 0x94, 0xae, 0x21, 0x20, 0x21, 0x9d, 0xa5, 0x0b, 0xa0,
    0x18, 0xaf, 0x9e, 0x82, 0xa7, 0x26, 0x2f, 0xa2, 0x81, 0x90, 0x12, 0x9e,
    0x1b, 0x91, 0x12, 0x98, 0xaa, 0x9f, 0x1c, 0x1c, 0x85, 0x9b, 0x1f, 0x20,
    0x24, 0x94, 0x24, 0xa8, 0x9f, 0x99, 0x1b, 0x95, 0x8c, 0x98, 0x21, 0x27,
    0x9d, 0x9b, 0x95, 0x27, 0xaa, 0x1a, 0x25, 0x92, 0x1e, 0x97, 0x9b, 0xaa,
    0xa3, 0xac, 0x0f, 0x16, 0x9f, 0x26, 0x9e, 0xa4, 0xa8, 0x28, 0xa6, 0x8b,
    0x9c, 0x21, 0x24, 0xa3, 0x1d, 0x1e, 0xae, 0xa1, 0x8f, 0x24, 0x21, 0x12,
    0x80, 0x00, 0x91, 0x1d, 0x83, 0x29, 0x15, 0x96, 0x8c, 0xa6, 0x17, 0x15,
    0xae, 0x07, 0x99, 0x93, 0x9c, 0xa3, 0x23, 0x10, 0xab, 0x9b, 0xa2, 0x23,
    0x93, 0x9b, 0x28, 0x25, 0x11, 0x89, 0x9d, 0x1e, 0x1c, 0xa1, 0x9a, 0x19,
    0x1d, 0x90, 0x07, 0xaa, 0x10, 0x26, 0x18, 0xa2, 0x94, 0x27, 0x9e, 0x9e,
    0x2b, 0x11, 0x15, 0x9e, 0x19, 0x23, 0x13, 0xa3, 0x11, 0x26, 0x29, 0x9d,
    0x25, 0x1a, 0xa4, 0x98, 0x18, 0x1d, 0x13, 0x22, 0x21, 0x21, 0xa0, 0x1c,
    0xa5, 0x1f, 0x22, 0xa5, 0xa2, 0x98, 0x03, 0x90, 0x2a, 0x10, 0x1c, 0x1b,
    0x84, 0x13, 0xa6, 0x8b, 0x98, 0xa8, 0xa3, 0x27, 0xa2, 0xa2, 0x9f, 0x95,
    0x24, 0x2b, 0x97, 0x91, 0x03, 0x22, 0x27, 0x1f, 0x8a, 0xa2, 0x23, 0xa0,
    0x09, 0x00, 0x94, 0x89, 0x89, 0x8e, 0x21, 0x1e, 0xa4, 0x9e, 0x95, 0x9f,
    0x89, 0xa2, 0x26, 0x94, 0x2a, 0x12, 0x25, 0x02, 0xa4, 0x1b, 0x99, 0x20,
    0x9b, 0x1d, 0xa2, 0x28, 0x22, 0x10, 0x82, 0xaa, 0x9f, 0xa1, 0x20, 0x1a,
    0x98, 0x22, 0x24, 0x85, 0x9d, 0x0b, 0x26, 0x90, 0x21, 0x11, 0x1c, 0x1f,
    0x27, 0x0f, 0x21, 0x91, 0x09, 0x0d, 0x9f, 0x9e, 0x27, 0x18, 0x06, 0x92,
    0x96, 0x22, 0x91, 0x9d, 0x23, 0x13, 0x10, 0x99, 0x86, 0x0c, 0xa7, 0x26,
    0x22, 0x87, 0x1c, 0x1e, 0xa8, 0x11, 0xaa, 0xa7, 0xa3, 0x0c, 0x24, 0x92,
    0x92, 0x92, 0x8f, 0x07, 0x25, 0x86, 0x17, 0x17, 0xa9, 0x97, 0x82, 0x0a,
    0x9e, 0x0f, 0xa9, 0x1f, 0x08, 0x83, 0x0d, 0x1a, 0x24, 0x1c, 0x9e, 0x97,
    0xa7, 0x19, 0x09, 0x8c, 0x2f, 0xa0, 0x26, 0xa9, 0x9f, 0x06, 0x22, 0x13,
    0x29, 0x1f, 0x94, 0x1e, 0x8c, 0x9b, 0x99, 0x12, 0x0a, 0x91, 0xa3, 0x2b,
    0x11, 0x0c, 0xa1, 0xa3, 0x93, 0x9d, 0x95, 0x13, 0xa0, 0xa1, 0x0e, 0x83,
    0xa4, 0x17, 0x90, 0x20, 0x1b, 0x04, 0x87, 0x9b, 0x14, 0x18, 0xa1, 0x8e,
    0x04, 0x9e, 0x8b, 0x06, 0x9d, 0xa9, 0x19, 0xa3, 0x9d, 0x13, 0x98, 0x96,
    0x23, 0x9a, 0x9e, 0x83, 0x94, 0x20, 0x11, 0x85, 0xa3, 0xa6, 0x12, 0x9e,
    0x9e, 0x03, 0x98, 0xa2, 0x93, 0x06, 0x06, 0x1b, 0x13, 0x9d, 0x21, 0x98,
    0x98, 0x88, 0x9a, 0x27, 0xac, 0x9e, 0xa0, 0xa3, 0x9f, 0x9f, 0x12, 0x21,
    0x16, 0x20, 0x2a, 0x9a, 0x25, 0xa3, 0x98, 0x99, 0xa2, 0x83, 0x8b, 0x82,
    0x9b, 0x1b, 0x20, 0x99, 0xa6, 0x89, 0x89, 0x22, 0x99, 0x0b, 0xa3, 0x91,
    0x81, 0x1f, 0x05, 0x92, 0x1e, 0x26, 0x2d, 0xa8, 0x95, 0xa3, 0x21, 0x98,
    0x16, 0x26, 0x91, 0x22, 0xa2, 0xa0, 0x8b, 0xa0, 0x14, 0xac, 0xa0, 0x83,
    0x84, 0x0e, 0x87, 0x21, 0x8e, 0xa1, 0x25, 0xa2, 0x97, 0x27, 0x9c, 0x06,
    0x86, 0x0c, 0x20, 0x06, 0x1b, 0x21, 0x21, 0x28, 0x16, 0x87, 0x92, 0x05,
    0x8b, 0x19, 0x9e, 0x01, 0x27, 0x1c, 0x1a, 0x23, 0x15, 0x1b, 0x9e, 0x28,
    0xa1, 0x0e, 0xa2, 0xa8, 0x17, 0x26, 0x13, 0x29, 0x8d, 0x97, 0x86, 0x92,
    0x05, 0x0c, 0x25, 0x2c, 0x20, 0x1d, 0x26, 0xaa, 0x0d, 0xa1, 0x83, 0x8a,
    0x22, 0x1e, 0x19, 0x23, 0x15, 0x22, 0x28, 0x18, 0x05, 0x23, 0x81, 0xa3,
    0xa7, 0xa1, 0xa0, 0x22, 0x15, 0x1f, 0x90, 0xa5, 0x1e, 0x1e, 0xaa, 0xa9,
    0x9d, 0x08, 0x9b, 0x99, 0x95, 0x84, 0x9c, 0x0f, 0x9a, 0x1d, 0x96, 0x15,
    0x14, 0x1b, 0x0f, 0x01, 0x01, 0x89, 0x2a, 0x26, 0x08, 0x17, 0x01, 0x1a,
    0x08, 0x9a, 0x9a, 0x05, 0xa6, 0x0b, 0xa7, 0x05, 0x29, 0x8d, 0xa7, 0x1b,
    0x1b, 0xa8, 0x91, 0x08, 0x09, 0x9d, 0x84, 0x11, 0x94, 0x91, 0x00, 0x1f,
    0x1e, 0x8f, 0xa8, 0xa0, 0x17, 0x9d, 0xa4, 0x8a, 0xa1, 0x8e, 0xa6, 0x9d,
    0x97, 0x16, 0x87, 0x9c, 0x0c, 0x89, 0x28, 0x19, 0x04, 0x86, 0x9f, 0x89,
    0x95, 0xa5, 0x15, 0x1a, 0xa3, 0x17, 0x97, 0x07, 0x99, 0x9e, 0x14, 0x9d,
    0x88, 0x9d, 0x0b, 0xa5, 0xa5, 0x0d, 0x1e, 0x92, 0x93, 0x24, 0x20, 0x1e,
    0xa3, 0xa1, 0x8d, 0xad, 0xa6, 0x17, 0xa0, 0xa9, 0x92, 0xa8, 0xa6, 0x12,
    0x17, 0xa1, 0x11, 0x80, 0xa8, 0x95, 0x06, 0x1c, 0x90, 0x13, 0x9c, 0x0a,
    0x97, 0x84, 0x08, 0x00, 0x90, 0x9f, 0x20, 0x01, 0x20, 0x9e, 0x21, 0x03,
    0x04, 0x1a, 0xa0, 0x05, 0x03, 0x24, 0x17, 0x9d, 0x9e, 0x8d, 0xa4, 0x9d,
    0x0c, 0x8b, 0x9d, 0x29, 0x13, 0x8a, 0x11, 0x9f, 0x17, 0xb0, 0x14, 0x22,
    0x0c, 0x9a, 0x07, 0x28, 0xa2, 0x9e, 0x1e, 0x90, 0x9e, 0x24, 0x94, 0x93,
    0x15, 0xa5, 0x9a, 0x20, 0x0e, 0x29, 0x1c, 0x11, 0x81, 0x97, 0xa6, 0x22,
    0x06, 0x26, 0x27, 0x09, 0x15, 0x9e, 0x20, 0xa6, 0xa2, 0x1d, 0x08, 0xa3,
    0x1e, 0x8b, 0x09, 0x04, 0x9b, 0x9e, 0x91, 0x22, 0x98, 0x19, 0x98, 0x9e,
    0x1f, 0x1e, 0x9a, 0x9f, 0x9c, 0x94, 0x8e, 0x18, 0x93, 0x27, 0x9b, 0x1b,
    0x9f, 0x93, 0x06, 0x1c, 0x1c, 0xa7, 0x82, 0xa8, 0x29, 0x24, 0x9c, 0xae,
    0x10, 0x06, 0x9a, 0x1f, 0xab, 0x88, 0x94, 0x13, 0x9c, 0x0a, 0x9e, 0x1e,
    0x9a, 0x1b, 0x99, 0x14, 0xa0, 0x94, 0x95, 0x14, 0x11, 0x92, 0x85, 0x24,
    0x88, 0x0e, 0x2a, 0xa5, 0xa0, 0x1c, 0x24, 0x07, 0x9a, 0x93, 0x84, 0x9d,
    0x89, 0x9f, 0x06, 0x85, 0x85, 0x96, 0x9f, 0x26, 0xa2, 0x0f, 0xa0, 0x11,
    0x8c, 0x8b, 0x15, 0x18, 0x93, 0x98, 0x1d, 0x21, 0x1a, 0x29, 0x02, 0xa2,
    0xa4, 0x29, 0x9c, 0x2b, 0x29, 0xa4, 0x0a, 0x9b, 0x9e, 0x9b, 0x98, 0x94,
    0x83, 0x29, 0x1f, 0x9c, 0x19, 0x00, 0x18, 0x1d, 0x15, 0xaa, 0x87, 0x0d,
    0x1d, 0x0d, 0x9c, 0x0e, 0x89, 0x06, 0xa9, 0x96, 0xa2, 0x82, 0x22, 0x1f,
    0x17, 0x97, 0x99, 0xa5, 0x17, 0x17, 0x1a, 0x9c, 0x81, 0x1e, 0x0f, 0x1a,
    0x22, 0x1c, 0x26, 0xa1, 0x0d, 0x87, 0x84, 0x0a, 0x15, 0x9c, 0xa1, 0x9d,
    0x1a, 0x0f, 0x84, 0x9d, 0x92, 0xa2, 0x0b, 0x20, 0x1d, 0xa0, 0x22, 0x13,
    0x1d, 0x29, 0x01, 0x1b, 0x15, 0xa0, 0x91, 0xa0, 0xa1, 0x9e, 0x11, 0x1f,
    0x24, 0x88, 0x1b, 0x11, 0x86, 0x17, 0x98, 0x1b, 0x17, 0xa8, 0x88, 0x1d,
    0xa2, 0x82, 0x96, 0x08, 0x25, 0x91, 0x1e, 0x13, 0xa4, 0x98, 0x89, 0x9c,
    0x2a, 0x10, 0x1e, 0x9c, 0x93, 0x11, 0x23, 0x11, 0x8a, 0x18, 0x11, 0xa3,
    0xa8, 0x05, 0x8c, 0xa2, 0xa2, 0x1e, 0x06, 0x1c, 0x86, 0x99, 0x95, 0x9a,
    0x97, 0xa0, 0x1d, 0x95, 0xa6, 0x8e, 0x97, 0x83, 0x92, 0x1c, 0x1d, 0x98,
    0x9b, 0x91, 0xa1, 0x1e, 0x17, 0x1e, 0x95, 0x99, 0x1f, 0x9b, 0x99, 0x0b,
    0x1e, 0x19, 0x96, 0xa1, 0x2a, 0x8d, 0x9f, 0x1a, 0x28, 0x85, 0x1f, 0x1b,
    0x95, 0x9a, 0x9e, 0x1a, 0x17, 0x97, 0x87, 0xa5, 0x0b, 0x28, 0x24, 0xa3,
    0x04, 0x0a, 0x1a, 0x9a, 0x9d, 0x1f, 0x94, 0xa1, 0x20, 0xa0, 0xa3, 0xa3,
    0x96, 0x2a, 0x94, 0x21, 0x9a, 0x0c, 0xa1, 0x9d, 0x9c, 0xa8, 0x99, 0x0d,
    0x85, 0x24, 0x85, 0x9e, 0xa7, 0x95, 0x9c, 0xa0, 0x2b, 0x08, 0x9a, 0x28,
    0x0b, 0x8a, 0x9a, 0x0d, 0x8d, 0x9d, 0x29, 0xa2, 0x1a, 0x98, 0x23, 0x94,
    0x9c, 0xa2, 0x23, 0x82, 0xa1, 0x00, 0x14, 0x18, 0x2b, 0x1f, 0xa0, 0x1f,
    0x99, 0x99, 0x19, 0x9c, 0x99, 0x01, 0x00, 0x9b, 0x9e, 0x23, 0x9f, 0x24,
    0xa1, 0x25, 0xa3, 0x0c, 0x26, 0x05, 0x91, 0xa9, 0xa2, 0x9e, 0x0c, 0x21,
    0x1c, 0x2c, 0x21, 0x9e, 0x88, 0xa0, 0x22, 0x98, 0x1a, 0x18, 0xa9, 0x23,
    0x26, 0x12, 0x22, 0x15, 0x01, 0x9a, 0x99, 0x22, 0x19, 0x04, 0x82, 0x1a,
    0x23, 0x95, 0x92, 0x99, 0xa1, 0x11, 0x9c, 0x9c, 0x97, 0x86, 0x96, 0x22,
    0x08, 0x8d, 0x23, 0xa4, 0xa0, 0xa2, 0x06, 0x13, 0x13, 0x9e, 0x0d, 0x22,
    0x24, 0x22, 0xa1, 0x18, 0x88, 0x26, 0xa7, 0x0a, 0x98, 0xa4, 0x99, 0x28,
    0x1b, 0x99, 0x24, 0x9b, 0x22, 0x13, 0x99, 0xa0, 0x1b, 0x04, 0x0a, 0x98,
    0x89, 0x9c, 0x87, 0x1d, 0x17, 0x17, 0x99, 0x9f, 0x96, 0x9a, 0x8b, 0x9b,
    0x9e, 0x25, 0xa2, 0x21, 0x25, 0x02, 0x9d, 0x9b, 0x18, 0x93, 0x09, 0x17,
    0x12, 0x16, 0x1a, 0x21, 0x9f, 0x9d, 0x09, 0x05, 0x16, 0x83, 0xa2, 0xa5,
    0x19, 0x11, 0x10, 0x87, 0x23, 0x14, 0xa9, 0x97, 0x8e, 0x1b, 0x8b, 0x1b,
    0x20, 0x90, 0x14, 0x88, 0x99, 0x21, 0x19, 0x9c, 0x06, 0x99, 0x9d, 0x28,
    0x14, 0x9b, 0xa2, 0x8b, 0x11, 0x19, 0xa2, 0x91, 0x8e, 0x13, 0x89, 0x24,
    0x8c, 0xa2, 0x11, 0xa7, 0x1a, 0x1a, 0x08, 0xa6, 0x23, 0x19, 0x1d, 0x22,
    0x05, 0x99, 0xa5, 0x19, 0x1c, 0xa3, 0x9c, 0x83, 0x1c, 0x19, 0x22, 0xa5,
    0x01, 0xa2, 0x89, 0x9f, 0x15, 0x28, 0x9b, 0x93, 0x1f, 0x93, 0x22, 0x13,
    0x9a, 0x06, 0x18, 0x0a, 0x02, 0x97, 0x9c, 0x26, 0x02, 0x88, 0x1e, 0xa5,
    0x1a, 0x9c, 0x04, 0x1b, 0x0a, 0xa5, 0xa4, 0x88, 0x22, 0x14, 0x22, 0x1f,
    0xa4, 0x15, 0xa0, 0x9b, 0x1d, 0x19, 0x82, 0x25, 0x25, 0x25, 0x07, 0x9d,
    0x99, 0x1a, 0x9f, 0x1a, 0x1e, 0x8c, 0x8e, 0x18, 0x9d, 0x9d, 0x1f, 0x23,
    0xa7, 0x08, 0x1d, 0xa4, 0x89, 0x11, 0x0c, 0x27, 0x17, 0x1f, 0x18, 0x97,
    0x20, 0x23, 0xa7, 0x23, 0x81, 0x9b, 0x1d, 0x07, 0x31, 0x07, 0x9d, 0x90,
    0x19, 0xa9, 0xa3, 0x87, 0x9f, 0x19, 0x19, 0xa0, 0x99, 0x27, 0x2c, 0x25,
    0x8e, 0x9b, 0xa6, 0x02, 0x11, 0x9b, 0x97, 0x2a, 0x1b, 0x94, 0x8a, 0x96,
    0xaa, 0x1c, 0x86, 0x0c, 0x26, 0x97, 0x15, 0x9e, 0xa4, 0x0c, 0x14, 0x9a,
    0x9f, 0x1f, 0x1e, 0x9d, 0x84, 0x9e, 0x9e, 0x13, 0x1b, 0x9b, 0xa3, 0x18,
    0x20, 0x24, 0x91, 0x16, 0x95, 0x23, 0x1a, 0xa1, 0x1c, 0x1e, 0x8e, 0x1a,
    0x9c, 0xa4, 0x81, 0x28, 0x07, 0x1a, 0x92, 0xa3, 0x0e, 0x23, 0x9e, 0x29,
    0x9c, 0x99, 0xa6, 0x25, 0xa4, 0x9d, 0xa3, 0x10, 0x25, 0x10, 0x96, 0x21,
    0x00, 0x9d, 0xa1, 0x19, 0x1b, 0x14, 0x9f, 0x94, 0x23, 0x1c, 0x88, 0x93,
    0x96, 0xa0, 0xa3, 0x83, 0xa2, 0x14, 0x8b, 0x90, 0x1d, 0x02, 0xa2, 0x1d,
    0x90, 0x9b, 0x26, 0x9e, 0x95, 0x8e, 0x9c, 0x93, 0x99, 0x08, 0x1f, 0x9c,
    0x91, 0x24, 0x21, 0x9c, 0x28, 0x02, 0x98, 0x18, 0x9e, 0x87, 0x8d, 0x82,
    0xa1, 0x18, 0x28, 0x18, 0x05, 0x29, 0x96, 0x9d, 0x0d, 0x9f, 0x15, 0xa2,
    0x18, 0x22, 0x15, 0x98, 0xa2, 0x18, 0x98, 0x9e, 0xa0, 0x0c, 0x9c, 0x14,
    0x9c, 0x88, 0x25, 0x18, 0x18, 0xa2, 0xa2, 0x94, 0x9b, 0x98, 0x13, 0x1e,
    0x1c, 0x26, 0x82, 0x01, 0x90, 0xa0, 0x24, 0xa6, 0x22, 0x96, 0x0e, 0x1e,
    0x29, 0x84, 0xa6, 0x17, 0x1f, 0x08, 0x27, 0x9d, 0xa0, 0x20, 0xa2, 0x20,
    0x20, 0xa2, 0x14, 0x96, 0x1e, 0x00, 0x02, 0x21, 0x82, 0x16, 0x98, 0x20,
    0xa9, 0x21, 0x8f, 0x9a, 0x8a, 0x9e, 0x18, 0x2a, 0x98, 0x19, 0x92, 0x9d,
    0x14, 0x1b, 0x91, 0x09, 0x22, 0x1c, 0x12, 0x1a, 0x9f, 0x8b, 0x06, 0x02,
    0x23, 0x9a, 0x19, 0x99, 0x2a, 0x1c, 0x9d, 0x99, 0x9e, 0x16, 0x2c, 0x1f,
    0x88, 0x8b, 0x11, 0x23, 0xa1, 0x9a, 0x9a, 0x0a, 0x9e, 0x25, 0x07, 0x1b,
    0x9f, 0xa1, 0x23, 0x9a, 0x17, 0x08, 0xab, 0x19, 0xa8, 0x19, 0x9c, 0x13,
    0x1c, 0x2f, 0x09, 0x9b, 0x95, 0xa3, 0xa5, 0x13, 0x0a, 0x1c, 0x18, 0x9f,
    0x23, 0x11, 0x07, 0x9b, 0x92, 0x21, 0x9f, 0x19, 0x95, 0x08, 0x12, 0x81,
    0x21, 0x9d, 0x00, 0x14, 0x8b, 0xa4, 0x91, 0x8f, 0x15, 0x1e, 0x09, 0xa3,
    0x22, 0x91, 0x26, 0x11, 0xa2, 0x15, 0x1a, 0x14, 0x16, 0x95, 0x92, 0x29,
    0x1e, 0x06, 0x22, 0xaa, 0x14, 0x05, 0xa4, 0x11, 0x00, 0x23, 0x20, 0x22,
    0x9b, 0xa2, 0x13, 0x1a, 0x95, 0x18, 0x18, 0xa0, 0x1c, 0xa5, 0x06, 0x1d,
    0x97, 0x1c, 0x91, 0x20, 0x92, 0x1c, 0x8b, 0x8c, 0x22, 0xa5, 0x85, 0xa2,
    0x21, 0x1e, 0x21, 0x97, 0x13, 0xa4, 0x9d, 0x81, 0xa1, 0xa0, 0x0a, 0x1a,
    0x98, 0x16, 0x9d, 0x24, 0x99, 0x19, 0xa0, 0x1a, 0x1a, 0x10, 0x94, 0x93,
    0x87, 0x2e, 0x29, 0x06, 0x15, 0x06, 0x14, 0xa0, 0x29, 0x15, 0x25, 0xa4,
    0x21, 0x99, 0xa2, 0x12, 0x1b, 0x2a, 0x1f, 0x22, 0x99, 0x8c, 0x28, 0x9a,
    0x87, 0x89, 0xa8, 0x27, 0x8c, 0x9e, 0xa1, 0x94, 0x20, 0x03, 0x9a, 0x24,
    0x0e, 0x19, 0x27, 0x04, 0x04, 0x85, 0xa9, 0xa1, 0x1f, 0x1e, 0x21, 0x97,
    0xa4, 0x9b, 0x96, 0x82, 0xa4, 0x9b, 0x81, 0xa6, 0x22, 0xaa, 0xa9, 0x02,
    0x8f, 0x9b, 0x9d, 0x82, 0x94, 0x17, 0x1e, 0x1a, 0x96, 0x1a, 0xa9, 0xaa,
    0xa2, 0x8d, 0x18, 0x2c, 0x1c, 0x0b, 0x9a, 0x9b, 0x95, 0x16, 0x9d, 0x91,
    0x00, 0x84, 0x18, 0x26, 0x95, 0xa2, 0x80, 0x82, 0x2a, 0xa2, 0x1d, 0x1f,
    0xa6, 0x89, 0x17, 0xa3, 0x9e, 0x17, 0xac, 0x9a, 0x9c, 0x0c, 0x9b, 0x95,
    0xa4, 0x21, 0xa2, 0x95, 0x9c, 0x20, 0x04, 0x10, 0x1c, 0x92, 0x1a, 0x04,
    0x92, 0x0b, 0x91, 0xa9, 0x9b, 0x86, 0xa2, 0x9e, 0x21, 0x23, 0x1f, 0x85,
    0x08, 0x27, 0x21, 0x18, 0x8a, 0x1e, 0xa4, 0x20, 0xa5, 0x2c, 0x13, 0xa0,
    0x0a, 0x16, 0x1d, 0x2a, 0x1a, 0x25, 0x99, 0x06, 0x1c, 0x19, 0x16, 0x1f,
    0x83, 0x0d, 0x10, 0x91, 0x98, 0x12, 0x26, 0xa1, 0x8e, 0x98, 0x01, 0x25,
    0x04, 0x99, 0x25, 0x10, 0x07, 0x2a, 0xa4, 0x21, 0x1f, 0x94, 0x17, 0xa5,
    0x91, 0x01, 0x1a, 0x0c, 0x19, 0x0f, 0x12, 0x8d, 0x29, 0x23, 0x17, 0x0f,
    0x11, 0x9e, 0x25, 0x27, 0x25, 0x1d, 0xa3, 0x29, 0x96, 0x88, 0x9b, 0x8e,
    0x22, 0x27, 0x8c, 0x07, 0x91, 0x25, 0x14, 0x24, 0x06, 0x00, 0x95, 0x85,
    0x95, 0x15, 0x22, 0x0c, 0x91, 0x94, 0x07, 0x23, 0x15, 0x1c, 0x19, 0x23,
    0x9b, 0x9e, 0x26, 0xa4, 0x21, 0x9c, 0x09, 0x89, 0x23, 0x98, 0x00, 0x09,
    0xa1, 0x21, 0x1d, 0xa5, 0x8f, 0x1d, 0x1c, 0x1f, 0x07, 0x02, 0x24, 0x98,
    0x8d, 0x1d, 0x83, 0x20, 0xa1, 0x1d, 0x1a, 0x23, 0x1f, 0x0a, 0x05, 0x1c,
    0xa2, 0x97, 0x9a, 0xa3, 0xa2, 0x83, 0x22, 0x1a, 0xa0, 0x0a, 0x82, 0x25,
    0x0b, 0x13, 0xa4, 0x21, 0x12, 0x98, 0x1d, 0xa2, 0x10, 0x29, 0x14, 0x00,
    0x18, 0x22, 0x1f, 0x9c, 0x1a, 0x20, 0x8c, 0x07, 0xa1, 0x1a, 0xa2, 0x8f,
    0x1a, 0x9b, 0x20, 0x22, 0x8d, 0x8d, 0xa8, 0xa5, 0x04, 0x12, 0x14, 0x16,
    0x94, 0x1a, 0x22, 0x97, 0xa2, 0x9b, 0x1b, 0x8a, 0x22, 0x1f, 0x95, 0x29,
    0x9b, 0xa2, 0xa1, 0xa9, 0x21, 0x1b, 0x1e, 0x26, 0x00, 0xa8, 0x94, 0x8b,
    0xa5, 0xa6, 0x1f, 0xa8, 0x1d, 0x9d, 0x23, 0x9c, 0x9c, 0x92, 0x14, 0xa0,
    0x99, 0x1a, 0x87, 0x95, 0x85, 0x04, 0x02, 0x90, 0xa0, 0x18, 0x2d, 0xa2,
    0x14, 0x94, 0x13, 0x0c, 0x16, 0x23, 0x1d, 0x0e, 0xa0, 0x15, 0x86, 0x9b,
    0x83, 0xa2, 0x98, 0x21, 0x86, 0x83, 0x11, 0x9a, 0x17, 0x0f, 0x06, 0x04,
    0x8f, 0xa3, 0x28, 0x16, 0x1a, 0x92, 0x22, 0xa1, 0x25, 0x98, 0x94, 0xa5,
    0x09, 0x92, 0x21, 0x1e, 0x01, 0x10, 0x9b, 0x1c, 0x12, 0x31, 0x82, 0x9e,
    0x87, 0x21, 0x2c, 0x23, 0x96, 0x0c, 0x1b, 0xa3, 0x1c, 0x1e, 0x24, 0x17,
    0xac, 0x92, 0x1e, 0x21, 0x87, 0x96, 0xa9, 0x13, 0x9a, 0x94, 0x18, 0x91,
    0x82, 0x0e, 0x08, 0x22, 0xa0, 0x85, 0x92, 0x23, 0x90, 0x81, 0x9d, 0xa0,
    0xa8, 0x9b, 0x8c, 0x04, 0x28, 0x99, 0x80, 0x21, 0x0e, 0x18, 0x9f, 0x2b,
    0x11, 0x06, 0x1d, 0xa8, 0x8a, 0x93, 0x9b, 0x87, 0xa6, 0x95, 0x11, 0xa1,
    0x88, 0x9e, 0xa6, 0x09, 0xa2, 0x9d, 0x23, 0xa6, 0x10, 0x83, 0x8b, 0xa0,
    0x9e, 0x18, 0x09, 0x15, 0xa4, 0x24, 0xa7, 0xa4, 0x1e, 0xa4, 0x12, 0x97,
    0x99, 0x06, 0x28, 0x92, 0x84, 0x98, 0x83, 0xa2, 0xa6, 0x88, 0x21, 0x1f,
    0x12, 0x19, 0x82, 0x90, 0x93, 0x1c, 0x97, 0x23, 0x90, 0xad, 0x25, 0xa8,
    0xa4, 0x92, 0x1b, 0x88, 0x05, 0x25, 0x01, 0x25, 0x1f, 0x99, 0x19, 0x05,
    0x97, 0x1d, 0xa1, 0x14, 0x19, 0x9c, 0x1c, 0x24, 0x0e, 0x16, 0x2a, 0x1b,
    0x0a, 0xa9, 0x27, 0x28, 0x18, 0x21, 0x18, 0x28, 0x18, 0x90, 0x1f, 0x24,
    0x9f, 0x16, 0x21, 0x20, 0x8e, 0x26, 0x9d, 0x1a, 0xa1, 0x17, 0x19, 0x29,
    0xa4, 0xa0, 0x1f, 0x19, 0x92, 0x10, 0xa2, 0x14, 0x86, 0xa0, 0x10, 0x22,
    0xa1, 0xa3, 0x20, 0x18, 0x16, 0x26, 0x06, 0x17, 0x9f, 0x18, 0x0e, 0xa1,
    0x21, 0x94, 0x25, 0x23, 0x22, 0x91, 0x9b, 0x90, 0x18, 0x1f, 0x94, 0x25,
    0x16, 0x86, 0x93, 0xa5, 0x25, 0x87, 0x08, 0x24, 0x9b, 0x05, 0x0f, 0x9d,
    0x26, 0x9f, 0x03, 0x92, 0x20, 0x1c, 0x2a, 0x9e, 0x04, 0x05, 0x8f, 0x1e,
    0x94, 0x22, 0x1f, 0x21, 0xa1, 0x91, 0x10, 0x12, 0x99, 0x21, 0x24, 0x93,
    0x84, 0x87, 0x8d, 0x11, 0x1a, 0x83, 0x2b, 0x0c, 0x97, 0x82, 0xa6, 0x16,
    0xa8, 0x24, 0xa7, 0x1d, 0xa0, 0x9a, 0x25, 0x0a, 0x0f, 0x8a, 0x8a, 0x9e,
    0x12, 0xa6, 0x82, 0x86, 0x10, 0x23, 0x22, 0x22, 0x15, 0x29, 0x23, 0x88,
    0x1a, 0x22, 0x1b, 0xa2, 0x99, 0x07, 0x96, 0x10, 0x9f, 0x19, 0x95, 0x13,
    0x1c, 0x18, 0x1b, 0x05, 0x1e, 0x09, 0x28, 0x21, 0x9e, 0x9a, 0x20, 0x20,
    0x1c, 0x03, 0x12, 0xa1, 0xa6, 0x08, 0xa5, 0x8f, 0x24, 0xa5, 0xa0, 0x25,
    0x1d, 0xa6, 0x01, 0x2b, 0x11, 0x90, 0x27, 0xa7, 0x0c, 0x03, 0x1e, 0x9d,
    0x11, 0x2a, 0x1b, 0x85, 0x06, 0xa6, 0x9d, 0x9d, 0x2a, 0xa8, 0x8e, 0x94,
    0x89, 0x19, 0x1f, 0x1d, 0x13, 0x07, 0x9b, 0x1c, 0x1e, 0xa6, 0x0b, 0xa3,
    0x91, 0x96, 0xa3, 0x1f, 0x13, 0x16, 0x21, 0x1f, 0x1a, 0x91, 0x8b, 0x97,
    0x9d, 0xa0, 0x21, 0x18, 0x1e, 0x1d, 0xa0, 0xa1, 0x90, 0x19, 0x00, 0x9e,
    0x02, 0x1a, 0x9a, 0x04, 0x1a, 0x19, 0x87, 0x09, 0xac, 0xa7, 0x25, 0x05,
    0x1d, 0x92, 0x23, 0x02, 0x97, 0xa8, 0x92, 0x1f, 0x09, 0x98, 0x9b, 0x1c,
    0x1b, 0x1e, 0xa9, 0x9d, 0x11, 0x86, 0x00, 0x1a, 0x9b, 0x19, 0xa9, 0x10,
    0x93, 0x14, 0x82, 0x9b, 0x20, 0x85, 0x25, 0x1c, 0xa8, 0x1a, 0xa2, 0x19,
    0x96, 0x98, 0x1c, 0x84, 0x1a, 0x22, 0x9f, 0x03, 0xa1, 0x1b, 0x9d, 0x95,
    0x14, 0x97, 0x19, 0x9e, 0xa5, 0xa0, 0x9c, 0xa4, 0x86, 0x07, 0x28, 0xa8,
    0x1e, 0x1a, 0x9e, 0xa5, 0x1a, 0x93, 0x21, 0x91, 0x8a, 0xa0, 0x93, 0x12,
    0x96, 0x0a, 0x29, 0x83, 0x99, 0x24, 0x99, 0x1e, 0x9e, 0x9c, 0x85, 0x99,
    0x21, 0x90, 0x14, 0x11, 0xa2, 0xa0, 0x09, 0x0c, 0xa4, 0x22, 0x9f, 0x18,
    0xa1, 0x20, 0x97, 0x94, 0x13, 0x8e, 0x82, 0x87, 0xa6, 0x9c, 0xa4, 0x16,
    0x84, 0x17, 0xae, 0x17, 0x01, 0x18, 0x82, 0x12, 0xac, 0x99, 0x1b, 0x16,
    0x10, 0x85, 0x1c, 0x95, 0x92, 0x91, 0x19, 0x9b, 0x21, 0x95, 0x1d, 0x94,
    0x94, 0x27, 0x1a, 0x06, 0x8f, 0xa6, 0x94, 0x11, 0x9c, 0x20, 0xa5, 0x1b,
    0xa0, 0x8b, 0x82, 0x96, 0x13, 0x9a, 0x82, 0x15, 0x8e, 0x93, 0x9b, 0x9d,
    0x9e, 0x9d, 0x93, 0x11, 0x23, 0x12, 0x9e, 0x8f, 0xa2, 0xa7, 0x87, 0x1a,
    0xa1, 0x99, 0x0e, 0x18, 0x02, 0x22, 0x97, 0x12, 0x21, 0xa1, 0x9d, 0x0b,
    0x93, 0x27, 0x9f, 0xa9, 0x9b, 0x91, 0x8a, 0xa8, 0x0c, 0x0d, 0x13, 0x2b,
    0x94, 0x9f, 0xa0, 0x16, 0x23, 0x9b, 0x9f, 0x9b, 0x1d, 0x27, 0x9a, 0xa6,
    0x9f, 0x15, 0x1a, 0x91, 0x86, 0xa2, 0x1c, 0xa4, 0x87, 0x01, 0x1d, 0xa8,
    0x0d, 0x29, 0xa9, 0x93, 0x93, 0x9e, 0x13, 0x98, 0x98, 0xa1, 0x9d, 0x02,
    0x9d, 0x20, 0x0b, 0x13, 0x18, 0x19, 0x1f, 0xa9, 0x88, 0x16, 0x19, 0x9d,
    0x0c, 0x18, 0x0a, 0x99, 0x92, 0x23, 0x01, 0x13, 0x10, 0x9b, 0x24, 0x14,
    0xa9, 0x15, 0x21, 0x23, 0xa5, 0x22, 0x1b, 0x12, 0x1c, 0xa3, 0x11, 0x24,
    0x0a, 0x29, 0x8e, 0x90, 0x0f, 0x19, 0x97, 0x91, 0x15, 0x27, 0x1a, 0x19,
    0x1c, 0xa1, 0x24, 0x80, 0x99, 0x9e, 0xa3, 0x20, 0xa1, 0x8c, 0x21, 0x97,
    0x21, 0x1c, 0x29, 0x07, 0x9e, 0x04, 0x09, 0x21, 0x23, 0x13, 0x94, 0xa3,
    0x89, 0x18, 0x20, 0x1b, 0x22, 0x1a, 0x9a, 0x9a, 0xa0, 0x1c, 0x10, 0x13,
    0x24, 0xa3, 0x21, 0x90, 0x99, 0x29, 0x84, 0x0f, 0x18, 0x19, 0x21, 0x23,
    0xa8, 0x20, 0x12, 0x06, 0x15, 0x14, 0x21, 0x1e, 0x89, 0x9e, 0x9e, 0x26,
    0x88, 0x1d, 0x23, 0x19, 0x27, 0x9e, 0x18, 0x9d, 0x9c, 0x9d, 0x13, 0x12,
    0x97, 0x20, 0x22, 0x04, 0x8a, 0x1a, 0x82, 0x8e, 0x95, 0x1c, 0x86, 0x9b,
    0x27, 0x22, 0x12, 0x8b, 0x8a, 0x86, 0x98, 0x22, 0x8b, 0x9b, 0x92, 0x1b,
    0x1f, 0xa3, 0xa8, 0x92, 0x1b, 0xa7, 0x13, 0x14, 0x1d, 0xa8, 0xa3, 0x23,
    0xa9, 0xa1, 0x9d, 0x96, 0x0f, 0x8a, 0x16, 0x9f, 0x06, 0xa1, 0x15, 0xa3,
    0x81, 0xa2, 0x1a, 0x9e, 0x95, 0x29, 0x92, 0x9b, 0x97, 0x1b, 0xa5, 0xa1,
    0x9a, 0x8b, 0x23, 0xa2, 0x1a, 0x8f, 0xa7, 0x8a, 0x9b, 0x1d, 0x10, 0x13,
    0x9f, 0x29, 0x29, 0xa3, 0xa1, 0x17, 0x95, 0x07, 0x9a, 0xa9, 0x1b, 0x06,
    0x18, 0xa5, 0x1c, 0xab, 0x92, 0x15, 0x1c, 0xa0, 0x1a, 0x18, 0x1e, 0x03,
    0x21, 0x82, 0x25, 0x82, 0x24, 0x1e, 0x03, 0x9d, 0xa3, 0x24, 0xa8, 0x9d,
    0x9a, 0x2c, 0x18, 0xa2, 0xa7, 0x17, 0x22, 0x19, 0x83, 0x0b, 0x21, 0x96,
    0x10, 0x25, 0x19, 0xa8, 0x97, 0xab, 0x29, 0x92, 0x95, 0x9a, 0x9b, 0x14,
    0x96, 0x8d, 0xa5, 0x85, 0xa0, 0x21, 0x23, 0x0e, 0x2a, 0x24, 0xa0, 0x9c,
    0x9e, 0x22, 0x9b, 0x13, 0x85, 0x10, 0x15, 0x89, 0x9a, 0x23, 0x94, 0xa0,
    0xa0, 0xa0, 0x98, 0x84, 0x1f, 0x96, 0x99, 0x9b, 0xa2, 0x1d, 0x17, 0x9b,
    0xa1, 0x1a, 0x9c, 0x25, 0x86, 0x20, 0x04, 0x15, 0x08, 0x85, 0x98, 0xa8,
    0x99, 0x90, 0xa2, 0x94, 0xa9, 0x94, 0x93, 0x1f, 0x03, 0x1c, 0x8d, 0x19,
    0x9e, 0x95, 0x12, 0xa2, 0xa0, 0x22, 0xa8, 0x17, 0x1c, 0x98, 0xa4, 0x92,
    0x9e, 0x99, 0x1f, 0xa7, 0x13, 0xa2, 0x25, 0x14, 0x8c, 0xa8, 0xa8, 0x84,
    0xa5, 0x1b, 0x1c, 0x26, 0x9e, 0x0c, 0xa1, 0x9a, 0x1b, 0x9f, 0xa3, 0x9b,
    0x9b, 0x87, 0x90, 0x82, 0x09, 0xab, 0xa2, 0x20, 0xa2, 0x94, 0x23, 0x02,
    0x00, 0xa2, 0x0e, 0x9a, 0xab, 0x9e, 0xa0, 0x9b, 0x92, 0x93, 0x15, 0x1b,
    0x1a, 0x90, 0x8b, 0x23, 0x02, 0x82, 0x99, 0x03, 0x0e, 0x92, 0x02, 0x9d,
    0x18, 0x10, 0x0e, 0xa9, 0x20, 0xaa, 0x02, 0x29, 0x9d, 0x9b, 0x1e, 0x9b,
    0xa1, 0x94, 0x9c, 0x95, 0xa1, 0x94, 0x12, 0x97, 0x92, 0xa8, 0x25, 0x1f,
    0x2e, 0x8d, 0x1f, 0xa4, 0x87, 0x92, 0x1d, 0x8f, 0x22, 0xa9, 0xa1, 0xa1,
    0x9c, 0x9a, 0x99, 0x1a, 0x8f, 0x21, 0x1f, 0x29, 0x16, 0x26, 0x9c, 0x93,
    0x1b, 0x15, 0x21, 0x19, 0x1c, 0x98, 0x22, 0x1f, 0xa1, 0x95, 0x8b, 0x97,
    0x1a, 0x02, 0x1e, 0x1c, 0x91, 0x86, 0x21, 0x1e, 0x95, 0x0d, 0x0b, 0x27,
    0x1a, 0x9a, 0x82, 0x1b, 0x1b, 0xa6, 0x1e, 0x88, 0x20, 0x19, 0x11, 0x2a,
    0xa4, 0x0c, 0x9e, 0x29, 0x18, 0x10, 0x06, 0x97, 0x19, 0x0d, 0xa1, 0x96,
    0xa3, 0x98, 0x0e, 0xa1, 0x90, 0x26, 0x94, 0x91, 0x9b, 0x20, 0x03, 0xa1,
    0x18, 0x0e, 0x22, 0x92, 0x1d, 0x96, 0x83, 0x00, 0x92, 0x21, 0x24, 0x1a,
    0x26, 0xa2, 0x85, 0x9c, 0xa0, 0x11, 0x0a, 0x8a, 0x1c, 0x24, 0x18, 0x17,
    0x1c, 0x26, 0x0f, 0x19, 0x09, 0x87, 0x98, 0x06, 0x99, 0x9d, 0x92, 0x1c,
    0x91, 0x29, 0x9f, 0x88, 0x25, 0x13, 0x9e, 0x19, 0xa4, 0x28, 0x9c, 0x1f,
    0x86, 0x0b, 0x25, 0x1a, 0xaa, 0xa6, 0x83, 0x22, 0x21, 0x1f, 0x9b, 0x0f,
    0x15, 0x21, 0x20, 0xac, 0x1a, 0x15, 0x20, 0x14, 0x1b, 0xa3, 0x17, 0x91,
    0xa0, 0x93, 0x9b, 0x23, 0x18, 0x04, 0x85, 0x17, 0x1b, 0x0d, 0xa2, 0x16,
    0x82, 0x1e, 0x0e, 0x1c, 0xa2, 0x9a, 0x11, 0x1b, 0x91, 0x1c, 0x22, 0xa9,
    0x0a, 0xad, 0x84, 0x1a, 0x13, 0x9d, 0x88, 0x11, 0x23, 0xa1, 0x08, 0xaa,
    0x07, 0x1a, 0xa0, 0x24, 0xaa, 0xa8, 0x1a, 0x1d, 0x17, 0xab, 0x1e, 0xa4,
    0x90, 0x07, 0x05, 0x99, 0x99, 0x29, 0x23, 0x1c, 0xa0, 0x18, 0xa0, 0x18,
    0x0f, 0x97, 0x9e, 0x11, 0x23, 0xad, 0xa7, 0x99, 0x96, 0x8f, 0x24, 0x0f,
    0x05, 0x95, 0x9a, 0x10, 0x1f, 0xa5, 0x86, 0x12, 0x1a, 0xa1, 0x82, 0x0a,
    0xa0, 0x0e, 0x23, 0x93, 0x16, 0x94, 0x98, 0x21, 0xa1, 0x0d, 0x9b, 0xa0,
    0x9c, 0x24, 0x06, 0xab, 0x9a, 0x17, 0x96, 0x13, 0x1e, 0x16, 0x06, 0x94,
    0x1f, 0xac, 0x18, 0xa5, 0x86, 0x9e, 0xa3, 0x10, 0x01, 0x84, 0x85, 0x26,
    0x8d, 0xa8, 0xa8, 0xa1, 0x14, 0x9c, 0xa5, 0x19, 0x88, 0x95, 0xa6, 0x96,
    0x8d, 0x11, 0x19, 0x90, 0x25, 0xaa, 0xa0, 0xa2, 0x0a, 0x19, 0x1b, 0x91,
    0x16, 0x19, 0xa2, 0x28, 0x08, 0x1c, 0x25, 0x9d, 0x8e, 0x1a, 0xa1, 0x8e,
    0x99, 0xa7, 0x1e, 0xa0, 0x9e, 0xa1, 0x28, 0x90, 0xa8, 0x0d, 0x1a, 0x12,
    0x9b, 0x99, 0x82, 0xa3, 0x1a, 0x21, 0x14, 0x1b, 0x25, 0xaa, 0x17, 0x9a,
    0x1c, 0x99, 0x95, 0x1d, 0x99, 0x25, 0x1f, 0x82, 0x93, 0xa4, 0x9e, 0x18,
    0x95, 0x9c, 0x0a, 0x04, 0x88, 0x8b, 0x9d, 0x06, 0x22, 0x19, 0x9c, 0x0b,
    0xa1, 0x18, 0xa1, 0x1f, 0xa5, 0xa6, 0x0d, 0x1b, 0x24, 0x9f, 0x98, 0x94,
    0x8c, 0x9a, 0x19, 0xa0, 0x07, 0x23, 0x87, 0x21, 0x8b, 0x19, 0x90, 0x0a,
    0xa7, 0x0d, 0x03, 0x20, 0x08, 0x85, 0x0d, 0x05, 0xa0, 0x17, 0xa2, 0x1b,
    0x1c, 0x13, 0x05, 0x2d, 0x0f, 0x96, 0x1b, 0xa5, 0x15, 0x8f, 0x9f, 0x91,
    0x04, 0x22, 0x1f, 0x81, 0x82, 0x82, 0x27, 0x86, 0x15, 0x1f, 0x1b, 0x19,
    0x2a, 0x21, 0xa2, 0x13, 0x28, 0xa1, 0x20, 0x28, 0xa2, 0x17, 0x1c, 0x0b,
    0x21, 0x23, 0x89, 0x20, 0x98, 0x99, 0xa8, 0xab, 0xa9, 0xa0, 0x1d, 0x1e,
    0x87, 0x99, 0x87, 0x24, 0x19, 0x05, 0x9b, 0x11, 0x98, 0x94, 0xa5, 0x14,
    0x96, 0x04, 0x25, 0x20, 0x15, 0x9b, 0x93, 0x99, 0x1f, 0x23, 0x9c, 0x88,
    0xa6, 0x9b, 0x88, 0x98, 0x22, 0x0f, 0x12, 0x97, 0xa9, 0x8c, 0x02, 0x2b,
    0x15, 0x9e, 0x20, 0x18, 0x26, 0x21, 0x20, 0x17, 0x1d, 0x0b, 0x00, 0x9d,
    0xa0, 0x95, 0x22, 0x03, 0x1e, 0x85, 0x25, 0x93, 0x13, 0x10, 0x13, 0x1e,
    0xa0, 0x1e, 0x9f, 0x0c, 0xa1, 0x8e, 0xa0, 0x92, 0x1a, 0x84, 0x13, 0x13,
    0x8c, 0x16, 0x89, 0x9b, 0xa9, 0xa6, 0x1a, 0xa1, 0x02, 0x24, 0xa7, 0xa6,
    0x21, 0x99, 0xa3, 0xa8, 0x12, 0xa2, 0x13, 0x13, 0x9a, 0x18, 0xa5, 0x1d,
    0xa4, 0x8a, 0x92, 0x02, 0x8d, 0x1e, 0x2d, 0x1e, 0xaa, 0x92, 0x9f, 0x85,
    0x24, 0xa6, 0x8c, 0x8e, 0x1e, 0x2a, 0x8e, 0x29, 0x19, 0x20, 0x1a, 0x9b,
    0x11, 0x9f, 0x20, 0x8d, 0x1b, 0x20, 0x90, 0x24, 0x99, 0x1f, 0x25, 0x2b,
    0x18, 0x0c, 0xa0, 0xa2, 0x11, 0x97, 0x98, 0x88, 0xa3, 0xa5, 0xa8, 0x8f,
    0x9e, 0x07, 0xa4, 0x95, 0x85, 0x99, 0x0b, 0x99, 0xad, 0x0e, 0x9d, 0x17,
    0x16, 0x85, 0x21, 0x22, 0x8f, 0x8e, 0x99, 0x85, 0x20, 0x15, 0xa2, 0x19,
    0x9b, 0x29, 0x12, 0x19, 0xa3, 0x2b, 0x1a, 0x18, 0xa1, 0x1a, 0xa3, 0x95,
    0x9d, 0x19, 0x93, 0x1d, 0x03, 0x1b, 0x16, 0x13, 0x25, 0xa8, 0x0b, 0x98,
    0xa3, 0x90, 0xa2, 0x12, 0x2f, 0xa5, 0x23, 0x98, 0x97, 0xa1, 0x9f, 0x08,
    0x19, 0x9b, 0xa3, 0x04, 0x0b, 0xa3, 0x10, 0x1e, 0x0b, 0x1f, 0xa5, 0xa4,
    0x1f, 0x0a, 0xa5, 0xa5, 0x9e, 0x02, 0x89, 0xaa, 0xa0, 0x01, 0x1c, 0xa0,
    0x9c, 0xa1, 0xa5, 0x1b, 0x1c, 0x8a, 0x8e, 0x1a, 0xa4, 0xa2, 0xa0, 0xa3,
    0x05, 0xa0, 0x9f, 0x83, 0x93, 0xa6, 0x9c, 0xa9, 0x16, 0x9c, 0x22, 0x08,
    0x1d, 0xa8, 0x1b, 0xa8, 0x14, 0x89, 0x00, 0x15, 0x88, 0x97, 0x1d, 0x9b,
    0x9e, 0x1f, 0xa2, 0xa2, 0x86, 0x17, 0xab, 0x08, 0x1d, 0x23, 0xa4, 0x25,
    0x99, 0x9e, 0x9b, 0x2d, 0xa3, 0xad, 0x9c, 0x20, 0x9c, 0x9a, 0x17, 0x8e,
    0x8b, 0x10, 0x18, 0xa7, 0x98, 0xa1, 0x19, 0x0f, 0x96, 0x17, 0x1c, 0x83,
    0xac, 0x23, 0x20, 0xa4, 0x0d, 0x94, 0xa8, 0x99, 0x9c, 0x99, 0x14, 0x17,
    0x91, 0x81, 0x90, 0xa5, 0xa2, 0x04, 0x21, 0x22, 0x16, 0x88, 0x00, 0x99,
    0x14, 0x99, 0xa1, 0x81, 0x97, 0x1e, 0xa1, 0x8c, 0xa2, 0x98, 0x1b, 0x9b,
    0x20, 0x9c, 0x8f, 0x96, 0x1c, 0x94, 0x07, 0x14, 0x87, 0x93, 0xa0, 0x90,
    0x9e, 0x29, 0x9a, 0x90, 0x96, 0x82, 0x9f, 0x8b, 0xab, 0x1b, 0x9a, 0x13,
    0x93, 0xa0, 0x21, 0x9a, 0x1a, 0xa0, 0x08, 0xa0, 0xa7, 0x01, 0x1a, 0x1e,
    0x9e, 0x14, 0x1c, 0x99, 0xa3, 0xae, 0x92, 0xa6, 0x0f, 0x9c, 0x9e, 0xa1,
    0xa1, 0x22, 0x24, 0x25, 0x11, 0xa9, 0x14, 0x0d, 0x10, 0xa7, 0x9a, 0x99,
    0x99, 0xa9, 0x90, 0xab, 0x1c, 0xaf, 0x29, 0xab, 0x13, 0x83, 0x18, 0x19,
    0x1a, 0x1c, 0x21, 0xa4, 0x28, 0x11, 0x05, 0xa8, 0x19, 0x9c, 0x99, 0x14,
    0x9b, 0xab, 0xa2, 0x14, 0x21, 0x1e, 0xa1, 0x18, 0x9a, 0x09, 0x1d, 0xa5,
    0x1e, 0x99, 0x0b, 0x05, 0x0b, 0x1d, 0x22, 0xa3, 0x86, 0x1b, 0x20, 0x97,
    0x0e, 0x20, 0xa0, 0x15, 0x22, 0x27, 0x0d, 0x13, 0x20, 0x19, 0x24, 0x2c,
    0xa2, 0x09, 0xa1, 0x98, 0x14, 0xa4, 0x02, 0x93, 0x17, 0x1d, 0x83, 0x23,
    0x16, 0x23, 0xae, 0x9b, 0x1c, 0x82, 0xa1, 0x09, 0x8a, 0x17, 0x04, 0xa1,
    0xa2, 0x23, 0x9d, 0x81, 0xa7, 0x22, 0x28, 0x81, 0xa9, 0x12, 0xa2, 0x12,
    0x19, 0xa9, 0x9f, 0xa4, 0x18, 0x29, 0x8d, 0x22, 0x2a, 0x24, 0x8d, 0x1c,
    0x22, 0x1c, 0x07, 0x9a, 0xa8, 0x8d, 0x20, 0x0f, 0xa1, 0x03, 0x20, 0x15,
    0x84, 0x02, 0xa6, 0xa5, 0x23, 0x22, 0x28, 0x1c, 0x82, 0x96, 0x12, 0x20,
    0xa7, 0x94, 0x9e, 0x92, 0x12, 0x23, 0x1b, 0x05, 0xa6, 0x89, 0x9d, 0x0c,
    0x22, 0x9a, 0x88, 0x29, 0x1a, 0x0a, 0x13, 0x99, 0x0e, 0x29, 0x15, 0x22,
    0x0f, 0x21, 0x24, 0x17, 0x95, 0x9a, 0x02, 0x29, 0x29, 0x89, 0x02, 0x15,
    0x96, 0x1a, 0x1d, 0x9a, 0x03, 0x1f, 0x16, 0x92, 0x9e, 0x9f, 0x9b, 0x04,
    0xa4, 0x98, 0x21, 0x22, 0xac, 0x29, 0x11, 0x82, 0x1d, 0x9a, 0x8c, 0x9e,
    0xa6, 0xa2, 0x9c, 0x9f, 0x07, 0xa6, 0x84, 0x9f, 0x8f, 0x17, 0x0f, 0x24,
    0x15, 0x18, 0x9e, 0x1a, 0x8d, 0x19, 0xa7, 0x1b, 0x2e, 0x11, 0x04, 0x22,
    0x1c, 0x1d, 0x1e, 0x19, 0x96, 0x9b, 0x9e, 0x23, 0x15, 0x22, 0xa1, 0x21,
    0x25, 0x22, 0x92, 0x17, 0x9e, 0x1d, 0x8d, 0x20, 0x09, 0x9a, 0x2b, 0x13,
    0xa1, 0xa7, 0x17, 0x24, 0xa4, 0xa1, 0x27, 0x18, 0x28, 0x24, 0xa8, 0x2c,
    0x99, 0x0c, 0x05, 0x0f, 0x23, 0xa2, 0x26, 0x22, 0x0d, 0x1e, 0x1c, 0x14,
    0x2a, 0x1e, 0xa0, 0x98, 0x07, 0x22, 0x15, 0x28, 0x23, 0x1c, 0x10, 0x92,
    0x16, 0x29, 0x20, 0x1b, 0x9b, 0x28, 0x27, 0x93, 0x10, 0x04, 0xa8, 0x96,
    0x14, 0x19, 0x8d, 0x2c, 0xa9, 0x21, 0x93, 0xa1, 0x13, 0x19, 0xaa, 0x94,
    0x16, 0x15, 0x15, 0x1c, 0x23, 0xac, 0x10, 0x1b, 0x10, 0x1a, 0x1f, 0x1f,
    0xa3, 0xa2, 0x98, 0x22, 0x9c, 0x20, 0x99, 0x99, 0xa1, 0xa4, 0xa4, 0xa1,
    0x04, 0xa1, 0x1a, 0x9e, 0x86, 0x88, 0xa5, 0x28, 0x0a, 0x28, 0x0a, 0x8f,
    0x21, 0x1e, 0x24, 0xa4, 0x03, 0x23, 0xa3, 0x95, 0x1c, 0x15, 0xa9, 0xa1,
    0x96, 0x93, 0xa4, 0x21, 0x9e, 0x9b, 0x22, 0xa9, 0x12, 0x0d, 0x97, 0x18,
    0x16, 0x06, 0x99, 0x91, 0x16, 0x13, 0x25, 0x97, 0x07, 0x25, 0x28, 0x16,
    0x9b, 0xa2, 0x24, 0x17, 0x1c, 0x87, 0x1f, 0x21, 0x1b, 0x1a, 0x97, 0xa4,
    0xaf, 0x9c, 0x07, 0x10, 0x13, 0xa3, 0x12, 0x1e, 0x24, 0x9d, 0x94, 0xa2,
    0xa1, 0x96, 0xa1, 0x96, 0x22, 0x00, 0x13, 0x22, 0x20, 0x24, 0x2a, 0x9a,
    0x05, 0x11, 0x98, 0x09, 0x1c, 0x0d, 0x1d, 0x89, 0x9e, 0xa0, 0x89, 0x9f,
    0x1c, 0x96, 0x18, 0x0e, 0x91, 0x82, 0x11, 0x95, 0x88, 0x02, 0x00, 0x8e,
    0x1e, 0x9b, 0xa2, 0x1c, 0x19, 0x16, 0x1e, 0x92, 0x8a, 0x1a, 0x88, 0x92,
    0x0f, 0x26, 0xa7, 0x18, 0x1f, 0x1a, 0xa0, 0x8a, 0x93, 0x9e, 0x0d, 0x03,
    0x07, 0x99, 0x8c, 0xa6, 0x8f, 0x9a, 0x24, 0x88, 0x85, 0x81, 0x91, 0x91,
    0x8f, 0xa5, 0x19, 0x22, 0x9b, 0x11, 0x1b, 0x9a, 0x82, 0x1b, 0x09, 0x8a,
    0x8a, 0x90, 0x93, 0x1d, 0x20, 0x17, 0x9d, 0x87, 0x93, 0x90, 0x8a, 0x10,
    0x15, 0xa2, 0xa0, 0x25, 0x06, 0xa1, 0x08, 0x8e, 0x86, 0x17, 0x87, 0x22,
    0x12, 0x9c, 0x89, 0x17, 0x8d, 0x15, 0x9f, 0x90, 0x21, 0x1b, 0x95, 0x22,
    0x15, 0x94, 0xa0, 0x12, 0x89, 0x89, 0x82, 0x16, 0x9a, 0xa0, 0x91, 0x1a,
    0x96, 0x14, 0x1d, 0x96, 0x87, 0x85, 0x09, 0x28, 0x96, 0x19, 0x82, 0x0e,
    0x82, 0x01, 0x8f, 0x0d, 0x99, 0x16, 0x98, 0x1d, 0x93, 0x94, 0x9b, 0x17,
    0x0a, 0x87, 0x81, 0x1f, 0x8a, 0x8d, 0x19, 0x99, 0x88, 0x9f, 0x9b, 0x22,
    0x86, 0x1a, 0x99, 0x16, 0x9a, 0x09, 0x92, 0x9f, 0x9b, 0x8b, 0x11, 0xa1,
    0x20, 0x12, 0x18, 0x1b, 0x1a, 0x14, 0x21, 0x9e, 0x8d, 0x0f, 0x15, 0x99,
    0x1a, 0x9b, 0xa1, 0x89, 0x9c, 0xa5, 0x10, 0x20, 0x99, 0xa1, 0x90, 0x1b,
    0x22, 0x98, 0x95, 0x85, 0x90, 0x9b, 0x2a, 0xa2, 0x20, 0x07, 0x1d, 0x1d,
    0x93, 0x0e, 0x09, 0x96, 0x19, 0x1b, 0x1d, 0x86, 0x9e, 0x1c, 0x12, 0x21,
    0x11, 0x9d, 0xa1, 0x89, 0x08, 0x1b, 0xa0, 0x19, 0x11, 0x91, 0x04, 0x06,
    0x89, 0x16, 0x20, 0x14, 0x0f, 0x84, 0x9e, 0x17, 0x1c, 0x93, 0x22, 0x14,
    0x82, 0x18, 0x0c, 0x11, 0x94, 0x9f, 0x0b, 0x0d, 0x9b, 0x9c, 0x8c, 0x17,
    0x9e, 0x17, 0x95, 0x94, 0x05, 0x1e, 0x18, 0x96, 0x85, 0x89, 0x1a, 0x97,
    0x95, 0x81, 0x1e, 0x1c, 0x81, 0x18, 0x93, 0x1f, 0x0c, 0x9f, 0x22, 0xa0,
    0x18, 0x0e, 0x95, 0x98, 0x99, 0x94, 0xa0, 0x98, 0x08, 0x93, 0xa6, 0x93,
    0x8f, 0x1a, 0xa3, 0x28, 0xa2, 0x9e, 0x9a, 0x17, 0x89, 0x1a, 0xa0, 0x13,
    0x9f, 0x8c, 0x18, 0x13, 0x18, 0x1b, 0x8d, 0x85, 0x1a, 0x23, 0x9c, 0x99,
    0x1d, 0x19, 0x20, 0x8d, 0x1d, 0x85, 0x0d, 0x8c, 0xa2, 0x9a, 0x23, 0x25,
    0x95, 0x92, 0x04, 0x90, 0x91, 0x89, 0x88, 0x07, 0x03, 0x9e, 0x1a, 0x15,
    0xa1, 0x99, 0x0e, 0x11, 0x11, 0x17, 0x88, 0x93, 0x9f, 0x25, 0xa0, 0xa3,
    0x81, 0x25, 0x81, 0x21, 0x9d, 0x8b, 0x16, 0x19, 0x17, 0x16, 0x0e, 0x9e,
    0x14, 0x84, 0x0c, 0x9e, 0x96, 0x1d, 0x97, 0x13, 0x87, 0x21, 0x19, 0xa2,
    0x92, 0x18, 0x89, 0x11, 0xa0, 0x14, 0x0b, 0x9e, 0x9c, 0xa5, 0x9c, 0x06,
    0x94, 0x92, 0x92, 0x9b, 0x99, 0x8d, 0x8f, 0x9e, 0x1b, 0x19, 0x16, 0x97,
    0x21, 0x16, 0xa3, 0x16, 0x99, 0x81, 0x99, 0xa2, 0x92, 0x1b, 0x91, 0x06,
    0x9a, 0x1a, 0xa0, 0x85, 0x22, 0xa5, 0x19, 0x03, 0x1c, 0x22, 0x0c, 0x21,
    0xa1, 0x25, 0x99, 0x01, 0x1a, 0x04, 0x1c, 0x85, 0x00, 0x1d, 0x05, 0x95,
    0x11, 0xa3, 0x1b, 0x95, 0x0e, 0x93, 0xa0, 0x0b, 0x94, 0x14, 0x8f, 0x21,
    0x1d, 0x20, 0x94, 0x01, 0x21, 0xa3, 0x92, 0x87, 0x01, 0x94, 0xa0, 0xa1,
    0xa2, 0x91, 0x9a, 0x9a, 0x1d, 0x8c, 0x22, 0x96, 0x08, 0x85, 0x24, 0x08,
    0x1b, 0x98, 0x24, 0x9a, 0x92, 0x1d, 0x99, 0x21, 0x82, 0x97, 0x9d, 0x84,
    0xa2, 0x1c, 0x1b, 0x90, 0x83, 0x1f, 0x94, 0x92, 0x1e, 0x22, 0x8f, 0x12,
    0x1b, 0x06, 0x1f, 0x04, 0x21, 0x93, 0x23, 0xa6, 0x03, 0x9c, 0x1e, 0x95,
    0x1e, 0x0f, 0x8b, 0x22, 0x92, 0x02, 0x8a, 0x20, 0x07, 0x98, 0x97, 0x08,
    0x09, 0x96, 0x0f, 0x0e, 0x92, 0x12, 0x99, 0x0c, 0x18, 0x17, 0x91, 0x8b,
    0x86, 0x20, 0xa6, 0x99, 0x19, 0xa1, 0x92, 0x94, 0x81, 0xa0, 0x9b, 0x21,
    0x99, 0x04, 0x17, 0x15, 0x88, 0x1a, 0x92, 0x9d, 0x10, 0x24, 0xa1, 0x10,
    0x95, 0x0b, 0x9c, 0xa0, 0x18, 0x9a, 0x23, 0x1e, 0x86, 0x00, 0x83, 0x07,
    0x90, 0x99, 0x1f, 0x14, 0x8f, 0x96, 0x9a, 0x12, 0x1e, 0x97, 0x20, 0x1c,
    0x12, 0x98, 0x1b, 0x9a, 0x10, 0x1e, 0x89, 0x8e, 0x9a, 0x9d, 0x8c, 0x1c,
    0x10, 0x06, 0x98, 0x11, 0x94, 0x9f, 0x88, 0x17, 0x20, 0xa3, 0x93, 0x28,
    0x14, 0x11, 0x95, 0x82, 0x99, 0x0b, 0x81, 0x0e, 0x0c, 0xa1, 0x9a, 0x0e,
    0xa3, 0x19, 0xa4, 0x12, 0x29, 0x20, 0x82, 0x16, 0x94, 0xa2, 0xa4, 0x87,
    0x97, 0x05, 0x95, 0x8c, 0x15, 0x88, 0x03, 0x15, 0x1b, 0x91, 0x21, 0x9e,
    0x95, 0x9c, 0x1e, 0x28, 0xa1, 0x22, 0x87, 0xa3, 0x8c, 0x97, 0xa4, 0x87,
    0x10, 0x19, 0x9d, 0x18, 0x14, 0x88, 0xa3, 0x0a, 0x14, 0x84, 0x15, 0x20,
    0x8e, 0x90, 0x88, 0xa1, 0x08, 0x9d, 0x9c, 0x19, 0xa1, 0x04, 0x9d, 0x1e,
    0x99, 0x1f, 0x0e, 0xa8, 0x91, 0x13, 0x9f, 0x84, 0x20, 0x00, 0x1f, 0x02,
    0x1b, 0x93, 0x1f, 0x98, 0x9d, 0x95, 0x04, 0xa4, 0x00, 0xa1, 0xa2, 0x9b,
    0x90, 0xa0, 0x9d, 0x1e, 0x8b, 0x95, 0x89, 0x94, 0x22, 0x14, 0x1f, 0x13,
    0x83, 0x03, 0x1f, 0x99, 0x1c, 0x8a, 0x16, 0x1a, 0x8a, 0x11, 0x1c, 0x92,
    0x1c, 0x1e, 0x1b, 0x89, 0x95, 0x02, 0x95, 0x22, 0x18, 0x81, 0x88, 0x93,
    0x15, 0x21, 0x9f, 0x99, 0x1c, 0xa0, 0x95, 0x8d, 0x84, 0x09, 0x18, 0x0b,
    0x92, 0x08, 0xa2, 0x1e, 0x19, 0x22, 0x25, 0x14, 0x17, 0x10, 0x18, 0x22,
    0x95, 0x9b, 0x1d, 0x85, 0x9a, 0x0a, 0x06, 0x04, 0xa7, 0x16, 0x21, 0x09,
    0x97, 0x91, 0x11, 0x0c, 0x91, 0x13, 0x9f, 0x0b, 0x83, 0x93, 0x1a, 0x18,
    0x10, 0x14, 0xa2, 0x1d, 0x8c, 0x98, 0x1a, 0x9c, 0x1a, 0x08, 0x9e, 0x8f,
    0x1c, 0x97, 0xa2, 0x99, 0xa1, 0x0f, 0x04, 0x89, 0x93, 0x23, 0x9f, 0x25,
    0xa5, 0xa0, 0x98, 0x15, 0xa1, 0x1c, 0x9d, 0x97, 0x1b, 0xa2, 0x09, 0x01,
    0x1c, 0x92, 0x23, 0x94, 0x0d, 0x19, 0x9e, 0x13, 0x1e, 0x21, 0x19, 0x13,
    0x96, 0x96, 0x11, 0x00, 0x99, 0xa1, 0x8b, 0x1e, 0x9a, 0x0c, 0x10, 0x99,
    0x9b, 0x12, 0x99, 0x8d, 0x8a, 0x93, 0x01, 0x9a, 0x9e, 0x1f, 0x95, 0x1a,
    0x12, 0x98, 0x9c, 0x93, 0x8c, 0x20, 0x92, 0xa0, 0x0e, 0x23, 0x9b, 0x1a,
    0x9b, 0x1a, 0x08, 0x1e, 0x1d, 0x91, 0x0d, 0xa0, 0x92, 0x84, 0x05, 0x11,
    0x1c, 0x96, 0x9f, 0x1b, 0xa1, 0xa2, 0x21, 0xa6, 0xa6, 0x98, 0x99, 0x05,
    0xa5, 0x9c, 0x1f, 0xa5, 0x93, 0xa2, 0x9b, 0x21, 0x97, 0x82, 0x97, 0xa2,
    0xaa, 0x8c, 0x07, 0xa4, 0x88, 0x09, 0x0d, 0x9b, 0x23, 0x9b, 0x9e, 0x22,
    0x9c, 0x9e, 0x94, 0xa3, 0xa6, 0x0c, 0x99, 0x19, 0x80, 0x14, 0x06, 0x1e,
    0x25, 0x9a, 0x0f, 0x1b, 0x18, 0x1d, 0x95, 0x91, 0x9e, 0x22, 0x9a, 0x87,
    0x20, 0x03, 0x8b, 0x02, 0x9f, 0x9c, 0x14, 0x99, 0x10, 0xa3, 0x82, 0x23,
    0x23, 0x18, 0x99, 0x1a, 0x84, 0x04, 0x8e, 0x1b, 0x9e, 0x1e, 0x8f, 0x8e,
    0x86, 0x89, 0x04, 0x12, 0x02, 0x11, 0x99, 0x9e, 0xa5, 0x98, 0x94, 0x9b,
    0x22, 0x8c, 0x06, 0x98, 0x1b, 0x04, 0x22, 0x0f, 0x26, 0xa3, 0x1f, 0x9a,
    0x16, 0x82, 0x9a, 0x83, 0xa5, 0x09, 0x8f, 0x8c, 0xa6, 0x22, 0x05, 0x88,
    0x18, 0x1c, 0x1f, 0xa3, 0x19, 0x25, 0x92, 0x18, 0x19, 0x9c, 0x91, 0x95,
    0x0b, 0xa3, 0x21, 0x9d, 0x11, 0x10, 0x1b, 0x17, 0x18, 0x9b, 0x92, 0x1e,
    0x19, 0x08, 0x0b, 0x25, 0x92, 0x88, 0x9f, 0x22, 0x02, 0x85, 0x18, 0x03,
    0x10, 0x96, 0x95, 0x24, 0x22, 0x0d, 0x13, 0x1b, 0x08, 0x1d, 0xa4, 0x91,
    0x97, 0x97, 0xa3, 0x0c, 0x10, 0x99, 0x9d, 0x29, 0x07, 0x17, 0x18, 0x88,
    0x05, 0x1a, 0x9a, 0x9b, 0x85, 0x23, 0x9d, 0x0c, 0x1b, 0x20, 0xa2, 0xa1,
    0x03, 0x9e, 0x83, 0x07, 0x86, 0x0d, 0x1d, 0xa1, 0x15, 0x9e, 0x24, 0x0c,
    0x0c, 0x19, 0x06, 0x18, 0x21, 0xa4, 0x93, 0x22, 0x90, 0x12, 0x14, 0x9e,
    0x9a, 0x1b, 0x8e, 0x15, 0x0b, 0x98, 0x04, 0x22, 0x13, 0x1b, 0x1a, 0x92,
    0x98, 0x95, 0x94, 0x0b, 0x91, 0xa3, 0x9d, 0x25, 0x09, 0x1e, 0x16, 0x90,
    0x9e, 0x12, 0x86, 0x07, 0x0c, 0xa2, 0x92, 0x1c, 0x94, 0x9b, 0x9e, 0x17,
    0x23, 0x16, 0x95, 0x1e, 0x86, 0x91, 0x9a, 0x0c, 0x8c, 0x81, 0x17, 0x1f,
    0x11, 0xa2, 0x8b, 0x16, 0x12, 0x81, 0x09, 0x9d, 0x82, 0x0d, 0x19, 0x28,
    0x8e, 0x0d, 0x9b, 0x1e, 0x08, 0x8d, 0x84, 0x0c, 0x87, 0x17, 0x9c, 0x17,
    0x8b, 0x93, 0xa2, 0x0a, 0x01, 0x99, 0x18, 0x20, 0x85, 0x10, 0x98, 0x97,
    0x0a, 0x96, 0xa5, 0x10, 0xa2, 0x24, 0x15, 0x8d, 0x9c, 0x12, 0x1b, 0x81,
    0x1f, 0x87, 0x8f, 0x9b, 0x1e, 0x0e, 0x15, 0x21, 0x15, 0x04, 0x1d, 0x9c,
    0x92, 0x93, 0x92, 0xa0, 0x89, 0xa1, 0x9a, 0x90, 0x99, 0x98, 0xa1, 0x9a,
    0x9f, 0x8c, 0x02, 0x0f, 0x22, 0x03, 0x2a, 0x1c, 0x22, 0x8a, 0x1c, 0x99,
    0x24, 0x0f, 0x1b, 0x1f, 0x99, 0x82, 0x0d, 0x9b, 0x19, 0x19, 0x1e, 0x11,
    0x99, 0x16, 0x87, 0x25, 0x0d, 0x94, 0x9d, 0x9c, 0x0e, 0x0d, 0x99, 0x18,
    0x04, 0x94, 0x8a, 0x82, 0x0b, 0x87, 0x18, 0x13, 0x1b, 0x8b, 0x96, 0x13,
    0x22, 0x88, 0x20, 0x1d, 0x10, 0x20, 0x99, 0x84, 0x97, 0xa1, 0x85, 0x0f,
    0x99, 0x02, 0x88, 0x09, 0x9e, 0x8c, 0x1c, 0xa4, 0x8b, 0x1b, 0x14, 0x97,
    0x9b, 0x9b, 0x0e, 0x97, 0x8b, 0x8a, 0x1a, 0x1d, 0x08, 0x0e, 0x9c, 0x22,
    0x03, 0xa2, 0x20, 0x9c, 0x12, 0x0a, 0x9d, 0x93, 0x1d, 0x93, 0xa7, 0x01,
    0x09, 0x03, 0x21, 0x87, 0x91, 0x29, 0x1c, 0x1e, 0xa5, 0x97, 0x97, 0x1a,
    0x19, 0x0f, 0x9d, 0x9a, 0x9d, 0x94, 0x04, 0x11, 0x20, 0x8d, 0x22, 0x10,
    0x1b, 0x26, 0x8a, 0x9a, 0x01, 0x19, 0x20, 0x94, 0x19, 0xa3, 0x9c, 0x83,
    0x98, 0x95, 0x01, 0x26, 0x95, 0x18, 0x13, 0x9f, 0x19, 0x90, 0x0d, 0x05,
    0x00, 0x00, 0x8a, 0x0d, 0x9e, 0x16, 0x10, 0x04, 0x0d, 0x99, 0x98, 0x92,
    0x8e, 0x24, 0x94, 0xa3, 0x0f, 0x23, 0xa8, 0x20, 0x0c, 0x17, 0x93, 0x1e,
    0x23, 0x8e, 0x93, 0x9b, 0x10, 0x8b, 0x1a, 0xa1, 0x96, 0x0c, 0xa6, 0x13,
    0x12, 0x9b, 0x1d, 0x9e, 0x9b, 0x11, 0x8b, 0x82, 0xa0, 0x0a, 0x19, 0xa2,
    0x9d, 0x9d, 0x09, 0x0c, 0x88, 0x97, 0x11, 0xa4, 0xa2, 0xa1, 0x9c, 0x9e,
    0x97, 0x18, 0x1c, 0x93, 0x27, 0x14, 0x99, 0x1a, 0x9e, 0x0d, 0x08, 0xa6,
    0x9e, 0x17, 0x93, 0x8c, 0x21, 0x1e, 0x9a, 0x00, 0x26, 0x8e, 0x23, 0x97,
    0x19, 0x83, 0x20, 0x1a, 0x9f, 0x24, 0x04, 0x0e, 0x99, 0x07, 0x81, 0x8e,
    0x14, 0x10, 0xa1, 0x03, 0x0e, 0x9b, 0x87, 0x8e, 0x1b, 0x1f, 0xa1, 0x8e,
    0xa0, 0x12, 0x99, 0x24, 0x1c, 0x22, 0x8a, 0x96, 0x12, 0x96, 0x03, 0x85,
    0x07, 0x8a, 0xa1, 0xa1, 0x8c, 0x98, 0x03, 0x9b, 0x23, 0xa0, 0xa0, 0x9a,
    0x24, 0x92, 0x1c, 0x18, 0x1d, 0xa0, 0x23, 0x99, 0x83, 0x0f, 0x91, 0x19,
    0x12, 0x81, 0xa6, 0x9b, 0xa3, 0x17, 0x22, 0x9b, 0x21, 0x19, 0x12, 0x98,
    0x95, 0x22, 0x8c, 0x08, 0x20, 0x89, 0x9b, 0x8c, 0x8e, 0xa9, 0x00, 0x94,
    0x13, 0x98, 0x21, 0x91, 0x8f, 0x05, 0x93, 0x23, 0x92, 0x10, 0x19, 0x1f,
    0xa1, 0x98, 0x17, 0x16, 0x9a, 0x98, 0x16, 0x92, 0x22, 0x03, 0x9b, 0x20,
    0x03, 0x19, 0x1f, 0x83, 0x01, 0x25, 0x9b, 0x9f, 0x87, 0x9c, 0x8f, 0x91,
    0x1c, 0xa4, 0xa8, 0x16, 0x20, 0x88, 0x0c, 0x92, 0x05, 0x21, 0x14, 0x92,
    0x03, 0x23, 0xa5, 0x94, 0x22, 0x21, 0x9b, 0x97, 0x92, 0xa0, 0x12, 0x92,
    0x90, 0xa0, 0x8e, 0xa2, 0x07, 0x94, 0x22, 0x0a, 0x0c, 0x09, 0x13, 0x24,
    0x14, 0x98, 0x20, 0x1a, 0x08, 0x83, 0x16, 0x8b, 0x8a, 0x19, 0x16, 0x09,
    0x83, 0x97, 0x94, 0x99, 0x25, 0x99, 0x9b, 0x10, 0x9c, 0x8f, 0x86, 0xa2,
    0x1b, 0x98, 0xa2, 0x22, 0x1d, 0x89, 0x05, 0x21, 0x13, 0x1b, 0x9a, 0x86,
    0x1b, 0x97, 0x99, 0x1c, 0x8e, 0x9b, 0x82, 0x98, 0x00, 0x05, 0x9b, 0x19,
    0x13, 0x9b, 0x0f, 0x1d, 0x92, 0x0e, 0x99, 0x0e, 0x01, 0x9d, 0x9b, 0x18,
    0x0c, 0x9b, 0x1e, 0xa3, 0x91, 0x9a, 0x16, 0x27, 0xa2, 0x1a, 0x1b, 0x15,
    0x1d, 0x87, 0x8e, 0x87, 0xa1, 0x1d, 0x07, 0x0d, 0x92, 0x9b, 0xa4, 0x1c,
    0x97, 0x20, 0xa0, 0x17, 0x1d, 0x9d, 0x95, 0x99, 0x9a, 0x14, 0x99, 0x25,
    0x91, 0x22, 0x20, 0x09, 0x9a, 0x93, 0xa0, 0x9a, 0xa1, 0x86, 0x1d, 0x04,
    0x0a, 0x84, 0x04, 0x90, 0x21, 0x86, 0x21, 0x98, 0x95, 0x8b, 0x24, 0x11,
    0x23, 0xa5, 0x93, 0x8c, 0x8c, 0x99, 0x16, 0x23, 0x0e, 0x97, 0x8b, 0x0b,
    0x23, 0x90, 0xa4, 0x83, 0x9c, 0x82, 0x1e, 0xa1, 0x21, 0x0b, 0x1e, 0x05,
    0x10, 0x1a, 0x8f, 0x9c, 0x21, 0x17, 0x1f, 0x0d, 0xa1, 0x8c, 0x1c, 0x26,
    0x14, 0xa0, 0x96, 0x08, 0x1d, 0x1b, 0x83, 0x20, 0x99, 0x8f, 0x9d, 0x9b,
    0x0b, 0x08, 0x1b, 0x16, 0x95, 0x1d, 0x99, 0x21, 0x1a, 0x1a, 0x20, 0x1e,
    0x15, 0x11, 0x12, 0x20, 0x0a, 0x9d, 0x1b, 0x0b, 0x96, 0x92, 0x12, 0x0b,
    0x99, 0x06, 0x9b, 0x05, 0x8d, 0x20, 0x0f, 0x8a, 0x8b, 0x93, 0x02, 0x9e,
    0x81, 0x11, 0x19, 0x22, 0x1a, 0x15, 0x97, 0x9c, 0x0a, 0xa2, 0x20, 0x8b,
    0x8d, 0x94, 0x04, 0x99, 0x05, 0x95, 0xa1, 0xa0, 0x11, 0x90, 0xa7, 0x9b,
    0x98, 0x88, 0x9d, 0x1c, 0x08, 0x96, 0x13, 0x12, 0x19, 0x16, 0x85, 0x12,
    0x9c, 0x8c, 0x93, 0x87, 0x96, 0x1b, 0x15, 0x17, 0x91, 0x08, 0x9b, 0x9e,
    0x21, 0x18, 0x21, 0x8a, 0x15, 0x91, 0x0d, 0x1b, 0xa1, 0x96, 0x25, 0x22,
    0x95, 0x0a, 0x0b, 0x9b, 0x1b, 0x92, 0x98, 0x0c, 0x0b, 0x99, 0x1a, 0x93,
    0xa0, 0x9c, 0x18, 0x20, 0x07, 0x95, 0x90, 0x02, 0x90, 0x22, 0xa4, 0xa6,
    0x11, 0x20, 0x22, 0x18, 0x98, 0x9d, 0x90, 0x8c, 0x9b, 0x16, 0x14, 0xa1,
    0x18, 0x92, 0x9a, 0x9f, 0xa2, 0x1d, 0x93, 0x9c, 0xa0, 0x10, 0x98, 0x17,
    0x0e, 0x82, 0x1f, 0x83, 0x93, 0x88, 0x11, 0xa2, 0xa3, 0xa1, 0x9b, 0x14,
    0x19, 0x9a, 0x93, 0x95, 0x97, 0x87, 0x17, 0xa4, 0x18, 0x05, 0x12, 0x95,
    0x26, 0x99, 0xa2, 0x20, 0x11, 0x92, 0x9a, 0x84, 0x07, 0x19, 0x99, 0x11,
    0x0c, 0x1d, 0x96, 0x14, 0x19, 0x80, 0x82, 0x8c, 0x1f, 0x22, 0x9d, 0x24,
    0x91, 0x21, 0x0d, 0x88, 0x1c, 0x16, 0x1c, 0x91, 0x8e, 0x14, 0x04, 0x92,
    0x8f, 0x9c, 0x20, 0x12, 0x15, 0xa3, 0x9b, 0x15, 0x9c, 0x11, 0x96, 0x22,
    0x0d, 0x18, 0x8c, 0x88, 0x21, 0xa2, 0x06, 0x95, 0x99, 0x1a, 0x9d, 0xa0,
    0xa0, 0x98, 0x9e, 0x9b, 0x1c, 0x11, 0x27, 0xa1, 0x9a, 0x04, 0x01, 0x14,
    0x97, 0x8d, 0x23, 0xa4, 0x98, 0x15, 0x9b, 0x1f, 0x99, 0x96, 0x9c, 0x92,
    0xa0, 0x1c, 0x1b, 0x9b, 0xa1, 0x08, 0x91, 0xa1, 0x15, 0x26, 0x09, 0x17,
    0x07, 0x9a, 0x14, 0x99, 0x24, 0x24, 0x1c, 0x9e, 0x8f, 0x9d, 0x1e, 0x11,
    0x11, 0x91, 0x87, 0x26, 0x93, 0x10, 0x0f, 0x27, 0x14, 0x99, 0x10, 0x1d,
    0x19, 0x9c, 0x20, 0x21, 0x1e, 0x0c, 0x17, 0x85, 0x17, 0x19, 0x9b, 0x0e,
    0xa3, 0x86, 0xa5, 0x15, 0x23, 0x93, 0x03, 0x99, 0x0b, 0xa2, 0x1c, 0x9a,
    0x1e, 0x1b, 0x94, 0x25, 0x16, 0x9c, 0x87, 0xa2, 0x1e, 0x9f, 0x1d, 0xa6,
    0x81, 0x84, 0x0d, 0x83, 0x1b, 0xa3, 0x95, 0x19, 0x96, 0x81, 0xa0, 0x23,
    0x1b, 0x13, 0xa3, 0x18, 0xa9, 0x1a, 0x93, 0x21, 0x95, 0x1d, 0x05, 0x99,
    0x1a, 0x08, 0x8a, 0x1c, 0x89, 0x9a, 0xa6, 0x2a, 0x00, 0x90, 0xa3, 0x9a,
    0x13, 0x9c, 0x18, 0x26, 0x92, 0xa0, 0x29, 0xa7, 0x83, 0x1a, 0x1f, 0x86,
    0x22, 0x17, 0xa4, 0xa2, 0x9d, 0xa5, 0x99, 0x07, 0xa0, 0x83, 0x17, 0xac,
    0xa9, 0x16, 0x93, 0x19, 0x21, 0xa6, 0x17, 0x17, 0x24, 0x97, 0x0c, 0x9b,
    0x23, 0x0e, 0x24, 0x9a, 0xa4, 0x99, 0xa2, 0xa0, 0x18, 0x00, 0x1e, 0x22,
    0x86, 0x24, 0xa1, 0xa8, 0x06, 0x14, 0x1a, 0x85, 0x1a, 0x81, 0x16, 0xa8,
    0x07, 0x18, 0xa2, 0x92, 0xaa, 0x1b, 0x90, 0x8b, 0x99, 0x17, 0xa7, 0xa6,
    0x28, 0xa1, 0x89, 0x9f, 0x1d, 0x1c, 0x04, 0x0f, 0x91, 0xa0, 0x9f, 0x22,
    0x98, 0xa4, 0x99, 0x89, 0x13, 0x93, 0x09, 0x2a, 0x0f, 0x18, 0x02, 0x98,
    0x93, 0x1b, 0x8b, 0x1a, 0x17, 0x0e, 0x8b, 0x1d, 0x0c, 0x92, 0x22, 0xa4,
    0x1a, 0x93, 0x87, 0x1f, 0x17, 0x10, 0xa1, 0xa6, 0x0b, 0x22, 0x99, 0x16,
    0xa1, 0x20, 0xa4, 0x19, 0x14, 0xa0, 0x15, 0x87, 0x98, 0x03, 0x9e, 0x21,
    0x17, 0x99, 0x98, 0x99, 0x29, 0x21, 0x81, 0x97, 0x80, 0xa7, 0x97, 0x13,
    0x15, 0x23, 0x93, 0x89, 0x1a, 0xa7, 0x91, 0x1c, 0x94, 0x21, 0xae, 0xa7,
    0xa3, 0x1a, 0xa2, 0x22, 0xa1, 0x20, 0x09, 0x0f, 0xa1, 0x1f, 0x99, 0x20,
    0x14, 0x22, 0x9d, 0xa6, 0x19, 0x10, 0x24, 0xa2, 0x1c, 0x23, 0x96, 0x2a,
    0x0f, 0xa4, 0x2c, 0x15, 0xa4, 0x99, 0xa4, 0xa4, 0x17, 0x1b, 0x11, 0xa4,
    0x13, 0x0e, 0x93, 0x9f, 0x9f, 0x14, 0x9d, 0x0c, 0x87, 0x0d, 0x24, 0x9c,
    0x1e, 0x8a, 0x91, 0x1e, 0x8a, 0x9a, 0x9f, 0x9d, 0x0e, 0x9c, 0x0f, 0x9b,
    0x16, 0xa3, 0x18, 0xa1, 0xa2, 0x8c, 0x1d, 0xa3, 0x1a, 0xa8, 0x18, 0x1c,
    0x99, 0x9c, 0x1b, 0x9d, 0xa1, 0x9f, 0xa0, 0x89, 0x8e, 0x05, 0x9e, 0x27,
    0x1a, 0x20, 0x9f, 0x02, 0x1c, 0x99, 0x98, 0xa6, 0x8d, 0x19, 0xa3, 0xa9,
    0xa0, 0x28, 0x10, 0x9d, 0xa0, 0xa4, 0x19, 0xa8, 0x1a, 0x9d, 0x1b, 0x19,
    0xa1, 0x9f, 0xa3, 0x29, 0x9c, 0x05, 0x1a, 0x1c, 0x04, 0xa1, 0x00, 0x9b,
    0x1a, 0x0f, 0x81, 0x15, 0x9c, 0x92, 0x17, 0x27, 0x20, 0x18, 0x0f, 0x27,
    0x28, 0xa4, 0x02, 0xa6, 0x9a, 0x22, 0x14, 0x21, 0x1d, 0xa1, 0x22, 0x13,
    0x1e, 0x03, 0x1a, 0x9d, 0x08, 0xab, 0x27, 0x11, 0x1b, 0x10, 0x82, 0x26,
    0x85, 0x0e, 0x81, 0xa1, 0x9a, 0x1d, 0x15, 0xa3, 0x94, 0xa7, 0xa1, 0x13,
    0x1a, 0x13, 0x20, 0x21, 0x94, 0x08, 0x24, 0x15, 0x90, 0xa1, 0x1b, 0x12,
    0x94, 0x22, 0x25, 0x1d, 0x88, 0x22, 0x9c, 0x2b, 0x21, 0x1f, 0x23, 0x14,
    0x20, 0xa1, 0x96, 0x1c, 0xab, 0x9a, 0x28, 0x22, 0x23, 0x06, 0x9d, 0x2f,
    0x27, 0x98, 0x28, 0x05, 0x1f, 0x9b, 0x21, 0x88, 0xa1, 0xa8, 0x1a, 0xa5,
    0xa2, 0x1e, 0x13, 0x29, 0x02, 0xa4, 0x21, 0x98, 0x90, 0x9e, 0x96, 0x88,
    0x81, 0xa1, 0x0d, 0x11, 0xa2, 0x9e, 0x90, 0x02, 0x81, 0xa3, 0xa6, 0x1f,
    0x9d, 0x9a, 0x19, 0x05, 0x9a, 0x9f, 0x19, 0x1c, 0x18, 0x90, 0xa1, 0x9c,
    0x20, 0x99, 0x1e, 0x9b, 0x1c, 0xa0, 0x92, 0x9c, 0x19, 0x21, 0x10, 0x9d,
    0x93, 0x23, 0x9c, 0x8a, 0x1f, 0x82, 0x20, 0x99, 0x9a, 0xa4, 0x99, 0x15,
    0x1e, 0xa0, 0x85, 0x1f, 0x16, 0xa1, 0x18, 0x25, 0x9c, 0x9c, 0x1a, 0x12,
    0x0e, 0x19, 0x16, 0x91, 0x9e, 0x9a, 0x11, 0x21, 0x21, 0x9a, 0x10, 0x23,
    0x10, 0x0f, 0x1a, 0x9e, 0x00, 0xa2, 0xa3, 0x22, 0x1f, 0x16, 0x12, 0x94,
    0x1b, 0x1d, 0x01, 0x9f, 0x03, 0x1f, 0x9e, 0x9a, 0x22, 0x25, 0xa1, 0xa2,
    0x18, 0xa1, 0x98, 0x93, 0x8b, 0x12, 0x14, 0x9e, 0x1d, 0x9c, 0x20, 0x11,
    0x0f, 0x1d, 0x12, 0x1b, 0x1e, 0xa0, 0x10, 0x1f, 0x84, 0x08, 0x18, 0x9d,
    0x96, 0x22, 0x93, 0x18, 0x0f, 0x99, 0x91, 0x19, 0x20, 0x9b, 0x21, 0x91,
    0xa2, 0xa3, 0x03, 0x9d, 0x99, 0x99, 0xa1, 0x23, 0x0a, 0x20, 0x00, 0x8c,
    0x8a, 0x94, 0x1d, 0x9f, 0x17, 0x8d, 0x9d, 0x1b, 0x8d, 0x9c, 0x17, 0x14,
    0x0f, 0x06, 0x98, 0x1a, 0x98, 0x96, 0x06, 0x1e, 0x8a, 0x82, 0x19, 0x19,
    0x17, 0x9c, 0x93, 0x19, 0x09, 0x86, 0x12, 0x9c, 0x18, 0x8a, 0x98, 0x22,
    0x97, 0x13, 0x92, 0x0f, 0x8f, 0x8d, 0x85, 0x07, 0xa2, 0x17, 0x11, 0x0a,
    0x99, 0xa4, 0x9d, 0x07, 0x9f, 0x11, 0xa1, 0x1c, 0x0e, 0x8b, 0x90, 0x9c,
    0x04, 0x1b, 0x9b, 0x17, 0xa2, 0x25, 0x22, 0x14, 0x9a, 0x08, 0x07, 0x07,
    0x12, 0x8c, 0x13, 0x0e, 0x02, 0x93, 0x1a, 0x1c, 0x21, 0x94, 0x1f, 0x9e,
    0x94, 0x99, 0x98, 0x90, 0x10, 0xa6, 0x17, 0x8c, 0x04, 0x1e, 0xa1, 0x9b,
    0x03, 0x02, 0x91, 0x99, 0x24, 0x10, 0x25, 0x1d, 0x1b, 0x11, 0x9e, 0x9b,
    0x22, 0x15, 0x1e, 0x1a, 0x0b, 0x11, 0x03, 0x9a, 0x19, 0x1b, 0x12, 0x1b,
    0x03, 0x82, 0x19, 0x27, 0x87, 0x98, 0x98, 0x9a, 0x1a, 0x98, 0x18, 0x19,
    0xa0, 0x86, 0x96, 0x9b, 0x86, 0x17, 0x1c, 0x17, 0x18, 0x1f, 0x95, 0x21,
    0x23, 0x21, 0x82, 0x1b, 0x04, 0x1d, 0x84, 0x1b, 0x01, 0x9f, 0x15, 0x1e,
    0x9e, 0x13, 0x0c, 0x82, 0x8a, 0xa3, 0x13, 0xa4, 0x9d, 0x1c, 0x89, 0x8b,
    0xa0, 0x92, 0x05, 0x9d, 0x06, 0x0b, 0x1d, 0x21, 0x07, 0x18, 0xa2, 0x12,
    0x12, 0xa1, 0x15, 0x10, 0x17, 0x84, 0x8c, 0x95, 0x1e, 0x97, 0xa7, 0x9a,
    0x1a, 0x83, 0x1d, 0x01, 0x8b, 0x19, 0x22, 0x89, 0x87, 0x0b, 0x03, 0x18,
    0x03, 0x0f, 0x03, 0x9f, 0x99, 0x90, 0x1d, 0x96, 0xa0, 0x9c, 0x1c, 0x23,
    0x20, 0x1c, 0x8a, 0x9b, 0x14, 0x14, 0x1a, 0x82, 0x09, 0xa2, 0x99, 0x19,
    0x90, 0x17, 0x8d, 0x20, 0x9a, 0x15, 0x83, 0xa0, 0x19, 0x9c, 0x01, 0x04,
    0x03, 0x07, 0x83, 0x93, 0x95, 0x18, 0x06, 0x16, 0x88, 0xa1, 0x93, 0x91,
    0x19, 0x20, 0x94, 0xa3, 0x0b, 0x1d, 0xa0, 0x14, 0x1f, 0x1c, 0x9e, 0x07,
    0x97, 0x9a, 0x93, 0xa0, 0x0e, 0x99, 0x89, 0x99, 0x8e, 0x16, 0x97, 0x94,
    0x9b, 0x82, 0x20, 0x20, 0x0f, 0x98, 0x0e, 0x93, 0x9e, 0x8b, 0x1b, 0xa4,
    0xa4, 0x99, 0x19, 0x18, 0x90, 0x87, 0x27, 0x82, 0x97, 0xa3, 0x9e, 0xa2,
    0xa1, 0x8e, 0x00, 0x04, 0x27, 0x88, 0x09, 0x24, 0xa1, 0x1d, 0x1d, 0xa1,
    0xa2, 0x13, 0x9c, 0x86, 0x91, 0x1d, 0x98, 0x14, 0x1d, 0x14, 0x1a, 0x94,
    0x8e, 0x96, 0x06, 0x22, 0x91, 0x23, 0x17, 0x81, 0x8f, 0x01, 0x88, 0x8b,
    0x0c, 0x03, 0x1a, 0x0c, 0x9a, 0x90, 0x97, 0x0c, 0x20, 0x95, 0x95, 0x13,
    0x8f, 0x16, 0x92, 0x24, 0x08, 0x26, 0x8e, 0x9b, 0x08, 0x92, 0x19, 0x11,
    0x90, 0x91, 0xa0, 0x9e, 0x21, 0x9f, 0x09, 0x9d, 0x20, 0x9a, 0x9a, 0x9d,
    0x22, 0x1c, 0x9a, 0x1b, 0x18, 0xa2, 0x1e, 0xa3, 0x13, 0x03, 0x9b, 0x15,
    0x98, 0x9e, 0xab, 0x9c, 0xa0, 0x82, 0x1b, 0xa1, 0x06, 0x01, 0x0c, 0xa1,
    0x9f, 0x28, 0x04, 0x0a, 0x16, 0x9c, 0xa1, 0x9b, 0x92, 0x9b, 0x99, 0x12,
    0x82, 0x99, 0x21, 0x06, 0x96, 0x99, 0x04, 0x25, 0x87, 0x19, 0x10, 0x26,
    0x8d, 0x95, 0x82, 0x1b, 0x9e, 0x9d, 0x22, 0x1d, 0x1e, 0x83, 0x98, 0x1f,
    0x14, 0x1b, 0x24, 0x17, 0xa3, 0x1c, 0x90, 0x9d, 0x13, 0x91, 0x99, 0x9f,
    0x1a, 0xa2, 0xa8, 0x1e, 0x1a, 0x0f, 0x0a, 0x9b, 0x0a, 0x1a, 0x07, 0x05,
    0x83, 0x23, 0x9e, 0x00, 0x20, 0x24, 0x98, 0x99, 0x85, 0x9b, 0x82, 0x8a,
    0x85, 0x96, 0x97, 0xa8, 0x9a, 0x98, 0x24, 0x0c, 0x14, 0x90, 0x9a, 0x1b,
    0xa2, 0xa1, 0x1b, 0x21, 0x97, 0x96, 0x20, 0x00, 0x84, 0x11, 0x90, 0x1a,
    0x19, 0x9d, 0x99, 0x18, 0x24, 0x0d, 0x8c, 0x8f, 0x90, 0x87, 0x9b, 0x08,
    0x1e, 0xa1, 0x9d, 0x24, 0x05, 0x9b, 0x11, 0x04, 0x8c, 0x19, 0x97, 0x1c,
    0x10, 0xa1, 0x93, 0x85, 0x0e, 0x08, 0xa0, 0x0d, 0x1a, 0x21, 0x1d, 0x28,
    0x92, 0x06, 0x14, 0x1f, 0x11, 0x98, 0x98, 0x06, 0x99, 0x98, 0x9a, 0x1a,
    0x86, 0x8d, 0x93, 0xa2, 0x97, 0x97, 0x91, 0x28, 0x99, 0x1b, 0x97, 0x1c,
    0x96, 0x9b, 0x08, 0x16, 0x8e, 0x22, 0x81, 0x02, 0x11, 0x90, 0x9a, 0x96,
    0x88, 0x07, 0x8e, 0x1e, 0x16, 0x9a, 0x93, 0x92, 0x17, 0x83, 0xa1, 0x20,
    0x92, 0x21, 0x1e, 0x01, 0x9d, 0x00, 0x91, 0x99, 0x9c, 0x04, 0x93, 0x9b,
    0x19, 0x9c, 0x9f, 0x82, 0x13, 0x83, 0x19, 0x97, 0x91, 0x15, 0x21, 0x8a,
    0x14, 0xa3, 0x08, 0x81, 0x9d, 0x19, 0x24, 0x1a, 0x18, 0x0a, 0x24, 0x19,
    0x21, 0x9a, 0xa8, 0xa2, 0x92, 0x09, 0x02, 0xa0, 0x20, 0x8a, 0x12, 0x1a,
    0x9c, 0x8e, 0x81, 0x99, 0x1b, 0x20, 0x20, 0x0b, 0x9b, 0x08, 0x14, 0x25,
    0x0d, 0x14, 0x85, 0x06, 0x1c, 0x22, 0x11, 0x1e, 0x0a, 0x93, 0x85, 0x9c,
    0x0b, 0x16, 0x19, 0x1a, 0x11, 0x90, 0x9b, 0x19, 0x13, 0x02, 0x1a, 0x1b,
    0x0a, 0x15, 0x10, 0x17, 0x89, 0xa3, 0x81, 0x89, 0x98, 0x88, 0x87, 0x07,
    0x04, 0x03, 0x9d, 0x97, 0x8a, 0x1f, 0x9c, 0x96, 0x8b, 0x15, 0x04, 0x94,
    0x09, 0x89, 0x11, 0x22, 0x98, 0x0b, 0xa4, 0x08, 0x13, 0xa3, 0x25, 0x90,
    0x19, 0x03, 0x08, 0x9c, 0x99, 0x03, 0xa1, 0x9b, 0x15, 0x96, 0xa7, 0x92,
    0x9b, 0xa2, 0x97, 0x20, 0x19, 0x03, 0x21, 0x17, 0x9a, 0x1a, 0xa0, 0x02,
    0xa1, 0x9c, 0x8e, 0x01, 0x1b, 0x13, 0xa4, 0x1a, 0x21, 0x26, 0x9a, 0x96,
    0x8e, 0x15, 0x19, 0x8d, 0x1a, 0x99, 0x12, 0x14, 0x9a, 0x10, 0x24, 0x25,
    0xa2, 0x0d, 0x83, 0x8b, 0x25, 0x8d, 0x96, 0x18, 0x90, 0x99, 0x23, 0x18,
    0xa0, 0xa2, 0x1b, 0x09, 0x84, 0x94, 0x98, 0x88, 0x1f, 0x22, 0xa1, 0xa2,
    0x9a, 0x23, 0x21, 0x20, 0x9b, 0x03, 0x8b, 0x90, 0xa3, 0x18, 0x11, 0x9d,
    0x94, 0x8a, 0x0f, 0x9c, 0xa2, 0x20, 0x97, 0x0a, 0x0c, 0x23, 0x91, 0x06,
    0x84, 0x07, 0x13, 0x87, 0x93, 0x18, 0x14, 0xa0, 0x9e, 0xa0, 0x98, 0x09,
    0x13, 0xa1, 0x93, 0xa1, 0x01, 0x94, 0x05, 0x9b, 0x0a, 0x17, 0x18, 0x99,
    0x24, 0x19, 0x9d, 0x1b, 0x91, 0x8e, 0x88, 0xa1, 0x83, 0x1b, 0x99, 0x10,
    0x81, 0x19, 0x0d, 0x05, 0x22, 0x9b, 0x96, 0x86, 0x10, 0x03, 0x9a, 0x26,
    0x0f, 0x17, 0x05, 0x85, 0x91, 0x84, 0x1b, 0x99, 0x23, 0x1d, 0x87, 0x0b,
    0x98, 0x09, 0x23, 0x99, 0xa1, 0x9b, 0xa6, 0x04, 0x92, 0x13, 0x96, 0x21,
    0x22, 0x21, 0x07, 0x83, 0x26, 0xa3, 0x03, 0x9d, 0x8f, 0x09, 0xa1, 0x9e,
    0x90, 0x99, 0x9f, 0x92, 0x1d, 0x81, 0x2b, 0x9a, 0x12, 0x0c, 0x84, 0x87,
    0xa3, 0x97, 0x22, 0x9a, 0x1a, 0x0b, 0x13, 0x15, 0x06, 0x91, 0x9d, 0x98,
    0xa2, 0x00, 0x99, 0x88, 0xaa, 0x1e, 0x9b, 0x92, 0x98, 0x21, 0x09, 0x15,
    0x17, 0x07, 0x1b, 0x8f, 0x1f, 0x25, 0x0e, 0x98, 0xa2, 0xa6, 0x07, 0x0a,
    0x1d, 0x1a, 0x81, 0x23, 0x98, 0x0f, 0x05, 0x1e, 0x03, 0x88, 0x19, 0x17,
    0x1f, 0xa3, 0x13, 0x15, 0x9d, 0x12, 0x98, 0x13, 0x1c, 0x0d, 0x98, 0x03,
    0x9c, 0x81, 0xa0, 0x9e, 0x25, 0x00, 0x21, 0x00, 0x94, 0xa5, 0xa3, 0x1d,
    0x20, 0x86, 0x18, 0x03, 0x0b, 0x17, 0x89, 0x99, 0x05, 0x20, 0x89, 0x86,
    0x11, 0x20, 0x8d, 0xa1, 0x19, 0x84, 0xa1, 0x1b, 0x8c, 0x05, 0xa1, 0x9f,
    0x91, 0x9d, 0x8a, 0x15, 0x07, 0x99, 0x92, 0x18, 0x99, 0x99, 0x21, 0x22,
    0x83, 0xa2, 0x0b, 0x8d, 0x14, 0x1a, 0x9b, 0x14, 0x02, 0xa0, 0x8e, 0x18,
    0x27, 0xa1, 0x06, 0x81, 0x9e, 0x98, 0x89, 0x14, 0x1f, 0x9b, 0x0a, 0x23,
    0x16, 0x8f, 0x93, 0xa1, 0x83, 0x88, 0x1b, 0x93, 0x1d, 0x9e, 0x11, 0x8a,
    0xa5, 0x0e, 0xa4, 0x18, 0x21, 0x21, 0x1a, 0x23, 0x99, 0x20, 0x0a, 0x12,
    0x10, 0x94, 0x8e, 0x84, 0x20, 0x99, 0x8b, 0x89, 0x1c, 0xa5, 0x96, 0x9a,
    0x9f, 0xa3, 0xa6, 0x23, 0xa1, 0x1c, 0x10, 0x03, 0x9a, 0xa4, 0x02, 0x99,
    0x1b, 0x18, 0x84, 0x94, 0x96, 0xa3, 0x99, 0x8d, 0x96, 0x0c, 0x1b, 0x1c,
    0x9a, 0x0e, 0x99, 0x98, 0x19, 0x9e, 0xa5, 0x14, 0xa0, 0x10, 0x21, 0x14,
    0x9d, 0x81, 0x1d, 0xa0, 0x9a, 0x17, 0x91, 0x90, 0x21, 0xa7, 0x9d, 0x94,
    0x19, 0xa1, 0x1a, 0x9b, 0x9b, 0x95, 0x22, 0x97, 0x95, 0xa7, 0x1d, 0x9c,
    0x8d, 0x20, 0x16, 0x18, 0x1b, 0x1a, 0x21, 0x99, 0x23, 0x15, 0x93, 0xa1,
    0x85, 0x1d, 0xa4, 0x94, 0x1b, 0xa1, 0x10, 0x1a, 0x8d, 0x86, 0x9f, 0x8a,
    0x17, 0x22, 0x21, 0x04, 0x8f, 0x93, 0x12, 0x23, 0x24, 0x94, 0x03, 0x9c,
    0x07, 0x1c, 0x12, 0x02, 0x0d, 0x99, 0x15, 0x9a, 0x8f, 0x19, 0x0c, 0x95,
    0x0e, 0x1c, 0x89, 0x1e, 0x12, 0x20, 0x14, 0x1b, 0x0f, 0x0e, 0x92, 0x16,
    0x8c, 0x97, 0x06, 0x0b, 0x99, 0x09, 0x9b, 0x9b, 0x8e, 0x92, 0xa3, 0x8f,
    0x9c, 0x88, 0x98, 0x0f, 0x8e, 0x93, 0x9d, 0x0c, 0x0e, 0x02, 0x16, 0x21,
    0x10, 0x1f, 0xa3, 0x8b, 0x0c, 0xa3, 0x0f, 0x92, 0x20, 0x84, 0x0d, 0x09,
    0x93, 0x82, 0xa5, 0x98, 0x91, 0x07, 0x95, 0x05, 0x8f, 0x9c, 0x1c, 0x02,
    0x25, 0x14, 0x1d, 0x15, 0x0c, 0x1f, 0x9b, 0x93, 0x02, 0xa2, 0x95, 0x87,
    0x1b, 0x99, 0xa0, 0x13, 0x9a, 0x18, 0xa4, 0x10, 0x9b, 0x1b, 0x04, 0x1a,
    0x96, 0x89, 0x1e, 0x17, 0x15, 0x17, 0x0a, 0x1e, 0x01, 0x0e, 0x11, 0x05,
    0x25, 0x89, 0x97, 0x11, 0x16, 0x92, 0x18, 0x86, 0x9b, 0x91, 0x25, 0x98,
    0x9a, 0xa0, 0xa4, 0x88, 0x2a, 0x09, 0x8d, 0xa1, 0x8e, 0x1b, 0x19, 0x17,
    0x87, 0x13, 0x09, 0x05, 0xa2, 0x10, 0x93, 0xa1, 0x00, 0x93, 0x8b, 0x1c,
    0x9f, 0x81, 0x97, 0x0e, 0x0a, 0xa0, 0x89, 0x12, 0x24, 0x91, 0x95, 0x05,
    0x10, 0x10, 0x19, 0xa0, 0xa1, 0x9f, 0x94, 0x18, 0x21, 0x9f, 0x1f, 0x8a,
    0x25, 0x8b, 0x8c, 0xa4, 0x9e, 0x13, 0x19, 0x9c, 0x26, 0x95, 0x96, 0x23,
    0x95, 0x9a, 0x24, 0x9e, 0x1c, 0x8e, 0xa2, 0x1b, 0x09, 0x1a, 0x16, 0x1d,
    0x23, 0x88, 0x9d, 0x06, 0x86, 0x81, 0x16, 0x20, 0x1e, 0x18, 0x85, 0x93,
    0xa4, 0x06, 0x04, 0x0a, 0x1a, 0x9c, 0x8e, 0x19, 0x93, 0x0c, 0x99, 0x91,
    0x90, 0x9e, 0xa4, 0x8c, 0x0d, 0x06, 0x9c, 0x1c, 0x99, 0x24, 0x06, 0x91,
    0x1a, 0x99, 0x90, 0x85, 0x90, 0x11, 0x97, 0x9b, 0x23, 0xa1, 0x9d, 0x93,
    0x1d, 0x97, 0x21, 0x94, 0x1d, 0x98, 0x9f, 0x85, 0xa5, 0x9e, 0x18, 0x9b,
    0x26, 0x87, 0x11, 0x99, 0x9f, 0x16, 0x9a, 0x94, 0xa4, 0x8c, 0x9c, 0x88,
    0x9a, 0x10, 0x18, 0xa3, 0x94, 0x26, 0x0e, 0x12, 0x0d, 0x8a, 0x9b, 0x9d,
    0x8e, 0x1e, 0x9b, 0x1a, 0xa5, 0xa4, 0x82, 0x0f, 0x09, 0x87, 0x13, 0x1e,
    0x17, 0x13, 0x04, 0x26, 0x88, 0x83, 0x20, 0x21, 0x87, 0x9c, 0x1c, 0x1a,
    0x82, 0x86, 0x9a, 0x24, 0x21, 0x0b, 0x10, 0x1e, 0x9c, 0x83, 0x11, 0x95,
    0x20, 0x12, 0x0e, 0x00, 0x8a, 0x9e, 0xa2, 0x26, 0x0d, 0x13, 0x1a, 0x9b,
    0x0b, 0x1a, 0x99, 0x92, 0x0c, 0x1f, 0x94, 0x84, 0x21, 0x28, 0xa2, 0xa1,
    0x0d, 0x92, 0xa0, 0x97, 0x0c, 0x14, 0x13, 0xa5, 0x16, 0x9e, 0x19, 0x1d,
    0x15, 0x99, 0x9d, 0x11, 0x07, 0xa8, 0x8d, 0x1e, 0x9e, 0x8d, 0x0d, 0x96,
    0x9c, 0x10, 0x0f, 0x13, 0x18, 0x96, 0x90, 0x23, 0x22, 0x81, 0x1d, 0x98,
    0x9d, 0x9c, 0x98, 0x09, 0x91, 0xa3, 0x98, 0x24, 0x01, 0x98, 0x82, 0x9d,
    0x9b, 0x96, 0x0a, 0x8d, 0x1c, 0x9b, 0x07, 0x13, 0x9a, 0x9f, 0x86, 0x18,
    0x1f, 0x21, 0x02, 0x1b, 0x91, 0x1c, 0x10, 0x22, 0x10, 0x98, 0x20, 0x14,
    0x1e, 0x93, 0x9f, 0x18, 0x04, 0x1a, 0x0b, 0x9a, 0x93, 0x85, 0x88, 0x27,
    0x8d, 0x19, 0x9e, 0x20, 0x06, 0x92, 0x81, 0x1a, 0x8a, 0x20, 0x82, 0x18,
    0x09, 0x99, 0x99, 0x9b, 0x93, 0x03, 0x92, 0x20, 0x93, 0x87, 0x8f, 0x93,
    0x0b, 0x11, 0xa3, 0x19, 0x9c, 0x22, 0x20, 0x0f, 0x9c, 0x84, 0x0a, 0x05,
    0x1d, 0x8a, 0x99, 0x96, 0x15, 0x9e, 0x81, 0x1c, 0x07, 0x8a, 0x20, 0x9f,
    0x00, 0x84, 0x06, 0x97, 0x94, 0xa5, 0x1e, 0x06, 0x99, 0x24, 0x05, 0xa3,
    0x82, 0x19, 0x23, 0x87, 0x23, 0x0d, 0x20, 0x97, 0x23, 0x15, 0xa4, 0x98,
    0x23, 0x92, 0x1a, 0x23, 0x99, 0x92, 0x96, 0x97, 0x06, 0x1d, 0x09, 0x14,
    0x90, 0x8a, 0x14, 0x25, 0x18, 0x82, 0x99, 0x99, 0x1b, 0x1f, 0x86, 0x16,
    0x90, 0x90, 0x11, 0x9c, 0x09, 0x10, 0x1b, 0x11, 0x1c, 0x84, 0x9d, 0x1f,
    0x24, 0x0b, 0x02, 0x0b, 0x8d, 0x20, 0x98, 0x01, 0xa2, 0xa3, 0x12, 0x02,
    0x00, 0x0b, 0x98, 0x0e, 0x11, 0x9a, 0x97, 0xa5, 0x98, 0x1f, 0x86, 0x10,
    0xa1, 0x93, 0x16, 0x99, 0x02, 0x94, 0x18, 0x23, 0x93, 0x13, 0xa8, 0x1c,
    0x11, 0xa5, 0x17, 0x02, 0x1a, 0x87, 0x87, 0x96, 0x13, 0x91, 0xa8, 0x9c,
    0x11, 0x93, 0x19, 0x05, 0x84, 0x95, 0x23, 0x88, 0x82, 0x1b, 0x1f, 0x1e,
    0x88, 0x16, 0x98, 0x94, 0x9c, 0x81, 0x9a, 0x00, 0x1c, 0xa3, 0x84, 0x1f,
    0x21, 0x22, 0x02, 0x95, 0x9e, 0x16, 0x1c, 0x95, 0x15, 0x9d, 0x06, 0x13,
    0x88, 0x16, 0x8e, 0x24, 0xa1, 0x19, 0x0c, 0x97, 0x1f, 0x98, 0x01, 0x1a,
    0x01, 0x9f, 0x83, 0x1c, 0x9b, 0x1a, 0x19, 0x97, 0x90, 0xa0, 0x9b, 0x8f,
    0x26, 0x22, 0x94, 0xa0, 0x8f, 0x22, 0x9e, 0x21, 0x0f, 0x21, 0x9c, 0x0f,
    0xa1, 0x91, 0x99, 0x9b, 0x02, 0x87, 0x1f, 0x99, 0x9b, 0x1c, 0xa4, 0x1b,
    0x1d, 0x8e, 0x03, 0x1d, 0x0c, 0x8b, 0x90, 0x84, 0x95, 0x14, 0x12, 0x93,
    0xa3, 0x9e, 0x0a, 0x87, 0x83, 0x9a, 0x23, 0x9e, 0x93, 0x9b, 0xa2, 0x9d,
    0x85, 0x14, 0x18, 0x98, 0x23, 0x18, 0x02, 0x1a, 0xa0, 0x0e, 0x1c, 0xa2,
    0x96, 0x06, 0x9d, 0x07, 0x17, 0x18, 0x95, 0x06, 0x24, 0xa0, 0x9d, 0x8a,
    0x87, 0x95, 0x21, 0x25, 0x8f, 0x23, 0x0e, 0x90, 0xa5, 0x8b, 0x02, 0x99,
    0x22, 0x0b, 0x96, 0x85, 0x86, 0x1b, 0x9c, 0xa1, 0x95, 0x16, 0xa2, 0x81,
    0x84, 0x07, 0x9a, 0x22, 0x1d, 0x25, 0x1c, 0x8b, 0x1c, 0x92, 0x10, 0x93,
    0x0e, 0x93, 0x9d, 0x9b, 0x1c, 0x9d, 0x86, 0x91, 0x22, 0xa1, 0x02, 0x88,
    0x27, 0x00, 0xa3, 0x19, 0x9a, 0x9d, 0x21, 0x95, 0x22, 0x83, 0x92, 0x13,
    0x18, 0x9a, 0xa7, 0x97, 0xa5, 0x0b, 0x16, 0x95, 0xa3, 0x12, 0x9a, 0x95,
    0xa4, 0x23, 0x02, 0x02, 0x18, 0x02, 0x97, 0x91, 0x95, 0x09, 0xa1, 0x1a,
    0x9c, 0xa6, 0x10, 0x8e, 0x8f, 0x14, 0x86, 0x22, 0x85, 0x03, 0x8e, 0x22,
    0x9a, 0x8f, 0x21, 0x1a, 0x84, 0xa2, 0x16, 0x16, 0x0e, 0x0d, 0x9b, 0x1d,
    0x0a, 0x17, 0x1f, 0x88, 0x8d, 0x00, 0x90, 0xa5, 0x20, 0x0d, 0x1e, 0x85,
    0x94, 0x00, 0x96, 0x99, 0x16, 0x94, 0x0e, 0x01, 0x93, 0x90, 0x05, 0x13,
    0x90, 0x9d, 0x13, 0x1a, 0x9e, 0x13, 0x24, 0x83, 0x16, 0x18, 0x1b, 0x94,
    0x97, 0x97, 0x18, 0x9b, 0x21, 0x9e, 0x9b, 0x95, 0x9f, 0x9a, 0x1b, 0x17,
    0x92, 0x11, 0xa1, 0x22, 0xa7, 0x82, 0x0e, 0x90, 0x9b, 0x21, 0x88, 0x08,
    0x95, 0x1a, 0xa3, 0x90, 0x21, 0x16, 0x17, 0x28, 0x94, 0x8b, 0x20, 0x16,
    0x26, 0x15, 0x94, 0x9d, 0xa0, 0x16, 0x11, 0x86, 0x19, 0x15, 0x82, 0x00,
    0x90, 0x1e, 0x18, 0x81, 0x9c, 0x94, 0x1e, 0xa2, 0xa0, 0x1c, 0x13, 0x05,
    0x01, 0x13, 0x99, 0x8a, 0x1b, 0x92, 0x1c, 0x07, 0x1f, 0x28, 0x9c, 0x95,
    0x94, 0xa5, 0x12, 0xa7, 0x9c, 0x1a, 0x09, 0x96, 0x23, 0x94, 0x9b, 0xa4,
    0x9e, 0x21, 0x25, 0x14, 0x23, 0xa1, 0x22, 0x9e, 0x1b, 0x89, 0xa5, 0xa0,
    0xac, 0x19, 0x27, 0x21, 0x27, 0x14, 0x8c, 0x0b, 0xa6, 0x99, 0x1a, 0x92,
    0x97, 0x1b, 0x13, 0x1e, 0x93, 0x21, 0xa3, 0x04, 0x21, 0xa1, 0xa1, 0x8d,
    0x03, 0x96, 0x9a, 0x90, 0x26, 0x0c, 0x9f, 0x93, 0x94, 0x03, 0x1d, 0xa0,
    0x8b, 0x28, 0x20, 0x14, 0x9f, 0x19, 0x05, 0x9d, 0x9e, 0x22, 0xa2, 0xa8,
    0xa0, 0x06, 0xa4, 0x01, 0x08, 0xa2, 0x27, 0xa9, 0x9a, 0x19, 0x1f, 0x0c,
    0x88, 0x83, 0xa2, 0x84, 0xa7, 0x1e, 0x15, 0x8d, 0x2d, 0x93, 0x25, 0x1b,
    0x05, 0x02, 0x0a, 0x1e, 0x1f, 0x28, 0x16, 0x1e, 0x84, 0x9c, 0x97, 0x91,
    0xa3, 0x81, 0x8f, 0xa3, 0x9b, 0x94, 0x8d, 0x9a, 0x9c, 0x92, 0x10, 0x86,
    0x9a, 0x8d, 0x10, 0x1e, 0x18, 0x87, 0x13, 0x19, 0x28, 0xa4, 0x9a, 0xa1,
    0x9f, 0x89, 0x86, 0xa0, 0x22, 0x17, 0x9e, 0x94, 0x98, 0x1e, 0x86, 0x86,
    0x1d, 0x04, 0x2a, 0x21, 0x94, 0x94, 0x04, 0x08, 0xa0, 0x8a, 0x26, 0x18,
    0x1e, 0x21, 0x87, 0x11, 0x91, 0x8b, 0x06, 0x8f, 0x1c, 0x90, 0x94, 0x0a,
    0xa1, 0x8c, 0x29, 0x09, 0x11, 0x1c, 0xa3, 0x28, 0x1a, 0x21, 0x22, 0x10,
    0x11, 0x99, 0xa1, 0x02, 0x13, 0x22, 0x19, 0x9d, 0x1a, 0x1b, 0x1f, 0x25,
    0x98, 0xa3, 0x2a, 0x22, 0x8f, 0x9e, 0x07, 0x12, 0x20, 0xa4, 0x90, 0x25,
    0x9b, 0x84, 0x1c, 0x9d, 0x1e, 0x23, 0x19, 0x93, 0x22, 0x96, 0x1f, 0x93,
    0x9a, 0x97, 0x02, 0x1f, 0x20, 0x87, 0xaa, 0x9e, 0x21, 0x1a, 0x1a, 0x23,
    0x19, 0x9a, 0x10, 0xa0, 0x9c, 0x9d, 0x97, 0xa0, 0xa0, 0x94, 0x9b, 0xa2,
    0x16, 0x06, 0x9c, 0x0b, 0x06, 0x9c, 0x12, 0x1b, 0x9d, 0x16, 0x89, 0x9e,
    0x9f, 0x25, 0x23, 0x1e, 0x29, 0x1f, 0x81, 0xa2, 0xaa, 0x28, 0x1c, 0xa0,
    0x9d, 0x9a, 0x15, 0x90, 0xa1, 0x93, 0x25, 0x92, 0x9c, 0xa1, 0x26, 0x10,
    0x94, 0x95, 0x9d, 0xa5, 0x00, 0x98, 0x91, 0x90, 0x22, 0x1a, 0x15, 0x1b,
    0x1f, 0x13, 0x1f, 0x99, 0x90, 0x1a, 0x80, 0x83, 0x9c, 0x21, 0x29, 0x13,
    0x0d, 0x08, 0x1e, 0x8e, 0x8f, 0x0b, 0x19, 0x96, 0x8d, 0x0d, 0x91, 0x9a,
    0x10, 0x21, 0x86, 0xa9, 0x87, 0x83, 0x1b, 0x92, 0x28, 0xab, 0x29, 0x06,
    0x93, 0x08, 0x1c, 0x86, 0x83, 0x85, 0x22, 0x91, 0x9f, 0xa0, 0x22, 0x9d,
    0x27, 0x02, 0x16, 0x9f, 0x99, 0xa2, 0x25, 0x9f, 0x20, 0x96, 0x10, 0x9b,
    0x84, 0x03, 0x29, 0x31, 0x9b, 0x9a, 0x0a, 0x21, 0x21, 0x08, 0x9f, 0x0c,
    0x13, 0xa5, 0x1f, 0x13, 0x1e, 0x23, 0xa3, 0x21, 0x26, 0x0c, 0x2d, 0x26,
    0x95, 0xa1, 0x99, 0x08, 0x25, 0x26, 0xa1, 0x87, 0x91, 0x21, 0x97, 0x1b,
    0xa2, 0x1f, 0x97, 0x18, 0x1d, 0x9d, 0x13, 0xa7, 0x93, 0x22, 0x9f, 0x24,
    0x98, 0x9e, 0xaa, 0x1b, 0x17, 0x98, 0x9a, 0xa5, 0x20, 0x83, 0xa8, 0x8c,
    0xab, 0xa1, 0x91, 0x29, 0x21, 0x20, 0xa3, 0x21, 0x24, 0x16, 0x89, 0x1f,
    0x00, 0xa4, 0x08, 0x12, 0x12, 0x14, 0xa4, 0x93, 0x22, 0x90, 0x1c, 0x20,
    0x93, 0x18, 0x9c, 0xa1, 0x17, 0x0e, 0x9b, 0x9c, 0x1a, 0x86, 0x1a, 0x0c,
    0x21, 0x1f, 0xa1, 0x1e, 0x96, 0x9b, 0x99, 0x22, 0x90, 0x15, 0x87, 0xa6,
    0x9e, 0x22, 0x85, 0x93, 0x20, 0x21, 0x22, 0x8a, 0x1f, 0x9a, 0x13, 0x89,
    0x9d, 0x9e, 0x95, 0x91, 0x1d, 0x9b, 0x03, 0x24, 0x82, 0x18, 0x9d, 0x25,
    0x1c, 0x9c, 0x19, 0x22, 0x90, 0x91, 0x82, 0x9d, 0x1d, 0x1b, 0x9a, 0x06,
    0x19, 0x81, 0x13, 0x82, 0x9f, 0x0e, 0x14, 0x83, 0xa3, 0x17, 0x95, 0x88,
    0x84, 0x07, 0x98, 0xa6, 0x9d, 0x2b, 0x10, 0xa0, 0x8b, 0x1a, 0x1a, 0x9d,
    0x9f, 0x0a, 0x97, 0x86, 0xa9, 0xa2, 0x25, 0x94, 0x0a, 0x27, 0x81, 0x98,
    0x81, 0x1e, 0x8a, 0x05, 0x82, 0x8d, 0xa9, 0x20, 0xa9, 0x20, 0x09, 0x25,
    0x24, 0x8a, 0x25, 0x24, 0xa8, 0x1c, 0x93, 0x8e, 0x29, 0x90, 0x93, 0x00,
    0xa2, 0x28, 0xa8, 0xa5, 0x23, 0x99, 0x29, 0x9e, 0x20, 0x21, 0x1d, 0x92,
    0x02, 0xa8, 0x10, 0x12, 0x20, 0x18, 0x22, 0x12, 0x13, 0x11, 0x90, 0x21,
    0x97, 0x93, 0x87, 0x22, 0x0f, 0xa2, 0x9e, 0x9e, 0x05, 0xa4, 0x18, 0x8b,
    0x8c, 0xa2, 0x23, 0xa7, 0x9b, 0x08, 0x9d, 0x19, 0x1c, 0x2c, 0xa2, 0x18,
    0xa3, 0x18, 0x1b, 0x03, 0x24, 0xa2, 0x0a, 0x29, 0xa1, 0x89, 0x8c, 0x0a,
    0x97, 0xa1, 0x1d, 0x9f, 0xa4, 0x28, 0xa7, 0x1a, 0x0d, 0x1a, 0x13, 0x1c,
    0x1e, 0x84, 0x22, 0x02, 0x15, 0x09, 0x18, 0x19, 0x0d, 0xa1, 0x24, 0x87,
    0xa4, 0x0d, 0x8d, 0x82, 0x93, 0xa1, 0x98, 0x01, 0x1a, 0xa1, 0x90, 0x9a,
    0xa4, 0xa1, 0xa6, 0x96, 0x94, 0x1f, 0x92, 0xa5, 0x0f, 0x93, 0x97, 0x22,
    0x91, 0x86, 0x9e, 0x15, 0x9d, 0x10, 0x9d, 0x1e, 0x20, 0x25, 0x0d, 0x26,
    0x18, 0x12, 0x13, 0x90, 0x91, 0x91, 0x96, 0x19, 0x9a, 0x98, 0x18, 0x1b,
    0x05, 0x19, 0x13, 0x8e, 0x22, 0x9d, 0x0c, 0x9c, 0x8d, 0x99, 0x9b, 0x12,
    0x23, 0x13, 0x8a, 0x94, 0x0e, 0x86, 0x1e, 0x91, 0x01, 0x10, 0x21, 0x9f,
    0x93, 0x29, 0x8d, 0xa1, 0x1c, 0x0a, 0x0a, 0x20, 0x9b, 0xaa, 0x91, 0x9f,
    0x97, 0x21, 0x1d, 0x19, 0x20, 0xa8, 0xa4, 0x15, 0x8d, 0x21, 0x26, 0x1a,
    0x22, 0xa2, 0x21, 0x28, 0xa5, 0x8c, 0x9a, 0x9f, 0x86, 0x85, 0x12, 0x9e,
    0x20, 0x81, 0x24, 0x02, 0x13, 0x25, 0xa1, 0x18, 0x1f, 0x14, 0x21, 0x10,
    0x00, 0x9a, 0x85, 0x1d, 0x85, 0x17, 0x85, 0x96, 0x9f, 0x1a, 0x94, 0x81,
    0x13, 0x1c, 0x30, 0x1f, 0x2a, 0x14, 0x24, 0x9c, 0x92, 0x25, 0x94, 0x95,
    0x94, 0x0f, 0x84, 0x15, 0x18, 0x23, 0x9d, 0x93, 0x21, 0x26, 0x8b, 0x91,
    0xa4, 0x86, 0x0d, 0x18, 0x14, 0x8d, 0x99, 0x01, 0x1a, 0x1f, 0x26, 0x1b,
    0x96, 0x24, 0x27, 0x0e, 0x86, 0x9d, 0xa6, 0x0f, 0x81, 0x93, 0x95, 0x91,
    0x1c, 0x15, 0x1a, 0xa6, 0x1f, 0x9b, 0x00, 0x24, 0x23, 0x83, 0x0b, 0x0a,
    0x98, 0x23, 0x96, 0xa2, 0x22, 0x17, 0x19, 0x22, 0xa1, 0x06, 0x28, 0x20,
    0x8b, 0x0e, 0x9b, 0x1e, 0xa0, 0x05, 0x97, 0xa1, 0x98, 0x27, 0x26, 0x21,
    0x9f, 0x1c, 0x94, 0xa4, 0x94, 0x1e, 0xa7, 0x94, 0x13, 0x15, 0x96, 0x21,
    0x11, 0x27, 0x95, 0xa0, 0x80, 0x9c, 0x8e, 0x92, 0x14, 0x14, 0xad, 0x96,
    0x1e, 0x9e, 0x11, 0x23, 0x2b, 0x05, 0x9e, 0x08, 0x90, 0x8c, 0x98, 0x9b,
    0x1f, 0x9d, 0x8f, 0xa2, 0x00, 0xa5, 0x19, 0x29, 0x87, 0xa0, 0xa2, 0x29,
    0xa0, 0x27, 0x22, 0x15, 0x17, 0x8c, 0x97, 0x13, 0x1b, 0xa3, 0xa4, 0x9e,
    0xaa, 0x23, 0x9e, 0xa2, 0x9a, 0x15, 0x94, 0x1c, 0x02, 0x81, 0x26, 0x19,
    0x92, 0x22, 0x24, 0xa1, 0x21, 0x23, 0x24, 0x94, 0x9c, 0x8b, 0xa1, 0x0d,
    0x1a, 0x11, 0xa3, 0x94, 0x09, 0xa2, 0x1c, 0x25, 0x1b, 0x97, 0x22, 0x0b,
    0x15, 0x20, 0xa0, 0xa1, 0x1b, 0x99, 0x10, 0x9b, 0x10, 0x82, 0x92, 0x9f,
    0x11, 0x15, 0x16, 0xa0, 0x16, 0x13, 0x17, 0x94, 0x9f, 0x9d, 0x00, 0x8d,
    0xa0, 0x15, 0xa3, 0x9f, 0x1d, 0x07, 0x94, 0xa3, 0x9b, 0x9f, 0x2d, 0x0c,
    0x8f, 0x1a, 0x05, 0x96, 0x9a, 0x98, 0x97, 0x18, 0x9b, 0x26, 0x15, 0x0e,
    0x19, 0x08, 0xa3, 0x21, 0x13, 0x9a, 0xa4, 0x1e, 0xa9, 0x90, 0x0d, 0x9b,
    0x8c, 0x03, 0x18, 0x21, 0x10, 0x84, 0x26, 0x8a, 0x92, 0x9d, 0x1b, 0x28,
    0x22, 0x99, 0x17, 0x1e, 0x99, 0x90, 0xa0, 0x9f, 0xa8, 0x9e, 0x24, 0xab,
    0xa3, 0x95, 0x20, 0xa6, 0x99, 0x20, 0x9a, 0x8d, 0x1e, 0x1b, 0x9a, 0xa0,
    0x9c, 0x20, 0x09, 0x83, 0x95, 0x9e, 0x05, 0x8b, 0x26, 0x11, 0xa2, 0x06,
    0xa7, 0x9a, 0x21, 0x9c, 0x9a, 0x1f, 0x28, 0xab, 0xa3, 0x03, 0x9f, 0x1d,
    0xa3, 0x18, 0x25, 0x92, 0x98, 0x21, 0x97, 0x20, 0x1d, 0x0e, 0x12, 0x9c,
    0x22, 0x21, 0x9b, 0x1b, 0xa5, 0x9b, 0x19, 0x15, 0x1d, 0xa8, 0xab, 0x15,
    0x0b, 0x27, 0xa2, 0x99, 0x86, 0x16, 0x1b, 0x1b, 0xa1, 0x8d, 0x24, 0xa6,
    0x1b, 0x27, 0x83, 0x1c, 0x25, 0x26, 0x27, 0x1f, 0x1a, 0x19, 0x2a, 0x1e,
    0x17, 0x9e, 0x95, 0x23, 0x98, 0xa1, 0x14, 0x1b, 0x13, 0xa4, 0x11, 0xa1,
    0x1e, 0x1d, 0x18, 0xa8, 0xa3, 0x1e, 0x08, 0xa8, 0x22, 0x29, 0x99, 0x05,
    0x83, 0x97, 0x9d, 0x99, 0x27, 0xa9, 0x96, 0xa9, 0x22, 0x1d, 0x94, 0xa3,
    0x06, 0x91, 0xa1, 0x17, 0x95, 0x18, 0x96, 0x99, 0x83, 0x98, 0x9c, 0x9e,
    0x9a, 0x95, 0x23, 0x9b, 0xa0, 0x21, 0x21, 0x9f, 0x08, 0x18, 0x1b, 0x9d,
    0x8a, 0x21, 0x9c, 0x84, 0x89, 0x95, 0x8e, 0x1a, 0x16, 0x9f, 0x1d, 0x1f,
    0x23, 0x1d, 0x1b, 0x95, 0x9c, 0x07, 0x9b, 0x29, 0x05, 0x93, 0x90, 0x1e,
    0x92, 0x05, 0x9a, 0x17, 0x1a, 0x1d, 0xa3, 0x26, 0x17, 0x11, 0x97, 0x10,
    0x1b, 0x9c, 0x22, 0x96, 0x2a, 0x9c, 0x12, 0x1d, 0x9c, 0x93, 0x95, 0x23,
    0x96, 0x13, 0x12, 0xa4, 0x0f, 0x21, 0x29, 0xa0, 0x1f, 0xa1, 0x19, 0x96,
    0x90, 0x9b, 0x20, 0x2a, 0x8f, 0xa5, 0x86, 0x1d, 0x22, 0x1e, 0xa7, 0x92,
    0x17, 0x8d, 0x26, 0x24, 0x1a, 0x81, 0x04, 0x13, 0x11, 0x1c, 0x23, 0x96,
    0x8c, 0x0b, 0x06, 0x14, 0xa1, 0x1b, 0xa2, 0x04, 0x23, 0xa0, 0x01, 0x21,
    0x0a, 0x0f, 0x12, 0x85, 0x9a, 0x20, 0xa5, 0x20, 0x22, 0x9b, 0x94, 0x1e,
    0x16, 0x0f, 0x19, 0xa7, 0x9a, 0xa0, 0x8e, 0xa8, 0xa1, 0x89, 0x1a, 0x1f,
    0x11, 0x1e, 0x11, 0x1a, 0x1e, 0x15, 0xa3, 0x82, 0x93, 0x21, 0x8a, 0x84,
    0xa2, 0x9f, 0xa6, 0x88, 0xa5, 0x18, 0x15, 0x1d, 0x91, 0x93, 0xa0, 0x15,
    0xa5, 0x24, 0x29, 0x95, 0x96, 0x15, 0x8d, 0x9a, 0x9b, 0x26, 0x14, 0xa7,
    0x1f, 0x20, 0x9d, 0x83, 0x21, 0xa8, 0xa2, 0x0d, 0xa3, 0x22, 0x09, 0x1d,
    0x1d, 0xa3, 0x2d, 0x1d, 0x95, 0x06, 0x28, 0x1b, 0x21, 0x9b, 0x9d, 0x20,
    0xa7, 0x13, 0x0e, 0x9b, 0x98, 0x23, 0x21, 0x18, 0x1d, 0x1e, 0xa2, 0x25,
    0x96, 0x91, 0x85, 0x21, 0x15, 0x99, 0xa0, 0x14, 0x13, 0x9f, 0x05, 0x19,
    0x83, 0x20, 0x22, 0x20, 0x04, 0x17, 0x17, 0xa9, 0x8b, 0x18, 0x91, 0x9f,
    0x0f, 0x12, 0x83, 0xa0, 0x94, 0x8c, 0x9b, 0x9a, 0x22, 0x17, 0x1a, 0x12,
    0x12, 0x15, 0x21, 0x02, 0x1d, 0x9b, 0xa3, 0x9b, 0x91, 0x22, 0x95, 0x99,
    0x29, 0x82, 0x15, 0xa0, 0xa0, 0x1d, 0x09, 0x9b, 0x1e, 0x18, 0x21, 0x93,
    0x1a, 0x23, 0xab, 0x1b, 0x9f, 0x12, 0x09, 0xa3, 0x8e, 0x9b, 0x1c, 0x9e,
    0x19, 0x22, 0x20, 0x22, 0x81, 0x20, 0x1b, 0x24, 0xa6, 0x1d, 0x9f, 0x05,
    0x0b, 0xa7, 0x9a, 0x1a, 0x24, 0x18, 0x15, 0x09, 0x21, 0x13, 0x21, 0x9f,
    0x93, 0x15, 0xa1, 0x1f, 0x12, 0x99, 0x24, 0xa0, 0x90, 0x0b, 0x9a, 0x1c,
    0x19, 0x28, 0x21, 0x18, 0x08, 0x19, 0xa1, 0x99, 0x9e, 0x23, 0xa7, 0x84,
    0x11, 0x9d, 0x1a, 0xa7, 0x98, 0x9c, 0x16, 0xa0, 0x1a, 0x0e, 0x99, 0x25,
    0x1b, 0x20, 0x1f, 0x20, 0x19, 0x98, 0x23, 0x9b, 0x9c, 0x98, 0x18, 0x20,
    0x85, 0x22, 0x84, 0x9e, 0x9e, 0xa2, 0x12, 0x0f, 0x9b, 0x1c, 0x91, 0x98,
    0x01, 0x93, 0x9e, 0x04, 0x1d, 0x20, 0x03, 0x0f, 0x1f, 0xa3, 0x07, 0x13,
    0xa5, 0x9b, 0x13, 0x1e, 0x1e, 0x0d, 0x85, 0x12, 0x80, 0x19, 0x1c, 0x19,
    0xaa, 0x9c, 0x91, 0x9e, 0x98, 0x1d, 0x95, 0xaa, 0x87, 0xa8, 0xac, 0x8c,
    0x81, 0x9a, 0x0f, 0x21, 0x98, 0x9b, 0x9d, 0x89, 0x9f, 0xa2, 0x97, 0x1f,
    0x0c, 0x0f, 0x27, 0x12, 0x8e, 0x0c, 0x9c, 0xa2, 0x02, 0x0c, 0x04, 0x22,
    0x99, 0x11, 0x1d, 0x23, 0x1f, 0x1e, 0x14, 0x95, 0x9f, 0x15, 0x83, 0xa1,
    0x21, 0x1c, 0x22, 0x02, 0x20, 0x9c, 0x8e, 0x8d, 0xa1, 0x29, 0x22, 0xa3,
    0x91, 0x87, 0x88, 0x19, 0x94, 0x25, 0x1f, 0x15, 0xa2, 0x1f, 0x21, 0xa7,
    0xa1, 0x00, 0x22, 0x23, 0xa1, 0x1c, 0x22, 0x8e, 0x23, 0x20, 0x0b, 0x91,
    0x18, 0x06, 0x15, 0x8f, 0x95, 0x11, 0x24, 0xa3, 0x86, 0x9f, 0x08, 0x23,
    0xa8, 0x97, 0x81, 0xa1, 0x9b, 0x2c, 0x22, 0x1c, 0xa1, 0x20, 0x00, 0x1a,
    0x89, 0x1d, 0xa0, 0x19, 0x9a, 0x0e, 0x1c, 0x27, 0x2a, 0xa5, 0x9a, 0xa1,
    0x20, 0x2a, 0x9a, 0x92, 0x9d, 0x97, 0x14, 0x25, 0x05, 0xa9, 0x19, 0x0c,
    0x1d, 0x14, 0x09, 0x1c, 0x94, 0x14, 0x19, 0x1e, 0xa8, 0x96, 0x19, 0x24,
    0x24, 0x1d, 0x21, 0x18, 0x1d, 0x04, 0x21, 0x1f, 0xa1, 0x16, 0xa0, 0x20,
    0x17, 0x21, 0x06, 0xa6, 0x9c, 0x99, 0x12, 0x15, 0xa0, 0x16, 0x1a, 0x8d,
    0x13, 0x01, 0x9c, 0x1b, 0x1b, 0x21, 0x24, 0x92, 0x19, 0xa7, 0x11, 0x04,
    0x98, 0x1f, 0x1d, 0x8e, 0x17, 0x95, 0x99, 0xa3, 0x9b, 0x96, 0x25, 0x90,
    0x95, 0x82, 0x1c, 0x8c, 0x10, 0xa1, 0x9a, 0xa5, 0x92, 0x27, 0x05, 0x20,
    0x91, 0x15, 0x96, 0x28, 0x06, 0x8f, 0x9d, 0x1e, 0x06, 0x11, 0xa5, 0x00,
    0xaf, 0xa3, 0x1c, 0x9e, 0xa8, 0x9a, 0x20, 0x9e, 0xad, 0x92, 0xb0, 0x0d,
    0x0c, 0xa8, 0x99, 0x21, 0x96, 0x9a, 0x93, 0x25, 0x04, 0x9b, 0x0b, 0x1a,
    0x86, 0x80, 0x95, 0xa0, 0x2a, 0x9b, 0x94, 0x1d, 0xa1, 0x25, 0xa8, 0x92,
    0xa3, 0x1c, 0x93, 0x28, 0x05, 0xa4, 0xa8, 0x9a, 0x9c, 0xa6, 0x82, 0xac,
    0x1d, 0x9b, 0x24, 0x99, 0xa1, 0x09, 0x2c, 0x19, 0x0f, 0x1d, 0xa3, 0x81,
    0xa3, 0x91, 0x15, 0x15, 0x22, 0x0c, 0xa0, 0x99, 0xa1, 0x9f, 0x93, 0xa0,
    0x20, 0x81, 0x25, 0x03, 0x88, 0x8c, 0x1b, 0x21, 0x94, 0x15, 0x13, 0x1d,
    0x12, 0x20, 0x95, 0x1a, 0x00, 0xa2, 0x94, 0x1b, 0xaa, 0xaa, 0xa0, 0xa8,
    0xa9, 0x21, 0x22, 0x1f, 0x91, 0x2b, 0x03, 0x9b, 0x86, 0x9b, 0x2f, 0x14,
    0x86, 0x25, 0x92, 0x81, 0x1e, 0x20, 0xae, 0xa2, 0x13, 0x1a, 0xa5, 0x2d,
    0x81, 0x1e, 0x26, 0x0a, 0x94, 0x01, 0x9e, 0x1c, 0x86, 0x1a, 0x99, 0x18,
    0x9a, 0x22, 0xa6, 0x8b, 0x02, 0x9d, 0x95, 0x85, 0xa3, 0x96, 0x1c, 0xa2,
    0x89, 0xa9, 0x9c, 0x84, 0x26, 0x91, 0x18, 0x1b, 0x1d, 0x01, 0x07, 0x02,
    0x19, 0x10, 0x23, 0x20, 0x0e, 0x29, 0x09, 0x22, 0x26, 0x9b, 0x20, 0x1d,
    0x1a, 0x2a, 0xa0, 0x86, 0x2c, 0x03, 0x19, 0x95, 0x04, 0x24, 0x95, 0x9f,
    0x16, 0x1a, 0x92, 0x22, 0x18, 0x25, 0xa4, 0xa0, 0x97, 0x21, 0x1b, 0x8a,
    0x94, 0x19, 0xa4, 0x0c, 0x9a, 0x23, 0x9b, 0x18, 0x9a, 0x87, 0x23, 0x1d,
    0x03, 0x11, 0x27, 0xa3, 0x22, 0x21, 0x1e, 0x99, 0x00, 0x1c, 0x0e, 0x16,
    0x23, 0x8f, 0x9f, 0x98, 0x06, 0x8c, 0x04, 0x1c, 0xaa, 0x8e, 0x9b, 0xa9,
    0x0a, 0x13, 0xa1, 0x9b, 0x9e, 0xa2, 0x28, 0x9c, 0x01, 0x1f, 0x88, 0x94,
    0x12, 0x23, 0x1d, 0x17, 0x89, 0x15, 0x02, 0x9f, 0x14, 0xa0, 0x1b, 0x2a,
    0x16, 0x8a, 0x1f, 0x19, 0x15, 0x92, 0x19, 0x8f, 0x87, 0x9a, 0x10, 0x99,
    0x84, 0x97, 0x81, 0x99, 0x1d, 0x11, 0x9d, 0x20, 0x0c, 0x21, 0x9f, 0xa4,
    0x9a, 0x94, 0x96, 0x9d, 0x1c, 0x22, 0x9c, 0x0b, 0x24, 0x98, 0x8e, 0x8f,
    0x1e, 0x13, 0x22, 0x92, 0x18, 0x13, 0xa1, 0xaa, 0x98, 0x99, 0xa3, 0x09,
    0x19, 0x23, 0x19, 0x9a, 0x27, 0xa5, 0x95, 0x04, 0x1a, 0x12, 0x8f, 0x28,
    0x8c, 0x1f, 0x89, 0x1c, 0x18, 0x12, 0x28, 0x19, 0x1f, 0x18, 0x12, 0x92,
    0x97, 0x95, 0x25, 0x9d, 0x92, 0x19, 0xa0, 0x9c, 0x8f, 0xa3, 0xa1, 0xa3,
    0x15, 0x12, 0x00, 0x17, 0x9a, 0x16, 0x88, 0x13, 0xa3, 0xa0, 0x95, 0x14,
    0x1a, 0x92, 0x13, 0x9e, 0x99, 0x87, 0x0b, 0x9b, 0x1b, 0x84, 0x1d, 0xa7,
    0x9e, 0x83, 0x06, 0xa4, 0x1f, 0x1a, 0x21, 0x26, 0x11, 0x21, 0x15, 0x06,
    0xa0, 0x2a, 0x19, 0x9c, 0x03, 0x89, 0x21, 0x1f, 0x09, 0x88, 0x9a, 0x93,
    0x14, 0x1c, 0x96, 0x9f, 0x0f, 0x01, 0x1d, 0x1b, 0x21, 0x22, 0x8d, 0x09,
    0x99, 0x9b, 0x1c, 0xa6, 0x9c, 0x02, 0x23, 0x1c, 0x8e, 0x9b, 0x99, 0x19,
    0x95, 0xa7, 0x2a, 0x93, 0x87, 0xa5, 0x22, 0x29, 0x99, 0xa0, 0x1a, 0x11,
    0x9e, 0x13, 0xa2, 0x1f, 0x0a, 0x05, 0xa1, 0x11, 0x1c, 0x95, 0x9c, 0xab,
    0x0b, 0x15, 0xa2, 0xa3, 0x9b, 0x14, 0x04, 0x00, 0x1e, 0x1f, 0x88, 0x12,
    0x1e, 0x1c, 0x97, 0x11, 0x12, 0x21, 0x91, 0x1a, 0x0c, 0x1a, 0x9f, 0x1a,
    0x91, 0x9a, 0x13, 0x06, 0x15, 0x81, 0x1d, 0xa1, 0x0b, 0x19, 0xa0, 0x0b,
    0x24, 0x07, 0x84, 0x8f, 0x9c, 0xa5, 0x99, 0xa5, 0x97, 0x1c, 0x9f, 0x1c,
    0x1a, 0x24, 0x18, 0x99, 0x01, 0x9a, 0x8b, 0x20, 0x93, 0x9e, 0x94, 0x81,
    0x23, 0x13, 0xa3, 0x16, 0x1b, 0xa1, 0x83, 0x13, 0x1f, 0x15, 0x9f, 0x85,
    0x10, 0x99, 0x09, 0x9f, 0x8e, 0x07, 0x1e, 0x88, 0x9b, 0x1d, 0x1e, 0x1c,
    0x9b, 0x20, 0x23, 0xa6, 0x03, 0x9c, 0x24, 0x9b, 0x94, 0x95, 0x1d, 0x96,
    0x12, 0x0a, 0x99, 0x17, 0xa0, 0x9b, 0x90, 0x99, 0x12, 0xa0, 0x8c, 0x99,
    0x16, 0x9e, 0x2c, 0x0f, 0x12, 0x9a, 0x91, 0x21, 0x93, 0x9b, 0x83, 0x90,
    0x9c, 0xa1, 0x91, 0x9d, 0x2b, 0x22, 0x92, 0x9d, 0x14, 0x1b, 0x1a, 0x00,
    0x08, 0x9e, 0x13, 0x1d, 0x9f, 0xa1, 0x19, 0x8c, 0x0c, 0x0d, 0x0e, 0x22,
    0x96, 0x16, 0x99, 0x06, 0x22, 0x13, 0xa5, 0x1d, 0x0f, 0x83, 0x9f, 0x88,
    0x1d, 0x26, 0x1b, 0x21, 0x22, 0x89, 0x16, 0x03, 0xa8, 0x03, 0x1d, 0x0a,
    0x12, 0x21, 0x93, 0x23, 0x1c, 0x1a, 0x20, 0x21, 0x81, 0x20, 0x19, 0xa4,
    0x0b, 0xa4, 0x2f, 0x91, 0x91, 0x2c, 0x90, 0xa9, 0x8a, 0x1d, 0x96, 0x1b,
    0x0d, 0x27, 0x24, 0x21, 0x1a, 0x16, 0x23, 0x20, 0x1b, 0x9e, 0x99, 0x11,
    0xa3, 0x1a, 0xa1, 0x0e, 0xaa, 0x8b, 0xa1, 0x02, 0x82, 0x18, 0xaa, 0x17,
    0xa2, 0x17, 0xa8, 0x90, 0x17, 0xa3, 0x14, 0x95, 0x12, 0x1b, 0xa3, 0x1f,
    0x92, 0x1a, 0x1d, 0x9b, 0x22, 0x21, 0x10, 0x10, 0x09, 0x9d, 0x8a, 0x28,
    0x0d, 0x1e, 0xa1, 0x08, 0x17, 0x92, 0x10, 0x25, 0x8a, 0x94, 0x2b, 0xa5,
    0x99, 0x1f, 0x12, 0x8d, 0x29, 0x00, 0x21, 0x14, 0xa4, 0x12, 0x27, 0x99,
    0x05, 0xa5, 0x12, 0x25, 0x95, 0x21, 0x9b, 0x11, 0x09, 0x88, 0x14, 0x0a,
    0x0a, 0x15, 0x9b, 0x84, 0x1d, 0x21, 0xa4, 0x9e, 0x20, 0x21, 0xa1, 0xa4,
    0x22, 0x9d, 0x0b, 0x0b, 0x91, 0x1a, 0x13, 0x19, 0x9f, 0x91, 0xa2, 0x8a,
    0x9e, 0xa6, 0x00, 0x1e, 0x08, 0x28, 0x17, 0x1b, 0x1e, 0xa8, 0x18, 0xa2,
    0x90, 0x0f, 0xa4, 0x98, 0x97, 0x1b, 0x20, 0x91, 0x20, 0x87, 0x9c, 0xa1,
    0x8a, 0x8c, 0x06, 0x83, 0x1e, 0x23, 0xa5, 0x12, 0x9b, 0x94, 0x1e, 0x8f,
    0x11, 0x9a, 0x08, 0x9b, 0x92, 0x92, 0x9b, 0xa4, 0xa1, 0x9c, 0x98, 0x93,
    0xa4, 0x8d, 0x81, 0x17, 0x96, 0x91, 0x92, 0x1f, 0x1d, 0x82, 0x9a, 0x21,
    0x8b, 0xa6, 0x1d, 0x23, 0x99, 0x9f, 0xa1, 0x99, 0x99, 0x24, 0xa1, 0x9a,
    0x1e, 0x22, 0x1f, 0x89, 0xa3, 0x06, 0xa1, 0x21, 0x90, 0xa3, 0x23, 0x9a,
    0x86, 0x86, 0xa9, 0x1f, 0x1e, 0x25, 0x15, 0x2f, 0xa1, 0x92, 0xa3, 0x99,
    0x0d, 0x82, 0x9a, 0x86, 0x17, 0xa2, 0xa8, 0xa0, 0x19, 0x0f, 0x1e, 0x20,
    0x03, 0x9c, 0x84, 0x19, 0x9f, 0x06, 0x1a, 0x0b, 0x94, 0x84, 0x92, 0x9b,
    0x25, 0x01, 0x21, 0x9d, 0x18, 0x0a, 0x08, 0x92, 0x0f, 0x1c, 0x9a, 0x8c,
    0xa5, 0x29, 0x94, 0x0a, 0x9c, 0x1d, 0x9d, 0x9c, 0x9e, 0x9d, 0x8b, 0x97,
    0x93, 0x17, 0x98, 0x98, 0x1c, 0x9b, 0x86, 0x85, 0x21, 0x07, 0x9f, 0xa0,
    0x16, 0x92, 0x94, 0x95, 0x84, 0x1a, 0x22, 0x8a, 0x96, 0x00, 0xa1, 0x0d,
    0x03, 0xa5, 0x0d, 0x1a, 0x9c, 0xa1, 0x90, 0x87, 0x1e, 0x1b, 0x19, 0x1d,
    0x25, 0x9c, 0x94, 0x8a, 0x1c, 0x8e, 0x1f, 0x27, 0x9c, 0x96, 0x19, 0x12,
    0x9d, 0x8d, 0x9d, 0x97, 0xa2, 0x09, 0x0f, 0x9e, 0x00, 0x03, 0x99, 0xa3,
    0x17, 0xa4, 0x1b, 0x89, 0x9f, 0x03, 0x07, 0x07, 0x26, 0x8f, 0xa5, 0x8a,
    0x90, 0x28, 0x12, 0xa0, 0x15, 0x91, 0x8f, 0x09, 0x23, 0x18, 0x10, 0x88,
    0x93, 0x15, 0x84, 0x8a, 0x21, 0xa5, 0x1a, 0x1a, 0x26, 0x28, 0xa2, 0x00,
    0x92, 0x1d, 0x0d, 0x85, 0x18, 0x8c, 0x11, 0x0e, 0x8f, 0x8a, 0x14, 0xa0,
    0x90, 0x18, 0x9f, 0x19, 0x19, 0x11, 0x21, 0xad, 0xa7, 0x17, 0x0c, 0x9a,
    0x02, 0x99, 0x1f, 0x1c, 0x96, 0x96, 0x94, 0xb1, 0x1b, 0x1f, 0x27, 0x22,
    0x22, 0x1a, 0xa3, 0x21, 0xa2, 0x25, 0x1b, 0x9b, 0x11, 0x25, 0x9e, 0x8e,
    0x03, 0x9c, 0x18, 0xa2, 0x9e, 0x9b, 0x1e, 0x9d, 0x9e, 0xa3, 0x1f, 0x20,
    0x1c, 0x1d, 0xa8, 0x99, 0x9c, 0xa1, 0x10, 0x95, 0x8b, 0x01, 0x81, 0x1a,
    0x20, 0x1a, 0x93, 0x00, 0x20, 0x95, 0xa0, 0x21, 0x22, 0x1d, 0x15, 0x86,
    0xab, 0x19, 0x29, 0x28, 0x22, 0x21, 0xa8, 0xa1, 0xa1, 0xa4, 0xa0, 0xa4,
    0x8a, 0x22, 0x12, 0xa2, 0x13, 0x11, 0x10, 0x9d, 0x9e, 0x19, 0x05, 0x25,
    0xa3, 0x9a, 0x18, 0x29, 0x0d, 0x18, 0x26, 0x98, 0xa5, 0xa1, 0x98, 0x02,
    0x16, 0x22, 0x17, 0x99, 0x11, 0x1b, 0x83, 0x89, 0xa0, 0x95, 0x1b, 0x9d,
    0xa2, 0x93, 0x01, 0x1a, 0x8b, 0x8d, 0x19, 0x93, 0x07, 0xa2, 0x21, 0x06,
    0x8f, 0x8d, 0x2e, 0x1b, 0x14, 0x9e, 0xa7, 0x87, 0xa5, 0x92, 0x93, 0xa9,
    0x87, 0x1a, 0xa1, 0x8f, 0x1f, 0x05, 0x95, 0x0b, 0x82, 0x22, 0x9b, 0x84,
    0x11, 0x14, 0x22, 0x20, 0x13, 0x21, 0x1f, 0x81, 0x21, 0x21, 0x8b, 0x8a,
    0x91, 0x22, 0xa3, 0x08, 0x03, 0x1f, 0x28, 0x88, 0x92, 0x91, 0x97, 0x23,
    0x98, 0x16, 0x0a, 0x86, 0x95, 0x84, 0x95, 0x91, 0x15, 0x07, 0x19, 0xa0,
    0x1f, 0xa4, 0x1a, 0x81, 0x19, 0xaa, 0x04, 0x9d, 0x21, 0xa7, 0x15, 0x20,
    0x19, 0x20, 0x97, 0x23, 0x05, 0x10, 0xa1, 0x13, 0x16, 0xa2, 0x1a, 0xa7,
    0x1d, 0x83, 0x96, 0x8d, 0x0c, 0x11, 0x84, 0x27, 0x0e, 0x81, 0x02, 0x21,
    0x9b, 0x29, 0x27, 0x25, 0x8e, 0x13, 0x22, 0x8f, 0x94, 0x1b, 0xa1, 0x21,
    0x85, 0x0f, 0x89, 0xa2, 0x20, 0x85, 0x20, 0xa4, 0x9d, 0x13, 0x1f, 0x23,
    0x95, 0x11, 0x19, 0x9b, 0x21, 0x23, 0x81, 0x00, 0x18, 0x9a, 0x02, 0x10,
    0xa1, 0x28, 0x22, 0xa0, 0xab, 0x84, 0x98, 0x8e, 0xa0, 0x0d, 0x98, 0x9d,
    0x08, 0x26, 0x91, 0xa3, 0x10, 0x25, 0x83, 0x87, 0xa9, 0x2b, 0x12, 0x04,
    0x26, 0xa7, 0xa6, 0xa6, 0x22, 0xa3, 0x2c, 0x99, 0x20, 0x24, 0x20, 0x27,
    0xa9, 0xa3, 0x0b, 0x27, 0xa9, 0xa0, 0xa1, 0xa3, 0x87, 0x9a, 0xa1, 0x25,
    0x27, 0x99, 0x19, 0x22, 0x27, 0x23, 0xa1, 0x0f, 0x09, 0x9a, 0x2c, 0xa2,
    0x2b, 0x08, 0x98, 0x9d, 0x82, 0x24, 0x97, 0x98, 0x0e, 0x9c, 0xa7, 0x26,
    0xa7, 0x11, 0x27, 0xa9, 0x22, 0x21, 0x29, 0x88, 0x0e, 0xa2, 0xa6, 0x28,
    0x18, 0x98, 0x9e, 0x2b, 0x2e, 0x27, 0xa4, 0x28, 0x95, 0x24, 0x20, 0x22,
    0x20, 0x0e, 0x8f, 0x0d, 0x20, 0x1b, 0x21, 0x12, 0x1b, 0x22, 0x16, 0x1a,
    0x17, 0x1e, 0x13, 0x91, 0x07, 0x9b, 0x07, 0x14, 0x18, 0x8f, 0x22, 0x08,
    0x92, 0x19, 0x11, 0x17, 0x9f, 0x12, 0x28, 0x1e, 0x22, 0x95, 0x07, 0x26,
    0x14, 0x9c, 0x9d, 0x19, 0x1d, 0x27, 0xa1, 0x96, 0x1e, 0x89, 0x13, 0xa1,
    0x09, 0x81, 0xa3, 0x93, 0x12, 0x06, 0x1d, 0x88, 0x09, 0x8c, 0x9c, 0x08,
    0xa1, 0x20, 0xa0, 0x0f, 0x16, 0x14, 0x0c, 0xa9, 0x91, 0x23, 0x27, 0x22,
    0x24, 0x95, 0x99, 0x18, 0x18, 0x14, 0x1c, 0x0a, 0x9b, 0x83, 0x1e, 0x92,
    0x15, 0x21, 0x04, 0xa0, 0x1d, 0x87, 0x1f, 0x14, 0x21, 0x13, 0x25, 0x96,
    0xa2, 0x11, 0xa4, 0xa1, 0x91, 0xa7, 0x1d, 0x1a, 0x9b, 0x12, 0x21, 0x98,
    0x1a, 0x12, 0x8b, 0x21, 0x8c, 0x0b, 0x99, 0x1b, 0x04, 0x21, 0x2d, 0x1b,
    0x14, 0x94, 0x24, 0x02, 0x98, 0x1a, 0x05, 0x21, 0x18, 0x21, 0x9c, 0x91,
    0x05, 0x9a, 0x29, 0x83, 0x91, 0xa2, 0x87, 0x1b, 0x9a, 0x92, 0x06, 0x00,
    0x0d, 0x1b, 0x03, 0x1f, 0x1d, 0x27, 0x1b, 0x0f, 0x22, 0x0b, 0x05, 0x15,
    0x25, 0x94, 0x9b, 0x22, 0x07, 0x1c, 0x95, 0x9b, 0xab, 0x9b, 0x95, 0x0f,
    0x8b, 0x1a, 0x1f, 0x0a, 0x0d, 0x1f, 0x04, 0x1c, 0x90, 0xa1, 0x15, 0xa0,
    0x1b, 0x92, 0x9c, 0x9b, 0x16, 0x1e, 0x99, 0x18, 0x9a, 0x9e, 0x1d, 0x21,
    0x14, 0x19, 0x13, 0x08, 0xa0, 0x8f, 0xa2, 0x23, 0x99, 0x1d, 0x9c, 0x9f,
    0x93, 0x11, 0x18, 0x9c, 0x20, 0x92, 0x11, 0xa1, 0x1b, 0x18, 0x17, 0x1a,
    0xa0, 0x96, 0x11, 0x9c, 0x1c, 0xa2, 0x29, 0x25, 0x9c, 0x17, 0xa4, 0x04,
    0xa2, 0x18, 0x11, 0x8f, 0x10, 0x1e, 0x24, 0x9a, 0x2b, 0x06, 0x23, 0x1b,
    0x16, 0x22, 0x87, 0xa3, 0x0c, 0x05, 0x19, 0x1f, 0x14, 0x23, 0xaa, 0x2b,
    0xa3, 0x9c, 0x1f, 0x93, 0x92, 0x11, 0x1f, 0x9f, 0x95, 0x21, 0x21, 0x91,
    0x02, 0x13, 0xa0, 0x1c, 0x8b, 0x82, 0x1d, 0x0e, 0x22, 0xa2, 0xa0, 0x97,
    0x9d, 0x83, 0x0d, 0x1d, 0x0d, 0x98, 0xa1, 0x0d, 0x21, 0x8e, 0x20, 0x12,
    0xa2, 0xa2, 0x99, 0x17, 0x22, 0x22, 0xa7, 0x25, 0xa4, 0xa2, 0x28, 0x9f,
    0xa4, 0x0f, 0x1c, 0x0b, 0x1e, 0x24, 0x09, 0x04, 0xa8, 0x13, 0x20, 0x28,
    0x82, 0x1b, 0xa9, 0xa0, 0x91, 0x9c, 0x9b, 0x1c, 0x1d, 0x95, 0x20, 0x09,
    0x1a, 0xa1, 0x1a, 0x0c, 0x16, 0x9a, 0x10, 0x1c, 0x95, 0x26, 0x20, 0x16,
    0x15, 0x07, 0x0c, 0x91, 0x25, 0xa0, 0x23, 0x22, 0x12, 0x03, 0x98, 0x9e,
    0x1a, 0xa4, 0xa0, 0x87, 0x1d, 0xa4, 0x0d, 0x0c, 0x1d, 0x1d, 0x28, 0x18,
    0xa3, 0xa0, 0x00, 0x19, 0x99, 0x9d, 0x1f, 0xa2, 0x27, 0xa3, 0xa4, 0x83,
    0x93, 0x16, 0x1c, 0x2a, 0x20, 0x25, 0xa0, 0x27, 0x15, 0x12, 0x99, 0x1c,
    0x20, 0x09, 0x0c, 0x00, 0x91, 0x1b, 0xa8, 0x1d, 0x0f, 0x9d, 0x84, 0x98,
    0x84, 0x9a, 0x11, 0x19, 0xa1, 0x12, 0xa6, 0x21, 0x16, 0xa0, 0x21, 0x03,
    0x07, 0x0c, 0x08, 0x14, 0x22, 0x0f, 0xa1, 0x19, 0x8b, 0x97, 0x9d, 0x25,
    0x20, 0x9f, 0x29, 0x23, 0x19, 0x2b, 0x1c, 0xa0, 0x17, 0x9b, 0x0c, 0x84,
    0x20, 0x23, 0xa9, 0x28, 0xa0, 0x06, 0x99, 0x1e, 0x9e, 0x95, 0x19, 0x1b,
    0x12, 0x02, 0x16, 0x01, 0x88, 0x21, 0x01, 0x22, 0x0b, 0x19, 0x98, 0x9c,
    0x8d, 0xa3, 0x0d, 0x8d, 0xa5, 0x87, 0x29, 0xa1, 0x22, 0x9a, 0x1a, 0x1d,
    0x1a, 0x93, 0x06, 0x9c, 0x06, 0x24, 0x19, 0x18, 0x19, 0x9b, 0x97, 0x1d,
    0xa1, 0x11, 0x9e, 0x1f, 0x8a, 0x10, 0x1c, 0x1a, 0xa9, 0x26, 0x97, 0x19,
    0x17, 0x10, 0x26, 0x98, 0x21, 0x03, 0x9c, 0x15, 0x14, 0x09, 0x9f, 0x9b,
    0x90, 0x11, 0x9e, 0x9a, 0x9c, 0x98, 0x02, 0x03, 0x18, 0x1f, 0x12, 0xa2,
    0x86, 0x84, 0x26, 0x1a, 0x1b, 0x1c, 0x9f, 0x24, 0x17, 0x9c, 0x26, 0x19,
    0x93, 0x98, 0x99, 0x85, 0x1b, 0x9b, 0x22, 0x17, 0x90, 0x22, 0x97, 0x01,
    0x90, 0x00, 0x2b, 0x90, 0x82, 0x87, 0x1f, 0x0d, 0x1e, 0x94, 0x02, 0xa1,
    0x1b, 0x22, 0x15, 0x12, 0x9f, 0xa0, 0x84, 0x19, 0xa0, 0x25, 0x19, 0x1e,
    0xa0, 0x24, 0x12, 0x22, 0x21, 0x96, 0xa0, 0x2c, 0x15, 0x23, 0x01, 0x06,
    0x95, 0x1a, 0x01, 0x17, 0x11, 0x9a, 0x19, 0x0d, 0x1d, 0x9c, 0xa2, 0x99,
    0x95, 0x86, 0x1a, 0x96, 0xa1, 0x90, 0xa0, 0x97, 0x20, 0x03, 0x23, 0xa1,
    0x1e, 0x0a, 0xa1, 0x9e, 0x25, 0x08, 0x1f, 0x9f, 0x1a, 0x25, 0x17, 0x22,
    0x21, 0x20, 0x92, 0x12, 0x23, 0xa3, 0xaa, 0x98, 0x29, 0x22, 0x23, 0xa3,
    0x22, 0x24, 0x0e, 0x82, 0x0e, 0x1f, 0x17, 0x1f, 0x19, 0x1d, 0x1c, 0x9e,
    0x84, 0x8e, 0x9b, 0x19, 0x8c, 0x20, 0xa7, 0x18, 0x09, 0x09, 0x1d, 0x08,
    0xa6, 0x22, 0x1a, 0x96, 0x94, 0x17, 0x92, 0x10, 0x9c, 0x8f, 0x81, 0x07,
    0x1f, 0x1d, 0x10, 0xa0, 0x11, 0x09, 0x9a, 0x1c, 0x23, 0x04, 0x9e, 0x07,
    0x0a, 0x03, 0x98, 0x9c, 0xa6, 0x1d, 0xa4, 0x8d, 0x1b, 0xa2, 0x1d, 0x03,
    0xa1, 0x13, 0x97, 0x16, 0xa8, 0x97, 0x1f, 0x15, 0x1f, 0x01, 0x11, 0x11,
    0x93, 0x89, 0x82, 0x9c, 0x91, 0x0b, 0x9c, 0x1b, 0x25, 0x9a, 0x13, 0x1d,
    0x19, 0x98, 0x08, 0x9a, 0x20, 0x22, 0xa1, 0x99, 0xa6, 0x1f, 0x1a, 0x93,
    0x99, 0x15, 0x03, 0x91, 0x8b, 0x0d, 0x8a, 0xa6, 0x18, 0x22, 0x9a, 0x9a,
    0x26, 0xa8, 0x90, 0x81, 0xa2, 0x90, 0x14, 0x21, 0x81, 0x9e, 0x8b, 0x20,
    0x84, 0x26, 0x9f, 0xa0, 0x15, 0x27, 0x18, 0x93, 0x22, 0x04, 0x1d, 0x81,
    0x8b, 0x2b, 0x1c, 0x8f, 0x91, 0x22, 0xa4, 0xa3, 0x88, 0x23, 0x1c, 0x19,
    0x96, 0x98, 0x86, 0xa3, 0x87, 0x1e, 0xa5, 0x24, 0x18, 0xa1, 0x98, 0x91,
    0x1f, 0x22, 0x0e, 0x9c, 0x09, 0xa0, 0x14, 0x9a, 0x99, 0x1a, 0x9a, 0xa7,
    0x9d, 0x1e, 0xa1, 0x9c, 0xa9, 0xa3, 0x9f, 0x25, 0x9c, 0x91, 0x80, 0x9b,
    0x10, 0xa9, 0x88, 0x96, 0x1b, 0xac, 0x1d, 0x10, 0x24, 0x23, 0x93, 0x12,
    0x20, 0x21, 0x9d, 0x97, 0xa6, 0x89, 0x1e, 0x97, 0x24, 0x17, 0xa8, 0x91,
    0x86, 0x20, 0x22, 0x1d, 0x93, 0x08, 0x9f, 0x04, 0x02, 0x23, 0x8b, 0x9a,
    0xa1, 0x98, 0xa0, 0x10, 0x85, 0x16, 0x25, 0x99, 0x8c, 0x99, 0x1f, 0x1a,
    0x21, 0x22, 0x9b, 0x04, 0x84, 0x12, 0x04, 0x0e, 0x0d, 0x17, 0x9a, 0x1b,
    0x92, 0x99, 0xa1, 0x9a, 0x9d, 0x89, 0x9a, 0x0e, 0x15, 0x99, 0x2a, 0x09,
    0x81, 0x12, 0x8a, 0x25, 0x9a, 0x98, 0x1d, 0x85, 0x02, 0x0f, 0x94, 0x04,
    0x20, 0xa4, 0xa4, 0x09, 0xa3, 0x9b, 0x09, 0x06, 0x19, 0x85, 0x29, 0x00,
    0x99, 0x9b, 0x93, 0x97, 0x1a, 0x97, 0x99, 0x22, 0x08, 0x23, 0x9d, 0x9a,
    0x28, 0x21, 0x16, 0x1c, 0x1e, 0x1c, 0x1d, 0xa1, 0x97, 0x8a, 0xa3, 0xa5,
    0x1e, 0x9c, 0xa0, 0x88, 0x8f, 0x21, 0x1d, 0x9f, 0x0d, 0x99, 0x93, 0x9b,
    0x94, 0x1c, 0x95, 0xa0, 0x9a, 0x1e, 0x06, 0xa2, 0x9c, 0x22, 0xa4, 0xa4,
    0x19, 0x98, 0x91, 0x90, 0x17, 0x19, 0x8b, 0x88, 0x21, 0x01, 0x94, 0x10,
    0x00, 0x1f, 0x18, 0x08, 0x96, 0x8a, 0x22, 0x8e, 0x19, 0x23, 0x08, 0x03,
    0x12, 0x1a, 0x22, 0x81, 0x04, 0x12, 0x11, 0x06, 0x93, 0x1c, 0x21, 0x1d,
    0x0a, 0x9e, 0x98, 0x87, 0x16, 0xa4, 0x02, 0x9a, 0x8f, 0x9a, 0xa2, 0x1a,
    0x21, 0x97, 0x98, 0x97, 0x9a, 0xa6, 0x10, 0x9f, 0x9c, 0x09, 0x26, 0x12,
    0x01, 0xa1, 0x17, 0x28, 0x1c, 0x15, 0x23, 0x0d, 0x1e, 0x23, 0x8d, 0x8a,
    0xa5, 0x1e, 0xa2, 0x8b, 0x9b, 0x1f, 0x21, 0x21, 0x99, 0x11, 0x22, 0xa1,
    0x11, 0x11, 0x24, 0x27, 0x20, 0x14, 0x9b, 0x18, 0x93, 0x1e, 0x12, 0x1e,
    0x14, 0x11, 0x1c, 0x9b, 0x86, 0x00, 0x21, 0x9d, 0x25, 0x9e, 0x23, 0x9b,
    0x1f, 0x99, 0x1c, 0x27, 0xa4, 0x12, 0x98, 0x22, 0x15, 0x21, 0x9f, 0x9f,
    0x29, 0x84, 0x15, 0xa2, 0x05, 0x89, 0xa3, 0xa3, 0x15, 0x9f, 0x25, 0x18,
    0x0f, 0x24, 0x28, 0x20, 0x21, 0x23, 0x19, 0x23, 0x92, 0x18, 0x0b, 0x87,
    0x22, 0x9c, 0x04, 0x02, 0x25, 0x1a, 0x9f, 0x16, 0x89, 0x1e, 0x15, 0x83,
    0x21, 0x88, 0x1c, 0x92, 0x86, 0x14, 0xa1, 0x9c, 0x00, 0x8d, 0x98, 0x07,
    0x22, 0x9b, 0xa8, 0xa0, 0xaa, 0x9e, 0x9f, 0xa7, 0x24, 0x19, 0x28, 0x26,
    0x0f, 0x93, 0x97, 0x9e, 0x9c, 0x1a, 0x15, 0x13, 0x1f, 0x92, 0x19, 0x21,
    0x23, 0x2a, 0x24, 0x91, 0x82, 0x24, 0x9d, 0x07, 0x87, 0x83, 0x0c, 0x1b,
    0x8c, 0x94, 0x01, 0x15, 0x86, 0x9c, 0x97, 0x96, 0x95, 0xa6, 0x17, 0x9e,
    0x10, 0x15, 0x85, 0x86, 0x1f, 0x15, 0x0d, 0x93, 0x09, 0x07, 0x1e, 0x1a,
    0x14, 0x1b, 0x9d, 0x92, 0x24, 0x98, 0x0e, 0x22, 0x13, 0x9f, 0x19, 0x92,
    0x9c, 0x01, 0xa0, 0x1e, 0x1a, 0x25, 0x1b, 0x0a, 0x9d, 0x2a, 0x1e, 0x01,
    0x09, 0xa5, 0x1c, 0x82, 0x1f, 0x17, 0x04, 0x83, 0x24, 0x21, 0xa0, 0x98,
    0x92, 0x97, 0x19, 0x16, 0x93, 0x15, 0x0f, 0x8f, 0x9a, 0x90, 0x9c, 0x1f,
    0x8a, 0x99, 0x94, 0x1b, 0x9f, 0x11, 0x1c, 0x8c, 0xa7, 0x9c, 0xa0, 0x19,
    0x1a, 0x15, 0xa9, 0xa1, 0x99, 0x03, 0xa0, 0x04, 0x8f, 0xab, 0x8a, 0x92,
    0x90, 0x82, 0xa2, 0xa4, 0x92, 0xa0, 0x11, 0x0b, 0x88, 0x92, 0xa2, 0x20,
    0x96, 0x25, 0x85, 0x82, 0x27, 0x8f, 0x21, 0x0a, 0xa9, 0x1b, 0x9a, 0x13,
    0x0e, 0x24, 0x02, 0xa0, 0xa9, 0x91, 0xa2, 0x81, 0x20, 0xa0, 0x97, 0x93,
    0x1f, 0x89, 0x18, 0x8b, 0x93, 0x0f, 0x82, 0x18, 0xa1, 0x9c, 0x14, 0x93,
    0xa1, 0x25, 0x8c, 0xa1, 0x02, 0x26, 0x12, 0x26, 0x9c, 0x09, 0x80, 0x2a,
    0x99, 0x97, 0x9f, 0x00, 0x9c, 0x15, 0x22, 0x99, 0x9b, 0x26, 0x88, 0x27,
    0x9e, 0x13, 0x9a, 0x8c, 0x21, 0x9f, 0x9c, 0x98, 0x07, 0x1e, 0x9c, 0x83,
    0x19, 0xa0, 0x06, 0x1d, 0x21, 0x16, 0x23, 0x98, 0xa0, 0x89, 0x82, 0x23,
    0x1f, 0x1f, 0x1b, 0x97, 0x96, 0x23, 0x25, 0x02, 0x8a, 0xa2, 0x13, 0x84,
    0x17, 0x98, 0x9f, 0xa5, 0x09, 0x16, 0x06, 0x9a, 0x1e, 0x88, 0x13, 0x19,
    0x22, 0x01, 0x9e, 0xa1, 0x25, 0x9d, 0x9e, 0xa2, 0x9d, 0x08, 0x1a, 0xa0,
    0x19, 0xa6, 0x91, 0x26, 0x9a, 0x9f, 0x15, 0x85, 0x0e, 0x9a, 0x96, 0x95,
    0x29, 0xa5, 0x10, 0xab, 0x0f, 0x98, 0x05, 0x26, 0x23, 0x82, 0x9c, 0x21,
    0x9c, 0x9f, 0x12, 0x1f, 0x99, 0x82, 0x90, 0xa8, 0x9b, 0xa1, 0x88, 0x27,
    0x0b, 0x14, 0x97, 0x00, 0x0f, 0x98, 0x20, 0x1a, 0xa6, 0xa1, 0x11, 0x85,
    0x24, 0x11, 0x9b, 0x82, 0x1e, 0x21, 0xa5, 0x1b, 0x13, 0x9c, 0x09, 0x92,
    0xa1, 0x98, 0x19, 0xab, 0x9e, 0x9a, 0x1f, 0x91, 0x04, 0xa4, 0x8a, 0x04,
    0x9c, 0x22, 0x2b, 0x82, 0x29, 0x1c, 0x0c, 0x9b, 0xae, 0x1f, 0x92, 0x05,
    0x85, 0x07, 0x8d, 0x85, 0xa8, 0x0b, 0x0b, 0x8d, 0x26, 0xaf, 0x1b, 0x2b,
    0x24, 0x22, 0x20, 0x1a, 0x0a, 0x04, 0xad, 0x1e, 0x86, 0x84, 0x02, 0x96,
    0x9b, 0x99, 0x8b, 0x20, 0x9b, 0x92, 0x02, 0x89, 0x9b, 0x94, 0x95, 0x90,
    0x2b, 0xa6, 0x21, 0x25, 0xa7, 0x05, 0x1d, 0x91, 0xa0, 0x1e, 0xa7, 0x01,
    0xa0, 0x95, 0x89, 0x21, 0x95, 0xab, 0x1a, 0x1d, 0x2e, 0x18, 0xa5, 0x92,
    0x1f, 0x99, 0x1e, 0x27, 0x15, 0x21, 0x22, 0x9e, 0x06, 0x23, 0x25, 0x11,
    0x9a, 0x15, 0x85, 0x0b, 0x19, 0x17, 0xa0, 0xa6, 0x9a, 0x1c, 0x8e, 0x1f,
    0x88, 0x87, 0xa0, 0x94, 0x15, 0x20, 0xa0, 0x1b, 0x12, 0x84, 0x93, 0x98,
    0x89, 0x8c, 0xa3, 0x15, 0x96, 0x82, 0x97, 0xa2, 0x11, 0x21, 0x22, 0x89,
    0x1a, 0x9d, 0x1c, 0x97, 0x9d, 0x06, 0x11, 0x0a, 0x9e, 0x23, 0x9a, 0x9c,
    0x1c, 0x18, 0x94, 0x0e, 0x1a, 0x22, 0x1a, 0x22, 0x9b, 0x9f, 0x91, 0x23,
    0x12, 0x1a, 0x86, 0x21, 0x00, 0x20, 0x00, 0x18, 0x8b, 0x97, 0x03, 0x0a,
    0x9c, 0x9b, 0x12, 0x05, 0x01, 0x98, 0x84, 0x1e, 0xa1, 0x1a, 0xa0, 0xa1,
    0x0f, 0x9b, 0x0c, 0x80, 0x21, 0x12, 0xa7, 0x9a, 0x0c, 0xa8, 0xa4, 0xa4,
    0x93, 0xa8, 0x11, 0x26, 0x94, 0x9b, 0x90, 0x20, 0x19, 0x16, 0xa9, 0x0d,
    0x25, 0x94, 0x94, 0x8b, 0x07, 0x96, 0x92, 0x85, 0x25, 0x84, 0x91, 0x28,
    0x21, 0x24, 0x1b, 0x22, 0x81, 0x1c, 0x98, 0x9c, 0x0b, 0x9e, 0x92, 0x94,
    0x19, 0x9b, 0x06, 0x18, 0x99, 0x9a, 0x86, 0x83, 0x19, 0x00, 0x0c, 0x8b,
    0x1a, 0x1b, 0x16, 0x1a, 0x06, 0x17, 0x25, 0x87, 0x9d, 0x90, 0x27, 0x09,
    0x01, 0x1a, 0x85, 0x84, 0x99, 0x1a, 0x1b, 0xa2, 0x8f, 0x1e, 0x87, 0x28,
    0x1c, 0x88, 0x0d, 0x8e, 0xa5, 0x0e, 0x9b, 0x9a, 0x00, 0xa0, 0x21, 0x1b,
    0x1b, 0xa3, 0x90, 0x10, 0x20, 0x22, 0x22, 0x1e, 0x99, 0x14, 0x22, 0x0f,
    0x20, 0x13, 0x9d, 0x0c, 0x07, 0x07, 0xa0, 0x8b, 0x84, 0xa1, 0x82, 0x92,
    0x8a, 0x12, 0x25, 0x06, 0x99, 0x9a, 0x85, 0x8b, 0x8f, 0x9c, 0x9e, 0x9f,
    0x9d, 0x01, 0x9c, 0xa6, 0xa3, 0x1f, 0x10, 0x25, 0x90, 0x12, 0xa1, 0x18,
    0x9a, 0xac, 0xa7, 0x1f, 0x95, 0x92, 0x09, 0x19, 0x11, 0x1a, 0x90, 0x1c,
    0x24, 0x89, 0x1f, 0x11, 0xab, 0x88, 0x95, 0x19, 0x06, 0x87, 0x87, 0x99,
    0xa1, 0x88, 0x20, 0x24, 0x81, 0xa9, 0x06, 0x29, 0x9b, 0x92, 0x13, 0x8c,
    0x1c, 0x26, 0x22, 0x23, 0x83, 0x20, 0x20, 0x94, 0x96, 0xa4, 0x82, 0x20,
    0x0f, 0x0c, 0x93, 0x00, 0x1b, 0x14, 0x86, 0x1c, 0x25, 0x95, 0x2b, 0x21,
    0x07, 0x12, 0x98, 0x21, 0x99, 0xa5, 0x0e, 0xa2, 0x98, 0x0b, 0x82, 0x86,
    0x24, 0x1f, 0x86, 0x11, 0xa2, 0x84, 0x9c, 0x8f, 0x95, 0x03, 0x22, 0x81,
    0x17, 0x8a, 0xa3, 0x04, 0xa0, 0x05, 0x13, 0x20, 0x1e, 0x95, 0x94, 0xa4,
    0xab, 0x9f, 0x22, 0x22, 0x21, 0x01, 0xa0, 0x98, 0xa4, 0x9a, 0x02, 0x9c,
    0x06, 0x26, 0x21, 0x26, 0x1c, 0x9c, 0x99, 0x98, 0x8b, 0x98, 0x9a, 0x20,
    0x2a, 0x96, 0x13, 0xa0, 0xa1, 0x1f, 0x24, 0x05, 0x20, 0xa6, 0x1e, 0x04,
    0xa2, 0x98, 0x91, 0x9a, 0x2b, 0x21, 0x9b, 0x81, 0x06, 0x19, 0x86, 0x98,
    0x87, 0x08, 0x1b, 0x0b, 0x0f, 0x91, 0x1a, 0x03, 0x1e, 0x96, 0x97, 0x83,
    0x11, 0x23, 0x07, 0x23, 0x9b, 0x0f, 0x23, 0x1b, 0x17, 0x16, 0x0e, 0x11,
    0x1c, 0x10, 0x9a, 0x97, 0x8b, 0x81, 0x11, 0x9b, 0x0c, 0x08, 0x13, 0x24,
    0x20, 0x92, 0x1a, 0x9a, 0x17, 0x12, 0x83, 0x0b, 0x9d, 0x99, 0x05, 0x1f,
    0x21, 0x1d, 0xa4, 0x9c, 0x1b, 0xa6, 0x21, 0x9c, 0x18, 0x9f, 0x82, 0x01,
    0xa2, 0xa1, 0x94, 0x2a, 0x20, 0xa1, 0x22, 0x20, 0x27, 0x2a, 0x9c, 0x25,
    0xa8, 0x21, 0x14, 0x02, 0xa6, 0x0b, 0x16, 0x9a, 0x9f, 0x82, 0x9e, 0x1f,
    0x83, 0x93, 0x95, 0x1b, 0x28, 0x03, 0xa1, 0x05, 0x17, 0x21, 0x21, 0x28,
    0x91, 0x1a, 0x95, 0xa0, 0x14, 0xa1, 0x9a, 0x1e, 0x9c, 0xa2, 0xa1, 0x14,
    0x9e, 0x92, 0x23, 0x97, 0x95, 0x87, 0x19, 0x27, 0xa5, 0x94, 0x9c, 0x98,
    0x93, 0x13, 0x98, 0x0f, 0xa1, 0x20, 0x95, 0x09, 0x19, 0x95, 0x9c, 0x9f,
    0x97, 0x0c, 0x1e, 0x1b, 0xa0, 0x92, 0x1b, 0x14, 0x1f, 0x9b, 0x1b, 0x87,
    0x01, 0x94, 0xa1, 0xa4, 0x1b, 0x9e, 0x9d, 0x02, 0x03, 0x97, 0x16, 0x82,
    0x98, 0x1a, 0x1e, 0x99, 0x93, 0x1c, 0xa0, 0x99, 0xa1, 0x2a, 0x22, 0x00,
    0x96, 0x99, 0x17, 0x05, 0x9f, 0x84, 0x99, 0x06, 0x9e, 0xa9, 0x92, 0x1d,
    0x85, 0xa1, 0xa0, 0x98, 0x99, 0x1d, 0x29, 0x98, 0x19, 0x90, 0x81, 0x9c,
    0xa2, 0x9a, 0x84, 0x90, 0x23, 0x29, 0x1b, 0x1b, 0xa1, 0x85, 0x1d, 0x9d,
    0x06, 0x99, 0x03, 0x0f, 0x9c, 0x17, 0x13, 0x90, 0xa2, 0x06, 0x93, 0x15,
    0xa0, 0x83, 0x10, 0x90, 0x91, 0x00, 0x11, 0x06, 0x15, 0x0e, 0x1f, 0x12,
    0x04, 0x83, 0x8d, 0x22, 0x09, 0x25, 0x99, 0xa6, 0x19, 0x19, 0x9c, 0xa2,
    0x10, 0x1d, 0x28, 0x9b, 0xa9, 0xa3, 0x82, 0x88, 0x1a, 0x99, 0x20, 0x1c,
    0x28, 0x20, 0x0f, 0x1c, 0xa1, 0x97, 0x28, 0x94, 0x97, 0x9d, 0x18, 0x85,
    0x9e, 0x12, 0x1f, 0x16, 0xa3, 0x82, 0xa8, 0x85, 0xa5, 0xa0, 0xa1, 0xa8,
    0x22, 0x12, 0x9b, 0x18, 0x1b, 0x95, 0x21, 0x1a, 0x97, 0x9a, 0xa2, 0x16,
    0x94, 0x2a, 0xa8, 0x23, 0x9f, 0x9d, 0x15, 0x02, 0x2e, 0x9a, 0xa0, 0xa4,
    0xa8, 0xa0, 0x21, 0x96, 0x90, 0x1d, 0x99, 0x92, 0x03, 0xa2, 0x00, 0x9d,
    0x03, 0x03, 0x8d, 0xa6, 0x28, 0x1d, 0x1a, 0x94, 0xa7, 0x0d, 0x1b, 0x2d,
    0x1f, 0x22, 0xa5, 0x8d, 0x26, 0x1e, 0x8e, 0x86, 0x13, 0x1c, 0x1c, 0xa4,
    0x8f, 0x1c, 0x1d, 0xa3, 0x94, 0x88, 0xa9, 0x21, 0x02, 0x97, 0x19, 0x9d,
    0x0d, 0x8f, 0x8f, 0x1c, 0x90, 0x0c, 0x1f, 0x9b, 0x84, 0x21, 0x13, 0x23,
    0x95, 0x9e, 0x2d, 0x18, 0x20, 0x9b, 0x87, 0x9c, 0x8b, 0xa7, 0x0a, 0x0c,
    0x8d, 0x27, 0x86, 0x9b, 0x1f, 0x08, 0x1c, 0x1f, 0x13, 0x90, 0x9b, 0x17,
    0x05, 0x17, 0x14, 0x23, 0x19, 0x90, 0x91, 0x81, 0x83, 0xa4, 0x21, 0x88,
    0x1d, 0x93, 0x21, 0x03, 0xa5, 0x8d, 0xa1, 0x8f, 0xa0, 0xa1, 0x93, 0x8d,
    0xa3, 0x9d, 0x17, 0x9e, 0xa0, 0x16, 0x8e, 0x21, 0x03, 0x91, 0x1d, 0xa2,
    0x1b, 0x90, 0x17, 0x14, 0x27, 0x19, 0x99, 0xa7, 0x14, 0xa4, 0x01, 0x21,
    0x99, 0x0c, 0x21, 0x19, 0x9f, 0x29, 0x19, 0x05, 0x1d, 0xa3, 0x91, 0x9f,
    0x98, 0x13, 0xa8, 0x27, 0x04, 0x82, 0x0f, 0x29, 0x1c, 0x9a, 0x20, 0x9a,
    0x10, 0x92, 0x85, 0x1c, 0x92, 0x17, 0x00, 0x96, 0x1c, 0x91, 0xa2, 0x01,
    0x16, 0x27, 0x9f, 0x04, 0x9b, 0x99, 0x90, 0x91, 0xa0, 0x89, 0xa0, 0x08,
    0x18, 0x11, 0x9f, 0xa3, 0xa6, 0x26, 0x04, 0x8d, 0x23, 0x04, 0x15, 0x07,
    0x96, 0x20, 0xa0, 0x8c, 0x91, 0x0b, 0x9f, 0xa1, 0x11, 0x97, 0x21, 0xa2,
    0x87, 0x21, 0x1e, 0x20, 0x8c, 0x95, 0x9b, 0x1a, 0xa5, 0x1e, 0x9f, 0x96,
    0x90, 0x06, 0x99, 0x03, 0xa0, 0x90, 0x84, 0x09, 0x97, 0x9b, 0x96, 0xa5,
    0xa6, 0x9e, 0x22, 0x12, 0xa1, 0x16, 0x05, 0x0b, 0x23, 0xa5, 0x19, 0x9c,
    0x92, 0x05, 0x94, 0x1a, 0xa0, 0x21, 0xa9, 0x15, 0x95, 0x1c, 0x92, 0x21,
    0x9a, 0x12, 0x28, 0xa0, 0x23, 0x20, 0x96, 0xa7, 0x0b, 0x03, 0x1e, 0x1a,
    0xab, 0xa2, 0x19, 0x93, 0x03, 0x9b, 0x1a, 0x21, 0x27, 0x22, 0x8f, 0x22,
    0xab, 0x10, 0x19, 0x1c, 0x08, 0x9a, 0x92, 0x06, 0x9e, 0x96, 0x1b, 0x1d,
    0x89, 0x1b, 0x8b, 0x94, 0x90, 0x1a, 0x22, 0x1c, 0x9c, 0x81, 0x09, 0xa2,
    0x0c, 0x98, 0x91, 0x14, 0xa1, 0x1a, 0xa0, 0x99, 0x99, 0xa0, 0x25, 0x1b,
    0x21, 0x18, 0xa5, 0x98, 0x0a, 0xa3, 0x1f, 0x9a, 0x84, 0x96, 0x1d, 0x0d,
    0x16, 0x18, 0x9b, 0x86, 0x87, 0x91, 0xa1, 0x88, 0x1d, 0x19, 0x8f, 0x96,
    0x23, 0x1d, 0x18, 0x20, 0x13, 0x0a, 0x91, 0x13, 0x23, 0x92, 0x20, 0x21,
    0x8e, 0x82, 0xa2, 0x92, 0x19, 0x91, 0xa2, 0x00, 0x03, 0x99, 0x21, 0x13,
    0x06, 0x14, 0xa1, 0x1c, 0xa6, 0x9d, 0x96, 0x20, 0x8b, 0xa2, 0x0a, 0x86,
    0x89, 0x9c, 0x00, 0x1e, 0x1b, 0x1e, 0x19, 0x28, 0x1a, 0xa3, 0x22, 0xa3,
    0x9b, 0xa0, 0x1f, 0x98, 0x8e, 0x81, 0x99, 0x1f, 0xa8, 0x10, 0x11, 0x8e,
    0x1f, 0x91, 0x0e, 0x95, 0x22, 0x21, 0x29, 0x25, 0x97, 0x9c, 0x97, 0x10,
    0x88, 0x84, 0x99, 0x05, 0x1c, 0x01, 0x21, 0x27, 0x14, 0x14, 0x96, 0x9d,
    0x1f, 0x18, 0x94, 0x1f, 0x94, 0x1f, 0x22, 0x1b, 0x97, 0x8d, 0xa8, 0x8a,
    0x0a, 0x14, 0x95, 0x92, 0x93, 0x8c, 0x22, 0x9b, 0x0d, 0x23, 0x19, 0x1d,
    0x1d, 0x92, 0x9b, 0x11, 0x18, 0x1b, 0x22, 0xa6, 0x19, 0x00, 0x1a, 0x20,
    0x03, 0x14, 0x22, 0x9d, 0x24, 0xa8, 0x22, 0x9c, 0x1f, 0x11, 0xa1, 0x90,
    0xa5, 0x95, 0x82, 0x1d, 0x21, 0xa8, 0x90, 0x96, 0x0c, 0x06, 0x21, 0x03,
    0x8a, 0x24, 0x1f, 0x20, 0x8d, 0x11, 0x9a, 0x14, 0x00, 0x04, 0x83, 0x1b,
    0x21, 0x95, 0x21, 0x99, 0x1e, 0x9b, 0x99, 0x08, 0x17, 0x1d, 0x0e, 0x23,
    0x98, 0x9a, 0x8c, 0x1a, 0x89, 0xa4, 0x22, 0xa7, 0x9b, 0x0d, 0xa1, 0x91,
    0x04, 0xad, 0x0c, 0x9f, 0xa2, 0x22, 0x17, 0xa9, 0x27, 0x9e, 0x26, 0x1f,
    0x2b, 0x21, 0x9e, 0x07, 0x8e, 0x1c, 0x8f, 0x25, 0x8c, 0x16, 0x92, 0x1c,
    0x93, 0x9d, 0x08, 0x26, 0x0a, 0xa0, 0x13, 0xa1, 0x98, 0x1a, 0x94, 0x91,
    0x1f, 0x97, 0x8b, 0x85, 0xa1, 0x85, 0xa3, 0xa2, 0x8e, 0x02, 0x9d, 0xa0,
    0x19, 0x1b, 0x8b, 0x81, 0x9b, 0x93, 0x04, 0x9e, 0x22, 0x93, 0x27, 0x23,
    0x94, 0x23, 0xa7, 0xa9, 0x13, 0xa4, 0x99, 0x99, 0x14, 0x1e, 0x23, 0x0f,
    0x04, 0x24, 0x29, 0x05, 0x87, 0x9f, 0xa2, 0x84, 0x0d, 0x85, 0x87, 0x93,
    0x22, 0x25, 0xa0, 0x13, 0xa9, 0x9e, 0x9a, 0x12, 0x9a, 0x20, 0x1b, 0x94,
    0xa2, 0xa1, 0x9a, 0x16, 0xa3, 0x1d, 0x8d, 0x05, 0x07, 0x92, 0x21, 0x05,
    0x12, 0x1a, 0x20, 0x19, 0x99, 0x27, 0xa4, 0x91, 0x96, 0x1c, 0x83, 0xa0,
    0x0d, 0x99, 0x20, 0x00, 0x92, 0x9f, 0x22, 0xa8, 0xa5, 0x82, 0x03, 0x9a,
    0xa7, 0x13, 0x0f, 0x8d, 0x9b, 0x25, 0x1f, 0x8f, 0x28, 0x21, 0x21, 0x20,
    0xad, 0x0c, 0x86, 0x11, 0x1d, 0x1c, 0x8e, 0xa2, 0xa0, 0x20, 0xa3, 0x9c,
    0x22, 0xa9, 0x25, 0x9b, 0x9b, 0x1c, 0x1b, 0x19, 0x96, 0x97, 0x9a, 0xa1,
    0x04, 0x02, 0x01, 0x0d, 0x01, 0x0e, 0x02, 0x27, 0x09, 0x96, 0x14, 0x23,
    0x9a, 0x81, 0x1e, 0x0a, 0x23, 0xa2, 0x05, 0xa3, 0x10, 0x93, 0x93, 0x1f,
    0x93, 0x13, 0x28, 0x1e, 0x23, 0x9e, 0x03, 0x83, 0x1d, 0x18, 0xa3, 0xa3,
    0x29, 0x1c, 0x1c, 0x1a, 0x9b, 0xa2, 0x26, 0x97, 0x1d, 0x04, 0x06, 0x17,
    0x9d, 0x19, 0x20, 0x0c, 0x14, 0x9c, 0x22, 0x9e, 0x12, 0x21, 0x16, 0xa9,
    0x1e, 0x21, 0x99, 0x1c, 0x16, 0x9c, 0x0f, 0x82, 0x9e, 0x92, 0x98, 0x21,
    0x9b, 0xa2, 0xa0, 0x1f, 0x0f, 0x98, 0x1b, 0x15, 0x2d, 0x1d, 0x30, 0xa1,
    0x96, 0x10, 0x20, 0x1e, 0x04, 0x88, 0xaa, 0x1f, 0x11, 0x09, 0x21, 0xa3,
    0x24, 0x18, 0xa5, 0xa0, 0x1d, 0x2a, 0x24, 0x02, 0x9e, 0x1d, 0x2b, 0x2d,
    0x1e, 0x1f, 0xa1, 0x0b, 0x9f, 0x87, 0x1a, 0x92, 0x23, 0x8c, 0x97, 0x19,
    0x1b, 0x0f, 0x8b, 0x8d, 0xa0, 0x83, 0x9c, 0x87, 0x95, 0x05, 0xa1, 0x82,
    0x92, 0x99, 0x0e, 0x08, 0x04, 0x08, 0x11, 0x91, 0x8b, 0x10, 0x1f, 0x9c,
    0x9d, 0x24, 0x9e, 0x13, 0xa8, 0x96, 0x25, 0xa4, 0x98, 0x25, 0x88, 0x1a,
    0x93, 0x81, 0xa0, 0xa5, 0x11, 0x9f, 0x20, 0x0c, 0x22, 0xa1, 0x99, 0x1b,
    0x21, 0x06, 0x14, 0x1d, 0x19, 0xa2, 0x0d, 0x1e, 0x1d, 0x0e, 0x1e, 0x17,
    0x1a, 0x9a, 0x13, 0x94, 0x15, 0xa3, 0x9b, 0x96, 0x19, 0x03, 0x1f, 0x9a,
    0x01, 0x83, 0x26, 0x0d, 0x83, 0x1d, 0x0d, 0x14, 0x15, 0x87, 0x13, 0x01,
    0xa0, 0x27, 0x1e, 0xa3, 0x81, 0x1e, 0x1b, 0x1a, 0xa6, 0x9a, 0x9d, 0x9b,
    0x9a, 0x96, 0x1d, 0xa5, 0x0f, 0x98, 0x9d, 0x14, 0x26, 0x20, 0x1b, 0xab,
    0x23, 0xa0, 0x02, 0x9a, 0x89, 0xa1, 0x10, 0x85, 0x21, 0x1e, 0x9f, 0x83,
    0x89, 0x15, 0x9b, 0x83, 0x16, 0x15, 0x05, 0x23, 0x1d, 0x92, 0x8e, 0x93,
    0xa0, 0x89, 0x15, 0x98, 0x00, 0x90, 0x81, 0x17, 0x94, 0x16, 0x11, 0x15,
    0x85, 0x00, 0x24, 0x17, 0x8f, 0x9c, 0x15, 0x84, 0x98, 0xa5, 0x9c, 0x18,
    0x1b, 0x91, 0x20, 0x18, 0xa0, 0x1a, 0x08, 0x82, 0x0c, 0x1f, 0x19, 0x8c,
    0x14, 0x11, 0x18, 0xa6, 0x83, 0x27, 0x2a, 0xa0, 0xa0, 0x23, 0xa4, 0x9a,
    0xa2, 0x1b, 0xa0, 0x8a, 0xa5, 0x05, 0x84, 0x10, 0x00, 0x26, 0x99, 0x87,
    0x94, 0x1c, 0x26, 0x1b, 0x99, 0x1c, 0x92, 0xa1, 0x87, 0x11, 0x18, 0x17,
    0x8e, 0xa0, 0x12, 0x9a, 0x20, 0x9e, 0x16, 0xa2, 0x9f, 0x29, 0x23, 0x91,
    0x9d, 0x86, 0x1d, 0x98, 0x99, 0x20, 0x8c, 0x26, 0x1b, 0xa3, 0x26, 0x95,
    0xa8, 0xa4, 0x04, 0x16, 0x8e, 0x1b, 0x26, 0x20, 0xa3, 0x1b, 0xa2, 0x1d,
    0x81, 0x18, 0x1c, 0x09, 0x10, 0x9d, 0x85, 0x21, 0x9e, 0x8d, 0x19, 0x9b,
    0x1e, 0x14, 0x23, 0x81, 0x02, 0x1f, 0x27, 0x09, 0xa1, 0x94, 0xa3, 0x23,
    0x17, 0x9c, 0x21, 0x12, 0x24, 0xa9, 0xa8, 0x01, 0x93, 0x06, 0x94, 0xa2,
    0x06, 0xa2, 0x0d, 0x13, 0x16, 0xa1, 0x16, 0x1f, 0x87, 0xa4, 0x2a, 0x1a,
    0x23, 0xa4, 0x19, 0x96, 0xa9, 0x9b, 0x04, 0x9c, 0x1d, 0x28, 0x0b, 0x96,
    0x20, 0x11, 0x86, 0x9d, 0x22, 0x99, 0x98, 0x0a, 0x05, 0x94, 0x19, 0x84,
    0x0d, 0x26, 0x10, 0x06, 0xa0, 0x18, 0x1e, 0x13, 0x22, 0x97, 0xa9, 0x22,
    0x0f, 0x9e, 0x10, 0x0a, 0x92, 0x1c, 0x22, 0x1b, 0x24, 0x1f, 0x12, 0xa0,
    0x17, 0x12, 0x26, 0x1e, 0x16, 0x22, 0xa2, 0xa0, 0x26, 0x20, 0xa5, 0x8a,
    0x1c, 0x13, 0x19, 0xa4, 0x88, 0xa2, 0x11, 0x03, 0x98, 0x05, 0x1a, 0x93,
    0x24, 0x24, 0x29, 0x9a, 0x0e, 0x25, 0x15, 0x93, 0x00, 0x12, 0x98, 0x1a,
    0x1f, 0x16, 0x98, 0x23, 0x84, 0x21, 0x05, 0x21, 0x0c, 0x1f, 0x25, 0x18,
    0x1b, 0x1c, 0x96, 0x9a, 0x15, 0x8a, 0x15, 0x9b, 0x16, 0x02, 0x9e, 0xa5,
    0x15, 0x9e, 0x89, 0x21, 0x0d, 0x8f, 0x8d, 0x24, 0x96, 0xa5, 0x88, 0x91,
    0x00, 0xa0, 0x9e, 0x13, 0x94, 0xa4, 0x9b, 0x9d, 0x8f, 0x8e, 0x88, 0x20,
    0x08, 0x9e, 0x21, 0x1c, 0x9a, 0x18, 0xa2, 0x95, 0x1e, 0x20, 0x1a, 0x1e,
    0xa0, 0x97, 0x02, 0x98, 0x0b, 0x8d, 0x99, 0x22, 0x9e, 0x8b, 0x1a, 0x1b,
    0x13, 0x99, 0x8c, 0x03, 0x82, 0x0f, 0x05, 0x0a, 0x0a, 0xa2, 0x91, 0x94,
    0x07, 0x9a, 0x13, 0x97, 0xa3, 0x88, 0x21, 0x95, 0x09, 0x83, 0x92, 0x14,
    0x1c, 0x9c, 0x27, 0x9e, 0x93, 0x96, 0x97, 0x1b, 0xa0, 0x9b, 0x94, 0x1c,
    0x8c, 0x00, 0x9f, 0x8f, 0x97, 0x9c, 0x98, 0x0f, 0x09, 0x1d, 0x95, 0xa0,
    0x24, 0x8f, 0x9e, 0x81, 0x13, 0x9a, 0x01, 0x94, 0x92, 0x24, 0x98, 0x22,
    0xa0, 0x99, 0x1b, 0x1e, 0x90, 0x21, 0xa5, 0x18, 0x93, 0x80, 0x12, 0x0c,
    0x19, 0x1e, 0x06, 0x11, 0x9a, 0xa2, 0x97, 0xac, 0x25, 0x8f, 0x8c, 0xa0,
    0x9b, 0x92, 0x1a, 0xa2, 0x92, 0x99, 0x99, 0xa5, 0x2b, 0x9b, 0x10, 0x99,
    0x9e, 0x12, 0x92, 0x9a, 0x1c, 0xa5, 0xa1, 0x98, 0x81, 0x95, 0x10, 0x03,
    0x95, 0x24, 0x8b, 0x06, 0x20, 0x9b, 0x23, 0x95, 0x94, 0x20, 0x9e, 0x86,
    0x88, 0x1c, 0x9d, 0x93, 0x95, 0x88, 0xa2, 0x15, 0x8b, 0x91, 0x26, 0x9a,
    0xa4, 0x84, 0x1e, 0x9a, 0x20, 0x0d, 0x9b, 0x18, 0x0a, 0x98, 0x83, 0x0f,
    0x06, 0x91, 0x0b, 0x8b, 0x8b, 0x22, 0x86, 0x94, 0x94, 0x9f, 0x94, 0x86,
    0x19, 0x9e, 0x8f, 0x24, 0x93, 0x1f, 0x17, 0x25, 0x9c, 0x10, 0x99, 0x11,
    0x22, 0xaa, 0x9e, 0x19, 0x18, 0x97, 0x15, 0x9f, 0x29, 0x90, 0x96, 0x85,
    0x91, 0xa1, 0x1b, 0x8b, 0x26, 0x82, 0x21, 0x1b, 0x99, 0x9d, 0x9c, 0x14,
    0x87, 0x19, 0x1c, 0x18, 0x8f, 0x11, 0x8a, 0xa7, 0x89, 0x1b, 0x1c, 0x25,
    0xa1, 0x10, 0x22, 0xa1, 0x22, 0x16, 0x9f, 0x95, 0x1f, 0x1f, 0x21, 0xa5,
    0x17, 0x04, 0x85, 0x21, 0x08, 0xa0, 0x96, 0xa5, 0x1a, 0x19, 0x88, 0xaa,
    0xa1, 0x15, 0x9c, 0x07, 0x91, 0x1e, 0x26, 0x8a, 0x1a, 0x9f, 0x18, 0xa4,
    0x08, 0x9f, 0x23, 0x17, 0x8e, 0x24, 0x9f, 0x2a, 0x92, 0x13, 0x0d, 0x15,
    0x92, 0x9b, 0x96, 0x05, 0x05, 0xa6, 0x26, 0x8e, 0x17, 0x89, 0x21, 0xa1,
    0x9b, 0x15, 0x88, 0xaa, 0x24, 0x1c, 0x99, 0x1d, 0x15, 0x1c, 0xa3, 0x87,
    0x29, 0x8d, 0x9c, 0x1e, 0x23, 0x91, 0x19, 0x15, 0x99, 0x10, 0xa1, 0x91,
    0xa0, 0xa0, 0x97, 0x9d, 0x00, 0x99, 0xa5, 0x99, 0x99, 0x9c, 0x9c, 0x82,
    0x9c, 0x12, 0x0e, 0x95, 0x14, 0x1c, 0x80, 0x08, 0x9b, 0x0f, 0x13, 0x9b,
    0x15, 0x1d, 0x1a, 0x1c, 0xa1, 0x91, 0x0c, 0x94, 0x81, 0x08, 0x24, 0x18,
    0x94, 0x09, 0x95, 0x9b, 0x96, 0x99, 0x02, 0x15, 0xa3, 0x21, 0x23, 0x91,
    0x21, 0x91, 0x19, 0x20, 0x0e, 0x0c, 0x93, 0xa2, 0x12, 0x96, 0x9b, 0x9c,
    0x09, 0x8d, 0x11, 0x0c, 0x9d, 0x24, 0x1c, 0x9c, 0xa2, 0x14, 0x84, 0x8c,
    0xa3, 0x26, 0x1f, 0x18, 0xa0, 0x22, 0x88, 0xa8, 0x94, 0x25, 0x24, 0x1f,
    0xa2, 0x24, 0x26, 0x88, 0x1d, 0x19, 0x15, 0x9c, 0x0e, 0x24, 0x22, 0x29,
    0x81, 0x28, 0x1e, 0x98, 0x1b, 0x24, 0xa4, 0x1d, 0x9a, 0x1e, 0x91, 0x0e,
    0x94, 0x9b, 0x26, 0x9e, 0x25, 0x83, 0x84, 0x24, 0x1d, 0x04, 0x14, 0x01,
    0x25, 0x1d, 0x22, 0x01, 0x1e, 0x9e, 0x24, 0x9b, 0x83, 0x8f, 0x26, 0x99,
    0x9f, 0x18, 0x82, 0x22, 0x02, 0x13, 0x96, 0xa5, 0x88, 0xa1, 0x23, 0x80,
    0x1d, 0x09, 0x25, 0x26, 0x9d, 0x88, 0x0d, 0x20, 0x26, 0x01, 0x20, 0x21,
    0x90, 0x18, 0x9c, 0x95, 0x9a, 0x21, 0x85, 0x1c, 0x10, 0x19, 0x29, 0x91,
    0x91, 0x21, 0x21, 0xa2, 0x11, 0x96, 0x94, 0x1a, 0x9b, 0x94, 0xa1, 0x82,
    0x26, 0x1b, 0x89, 0x9e, 0x90, 0x22, 0x25, 0x19, 0x09, 0x9b, 0x2a, 0x99,
    0x91, 0x88, 0x90, 0x1f, 0x92, 0xa9, 0x23, 0x8e, 0xa4, 0x92, 0x86, 0x17,
    0x1f, 0x22, 0x12, 0x98, 0x1d, 0xa3, 0x9d, 0x9f, 0xa0, 0x21, 0x29, 0x2b,
    0x1e, 0x1d, 0x1c, 0x20, 0x05, 0x0d, 0x25, 0x18, 0x91, 0x81, 0x96, 0x19,
    0x86, 0x85, 0x1b, 0xa6, 0xa0, 0xa6, 0x87, 0x1d, 0xa1, 0x14, 0x21, 0x18,
    0x1c, 0x98, 0x98, 0x20, 0x90, 0x89, 0x20, 0x9f, 0x9d, 0x9c, 0x86, 0x14,
    0x9f, 0xa7, 0x10, 0x21, 0x24, 0x1c, 0x99, 0x0b, 0x87, 0x21, 0x87, 0x84,
    0xa5, 0x8a, 0x1a, 0x01, 0x0d, 0x89, 0x98, 0x9c, 0x97, 0x21, 0x05, 0x14,
    0x1e, 0x13, 0x1b, 0x86, 0xa1, 0x9b, 0x99, 0x0f, 0xa5, 0x9a, 0x18, 0x9c,
    0x20, 0x27, 0x1e, 0xae, 0x99, 0x0d, 0x1d, 0xa7, 0x9f, 0x8c, 0x24, 0x1c,
    0x9a, 0xa0, 0xa5, 0x20, 0x85, 0xa2, 0x0d, 0x17, 0x22, 0x21, 0x91, 0x8a,
    0x9a, 0x94, 0x0d, 0x89, 0xa6, 0x16, 0xa2, 0xa5, 0x92, 0x8d, 0x8d, 0x2d,
    0xa5, 0x2b, 0x1a, 0x23, 0x1d, 0x8e, 0xaa, 0xa2, 0x13, 0x2a, 0x98, 0xa9,
    0x23, 0x85, 0x27, 0x88, 0x15, 0x85, 0x1b, 0x28, 0x03, 0xa4, 0xab, 0x00,
    0x90, 0xa0, 0x26, 0x00, 0x00, 0xa1, 0x87, 0x94, 0x20, 0x9d, 0x9f, 0x91,
    0x00, 0x97, 0x0e, 0x96, 0x13, 0xa1, 0x29, 0x1f, 0x1b, 0x91, 0x12, 0x97,
    0x0f, 0x12, 0xa0, 0x0c, 0x06, 0x2a, 0x28, 0x0d, 0x8e, 0x1d, 0x1c, 0x1a,
    0xa9, 0x23, 0x93, 0x21, 0xa3, 0x98, 0x8f, 0x26, 0x9c, 0x9d, 0xa0, 0x96,
    0x97, 0x29, 0x26, 0xa3, 0x0b, 0x9b, 0x1e, 0x99, 0x9a, 0x21, 0x94, 0x14,
    0x28, 0x22, 0x16, 0x06, 0x0d, 0x8d, 0x98, 0x0b, 0x12, 0x86, 0xa0, 0x97,
    0x94, 0x12, 0x28, 0x18, 0x23, 0x95, 0x9f, 0x19, 0x11, 0x82, 0x0b, 0x9b,
    0x22, 0x92, 0x9f, 0x1b, 0x23, 0x96, 0x13, 0x1b, 0x10, 0x1f, 0x97, 0x0c,
    0x11, 0x9b, 0x16, 0x88, 0x92, 0x96, 0x91, 0x12, 0x93, 0x92, 0x21, 0xa8,
    0xa8, 0x96, 0x11, 0x00, 0xa3, 0x16, 0x29, 0xa1, 0x23, 0x04, 0x04, 0x27,
    0x1b, 0x23, 0xa2, 0x98, 0x1f, 0x17, 0xa1, 0x98, 0x04, 0x9e, 0x8f, 0x0f,
    0x0b, 0x8c, 0x9c, 0x91, 0x0a, 0x98, 0x11, 0x90, 0x85, 0x0c, 0x9d, 0x89,
    0xa2, 0x9b, 0x9a, 0x9c, 0x96, 0x91, 0x00, 0x99, 0x94, 0x15, 0x0e, 0x02,
    0x06, 0x88, 0x18, 0x10, 0x17, 0xa7, 0x23, 0xa1, 0x1b, 0x9e, 0x80, 0x22,
    0x1c, 0x07, 0x17, 0x9f, 0x9f, 0x1d, 0x20, 0xb0, 0x81, 0x24, 0x1b, 0xa1,
    0x81, 0x9f, 0x04, 0x20, 0x85, 0x1b, 0x2a, 0x2d, 0x28, 0x1c, 0x19, 0x23,
    0x1f, 0xa3, 0x00, 0x9b, 0x17, 0x1a, 0x22, 0x9f, 0x9e, 0xa2, 0x20, 0x08,
    0x0c, 0x15, 0x8e, 0x17, 0x20, 0x12, 0x99, 0x98, 0x28, 0x0b, 0xa5, 0x1c,
    0x8d, 0x01, 0x0d, 0x20, 0x98, 0x8c, 0x02, 0x8c, 0x1b, 0xa3, 0x9f, 0x21,
    0x99, 0x1a, 0x15, 0xa5, 0x89, 0x25, 0x98, 0x1b, 0x91, 0xa7, 0x21, 0x8e,
    0x89, 0x22, 0x27, 0x93, 0x27, 0xa7, 0x10, 0x91, 0x1e, 0x89, 0x07, 0x94,
    0x25, 0x17, 0x8f, 0x8a, 0x9a, 0x1b, 0xa0, 0x1d, 0x82, 0x19, 0x20, 0x9b,
    0x19, 0x10, 0x27, 0x85, 0x11, 0x85, 0x88, 0x9c, 0x1d, 0x94, 0x90, 0x9c,
    0x1c, 0x0e, 0x9a, 0x0c, 0x1d, 0x1a, 0x26, 0x1e, 0x19, 0x85, 0xa0, 0xa5,
    0x20, 0xaa, 0x99, 0x19, 0x11, 0xa1, 0x1b, 0x0b, 0x9e, 0x9e, 0x22, 0x96,
    0x18, 0xa3, 0x99, 0x1e, 0x94, 0x17, 0x1d, 0x9e, 0x27, 0xa7, 0x9b, 0x9c,
    0x22, 0x10, 0x94, 0x04, 0x07, 0x19, 0x93, 0x99, 0x04, 0x08, 0x22, 0x28,
    0x8c, 0x1b, 0x10, 0x9a, 0x1b, 0x23, 0x09, 0x0f, 0x12, 0x14, 0x98, 0x02,
    0x9f, 0x13, 0x11, 0x9b, 0xa4, 0x0c, 0x21, 0x99, 0x90, 0x21, 0x92, 0xa1,
    0x1c, 0xa1, 0x9e, 0x9c, 0x0e, 0xa7, 0x91, 0x20, 0x10, 0x24, 0x9b, 0x18,
    0xa0, 0x92, 0x00, 0x22, 0xa4, 0x24, 0xa2, 0x15, 0x0b, 0x23, 0x8a, 0x0f,
    0x02, 0x85, 0x9e, 0x97, 0xa5, 0x1c, 0x9a, 0x1f, 0x22, 0x18, 0x9a, 0xa0,
    0x9d, 0x96, 0x81, 0x0d, 0x12, 0x0c, 0x98, 0x9a, 0xa3, 0x1c, 0x1b, 0xa2,
    0x1e, 0x1c, 0x87, 0x1e, 0x1e, 0x8e, 0x81, 0x97, 0x91, 0x9f, 0x07, 0x1e,
    0x01, 0x27, 0x9d, 0x18, 0x91, 0x9c, 0x04, 0xa1, 0xab, 0x94, 0x8c, 0xa6,
    0x0e, 0x13, 0x2a, 0x26, 0x82, 0x1d, 0x0a, 0x1b, 0x03, 0x18, 0x2a, 0x1c,
    0x15, 0x2c, 0x1b, 0xa0, 0x2f, 0x25, 0x97, 0xa1, 0x0b, 0xa5, 0x1b, 0x2f,
    0x21, 0x22, 0x21, 0x21, 0x24, 0x22, 0x91, 0x9d, 0x9d, 0x89, 0x85, 0x1c,
    0x22, 0x1b, 0xa7, 0x89, 0x22, 0xa2, 0x00, 0x13, 0x18, 0x28, 0x22, 0x0b,
    0x1e, 0x16, 0x84, 0x8b, 0x1d, 0x82, 0x1b, 0x8e, 0x11, 0xa0, 0x09, 0x93,
    0x84, 0x06, 0x86, 0x94, 0x20, 0x96, 0x9a, 0x12, 0x19, 0xa3, 0x82, 0x9f,
    0x9a, 0x23, 0x95, 0xa5, 0x97, 0x91, 0x9d, 0x05, 0x93, 0x88, 0x10, 0xa1,
    0x95, 0x8b, 0x85, 0x24, 0x10, 0x1d, 0x21, 0x20, 0x85, 0x9a, 0x01, 0x21,
    0x95, 0x8c, 0x15, 0x8d, 0x94, 0x19, 0x1e, 0x9f, 0x1b, 0x0a, 0x13, 0x22,
    0x93, 0x06, 0x92, 0xa4, 0x89, 0x9b, 0x81, 0x17, 0x17, 0x97, 0x87, 0x1b,
    0x94, 0x27, 0x98, 0xa0, 0x99, 0x0c, 0x09, 0x10, 0x19, 0x97, 0x9b, 0x28,
    0x9c, 0x10, 0x01, 0x80, 0x0e, 0x95, 0xa0, 0x04, 0x05, 0x9b, 0xa1, 0x20,
    0x89, 0x1c, 0xa1, 0x91, 0x20, 0x23, 0x97, 0xa1, 0x86, 0x9d, 0x19, 0x0c,
    0x1b, 0xa1, 0x19, 0x28, 0x91, 0x91, 0x13, 0x94, 0x85, 0xa2, 0x13, 0x9c,
    0x14, 0x1a, 0x18, 0x24, 0x99, 0x9f, 0x9c, 0x1b, 0x9e, 0x87, 0x0e, 0x12,
    0x22, 0x19, 0x15, 0x8d, 0xa2, 0x22, 0x8f, 0x07, 0x25, 0x98, 0x1a, 0x1d,
    0xad, 0x8f, 0x22, 0x1d, 0x9a, 0x85, 0x20, 0x87, 0xa7, 0x95, 0x29, 0xa1,
    0x99, 0x97, 0x27, 0x9a, 0xa2, 0x06, 0x05, 0x9d, 0xa1, 0x9d, 0x81, 0x96,
    0x25, 0x24, 0xa1, 0x0c, 0x20, 0x20, 0x8e, 0x9e, 0x90, 0xa8, 0x04, 0x0c,
    0x9e, 0x00, 0xa5, 0x8c, 0x87, 0xa5, 0x1f, 0x18, 0x1a, 0x9b, 0x21, 0x9b,
    0x20, 0x1c, 0x9b, 0x09, 0x09, 0x99, 0xa9, 0x04, 0x20, 0x28, 0x0a, 0x98,
    0xa8, 0x98, 0x1f, 0xa0, 0x94, 0x20, 0xa2, 0xa7, 0xab, 0x9a, 0x92, 0xa1,
    0x0a, 0x09, 0x83, 0x93, 0x0e, 0x29, 0x24, 0xa8, 0x29, 0xa6, 0x87, 0x2b,
    0x1b, 0x1e, 0x1f, 0x23, 0x2d, 0x26, 0x1b, 0x92, 0x8d, 0x00, 0x8e, 0x1c,
    0x1d, 0xa0, 0x9b, 0x99, 0x8d, 0x25, 0x93, 0xa1, 0xa9, 0x9a, 0x10, 0x22,
    0x19, 0x17, 0x04, 0x21, 0x18, 0x18, 0x20, 0x9c, 0x87, 0x15, 0xa5, 0x1c,
    0x99, 0x9d, 0xa1, 0x1b, 0xa1, 0x22, 0x1a, 0x91, 0x14, 0x17, 0x0a, 0x8b,
    0x26, 0x1c, 0x9b, 0x9e, 0x88, 0x21, 0x90, 0x1d, 0x16, 0xa3, 0x22, 0x1c,
    0x86, 0x1e, 0x8e, 0x9d, 0x88, 0x9d, 0x9a, 0x95, 0xa7, 0x07, 0xa2, 0x1a,
    0x9b, 0x0f, 0x97, 0x18, 0x1a, 0x26, 0x11, 0x1b, 0x95, 0x11, 0xab, 0x23,
    0x1a, 0x19, 0x1a, 0xa2, 0x2a, 0x17, 0x12, 0x12, 0x1c, 0x9b, 0x23, 0xa1,
    0x96, 0x9f, 0xa5, 0x10, 0x8b, 0x17, 0xa0, 0xa6, 0x98, 0xa1, 0xa5, 0x28,
    0xaa, 0x0b, 0x03, 0x1f, 0x21, 0x14, 0x29, 0x9f, 0x21, 0x9a, 0x83, 0x1d,
    0x9c, 0x2b, 0x9b, 0x01, 0x1e, 0xa5, 0x13, 0xa1, 0x06, 0x10, 0x2a, 0x82,
    0x8a, 0x16, 0x0b, 0x22, 0xa5, 0x9d, 0x9c, 0x10, 0x01, 0x89, 0x15, 0x8c,
    0xa2, 0x17, 0xa2, 0x1f, 0x09, 0x06, 0x19, 0xa0, 0x1e, 0x18, 0x8a, 0x20,
    0x05, 0x8a, 0x0f, 0xa4, 0xa2, 0x9b, 0x15, 0x14, 0x19, 0x9c, 0x1f, 0x0e,
    0x1a, 0xa2, 0x82, 0x28, 0x83, 0x20, 0x96, 0x24, 0x8f, 0x10, 0x2c, 0x9e,
    0x9f, 0x89, 0x18, 0xa2, 0x87, 0x90, 0x9f, 0x1a, 0x2a, 0x88, 0x15, 0xa4,
    0x99, 0x06, 0x29, 0x1e, 0x20, 0xa3, 0x97, 0x22, 0x1f, 0x22, 0x84, 0xa2,
    0x16, 0x20, 0x9c, 0xa0, 0x0e, 0x28, 0xa2, 0x9e, 0xa6, 0xa1, 0x9f, 0x9d,
    0x17, 0xa6, 0x06, 0x08, 0x13, 0x29, 0x1e, 0x13, 0x0a, 0x1f, 0x2c, 0x16,
    0x24, 0x9a, 0x24, 0xa2, 0x19, 0x18, 0x23, 0x93, 0x18, 0x03, 0xa1, 0xa0,
    0x10, 0x0a, 0x04, 0x1c, 0x1b, 0x01, 0x9a, 0x83, 0xa2, 0xa4, 0x9a, 0x19,
    0x15, 0xa1, 0x20, 0x2b, 0xa0, 0x99, 0x06, 0x0d, 0x9f, 0x1f, 0x9e, 0x19,
    0x1f, 0x21, 0x90, 0x92, 0x22, 0x11, 0x22, 0x26, 0x15, 0x13, 0x90, 0x1a,
    0x12, 0x90, 0x97, 0x88, 0x15, 0x9d, 0x1e, 0x91, 0x1e, 0xa0, 0x9d, 0x9e,
    0x14, 0x23, 0x92, 0x1b, 0x95, 0x0d, 0x98, 0x1b, 0x1e, 0x17, 0xa5, 0x17,
    0x16, 0x23, 0x8e, 0x26, 0x96, 0x8a, 0x0d, 0xa7, 0x8b, 0x25, 0xa4, 0x27,
    0x14, 0x9c, 0x99, 0x82, 0x1b, 0x9a, 0x26, 0x99, 0x9f, 0x1e, 0x16, 0x9f,
    0xaf, 0x12, 0xa4, 0x10, 0x01, 0xab, 0x0f, 0x21, 0x1e, 0x8e, 0x99, 0xa0,
    0x82, 0x9d, 0x29, 0x1e, 0xa0, 0x9d, 0x97, 0xa0, 0x02, 0x1f, 0x15, 0xa5,
    0x17, 0x8a, 0x04, 0x98, 0x9a, 0x22, 0x28, 0x1c, 0x10, 0x9b, 0x98, 0x27,
    0x02, 0x02, 0x20, 0x82, 0x17, 0x9a, 0x19, 0x19, 0x20, 0x13, 0x05, 0x16,
    0x91, 0x9e, 0x24, 0x1c, 0x16, 0x24, 0x9d, 0x9c, 0x81, 0x11, 0x9e, 0xa5,
    0x18, 0x11, 0x04, 0x24, 0x85, 0x9a, 0xa2, 0xa4, 0x18, 0x1f, 0xa4, 0x19,
    0x20, 0x85, 0x1d, 0xa7, 0x13, 0x99, 0xa9, 0x98, 0x89, 0x93, 0x93, 0x07,
    0xa9, 0x95, 0x19, 0xa2, 0xab, 0x21, 0x18, 0x16, 0x9c, 0x81, 0x8e, 0xa7,
    0x16, 0x28, 0x1a, 0xa1, 0x9c, 0x9f, 0xa1, 0x87, 0x1a, 0x9d, 0x8f, 0x18,
    0x89, 0x24, 0x25, 0x26, 0xa0, 0x87, 0x8f, 0x07, 0x02, 0xa1, 0x9c, 0x28,
    0x24, 0x1b, 0x98, 0x95, 0x87, 0x22, 0x8e, 0x82, 0xa0, 0x93, 0x08, 0x1b,
    0x95, 0x03, 0x9d, 0x9c, 0x93, 0x28, 0x0a, 0xa4, 0x0d, 0xa9, 0x22, 0x8d,
    0x82, 0x83, 0x26, 0x9b, 0x1d, 0x94, 0xa2, 0x83, 0x9a, 0x11, 0x01, 0x9b,
    0x8f, 0x01, 0xa1, 0x1c, 0x15, 0xa6, 0x23, 0x1a, 0x21, 0x20, 0x17, 0x0a,
    0x12, 0x10, 0x9a, 0x18, 0x28, 0x89, 0xa3, 0xa0, 0x1e, 0x86, 0x17, 0x21,
    0x27, 0xa8, 0x11, 0xa0, 0x99, 0x21, 0xa0, 0x05, 0x1c, 0x9e, 0x9c, 0x25,
    0x1f, 0x21, 0x1a, 0x8a, 0xa2, 0x00, 0x1a, 0x03, 0xa5, 0x1a, 0x8d, 0x88,
    0x23, 0x27, 0x23, 0x98, 0x13, 0x03, 0x97, 0x94, 0x1e, 0x9b, 0x11, 0x0d,
    0xa3, 0x90, 0x9b, 0x1d, 0x90, 0x10, 0x00, 0xa1, 0x89, 0x9a, 0x8e, 0x8a,
    0x02, 0x24, 0x24, 0x02, 0x94, 0xa0, 0x87, 0x1e, 0xa3, 0x99, 0x1f, 0x1a,
    0x88, 0x90, 0x19, 0x1e, 0x19, 0xab, 0x0f, 0x90, 0x1a, 0x87, 0x07, 0x0b,
    0x22, 0x1f, 0x83, 0x2a, 0x25, 0x05, 0x93, 0x89, 0x1b, 0xad, 0x21, 0xa2,
    0x20, 0x8f, 0xa3, 0x80, 0x9d, 0x1a, 0x99, 0x21, 0x97, 0xa3, 0x1f, 0x23,
    0x1a, 0x9c, 0x08, 0xa7, 0x1d, 0x02, 0x95, 0x0c, 0x19, 0x0a, 0x96, 0x8b,
    0x1a, 0x98, 0x18, 0x24, 0x91, 0xa3, 0x07, 0xa2, 0x03, 0x15, 0xa0, 0x0e,
    0x93, 0x88, 0x1f, 0x20, 0x1c, 0x19, 0x0e, 0x8f, 0x88, 0x2a, 0x9b, 0x8d,
    0x1b, 0x8d, 0x9e, 0xa9, 0x90, 0x23, 0xa1, 0x8d, 0x92, 0x01, 0x0a, 0x90,
    0x1b, 0x9a, 0x82, 0xa4, 0x84, 0x96, 0x00, 0xa2, 0x95, 0x2e, 0xa1, 0x1a,
    0x15, 0x9c, 0x16, 0x9a, 0x9e, 0x9c, 0x12, 0x96, 0x1e, 0x29, 0x06, 0x92,
    0x9f, 0xa1, 0x9d, 0x18, 0x24, 0x9f, 0x84, 0x1e, 0x1e, 0xa5, 0xa2, 0x11,
    0x9a, 0x1a, 0x1c, 0x9d, 0x82, 0x14, 0x86, 0x04, 0x17, 0x22, 0x20, 0x9c,
    0x10, 0xa9, 0x2a, 0xa3, 0x9d, 0x1e, 0x9c, 0xa2, 0x22, 0x9c, 0x00, 0xa5,
    0x25, 0x18, 0x05, 0x0b, 0x91, 0x85, 0x1b, 0x0b, 0x8a, 0xa3, 0xa0, 0x8e,
    0x9e, 0x27, 0x90, 0x93, 0x1d, 0x9e, 0x99, 0x85, 0x27, 0xa3, 0x2d, 0x17,
    0x09, 0x20, 0x89, 0x20, 0x1e, 0x1d, 0x93, 0x9e, 0x09, 0x9c, 0x1d, 0x9d,
    0x9a, 0x1b, 0x19, 0x17, 0x88, 0x1a, 0x14, 0x09, 0x06, 0xa0, 0x0c, 0x0c,
    0x24, 0x84, 0xa1, 0x9a, 0x23, 0x2a, 0x23, 0xa1, 0x0f, 0x24, 0x82, 0xa5,
    0x88, 0x92, 0x91, 0x1b, 0x89, 0x17, 0x9b, 0x1b, 0x9a, 0x9c, 0x95, 0xa3,
    0x25, 0xa5, 0x12, 0xa1, 0xa4, 0x26, 0x20, 0xa0, 0x1e, 0xa4, 0x1b, 0xa5,
    0x9c, 0x1b, 0x93, 0x26, 0x20, 0x9e, 0x25, 0x86, 0x9d, 0x9c, 0xa6, 0x19,
    0x21, 0x8d, 0x11, 0x91, 0x20, 0x1a, 0x8c, 0x24, 0x28, 0x17, 0x1d, 0x26,
    0x10, 0x81, 0x25, 0xa0, 0x1e, 0x18, 0x24, 0x26, 0x08, 0x9e, 0x96, 0x99,
    0x14, 0x9d, 0x1b, 0x9d, 0x9c, 0x9b, 0x82, 0x9a, 0x9a, 0x07, 0x8e, 0x16,
    0x93, 0x25, 0x21, 0x95, 0x9d, 0xa8, 0x2a, 0x81, 0x0f, 0x15, 0x9c, 0x9a,
    0x21, 0x81, 0x14, 0x24, 0x89, 0x95, 0xa2, 0xa6, 0x18, 0x11, 0xa2, 0x16,
    0xa3, 0x89, 0x1c, 0x1c, 0x15, 0x9f, 0x91, 0x0e, 0x83, 0x8c, 0x20, 0x92,
    0x94, 0x93, 0x9d, 0x84, 0xa2, 0x23, 0x14, 0x88, 0xac, 0x04, 0x20, 0x28,
    0xa4, 0x29, 0x24, 0xa2, 0x1e, 0x93, 0xa9, 0x17, 0x19, 0x23, 0x07, 0xa7,
    0x95, 0x83, 0x28, 0x1a, 0x91, 0xaa, 0x16, 0x1c, 0x99, 0x0b, 0xa0, 0x1c,
    0x97, 0x89, 0x1b, 0x11, 0x22, 0x0f, 0xa0, 0x8d, 0x99, 0x18, 0x1e, 0xa1,
    0xa6, 0x22, 0x03, 0x81, 0x9f, 0x99, 0xa3, 0x21, 0x12, 0xa8, 0x84, 0x9d,
    0xa3, 0x03, 0x9f, 0x1b, 0x9b, 0x1f, 0x1c, 0x9c, 0x02, 0x18, 0xa8, 0x9d,
    0xa2, 0x1f, 0x22, 0xa8, 0x2b, 0x9a, 0x25, 0x9e, 0x25, 0x1c, 0x13, 0x16,
    0xa5, 0xa8, 0x9b, 0x11, 0x2b, 0x9e, 0x0e, 0x9b, 0x18, 0x15, 0x1d, 0x18,
    0xa2, 0xa2, 0x1d, 0x89, 0x06, 0x2c, 0xa6, 0x20, 0x1a, 0x0d, 0x13, 0x24,
    0x1b, 0x11, 0xaf, 0x21, 0x10, 0xa5, 0x15, 0x1d, 0x20, 0x19, 0xaa, 0x10,
    0x82, 0x91, 0x15, 0x94, 0xa6, 0x81, 0x98, 0x88, 0xa1, 0x83, 0x98, 0x82,
    0x89, 0x9e, 0x14, 0xa0, 0x19, 0xa6, 0x8b, 0x99, 0x8f, 0x25, 0x85, 0x13,
    0x09, 0x28, 0x96, 0xa1, 0x97, 0x22, 0x01, 0x1a, 0x8e, 0x92, 0xa3, 0x90,
    0xa6, 0x9d, 0xa5, 0x87, 0x1b, 0x9b, 0x92, 0xa0, 0xa3, 0x1a, 0xa2, 0xa3,
    0x94, 0x19, 0x17, 0x83, 0xa4, 0x1f, 0xa0, 0x1c, 0xa8, 0x84, 0x1c, 0xaa,
    0x16, 0x12, 0x93, 0xa1, 0x12, 0xa1, 0x91, 0x10, 0x86, 0x1d, 0x18, 0x20,
    0x81, 0xa5, 0x15, 0x1b, 0x1e, 0x9f, 0x1a, 0x1d, 0x28, 0xa1, 0x2b, 0x04,
    0x85, 0xa4, 0x8c, 0x81, 0x9a, 0x14, 0x1f, 0x9e, 0x10, 0x89, 0x93, 0x8e,
    0x25, 0x16, 0x17, 0x10, 0x8e, 0x2a, 0x98, 0x92, 0x19, 0xa2, 0x16, 0x1b,
    0xa6, 0x8f, 0x10, 0x8a, 0x23, 0x18, 0xa8, 0x2a, 0x95, 0x1b, 0x9d, 0xa9,
    0x9b, 0x1b, 0x15, 0xa5, 0x96, 0x20, 0x20, 0xaa, 0x15, 0x11, 0x17, 0xa1,
    0x04, 0x06, 0xa0, 0x22, 0x8a, 0x9a, 0x98, 0xaa, 0xa8, 0x04, 0x23, 0x83,
    0xa8, 0x19, 0x26, 0x92, 0xa6, 0xa9, 0x1a, 0x12, 0x1a, 0x08, 0x21, 0x1d,
    0x0e, 0x0e, 0x08, 0x9a, 0x98, 0x98, 0x97, 0x1e, 0xa3, 0x23, 0xa3, 0x1f,
    0xa6, 0x22, 0x12, 0x9b, 0x21, 0x24, 0xa1, 0x96, 0x88, 0x20, 0x21, 0x97,
    0x01, 0x18, 0x8f, 0x9c, 0x26, 0x93, 0x8a, 0xa3, 0x21, 0x91, 0x20, 0x1e,
    0x9a, 0x10, 0x83, 0x18, 0x89, 0x9a, 0x24, 0x12, 0x90, 0x21, 0x21, 0x18,
    0x25, 0x24, 0x13, 0x0b, 0x93, 0xa4, 0xa8, 0x9b, 0x9c, 0xa4, 0x87, 0x20,
    0x24, 0x9e, 0x0b, 0x1c, 0xaa, 0x1a, 0x0c, 0x21, 0x1e, 0x8c, 0x27, 0xa4,
    0x1b, 0xa2, 0x1c, 0x10, 0x85, 0x24, 0xa4, 0x25, 0x09, 0x9b, 0x2b, 0x24,
    0x8e, 0x9f, 0x19, 0x2c, 0x96, 0x18, 0x21, 0x1c, 0x21, 0xa2, 0xa9, 0x15,
    0x21, 0x9f, 0x23, 0x21, 0x17, 0x17, 0x95, 0x28, 0x0b, 0x9d, 0xa1, 0x9a,
    0x18, 0xab, 0x13, 0x29, 0x96, 0x1d, 0xa2, 0xa2, 0x91, 0x97, 0xa1, 0x96,
    0x21, 0x29, 0x93, 0xa5, 0x9d, 0x1e, 0xa9, 0xaa, 0x25, 0x12, 0xa4, 0x99,
    0x06, 0xa3, 0x1a, 0x0e, 0x11, 0xa7, 0x02, 0xa8, 0x84, 0x18, 0x8c, 0xa9,
    0x13, 0x0b, 0x23, 0x85, 0xa1, 0x08, 0x04, 0xa9, 0x9a, 0x16, 0x25, 0x91,
    0xb0, 0x93, 0x15, 0x06, 0xa2, 0x9e, 0x97, 0x01, 0x1d, 0x07, 0x1f, 0x84,
    0xb0, 0x95, 0x1e, 0x0d, 0x01, 0xa8, 0x1e, 0x11, 0x09, 0x99, 0x20, 0x20,
    0x1a, 0x22, 0x29, 0xa9, 0x9b, 0x9b, 0x28, 0x9b, 0x20, 0x13, 0xa6, 0x19,
    0x92, 0x93, 0x9c, 0x07, 0x2b, 0x92, 0x02, 0x26, 0x96, 0xa2, 0x90, 0x13,
    0x1c, 0xa1, 0x81, 0x23, 0x19, 0x23, 0x18, 0x93, 0x9d, 0x19, 0x1c, 0x21,
    0xa1, 0xa1, 0x20, 0x10, 0x9c, 0x1d, 0x19, 0x1f, 0x16, 0x1d, 0x1d, 0xab,
    0xa4, 0xa4, 0x25, 0xa2, 0x9a, 0x12, 0x15, 0xa6, 0x9f, 0x91, 0x9a, 0xa4,
    0xa1, 0x1f, 0x03, 0xa1, 0x9e, 0x94, 0x04, 0x94, 0xa6, 0xa6, 0x88, 0x1a,
    0x14, 0x82, 0x22, 0x1b, 0x91, 0x86, 0x23, 0xa5, 0x03, 0x88, 0xa1, 0x15,
    0x8a, 0x20, 0x0e, 0x1a, 0x07, 0xa3, 0xa3, 0x1d, 0x91, 0x1b, 0x9e, 0x19,
    0x15, 0x0f, 0x23, 0x22, 0x1f, 0x01, 0x22, 0xa1, 0x2a, 0x96, 0x9a, 0xa2,
    0x1b, 0x17, 0x0c, 0xa4, 0x15, 0x08, 0x11, 0xa7, 0x28, 0x0e, 0x03, 0x06,
    0x99, 0x14, 0x9f, 0x95, 0x10, 0x02, 0x9a, 0x1a, 0x23, 0x96, 0xa3, 0x22,
    0x14, 0x9f, 0x20, 0x82, 0x10, 0xa2, 0x95, 0x8d, 0x21, 0x92, 0xa3, 0x99,
    0x89, 0x1b, 0x9f, 0x98, 0x8c, 0x96, 0x10, 0xa0, 0x1f, 0x9a, 0x87, 0xac,
    0x1e, 0x08, 0x1e, 0x21, 0xa3, 0xa1, 0x99, 0x01, 0x0f, 0x90, 0xa0, 0xa6,
    0x81, 0x16, 0xa1, 0x90, 0x94, 0x23, 0x99, 0xa7, 0x1b, 0x15, 0x99, 0x1a,
    0x1a, 0x1c, 0x23, 0x0f, 0x8c, 0x92, 0x85, 0x1a, 0x11, 0x1d, 0x21, 0x20,
    0x12, 0x23, 0x1c, 0x17, 0x1c, 0x24, 0xa0, 0x09, 0x99, 0x1e, 0xa1, 0x9e,
    0x1a, 0x0b, 0x96, 0x24, 0x93, 0x8c, 0x9a, 0xa3, 0x90, 0x1e, 0x9e, 0x00,
    0x95, 0xa5, 0x1e, 0x0e, 0x19, 0x27, 0x9d, 0x8e, 0x18, 0x9b, 0x9e, 0x9c,
    0xa4, 0x93, 0x13, 0x9b, 0xa1, 0x1a, 0x20, 0xa0, 0x16, 0x1c, 0x91, 0x19,
    0x91, 0x85, 0x19, 0x1a, 0x1c, 0x99, 0x1a, 0x96, 0x97, 0x94, 0x27, 0x16,
    0x06, 0x27, 0x1b, 0x26, 0x94, 0x99, 0x89, 0x17, 0x91, 0xaf, 0x24, 0x99,
    0xa4, 0x1f, 0x9d, 0xa1, 0x82, 0x03, 0x89, 0x26, 0x09, 0x91, 0x19, 0x82,
    0x9c, 0x9b, 0x81, 0x17, 0x19, 0x13, 0x99, 0x2a, 0x83, 0x9d, 0x8b, 0x01,
    0x90, 0xa2, 0x28, 0x05, 0x10, 0xa3, 0x93, 0x9a, 0x9b, 0x90, 0x15, 0x19,
    0x9e, 0x26, 0x8f, 0x22, 0x99, 0xa9, 0x23, 0x94, 0xa2, 0x8b, 0x23, 0xa9,
    0x18, 0x16, 0xa7, 0xa0, 0x83, 0x89, 0x9d, 0x9a, 0x12, 0x93, 0x23, 0x91,
    0xa2, 0x23, 0x21, 0x98, 0x24, 0x9e, 0x12, 0x07, 0x1d, 0x16, 0x10, 0x91,
    0x21, 0x8d, 0x1c, 0x21, 0x89, 0x89, 0x0f, 0x95, 0xa7, 0x14, 0xa1, 0xa1,
    0x16, 0x15, 0x03, 0x1e, 0x14, 0x17, 0x23, 0x93, 0x21, 0x00, 0x9d, 0xa3,
    0x28, 0x21, 0xa8, 0x19, 0x9d, 0xa0, 0x99, 0xa7, 0x27, 0x19, 0xa3, 0xa3,
    0x9b, 0x8c, 0xa7, 0x06, 0x95, 0x15, 0x9f, 0x12, 0x1d, 0xa6, 0x10, 0xa1,
    0x18, 0xa5, 0x9a, 0x11, 0x24, 0x99, 0xa5, 0x92, 0x28, 0xa2, 0x04, 0x23,
    0x2c, 0xa9, 0x92, 0xa9, 0x9f, 0x94, 0x9c, 0x07, 0x05, 0x05, 0x1c, 0x1b,
    0x15, 0x1a, 0x9f, 0xa1, 0xa1, 0x95, 0x19, 0x1b, 0x19, 0x96, 0x0a, 0x91,
    0x07, 0x03, 0x2a, 0x17, 0x9a, 0x92, 0x8e, 0x0b, 0x1b, 0xa7, 0x9f, 0x20,
    0x10, 0xaf, 0x26, 0x20, 0x8f, 0x88, 0x86, 0x22, 0x89, 0x1a, 0x23, 0x11,
    0x19, 0x94, 0x9c, 0x81, 0x21, 0x9b, 0x91, 0xa3, 0x27, 0x1c, 0x24, 0x16,
    0x9d, 0x21, 0xa1, 0xa6, 0x1c, 0x9f, 0x97, 0x93, 0x22, 0x1c, 0x22, 0x88,
    0x99, 0x97, 0x1c, 0xa4, 0x8b, 0x10, 0x26, 0x10, 0x83, 0x83, 0x1b, 0x98,
    0x9e, 0xa0, 0x0b, 0x9a, 0xa1, 0x8d, 0xa4, 0x20, 0x1e, 0x1a, 0x1b, 0x1a,
    0x95, 0xa4, 0x95, 0x1e, 0x0a, 0xa9, 0xa1, 0x0e, 0x19, 0x23, 0x21, 0x15,
    0x90, 0x95, 0x92, 0x1c, 0x12, 0x04, 0x90, 0x90, 0x01, 0x18, 0x91, 0x10,
    0xa2, 0x22, 0x90, 0x12, 0x9b, 0x1c, 0x06, 0xa0, 0x2e, 0x89, 0x1b, 0x84,
    0x22, 0x0a, 0x1e, 0x06, 0x16, 0x15, 0x29, 0x89, 0xa3, 0x26, 0x93, 0xaa,
    0x1e, 0xab, 0x29, 0x24, 0x9c, 0x91, 0x2a, 0x29, 0x06, 0x85, 0x1c, 0x1e,
    0x29, 0x98, 0xa9, 0x99, 0x26, 0x90, 0x24, 0x26, 0x22, 0x96, 0x9b, 0x28,
    0x96, 0x1c, 0x9c, 0x0e, 0x21, 0x9f, 0x23, 0x2a, 0x1a, 0x04, 0x9a, 0xaa,
    0x20, 0x9d, 0x95, 0x11, 0x23, 0xae, 0x13, 0xa3, 0xa6, 0x25, 0xaa, 0x9f,
    0x24, 0x0a, 0xa1, 0x1f, 0x01, 0x82, 0x2c, 0x18, 0x94, 0xa3, 0x92, 0x89,
    0x07, 0x24, 0x9f, 0xa1, 0x27, 0x98, 0x22, 0x08, 0x99, 0x22, 0x99, 0xa9,
    0xa1, 0x08, 0x2b, 0x82, 0xb1, 0x91, 0x20, 0x26, 0x99, 0x98, 0x90, 0x20,
    0x93, 0x18, 0x24, 0x1e, 0xae, 0x1c, 0x24, 0x9b, 0x8d, 0xa5, 0x26, 0x12,
    0x1b, 0x87, 0x1f, 0x1a, 0xa4, 0x22, 0x2c, 0xa2, 0x81, 0x91, 0x26, 0xa6,
    0x23, 0xa1, 0x9d, 0x24, 0x92, 0x87, 0x95, 0x21, 0x2a, 0x88, 0x23, 0x25,
    0x20, 0x9b, 0x98, 0x13, 0x8b, 0x23, 0x1c, 0x04, 0x1f, 0x9c, 0x93, 0x9c,
    0xa0, 0x03, 0x21, 0x97, 0x9f, 0xa2, 0x8f, 0x8e, 0x81, 0x92, 0x9f, 0x09,
    0x9a, 0x1b, 0x2a, 0x2b, 0x24, 0xa1, 0x22, 0x98, 0xa2, 0x20, 0x95, 0x1c,
    0x25, 0xa6, 0x91, 0x8c, 0x9d, 0x03, 0x83, 0x94, 0xa0, 0x0a, 0x29, 0x26,
    0x1f, 0x19, 0x9f, 0x96, 0x94, 0xa2, 0xa0, 0x19, 0x8f, 0x1a, 0x1e, 0x21,
    0x0d, 0x01, 0x2a, 0xa0, 0xa2, 0xa2, 0x97, 0x23, 0x20, 0x0f, 0x23, 0x1b,
    0x98, 0xa8, 0x99, 0x12, 0x99, 0x03, 0x16, 0x90, 0xaa, 0xa1, 0x1c, 0x9f,
    0xad, 0xa7, 0x11, 0x1e, 0x84, 0x25, 0x16, 0x17, 0xa2, 0x0d, 0x1f, 0x9a,
    0xa4, 0x23, 0x90, 0x91, 0x1e, 0xa0, 0x9d, 0x01, 0x15, 0x19, 0x18, 0x1c,
    0xa1, 0x18, 0x0b, 0x95, 0x10, 0x18, 0x19, 0x22, 0x26, 0x26, 0x9f, 0x9c,
    0x1b, 0x99, 0x10, 0x1f, 0xa8, 0xa0, 0x08, 0x8e, 0x18, 0xa7, 0x9e, 0x86,
    0x1c, 0x82, 0x13, 0x28, 0x8c, 0x1f, 0xa4, 0xa0, 0x97, 0x9a, 0x06, 0xa4,
    0x18, 0x20, 0x9f, 0x87, 0x1c, 0x9d, 0x20, 0x18, 0xa2, 0x1d, 0x2d, 0xa0,
    0x90, 0x90, 0x94, 0xa4, 0x01, 0xa1, 0x98, 0xa8, 0x26, 0x0e, 0xa0, 0xa3,
    0x95, 0x89, 0x1c, 0x24, 0x10, 0x1f, 0x14, 0x18, 0xa5, 0x27, 0x9a, 0x18,
    0x21, 0xa8, 0x21, 0x8e, 0xa4, 0x1f, 0x81, 0x9a, 0x8d, 0x10, 0xa2, 0x98,
    0x20, 0x27, 0x8a, 0x0f, 0x24, 0x9e, 0x18, 0x1c, 0xa4, 0x82, 0xa4, 0x20,
    0x04, 0x8b, 0x8d, 0x1d, 0x1a, 0xa2, 0x23, 0x12, 0x28, 0x22, 0x90, 0x84,
    0x89, 0x1b, 0x8f, 0x27, 0x0c, 0x0b, 0x1a, 0xa0, 0x22, 0x96, 0xa2, 0x02,
    0x1a, 0x21, 0x9b, 0x1a, 0x9c, 0x12, 0x21, 0x93, 0x17, 0x29, 0x98, 0x21,
    0x23, 0x99, 0x23, 0x1b, 0xaa, 0x21, 0x22, 0xa5, 0x23, 0x17, 0x1b, 0xac,
    0xa9, 0x0c, 0x06, 0x87, 0x90, 0xa4, 0x03, 0xa0, 0x8c, 0x22, 0x83, 0xa1,
    0x1f, 0xa9, 0xa1, 0x15, 0xab, 0x9b, 0x19, 0x9f, 0x9e, 0x99, 0x01, 0x17,
    0x1b, 0x04, 0x04, 0x16, 0x16, 0x1a, 0x24, 0x97, 0x1b, 0x21, 0xa2, 0x88,
    0xa4, 0x10, 0x17, 0x1d, 0x24, 0x98, 0x9d, 0x23, 0x0d, 0x1b, 0x19, 0x22,
    0x8d, 0x1b, 0x1a, 0x12, 0x03, 0x17, 0x1a, 0x17, 0x9a, 0x93, 0x87, 0x1f,
    0x1a, 0x0f, 0x10, 0x82, 0x9e, 0x1d, 0x29, 0x85, 0x9e, 0x93, 0x23, 0x20,
    0x8c, 0xa3, 0x1c, 0x19, 0x26, 0x15, 0x92, 0x12, 0x13, 0x10, 0x1b, 0x1d,
    0x01, 0xa6, 0x80, 0xa1, 0xa8, 0xaa, 0x17, 0x15, 0x05, 0x9a, 0x18, 0x18,
    0x91, 0x90, 0x1a, 0x0e, 0x1b, 0x21, 0x1d, 0x00, 0x9f, 0x1e, 0x25, 0x8d,
    0x18, 0x9c, 0x97, 0xa1, 0x9f, 0x9a, 0x26, 0x18, 0x1b, 0x14, 0xa1, 0xa5,
    0x0d, 0x96, 0x98, 0x92, 0x08, 0x89, 0x0d, 0x1a, 0xa0, 0x86, 0x15, 0x93,
    0x20, 0x15, 0xa0, 0xa3, 0x26, 0x21, 0x03, 0x2a, 0xa1, 0x82, 0x9a, 0x1b,
    0x15, 0x1d, 0x25, 0x28, 0xa1, 0xa8, 0x0b, 0x96, 0x1e, 0x05, 0x90, 0x20,
    0x8e, 0x9c, 0x9c, 0x23, 0xa8, 0x98, 0x26, 0x16, 0x19, 0xa6, 0xa6, 0x12,
    0x1d, 0xa1, 0x9d, 0x97, 0x9e, 0x18, 0x15, 0x93, 0xa4, 0x92, 0xa2, 0x99,
    0x9b, 0xb4, 0x24, 0x1c, 0x1b, 0x17, 0x12, 0x1e, 0xa1, 0x26, 0x19, 0x93,
    0x19, 0x99, 0x86, 0x12, 0xa6, 0x90, 0x93, 0x96, 0x11, 0x09, 0x15, 0x21,
    0xa8, 0x11, 0x94, 0xa5, 0x14, 0x06, 0x27, 0x07, 0x21, 0x1b, 0x08, 0x1a,
    0x13, 0x98, 0xa0, 0x0b, 0x93, 0x17, 0x9e, 0x9e, 0x1c, 0x85, 0x12, 0xa4,
    0x1c, 0x17, 0x28, 0x15, 0x22, 0x99, 0x11, 0x22, 0xa0, 0x05, 0x16, 0x93,
    0x21, 0x21, 0x23, 0x1c, 0x11, 0x12, 0x2e, 0x21, 0x96, 0x04, 0x0c, 0xa3,
    0x99, 0x9b, 0x28, 0x05, 0x90, 0x00, 0x92, 0x8a, 0xa0, 0xa2, 0x27, 0x19,
    0x24, 0xa0, 0x1d, 0x1f, 0x96, 0x2b, 0xa3, 0x1a, 0x9d, 0x83, 0x82, 0x2b,
    0x97, 0x99, 0x14, 0xa3, 0xa2, 0x82, 0x9b, 0x0d, 0xa2, 0x1d, 0x98, 0xa8,
    0x1a, 0x19, 0xa2, 0xa8, 0x9c, 0x0b, 0x28, 0xa0, 0x13, 0x23, 0x0f, 0x25,
    0x22, 0x92, 0x09, 0x20, 0x9c, 0x95, 0x22, 0x8f, 0xa0, 0x2c, 0xa0, 0x85,
    0x0c, 0x9a, 0x20, 0x1e, 0x96, 0x9a, 0x28, 0xa1, 0x95, 0x9b, 0xa2, 0xa0,
    0x1b, 0x28, 0x95, 0x29, 0x1f, 0xa9, 0x88, 0xa2, 0x96, 0xa3, 0x8b, 0x04,
    0x15, 0xa0, 0x12, 0x0d, 0x0d, 0x23, 0x9d, 0xa0, 0xa8, 0x1a, 0xa4, 0x9d,
    0x8d, 0x1a, 0x23, 0xa0, 0x24, 0xa8, 0x9e, 0x8d, 0xa2, 0x99, 0x06, 0x1c,
    0x93, 0x8f, 0x04, 0x1b, 0xa0, 0x1b, 0x8d, 0x8e, 0x96, 0x87, 0xa9, 0x9a,
    0x1e, 0x20, 0x1a, 0x22, 0x1b, 0x2a, 0x1b, 0x85, 0xa0, 0x99, 0x9b, 0x98,
    0x1a, 0x9c, 0x1d, 0x9e, 0x20, 0x1f, 0xa0, 0xa0, 0x14, 0xa6, 0x9b, 0x0b,
    0x8c, 0x1f, 0x14, 0x12, 0x1c, 0x19, 0x9e, 0x9b, 0xa1, 0xa5, 0x8b, 0x97,
    0xa3, 0x11, 0x06, 0x13, 0x13, 0x9a, 0xa4, 0xa3, 0x0d, 0x26, 0x08, 0x1b,
    0x25, 0xa3, 0x1f, 0x9b, 0x98, 0x1d, 0x11, 0x9d, 0x9d, 0xa3, 0x05, 0x27,
    0x2b, 0x19, 0x88, 0xa0, 0xa4, 0x9d, 0x1d, 0x8a, 0x18, 0xa1, 0x91, 0x14,
    0xa3, 0x94, 0x94, 0x85, 0x10, 0x86, 0x93, 0x1d, 0x11, 0x9d, 0x23, 0x1c,
    0x1f, 0xa3, 0x16, 0x22, 0xa7, 0x28, 0x81, 0xa1, 0x9b, 0x9c, 0x22, 0x9c,
    0x8c, 0x18, 0x9f, 0x9f, 0x1e, 0x91, 0x87, 0x9d, 0x13, 0xa5, 0x02, 0x9b,
    0x86, 0x19, 0xa4, 0x09, 0x1f, 0xa3, 0x10, 0x0c, 0x9b, 0x8c, 0xa4, 0x1d,
    0x21, 0x0c, 0x1e, 0x1b, 0x11, 0x14, 0x91, 0x94, 0x9b, 0x11, 0x1b, 0xa1,
    0x29, 0x1d, 0x19, 0x81, 0x25, 0x1c, 0x2a, 0x17, 0xa8, 0x19, 0x26, 0xa1,
    0x88, 0x99, 0x1c, 0xa3, 0x9e, 0x9e, 0x9b, 0xa9, 0x9b, 0x8f, 0x21, 0x25,
    0x29, 0xa1, 0x98, 0x2b, 0x19, 0x09, 0x1b, 0x1e, 0x86, 0x8c, 0xa9, 0x9d,
    0x20, 0x12, 0xa4, 0x88, 0x28, 0x93, 0x8a, 0x1f, 0x1b, 0x01, 0x21, 0x24,
    0x93, 0x20, 0x19, 0x21, 0x27, 0x04, 0x98, 0x9d, 0x20, 0x9f, 0x8e, 0x19,
    0x22, 0x2f, 0x92, 0xa1, 0xa1, 0x27, 0xa0, 0xa5, 0x20, 0xa3, 0xa1, 0x02,
    0x90, 0xa0, 0x02, 0x06, 0x84, 0x8b, 0x93, 0x94, 0x9d, 0x9a, 0x9d, 0xa4,
    0x1f, 0x08, 0x20, 0x9e, 0x96, 0x96, 0xa1, 0xa7, 0x06, 0x21, 0xa1, 0x19,
    0xac, 0xa0, 0x22, 0xa0, 0x98, 0xa8, 0x13, 0xa4, 0x0a, 0x89, 0xa6, 0x8f,
    0x9e, 0xa2, 0x0a, 0x1e, 0xa1, 0x93, 0x1a, 0x0c, 0x14, 0xa1, 0x19, 0x26,
    0x14, 0x95, 0x9b, 0xa9, 0x1a, 0x1f, 0xa4, 0xa1, 0x20, 0x14, 0xa3, 0x26,
    0x9a, 0x18, 0x99, 0x23, 0x2c, 0x17, 0x1c, 0x1e, 0x9d, 0x28, 0x96, 0x21,
    0x9b, 0x89, 0x19, 0x22, 0x9f, 0x9f, 0x97, 0x24, 0x24, 0x27, 0x1a, 0x18,
    0x1f, 0x85, 0x2b, 0x0f, 0xa4, 0x96, 0x9c, 0x15, 0x1f, 0x95, 0x87, 0x18,
    0x99, 0x26, 0x1b, 0x05, 0x17, 0x1d, 0x9a, 0x98, 0x92, 0x9d, 0x9d, 0x0d,
    0x14, 0x0f, 0xa2, 0x9d, 0xa1, 0x03, 0x92, 0x81, 0x27, 0xab, 0x1d, 0xa1,
    0x19, 0x22, 0xa0, 0x25, 0x06, 0x1f, 0x1a, 0x18, 0x98, 0x17, 0x1c, 0x09,
    0xa5, 0xa1, 0xa1, 0x0f, 0x9e, 0x11, 0x93, 0x86, 0x23, 0x1d, 0x83, 0x0f,
    0x99, 0x22, 0x24, 0xa2, 0x18, 0x00, 0x17, 0x20, 0x9e, 0xaa, 0x20, 0x05,
    0x27, 0xa1, 0x1b, 0xac, 0x11, 0x1b, 0x1f, 0xa5, 0x95, 0x0e, 0x2a, 0x1b,
    0x99, 0x94, 0x83, 0x8d, 0x1a, 0xa5, 0x90, 0x10, 0x15, 0xa9, 0x0d, 0x1b,
    0x99, 0xa5, 0x19, 0x98, 0x25, 0xa7, 0x17, 0x24, 0x21, 0x14, 0x9f, 0x26,
    0x17, 0x92, 0x1a, 0x06, 0x19, 0x9c, 0x0f, 0x14, 0x13, 0xa9, 0x93, 0xa8,
    0x16, 0x20, 0x29, 0x20, 0x8d, 0xa1, 0x11, 0x18, 0xa9, 0x9f, 0x0e, 0x14,
    0xa4, 0x16, 0x96, 0x18, 0x9e, 0x22, 0xa9, 0x11, 0x26, 0x26, 0x8d, 0x98,
    0x88, 0x27, 0x22, 0x22, 0xa6, 0x16, 0x02, 0xa6, 0x1e, 0x82, 0x01, 0x1b,
    0x13, 0xa2, 0x25, 0x18, 0x2a, 0x2c, 0x98, 0x9d, 0x9d, 0x22, 0x8d, 0x9e,
    0x1e, 0x9d, 0x1c, 0x27, 0x0a, 0x96, 0x24, 0x9a, 0x9a, 0x16, 0x0f, 0x1d,
    0x9b, 0x9f, 0x17, 0x1e, 0x1f, 0xa1, 0xa1, 0xa2, 0x12, 0x85, 0x17, 0x10,
    0xa4, 0x0d, 0x9d, 0xa2, 0xa2, 0x9b, 0x18, 0x9f, 0x98, 0x14, 0x20, 0xa0,
    0x98, 0x9d, 0xa0, 0x8f, 0x24, 0x1c, 0x07, 0x21, 0x99, 0x95, 0x1e, 0x85,
    0x8c, 0x04, 0x19, 0x18, 0x19, 0xa1, 0xa8, 0x99, 0x18, 0x1c, 0x17, 0x25,
    0x90, 0x22, 0xa2, 0x85, 0xa9, 0x15, 0x9b, 0x96, 0x26, 0x99, 0x12, 0x91,
    0x1c, 0x2a, 0x1b, 0x1e, 0xa9, 0xa5, 0x22, 0xa8, 0x1c, 0x21, 0x02, 0xa0,
    0xa1, 0x9d, 0x22, 0xa0, 0x92, 0x18, 0x8a, 0x97, 0x20, 0xa2, 0xa5, 0x12,
    0x9a, 0xa7, 0x98, 0x21, 0x21, 0x83, 0x09, 0xa2, 0x97, 0x00, 0x18, 0xa7,
    0x19, 0xa5, 0x94, 0xa7, 0x16, 0x9b, 0x1d, 0x28, 0x0e, 0x8c, 0x04, 0x21,
    0x22, 0x2b, 0x91, 0xa6, 0x8f, 0x94, 0x9f, 0x26, 0x8f, 0x95, 0x20, 0x23,
    0x99, 0x1e, 0x8d, 0xa2, 0x14, 0x99, 0xa1, 0x21, 0x11, 0x8c, 0x10, 0x2c,
    0x88, 0x9c, 0x19, 0x29, 0xa4, 0x1e, 0xa8, 0x9e, 0x02, 0xa9, 0x99, 0x13,
    0xab, 0x9d, 0x82, 0xa0, 0x1e, 0x24, 0x12, 0x11, 0x98, 0xa1, 0x0a, 0x19,
    0xa8, 0x9f, 0x1f, 0x2a, 0x93, 0x97, 0x28, 0x0f, 0x0c, 0x9e, 0x11, 0x14,
    0x1a, 0x9d, 0x1a, 0x94, 0x1a, 0x1c, 0x84, 0x9c, 0xa2, 0x16, 0x24, 0x87,
    0x9c, 0x12, 0x14, 0xa5, 0x2a, 0x10, 0x22, 0x09, 0x16, 0x20, 0x95, 0x95,
    0x8f, 0x97, 0x1f, 0x8a, 0x9a, 0xa1, 0x9c, 0x10, 0x18, 0x26, 0x01, 0x28,
    0x9b, 0xa5, 0xa8, 0x99, 0x0b, 0x94, 0x11, 0x9c, 0x16, 0x91, 0xa3, 0xa7,
    0xa5, 0xa8, 0x2c, 0x91, 0x21, 0x09, 0x88, 0x9b, 0xa4, 0x17, 0x95, 0x98,
    0x93, 0x1a, 0x8d, 0xa8, 0x8e, 0x97, 0x02, 0x16, 0x21, 0x25, 0x09, 0x15,
    0x99, 0x1b, 0x91, 0xab, 0x00, 0x15, 0x9d, 0x1d, 0x17, 0xa1, 0x18, 0x11,
    0xa5, 0x9a, 0x93, 0x1b, 0xaa, 0x19, 0x16, 0x83, 0x20, 0x25, 0x9f, 0xa8,
    0x16, 0x07, 0x1d, 0x99, 0x1a, 0x24, 0x19, 0x24, 0x0a, 0x96, 0x24, 0x13,
    0x1f, 0x00, 0x11, 0x91, 0x9a, 0x12, 0x25, 0x9b, 0xa9, 0x98, 0x1b, 0x85,
    0x11, 0xa0, 0x12, 0x90, 0xa2, 0x8e, 0xa1, 0x17, 0x99, 0x1e, 0xa6, 0x18,
    0x23, 0x1c, 0x2b, 0x20, 0x2a, 0x8d, 0xa1, 0x13, 0x29, 0xa6, 0x95, 0x1f,
    0x27, 0x90, 0x88, 0x1d, 0x96, 0x2e, 0x26, 0x06, 0x2a, 0x81, 0x8f, 0x2d,
    0xa0, 0x22, 0x29, 0xa3, 0x1c, 0x18, 0x0b, 0x18, 0xa5, 0x17, 0xaa, 0x25,
    0x0f, 0x9d, 0x97, 0x21, 0x8b, 0x14, 0x17, 0x26, 0x16, 0xae, 0x29, 0xa7,
    0x9c, 0x1a, 0x0e, 0x28, 0xa0, 0x1e, 0x21, 0x10, 0x26, 0x94, 0x9b, 0x8e,
    0xa9, 0x22, 0x12, 0x11, 0x94, 0x23, 0x20, 0x14, 0x98, 0xa5, 0x1d, 0x19,
    0x8f, 0xa4, 0x28, 0xa4, 0x97, 0x01, 0x27, 0x87, 0x15, 0x21, 0x9c, 0x1e,
    0x0d, 0x9b, 0x22, 0x0d, 0x85, 0x25, 0x8a, 0x17, 0xa3, 0x94, 0xa3, 0x1a,
    0x29, 0x8a, 0xa2, 0x0f, 0x1a, 0x12, 0x9e, 0x15, 0x07, 0x91, 0x19, 0xa4,
    0x1c, 0xa6, 0x22, 0xa6, 0x9c, 0x08, 0x16, 0x23, 0x98, 0x1b, 0x9a, 0x1a,
    0x83, 0xa1, 0x04, 0xa0, 0x88, 0x1b, 0xa9, 0x0f, 0x22, 0xa3, 0xa1, 0x1d,
    0xa4, 0x9a, 0x18, 0x11, 0x1b, 0x91, 0x87, 0x94, 0x17, 0x98, 0x1c, 0x19,
    0xa3, 0xac, 0xa3, 0x9c, 0x1b, 0x9f, 0x8b, 0x9b, 0x24, 0x81, 0x15, 0x13,
    0x02, 0x87, 0x94, 0x95, 0x17, 0x1d, 0x9a, 0x8a, 0xa0, 0x1c, 0xa2, 0x8f,
    0x88, 0x8b, 0x27, 0xab, 0x96, 0x16, 0x12, 0x1d, 0x89, 0x96, 0x20, 0xa8,
    0x28, 0x0c, 0x95, 0x0c, 0x84, 0x1a, 0x9c, 0x91, 0x25, 0x28, 0x9b, 0x14,
    0x22, 0xb7, 0x9a, 0xa6, 0x82, 0x19, 0x91, 0x19, 0x04, 0x9b, 0x0d, 0x07,
    0x02, 0x86, 0xa5, 0x90, 0x81, 0x05, 0x21, 0x9a, 0x21, 0xa4, 0xa0, 0x19,
    0x9e, 0x9d, 0x01, 0x12, 0x95, 0x97, 0x0b, 0x99, 0x93, 0x8e, 0x18, 0x91,
    0xa4, 0xa1, 0x15, 0x98, 0x17, 0xa0, 0x21, 0x12, 0x17, 0x29, 0x21, 0x9a,
    0x98, 0x98, 0x15, 0x99, 0x9b, 0x9a, 0x21, 0x19, 0x0b, 0x26, 0x24, 0x28,
    0x81, 0xa5, 0x9b, 0x03, 0x87, 0x1e, 0xa8, 0x91, 0x1f, 0x97, 0x83, 0xa0,
    0x21, 0x20, 0x00, 0x23, 0x98, 0x94, 0x16, 0x16, 0x18, 0x1b, 0x23, 0x98,
    0x93, 0x1e, 0x09, 0xa2, 0x21, 0x20, 0x18, 0x9a, 0x9e, 0x15, 0x23, 0x09,
    0xa1, 0x8d, 0xaf, 0xa4, 0x97, 0x10, 0xa1, 0x24, 0x92, 0x27, 0x9a, 0xa5,
    0x16, 0x28, 0x1d, 0xa3, 0x0a, 0x1d, 0x0c, 0x81, 0x1c, 0x16, 0x19, 0x85,
    0x8d, 0x8d, 0x90, 0x92, 0x9f, 0x01, 0x91, 0x8e, 0xa4, 0x99, 0x19, 0x94,
    0x1d, 0xa2, 0x11, 0x26, 0x1e, 0x18, 0x1f, 0x16, 0x92, 0x8c, 0x20, 0x12,
    0xa3, 0x9c, 0x8e, 0x20, 0x18, 0x08, 0x92, 0x25, 0x1c, 0x27, 0x1c, 0x22,
    0x20, 0x81, 0x9f, 0x1e, 0x22, 0x8d, 0x19, 0x1a, 0xa5, 0xac, 0x88, 0x9b,
    0x22, 0x28, 0x1f, 0x24, 0xa5, 0x91, 0x1e, 0x1b, 0x91, 0x08, 0x09, 0x10,
    0x12, 0x1c, 0x9c, 0x1c, 0x88, 0x22, 0x91, 0xa1, 0xa6, 0x11, 0x06, 0x1b,
    0x14, 0x11, 0xa7, 0xa8, 0x1f, 0xa3, 0x1a, 0x82, 0xa9, 0x8f, 0x0b, 0x86,
    0xb0, 0x9e, 0x10, 0x09, 0x88, 0x26, 0x1e, 0x1f, 0x9c, 0xa5, 0x86, 0xa6,
    0x90, 0x19, 0x19, 0x24, 0x1b, 0x85, 0x03, 0x17, 0xa1, 0x17, 0xa3, 0x21,
    0x9f, 0xa2, 0x82, 0x1e, 0x9a, 0x09, 0xa9, 0x0e, 0x1c, 0x23, 0x15, 0x88,
    0x9a, 0x20, 0x81, 0x21, 0xaa, 0x20, 0x1c, 0x23, 0x22, 0x98, 0x9e, 0x0d,
    0x17, 0xaa, 0x1c, 0xa1, 0x86, 0xa0, 0x1a, 0x20, 0xa0, 0x8f, 0x1b, 0x15,
    0x92, 0xa4, 0x1a, 0x08, 0x92, 0x91, 0x18, 0x09, 0x1b, 0x1b, 0x82, 0x81,
    0x91, 0xa4, 0x94, 0x20, 0x15, 0x25, 0x13, 0x03, 0x1b, 0x00, 0x15, 0x16,
    0x9b, 0x12, 0x9b, 0x1d, 0x9b, 0xa0, 0x92, 0x99, 0xa3, 0x05, 0x18, 0xa7,
    0x9b, 0xa7, 0x9c, 0x15, 0x1e, 0x1b, 0x12, 0x21, 0x1a, 0x91, 0x93, 0x1d,
    0x96, 0xa0, 0x9b, 0xa7, 0x04, 0x1f, 0x23, 0x09, 0x92, 0xa2, 0x26, 0x16,
    0x9d, 0x97, 0x85, 0x8e, 0xa7, 0x95, 0x8e, 0x2a, 0xa4, 0x90, 0x0e, 0x21,
    0x9a, 0x07, 0x24, 0x1f, 0x16, 0x23, 0x86, 0xa7, 0x14, 0x29, 0x15, 0x09,
    0x9a, 0x89, 0x1c, 0x0f, 0x88, 0x19, 0xa2, 0x1e, 0x25, 0x89, 0x12, 0x98,
    0x06, 0x14, 0x9c, 0x29, 0x22, 0x9b, 0x09, 0x9a, 0xa7, 0x23, 0x1f, 0x1f,
    0x87, 0x06, 0x1f, 0x99, 0x22, 0xa1, 0x1e, 0x93, 0xa6, 0xa5, 0x19, 0x01,
    0x22, 0x32, 0xa0, 0x10, 0x0d, 0x9a, 0x89, 0x92, 0x9c, 0x21, 0x12, 0x12,
    0x95, 0x85, 0x8a, 0xa3, 0xa1, 0x19, 0xa3, 0x28, 0x02, 0x8a, 0x09, 0x93,
    0x83, 0x02, 0x98, 0x86, 0x19, 0x96, 0x8f, 0x96, 0x8d, 0x1b, 0xa1, 0x0e,
    0xad, 0x1c, 0x92, 0x85, 0x21, 0x28, 0x11, 0x14, 0xa2, 0xa4, 0x9a, 0x2a,
    0x19, 0x20, 0x22, 0x1d, 0x13, 0x9d, 0x0b, 0x8a, 0x96, 0x9f, 0x8b, 0x88,
    0x1c, 0xa9, 0xa0, 0x02, 0x82, 0x9e, 0x03, 0x10, 0x14, 0x1e, 0x12, 0x8e,
    0x20, 0x86, 0x94, 0x8d, 0x1a, 0x95, 0x1c, 0x9b, 0x83, 0x24, 0x22, 0x1b,
    0x19, 0x98, 0x1a, 0x22, 0x89, 0x2a, 0xa0, 0x14, 0xa1, 0x12, 0x1d, 0x25,
    0xa2, 0xa8, 0x20, 0xa2, 0x9e, 0x1b, 0x96, 0x8e, 0xa0, 0x27, 0x97, 0x1d,
    0x1f, 0x26, 0xa0, 0xa6, 0xaa, 0x93, 0x19, 0xa0, 0x94, 0x21, 0x1e, 0x14,
    0x20, 0x8e, 0x9a, 0x16, 0x9a, 0x90, 0x22, 0x83, 0x9c, 0x31, 0x19, 0xa9,
    0x14, 0x96, 0x1c, 0x27, 0x90, 0x8f, 0x2b, 0x96, 0x9e, 0x98, 0x2b, 0x8f,
    0x08, 0x18, 0x92, 0x20, 0x1b, 0x99, 0xa1, 0x0e, 0x1b, 0x88, 0x0d, 0x21,
    0x85, 0x0e, 0x22, 0x0a, 0x03, 0x1d, 0x9d, 0x22, 0x0a, 0x9d, 0xa1, 0x01,
    0x93, 0x1f, 0x1c, 0x98, 0x21, 0x9d, 0x06, 0x83, 0x9d, 0x9f, 0x9e, 0x18,
    0x96, 0x82, 0x1f, 0x15, 0x9c, 0xa0, 0x98, 0xa9, 0xa2, 0x98, 0xa2, 0x8b,
    0x2b, 0x9d, 0xa5, 0xa1, 0x9d, 0x85, 0x18, 0x15, 0x99, 0x0b, 0x95, 0xa6,
    0xa9, 0x93, 0x20, 0xa2, 0x1d, 0x2a, 0xa6, 0x88, 0x16, 0x90, 0x1d, 0x25,
    0x06, 0xa4, 0x19, 0x97, 0x12, 0x25, 0x24, 0x09, 0xa2, 0x19, 0x22, 0x18,
    0xa3, 0xa1, 0x15, 0xa2, 0xa9, 0x94, 0x08, 0x0d, 0x90, 0x19, 0x99, 0x9e,
    0x23, 0x20, 0x89, 0x22, 0x89, 0x07, 0xa2, 0x9a, 0x89, 0x17, 0x12, 0x86,
    0xa9, 0x14, 0x1b, 0x28, 0x27, 0x98, 0x20, 0x97, 0x19, 0x1a, 0x15, 0x18,
    0x99, 0x23, 0x24, 0x04, 0x81, 0xa0, 0x23, 0x8d, 0x16, 0x96, 0x14, 0x18,
    0x82, 0x9b, 0x82, 0x18, 0x23, 0x22, 0xa9, 0xa3, 0x1c, 0x83, 0x19, 0x24,
    0x12, 0x9d, 0x19, 0x14, 0x27, 0x1e, 0x22, 0x81, 0x19, 0x9c, 0x1b, 0xa3,
    0x03, 0x99, 0x1b, 0xa8, 0x20, 0x9c, 0x26, 0x18, 0xa5, 0x04, 0x1c, 0xa4,
    0x01, 0x9f, 0x8e, 0x1d, 0x12, 0x28, 0xa9, 0x89, 0x29, 0x8f, 0x1f, 0x9f,
    0x24, 0x22, 0x9f, 0x14, 0x00, 0x9f, 0x9a, 0x21, 0x25, 0xa2, 0xa0, 0x9c,
    0x25, 0x2b, 0x24, 0x98, 0xa0, 0xa5, 0x10, 0x07, 0x14, 0x10, 0x9b, 0x99,
    0x1f, 0x14, 0x9f, 0x21, 0x2a, 0x1f, 0x27, 0xa8, 0xa5, 0x9f, 0x93, 0x93,
    0x89, 0x12, 0xa8, 0xa3, 0x10, 0xb3, 0x31, 0xa2, 0x94, 0x00, 0x95, 0x1c,
    0x1f, 0x18, 0x0a, 0xa1, 0x02, 0x9d, 0x19, 0x1e, 0x88, 0x98, 0x1c, 0x13,
    0x9d, 0xa4, 0xa3, 0x9a, 0x19, 0xa1, 0x98, 0x27, 0x8b, 0x1b, 0x23, 0x94,
    0xa3, 0xa1, 0x85, 0x14, 0x14, 0x0c, 0x01, 0x13, 0x0e, 0x9c, 0x92, 0x20,
    0x88, 0xad, 0xa6, 0x9d, 0x20, 0x1a, 0x9a, 0x8f, 0x1f, 0x90, 0x85, 0x89,
    0x95, 0x20, 0x0e, 0x85, 0x15, 0x94, 0x21, 0x9d, 0x20, 0xa3, 0x11, 0x22,
    0x88, 0x03, 0x1b, 0x9f, 0x14, 0x0a, 0x19, 0x9d, 0x27, 0x0f, 0x9c, 0x18,
    0x94, 0x9c, 0x02, 0x8c, 0x1f, 0x29, 0x1d, 0xa7, 0x9c, 0x93, 0x16, 0x1c,
    0x31, 0x9a, 0x1c, 0x10, 0x9f, 0x1a, 0x1b, 0xa4, 0xa7, 0x23, 0x8f, 0x0a,
    0x27, 0xa0, 0x18, 0x2b, 0xa8, 0xa0, 0x91, 0xa8, 0x2a, 0x17, 0xa9, 0x9b,
    0x9e, 0x12, 0x1a, 0x19, 0xa2, 0x9c, 0x22, 0x90, 0xa2, 0x1b, 0xa7, 0xa2,
    0x8a, 0x12, 0x8e, 0xa8, 0x15, 0x18, 0xa1, 0x21, 0xa4, 0x93, 0x87, 0x96,
    0x9d, 0x86, 0x9d, 0x99, 0xaa, 0x23, 0x99, 0x1c, 0x19, 0x30, 0x1f, 0x1d,
    0x84, 0xa3, 0x12, 0x0e, 0x21, 0xa4, 0x8a, 0x0d, 0x92, 0x8d, 0x16, 0x95,
    0x17, 0x9a, 0x89, 0x1f, 0xa9, 0x20, 0x9b, 0x92, 0x22, 0x26, 0x0b, 0xa5,
    0xa7, 0x92, 0x9b, 0x0d, 0x82, 0x1b, 0x93, 0xa4, 0x21, 0x22, 0x9d, 0x9f,
    0x17, 0x1e, 0x24, 0x94, 0x99, 0x1b, 0x9b, 0x99, 0x91, 0xa9, 0x27, 0x18,
    0x12, 0x22, 0xa4, 0x8c, 0x0e, 0x19, 0x13, 0x0f, 0x9e, 0xa9, 0xaa, 0x1a,
    0x08, 0x9f, 0xa8, 0x27, 0x18, 0x1f, 0x08, 0x27, 0x91, 0x0b, 0x91, 0x23,
    0x20, 0xa8, 0x19, 0x88, 0x9a, 0x23, 0x1e, 0x9a, 0x86, 0x1f, 0x0c, 0x19,
    0x0c, 0x8b, 0x20, 0x26, 0x88, 0x9c, 0xa1, 0x28, 0x1f, 0x09, 0xa4, 0x1f,
    0xa1, 0x1a, 0xa3, 0x00, 0x0c, 0x13, 0xa7, 0x99, 0x9a, 0x81, 0x23, 0x09,
    0x05, 0x25, 0x21, 0x1f, 0x00, 0x9b, 0x1c, 0x25, 0x21, 0x1b, 0x1f, 0xa4,
    0xa2, 0x96, 0x00, 0x98, 0x04, 0xb0, 0x1f, 0x92, 0x14, 0x11, 0x0f, 0x28,
    0x26, 0x9b, 0x1b, 0x91, 0x21, 0x82, 0x18, 0x22, 0x94, 0x02, 0x94, 0x1c,
    0x99, 0x1d, 0x91, 0xac, 0x25, 0xa2, 0x28, 0xa3, 0x21, 0x17, 0x9a, 0x9b,
    0x05, 0x2c, 0x86, 0x96, 0xa2, 0x8c, 0x87, 0x0c, 0xa1, 0xa7, 0xa5, 0xa8,
    0x95, 0xa0, 0xa2, 0x1e, 0xa5, 0x1f, 0x27, 0x03, 0x8d, 0x96, 0x1b, 0x0f,
    0x82, 0x1f, 0x16, 0x29, 0x94, 0xa5, 0x0c, 0xa5, 0x9e, 0x19, 0xa2, 0x12,
    0x25, 0xa4, 0x9d, 0x2a, 0xa6, 0x95, 0x99, 0x31, 0x2b, 0x10, 0x1a, 0x1a,
    0x97, 0xa8, 0x16, 0x05, 0xa2, 0x17, 0xa9, 0xad, 0x99, 0xa4, 0x0b, 0x21,
    0x14, 0xac, 0x9f, 0xa2, 0x26, 0x93, 0x14, 0x8a, 0x1f, 0x01, 0xa5, 0x02,
    0x29, 0x18, 0xa2, 0x13, 0x19, 0x1d, 0x1a, 0x22, 0x0d, 0x21, 0x1f, 0x93,
    0x05, 0x8d, 0x10, 0x21, 0x0e, 0x84, 0x9c, 0x1b, 0x2f, 0x15, 0x05, 0x97,
    0x1e, 0x9a, 0x96, 0x9d, 0xa6, 0x22, 0x8b, 0xa7, 0x0f, 0xa2, 0xaa, 0x27,
    0x12, 0x1e, 0xa6, 0x81, 0x1d, 0x1d, 0x8e, 0xab, 0x02, 0x1e, 0x15, 0xa1,
    0x20, 0x07, 0x1d, 0x1d, 0x9f, 0xa1, 0x8b, 0xa3, 0x18, 0x04, 0x94, 0x25,
    0xa9, 0xa3, 0x19, 0x96, 0xa1, 0x92, 0x83, 0x8a, 0x1c, 0x28, 0x99, 0x83,
    0x9c, 0x8b, 0x9a, 0x00, 0x19, 0x92, 0x0f, 0x20, 0x02, 0x25, 0x25, 0x1b,
    0x9f, 0x11, 0x25, 0x96, 0x97, 0x23, 0x9f, 0xa3, 0x29, 0x9c, 0x91, 0x18,
    0x22, 0x1a, 0x11, 0x86, 0x25, 0x1a, 0x96, 0x29, 0xa0, 0x0f, 0x13, 0x1e,
    0x26, 0xa5, 0x1b, 0x1c, 0x02, 0x2f, 0xa3, 0xa6, 0x10, 0xa5, 0xab, 0x18,
    0x01, 0x0a, 0xa1, 0x94, 0xa2, 0x1c, 0x0f, 0x21, 0xa8, 0x20, 0xa2, 0x85,
    0x8c, 0x98, 0x0c, 0xa8, 0x9e, 0x96, 0x81, 0x18, 0x9c, 0x21, 0x17, 0x88,
    0x00, 0x98, 0x16, 0x17, 0xa6, 0x21, 0x21, 0x8d, 0xa0, 0x21, 0x0c, 0x21,
    0x23, 0xaa, 0x1e, 0x19, 0x83, 0x99, 0x22, 0xa9, 0x91, 0xa7, 0xa4, 0x11,
    0x1d, 0x23, 0x01, 0x26, 0x08, 0xab, 0x9c, 0xa4, 0xa4, 0x99, 0x0f, 0x9b,
    0x28, 0xa7, 0xa0, 0x1d, 0x21, 0x07, 0xac, 0x94, 0x10, 0x16, 0x9e, 0xa4,
    0xa2, 0x17, 0x1a, 0xa1, 0x22, 0xa6, 0xa1, 0x9a, 0x02, 0x9c, 0xa0, 0x20,
    0x19, 0x1d, 0x9e, 0x17, 0x9f, 0x98, 0x9a, 0x9c, 0x92, 0x9d, 0x9a, 0x23,
    0x1e, 0x05, 0xaa, 0x24, 0x21, 0x20, 0x84, 0x9c, 0xa6, 0xa0, 0x88, 0x0e,
    0x83, 0x8b, 0x94, 0xa2, 0xa0, 0x13, 0xa3, 0x2b, 0x26, 0x12, 0x91, 0x2c,
    0x9b, 0x00, 0x8f, 0x21, 0x8d, 0x1e, 0xa3, 0x2a, 0x86, 0x90, 0x91, 0x8c,
    0xa9, 0x94, 0x1d, 0x84, 0x84, 0x21, 0x1c, 0x99, 0x9d, 0x13, 0x1a, 0xa0,
    0xa4, 0x12, 0x19, 0x94, 0x96, 0x8a, 0x1a, 0xa4, 0x9c, 0x21, 0xa4, 0x99,
    0x9b, 0x9f, 0x1e, 0xa0, 0x83, 0xad, 0xa5, 0x1d, 0x1c, 0x85, 0x2a, 0x27,
    0x83, 0x13, 0x2c, 0x8d, 0x84, 0x9c, 0x8c, 0x19, 0xa3, 0x29, 0x8b, 0x23,
    0x9c, 0x93, 0x9f, 0x94, 0x06, 0x20, 0x8e, 0x8c, 0xa3, 0x17, 0x28, 0x0d,
    0x13, 0x23, 0x99, 0x13, 0x14, 0x0c, 0x9c, 0xa2, 0x12, 0x21, 0x29, 0xad,
    0x25, 0x19, 0x9a, 0x92, 0x90, 0x19, 0x23, 0x00, 0x13, 0x1e, 0x9c, 0x26,
    0x12, 0x9d, 0x82, 0x86, 0x1d, 0xa7, 0xa9, 0x90, 0xa0, 0x1a, 0xac, 0x27,
    0x2a, 0x23, 0x21, 0x18, 0x12, 0x09, 0xa1, 0x1e, 0xa1, 0x88, 0x9b, 0x9a,
    0x01, 0x06, 0x28, 0x9c, 0x97, 0x9c, 0x1a, 0x1d, 0x00, 0x1e, 0x1b, 0x15,
    0xa4, 0x10, 0x1c, 0x01, 0xa0, 0xa8, 0x8a, 0x81, 0x1a, 0x0b, 0xa0, 0x20,
    0x23, 0x19, 0x29, 0x9f, 0x1d, 0x26, 0xa0, 0x92, 0xa0, 0x00, 0x1d, 0xa0,
    0x24, 0x17, 0x9e, 0x8f, 0x95, 0x8b, 0x0b, 0x89, 0x1c, 0x91, 0x26, 0x06,
    0xa7, 0x28, 0x16, 0x9a, 0x90, 0x18, 0x04, 0x9e, 0x8c, 0x1c, 0x23, 0xa2,
    0x12, 0x05, 0x24, 0x86, 0x9c, 0x17, 0x85, 0x0a, 0x93, 0x1f, 0x9c, 0x26,
    0x14, 0x9f, 0x0c, 0x27, 0xa1, 0x84, 0x21, 0x9d, 0x1a, 0x03, 0x1d, 0x0c,
    0x22, 0x19, 0x0d, 0x24, 0x00, 0x1d, 0x99, 0x23, 0x20, 0x22, 0x28, 0x00,
    0xa2, 0x99, 0xa7, 0x9e, 0x07, 0x9e, 0x83, 0x06, 0x93, 0x1c, 0x82, 0x96,
    0x13, 0x27, 0x21, 0xa0, 0x21, 0x20, 0x19, 0xa8, 0x21, 0x9f, 0x8c, 0x9a,
    0xa2, 0x9e, 0x1c, 0xa8, 0xa9, 0x0d, 0x20, 0x05, 0x9b, 0x2d, 0x9f, 0x21,
    0x90, 0xa0, 0x23, 0x29, 0x16, 0xa3, 0x9a, 0xa0, 0x0a, 0x1c, 0x82, 0x09,
    0x9b, 0x22, 0xa4, 0x9e, 0x0e, 0x8b, 0xa5, 0x83, 0x1e, 0x12, 0xa3, 0x22,
    0xa5, 0x9a, 0xa0, 0x9c, 0x22, 0x20, 0x94, 0x24, 0xa1, 0x99, 0x21, 0x99,
    0x18, 0x21, 0x1a, 0x95, 0xa3, 0x22, 0x9a, 0x91, 0x25, 0xa5, 0x96, 0x1a,
    0x86, 0x89, 0x07, 0x03, 0x81, 0x9b, 0x10, 0x1a, 0x87, 0x8e, 0x87, 0x1d,
    0x9e, 0x18, 0xaa, 0x21, 0x9a, 0x1d, 0x8e, 0xa3, 0x25, 0x12, 0x0b, 0xa5,
    0x17, 0x98, 0xa6, 0x81, 0x99, 0x20, 0x9a, 0x82, 0xa8, 0x96, 0x86, 0x93,
    0x26, 0x99, 0x14, 0x8c, 0x08, 0x04, 0x19, 0xa0, 0x91, 0x24, 0x22, 0x19,
    0x9e, 0x12, 0x21, 0x07, 0x9c, 0x01, 0xa7, 0x20, 0x81, 0xac, 0xab, 0x17,
    0x0b, 0xae, 0x96, 0x22, 0x21, 0x86, 0x9d, 0x19, 0xa3, 0x8d, 0xa2, 0x97,
    0x31, 0x19, 0x05, 0x10, 0x86, 0x26, 0x23, 0x9a, 0x99, 0xa9, 0xa4, 0x18,
    0x00, 0x18, 0x18, 0x9e, 0x8a, 0x87, 0x98, 0x98, 0x08, 0x22, 0x24, 0x92,
    0x28, 0x92, 0x1e, 0x99, 0x81, 0x99, 0x1c, 0xaa, 0x1c, 0x1d, 0x9c, 0xa7,
    0x18, 0x26, 0x93, 0x1a, 0xa2, 0x1d, 0x19, 0x12, 0x94, 0xa9, 0x04, 0x1e,
    0x11, 0xa4, 0x9e, 0x19, 0xa9, 0x28, 0x06, 0x20, 0x23, 0x1c, 0x08, 0x22,
    0xa8, 0xa2, 0x86, 0xa6, 0x21, 0x2b, 0xa4, 0x92, 0xa1, 0x17, 0x26, 0x04,
    0x19, 0x1f, 0x00, 0xa2, 0xa1, 0xaa, 0xaa, 0x20, 0x88, 0x10, 0x29, 0xa2,
    0x9e, 0x98, 0x20, 0x05, 0xab, 0xaa, 0x82, 0x91, 0x20, 0x17, 0xa1, 0x24,
    0x81, 0x9b, 0x15, 0x1d, 0xa6, 0xa5, 0x9a, 0x24, 0x22, 0x9b, 0x25, 0x99,
    0x9f, 0x11, 0x2a, 0x9f, 0x1a, 0x22, 0xa6, 0x25, 0x16, 0x29, 0x16, 0x22,
    0xa1, 0xa0, 0x00, 0x8d, 0x22, 0x14, 0x92, 0x99, 0x22, 0xa2, 0x0d, 0x21,
    0x1a, 0x08, 0xa3, 0x14, 0x29, 0x06, 0xa5, 0x2a, 0xa4, 0x27, 0x24, 0x08,
    0xa4, 0xa1, 0x85, 0x83, 0x23, 0x93, 0x1c, 0x8d, 0xab, 0x22, 0x20, 0x1a,
    0x99, 0x00, 0xa5, 0x9d, 0x0a, 0x8c, 0x99, 0x95, 0x9e, 0x98, 0x16, 0x95,
    0x1a, 0xa1, 0x29, 0x81, 0x26, 0xa4, 0x9f, 0x1d, 0xa0, 0x96, 0x9f, 0x9b,
    0x2b, 0xaa, 0x21, 0x24, 0x17, 0x87, 0x10, 0x1e, 0x1f, 0x1e, 0x25, 0x1f,
    0xa4, 0x93, 0x10, 0x98, 0xa1, 0x26, 0x98, 0x19, 0x0f, 0x00, 0x8f, 0x8f,
    0x83, 0x19, 0x18, 0x03, 0xa5, 0x07, 0x0c, 0x17, 0xa4, 0x00, 0x9d, 0xa3,
    0x23, 0x21, 0x9b, 0xa1, 0x07, 0x81, 0xa1, 0xa0, 0x2a, 0x11, 0xa5, 0x9d,
    0x1f, 0x96, 0x31, 0xa0, 0x91, 0x23, 0x29, 0x26, 0x98, 0x22, 0x21, 0x1a,
    0x17, 0xab, 0x85, 0x21, 0xa2, 0xad, 0x21, 0x24, 0xa9, 0x21, 0x24, 0x92,
    0xa9, 0x2c, 0x9d, 0x1b, 0x29, 0x9e, 0x09, 0xa2, 0x11, 0xab, 0x1e, 0xa1,
    0x1f, 0xa2, 0x8d, 0x19, 0x92, 0x22, 0xa2, 0x23, 0xa1, 0x23, 0x93, 0x27,
    0x88, 0x99, 0x9c, 0x20, 0x9f, 0x93, 0x87, 0x81, 0x9e, 0x9d, 0xa4, 0xaa,
    0x9f, 0x17, 0xa3, 0x0a, 0x97, 0x1e, 0x16, 0xa0, 0x95, 0x1e, 0xa0, 0x03,
    0x95, 0x9c, 0x20, 0xa3, 0x09, 0x9b, 0x81, 0x98, 0xb0, 0xb1, 0x9c, 0x18,
    0x0e, 0x1e, 0x29, 0x27, 0xa2, 0x9c, 0x20, 0xa4, 0x25, 0x84, 0xa7, 0x12,
    0x19, 0x22, 0x1e, 0x91, 0x11, 0x83, 0xa3, 0x1a, 0x99, 0x28, 0x94, 0x1e,
    0x22, 0x1e, 0x00, 0x1a, 0x2a, 0x23, 0x8b, 0x98, 0x22, 0x07, 0xa8, 0x00,
    0xa8, 0x25, 0x14, 0x9c, 0x92, 0x11, 0xa1, 0x88, 0x18, 0xa0, 0xa5, 0x10,
    0x89, 0x98, 0x9d, 0x94, 0x9a, 0x26, 0x97, 0xa1, 0x13, 0x24, 0x93, 0xa7,
    0x8a, 0x1e, 0x01, 0x84, 0x29, 0x9f, 0x14, 0x21, 0x8f, 0xa3, 0x20, 0x0b,
    0xa9, 0x13, 0xa2, 0x98, 0x9a, 0xab, 0x19, 0x0b, 0x19, 0x02, 0x16, 0xac,
    0x1c, 0x2c, 0x8e, 0x04, 0xac, 0xa1, 0x22, 0x90, 0xa0, 0x22, 0xa4, 0x22,
    0x83, 0x28, 0x02, 0x10, 0x9f, 0x1b, 0x95, 0xa0, 0x26, 0xa9, 0x2a, 0x05,
    0xa8, 0x21, 0x29, 0xa1, 0x95, 0x1c, 0x16, 0xa4, 0x15, 0x1c, 0x8a, 0x1e,
    0x94, 0x1a, 0x2a, 0x91, 0x9c, 0x16, 0x9c, 0xa1, 0x90, 0x13, 0x19, 0x1b,
    0x92, 0x81, 0x15, 0x22, 0x18, 0xa4, 0x91, 0xa2, 0x29, 0x29, 0x08, 0x10,
    0x18, 0x98, 0x9c, 0x25, 0x12, 0x1d, 0xa8, 0x01, 0x0d, 0x9c, 0x9f, 0x1c,
    0x1e, 0xa2, 0xa0, 0xa2, 0x9c, 0x9d, 0x94, 0x9a, 0xa1, 0x26, 0x1a, 0x13,
    0xa6, 0x27, 0x20, 0x1e, 0x18, 0xa0, 0x9b, 0x09, 0x94, 0xa7, 0x84, 0x12,
    0x86, 0x10, 0x08, 0x99, 0x24, 0x21, 0xa2, 0x9b, 0x22, 0x12, 0x90, 0x1d,
    0x2b, 0x11, 0x19, 0x08, 0x27, 0x20, 0x1b, 0xa8, 0x9c, 0x85, 0x0b, 0xa1,
    0x18, 0x22, 0x9c, 0x20, 0x02, 0x16, 0x24, 0x1d, 0xa5, 0xaa, 0xa7, 0x9d,
    0x1d, 0x0f, 0x21, 0xaa, 0x20, 0xa8, 0x9f, 0xa5, 0xa0, 0x0e, 0x2c, 0x9a,
    0x83, 0x2a, 0xa1, 0x23, 0xa7, 0x8e, 0x86, 0xa8, 0xa1, 0x95, 0x9e, 0x98,
    0x85, 0x20, 0x01, 0xa6, 0x9b, 0xa1, 0x98, 0x84, 0x83, 0xa1, 0x0c, 0xa6,
    0x24, 0xb4, 0x9a, 0x29, 0x07, 0x99, 0x24, 0x22, 0xa4, 0x13, 0x0b, 0x05,
    0x96, 0x02, 0x23, 0x08, 0x9e, 0x92, 0x08, 0x91, 0x94, 0x24, 0x93, 0x87,
    0x99, 0xa2, 0x19, 0x99, 0x04, 0x20, 0x26, 0x28, 0x98, 0x1f, 0x8f, 0x1a,
    0x2a, 0x99, 0xa6, 0x94, 0x20, 0x18, 0x9b, 0xa3, 0x84, 0xa4, 0x8e, 0x9d,
    0x22, 0x22, 0x17, 0xa0, 0x22, 0x22, 0xa1, 0x20, 0x8c, 0x91, 0xa2, 0xa8,
    0x9e, 0x8b, 0x8e, 0x25, 0x1e, 0x12, 0x9d, 0x23, 0xa0, 0x9f, 0x23, 0x9d,
    0x14, 0xa2, 0x82, 0x2a, 0xad, 0x9a, 0xa3, 0x97, 0x9b, 0x11, 0xa5, 0x99,
    0x18, 0x06, 0x21, 0x19, 0x98, 0x9d, 0x92, 0x9e, 0x8c, 0x9f, 0x18, 0x89,
    0x99, 0x9c, 0x22, 0x24, 0x9b, 0x94, 0x90, 0x26, 0x0c, 0x1f, 0x2a, 0x99,
    0x1d, 0x9f, 0x18, 0xa9, 0xa2, 0x2a, 0x9e, 0x24, 0x90, 0x91, 0x9c, 0x9b,
    0xa6, 0xa1, 0x22, 0x1d, 0x22, 0x99, 0x22, 0x02, 0xac, 0xa9, 0xa6, 0x20,
    0x95, 0xa3, 0x1c, 0x19, 0x9c, 0xa1, 0x99, 0x07, 0xa1, 0xa0, 0x14, 0x8f,
    0xa1, 0x25, 0xa3, 0x08, 0x16, 0x9d, 0x21, 0x91, 0x07, 0xa6, 0xa0, 0x9e,
    0x1e, 0x88, 0xa2, 0x9f, 0xa9, 0x9a, 0x27, 0x06, 0x9d, 0x93, 0xa8, 0x83,
    0xa3, 0x11, 0x8c, 0xa1, 0x07, 0x94, 0x12, 0x03, 0xa5, 0xa1, 0x9c, 0xa4,
    0x2d, 0x21, 0x99, 0x11, 0x11, 0x02, 0x29, 0x95, 0x24, 0x17, 0x8f, 0x16,
    0x8c, 0x82, 0x1d, 0x29, 0x89, 0x1c, 0x1e, 0xa5, 0xa0, 0x15, 0x1d, 0x9b,
    0x96, 0x15, 0x99, 0x0a, 0x29, 0xa1, 0x92, 0x9b, 0x9f, 0x2b, 0xa3, 0xad,
    0x90, 0xa9, 0x1f, 0x25, 0x08, 0x04, 0x23, 0x99, 0x9b, 0x9a, 0x22, 0xa0,
    0x9d, 0x0e, 0x19, 0xa8, 0x19, 0x95, 0x9e, 0x29, 0x1e, 0x2a, 0xab, 0x27,
    0x97, 0x21, 0x15, 0x2c, 0x87, 0x9c, 0x87, 0x9b, 0x11, 0x96, 0x8d, 0x9f,
    0x1b, 0xa8, 0x17, 0x06, 0x1e, 0xaa, 0xa4, 0x98, 0x8b, 0x23, 0x9b, 0x25,
    0x03, 0x1f, 0x84, 0x26, 0x91, 0x1a, 0x20, 0xa2, 0x1e, 0xa6, 0x0b, 0x8e,
    0x9f, 0x23, 0x25, 0x1b, 0x98, 0x18, 0x23, 0x29, 0x16, 0x27, 0x19, 0x07,
    0x9b, 0xa0, 0x96, 0x84, 0x15, 0x91, 0x89, 0x06, 0x19, 0x29, 0x94, 0x9b,
    0xa4, 0x05, 0xa5, 0x1e, 0x1c, 0x27, 0x97, 0x96, 0x9c, 0x90, 0x89, 0xa2,
    0x19, 0xa9, 0x16, 0x92, 0xa1, 0x2a, 0x1e, 0x92, 0xa2, 0x22, 0x9b, 0xa5,
    0x1f, 0x08, 0x17, 0x8a, 0xa8, 0x29, 0x14, 0x14, 0xae, 0x1d, 0xa3, 0x1c,
    0xa0, 0xa1, 0x24, 0x8c, 0x9a, 0x06, 0x85, 0xa8, 0x91, 0x09, 0x16, 0x20,
    0x18, 0xa8, 0x99, 0x05, 0x27, 0xa4, 0xa2, 0xa0, 0xa3, 0x13, 0x16, 0x25,
    0x1b, 0x2b, 0xa4, 0xa0, 0x90, 0xa3, 0x9c, 0x9e, 0xa8, 0x86, 0x28, 0xa0,
    0x14, 0x22, 0x16, 0x15, 0xa4, 0xaa, 0xa3, 0x17, 0x24, 0xa7, 0x19, 0xa9,
    0xa3, 0xab, 0xa0, 0x18, 0x8b, 0x23, 0x21, 0x27, 0x06, 0x19, 0x1b, 0x03,
    0xa7, 0x1b, 0x92, 0x11, 0x84, 0x0f, 0x09, 0xa2, 0xa8, 0xa5, 0xa6, 0x13,
    0x99, 0xa4, 0x1b, 0x87, 0x00, 0x15, 0x23, 0x0f, 0x0c, 0x09, 0x83, 0xa0,
    0xa6, 0x08, 0xa3, 0x99, 0xa3, 0xa3, 0x9f, 0xa1, 0x19, 0x1a, 0xa3, 0x18,
    0x8b, 0x97, 0x04, 0xa9, 0x1b, 0x21, 0x14, 0x18, 0x27, 0x90, 0x24, 0xa2,
    0x9d, 0xa4, 0x28, 0xa7, 0x18, 0x83, 0xa2, 0x9e, 0x25, 0xab, 0x14, 0x97,
    0x1a, 0x06, 0x9b, 0x1d, 0xaa, 0xa2, 0x98, 0x19, 0x01, 0xab, 0x1e, 0x8e,
    0x20, 0x8b, 0x1d, 0x19, 0x92, 0x03, 0x05, 0x8b, 0x9f, 0xa4, 0x1e, 0x26,
    0x8e, 0x8d, 0x9f, 0x24, 0x8e, 0x1f, 0xa9, 0x20, 0x9b, 0x17, 0x16, 0xa1,
    0x19, 0x99, 0x8d, 0x99, 0xa9, 0x97, 0x1d, 0x1a, 0x14, 0x9f, 0x06, 0x11,
    0x84, 0x29, 0x28, 0x0f, 0xa8, 0x22, 0x28, 0x12, 0xa7, 0x27, 0x99, 0xa5,
    0x9d, 0xa1, 0xa8, 0xa3, 0x10, 0x1f, 0x20, 0x97, 0x13, 0x9b, 0x05, 0x9b,
    0x14, 0x20, 0xa4, 0x22, 0x87, 0xa0, 0x95, 0x03, 0x22, 0xa5, 0x90, 0x8e,
    0x22, 0x9e, 0x87, 0xa5, 0x8e, 0x86, 0x97, 0xa6, 0xa3, 0x84, 0x04, 0x23,
    0xa4, 0x21, 0x92, 0x91, 0x8b, 0xa8, 0x21, 0xa2, 0x98, 0x16, 0x98, 0x10,
    0xa3, 0xa2, 0x18, 0x84, 0x98, 0x88, 0x9d, 0x8e, 0x25, 0x8b, 0x1d, 0x97,
    0x13, 0x9b, 0x22, 0x8f, 0x16, 0x21, 0xa9, 0x96, 0xa2, 0x99, 0x02, 0xa6,
    0x20, 0x93, 0x24, 0x99, 0x9b, 0x9b, 0x13, 0x19, 0x9c, 0xa3, 0x97, 0xa4,
    0x0f, 0x0a, 0xa2, 0x1c, 0x1e, 0xa1, 0xa3, 0x96, 0x12, 0x20, 0x27, 0xa4,
    0x05, 0xa1, 0xa1, 0x84, 0x25, 0x0d, 0xad, 0x97, 0x24, 0x1a, 0x15, 0x19,
    0x1a, 0x8a, 0x95, 0x1e, 0x9c, 0x1d, 0x1d, 0x19, 0x1e, 0x16, 0xa0, 0x1e,
    0x29, 0x9d, 0x96, 0x0d, 0x1e, 0x33, 0x15, 0x86, 0x9a, 0x25, 0x06, 0xa5,
    0x1d, 0xa5, 0x1d, 0x08, 0x98, 0x90, 0xa4, 0x21, 0x22, 0x16, 0x1f, 0xa5,
    0x82, 0x98, 0x0f, 0xa0, 0x16, 0x2b, 0x88, 0x8f, 0x8a, 0xa2, 0xa0, 0x83,
    0x1f, 0x1c, 0x10, 0x24, 0xab, 0x85, 0x29, 0x95, 0x15, 0x99, 0x21, 0x1c,
    0x19, 0x21, 0xa7, 0x04, 0x9d, 0x01, 0x83, 0x12, 0x1d, 0xa4, 0x02, 0x95,
    0x22, 0x1b, 0x18, 0x22, 0x86, 0x99, 0xa4, 0x9d, 0x0c, 0x8b, 0x95, 0xa1,
    0x13, 0x9a, 0x9f, 0x1e, 0x9c, 0x8a, 0x1d, 0x12, 0x02, 0x21, 0x01, 0x1e,
    0x24, 0x19, 0x99, 0x96, 0x24, 0x95, 0x25, 0x2a, 0x1d, 0x27, 0x0c, 0xa4,
    0xa8, 0x28, 0x97, 0x0d, 0x91, 0x19, 0x9d, 0x22, 0xa5, 0x0d, 0x10, 0x27,
    0xa3, 0x20, 0x22, 0x1c, 0x8c, 0x12, 0x17, 0xa9, 0x93, 0x84, 0x93, 0x10,
    0x22, 0x1a, 0x9c, 0xa3, 0x12, 0x08, 0x9e, 0x9c, 0x9f, 0x21, 0x18, 0x07,
    0x1e, 0x94, 0x92, 0x1f, 0x23, 0xad, 0x23, 0x24, 0x13, 0x98, 0x27, 0x9f,
    0x1b, 0x16, 0x24, 0x1d, 0xa6, 0x92, 0x22, 0x1c, 0x20, 0x94, 0x23, 0x1f,
    0x93, 0x94, 0x0f, 0x12, 0x91, 0x06, 0x9f, 0x25, 0x10, 0x23, 0x1c, 0xa7,
    0x92, 0x23, 0xa4, 0x98, 0x01, 0x1c, 0x24, 0x8d, 0x9c, 0x9e, 0x93, 0x16,
    0x13, 0x21, 0x9d, 0x89, 0x8d, 0x1d, 0xa2, 0x21, 0x1b, 0x8a, 0x8a, 0x87,
    0x1f, 0x83, 0xae, 0x1d, 0x1b, 0x1f, 0x12, 0x93, 0x08, 0x95, 0x16, 0x23,
    0x29, 0x1b, 0x13, 0x96, 0xa4, 0x15, 0x20, 0xa2, 0xa3, 0x99, 0xa3, 0x25,
    0x1e, 0xa8, 0x9a, 0xa3, 0x8c, 0x9d, 0x19, 0x17, 0x1d, 0x1a, 0x1c, 0x19,
    0x11, 0x14, 0x13, 0x09, 0x98, 0xa1, 0x9b, 0xa2, 0x9e, 0xa3, 0xa5, 0x9a,
    0x1d, 0x1e, 0x91, 0x1a, 0x20, 0x25, 0x82, 0x28, 0x16, 0xa2, 0x1a, 0x20,
    0x28, 0x16, 0x0f, 0x91, 0x1c, 0x15, 0xa3, 0x10, 0x22, 0x99, 0x9d, 0x98,
    0xa0, 0x19, 0xa3, 0x98, 0x88, 0xa1, 0xa9, 0x03, 0x13, 0x9f, 0xa5, 0xaa,
    0x11, 0x11, 0x15, 0x19, 0x25, 0xa9, 0x1b, 0xad, 0x0f, 0x98, 0x02, 0xa5,
    0x21, 0xa3, 0x17, 0x99, 0xac, 0x0f, 0xab, 0x8c, 0xa2, 0x9c, 0x97, 0x9b,
    0xa1, 0x8c, 0x08, 0xa4, 0x21, 0xa7, 0xa3, 0x97, 0x92, 0x18, 0x19, 0x25,
    0x8f, 0x83, 0x22, 0x21, 0xa1, 0x16, 0x21, 0x20, 0x15, 0xa8, 0x81, 0x24,
    0xa5, 0x18, 0xa1, 0x28, 0x27, 0x2a, 0x1a, 0x9d, 0x8d, 0x20, 0xa8, 0x1c,
    0x2f, 0xa5, 0x9e, 0x19, 0x13, 0xa7, 0x9c, 0x21, 0x28, 0x95, 0xa4, 0x28,
    0x18, 0x1d, 0xa1, 0x28, 0x20, 0x15, 0x9e, 0x23, 0x9e, 0x23, 0x21, 0x22,
    0x22, 0x9e, 0x99, 0x21, 0x1d, 0x97, 0x21, 0xa0, 0xa4, 0x1b, 0x03, 0x20,
    0x95, 0x9a, 0x98, 0xa2, 0x93, 0x8f, 0x15, 0x88, 0xa9, 0x21, 0x27, 0x92,
    0x86, 0x1f, 0x0e, 0xa6, 0xac, 0xa2, 0x15, 0x19, 0x86, 0x99, 0x0e, 0x93,
    0x16, 0x1b, 0x1f, 0x9a, 0x26, 0x89, 0xa9, 0x82, 0x18, 0x22, 0xa8, 0x9a,
    0x92, 0xa3, 0x11, 0x0e, 0xa4, 0xa5, 0x8e, 0x1b, 0x10, 0x93, 0x1f, 0x86,
    0x25, 0x09, 0x1a, 0x05, 0x13, 0x1d, 0x14, 0x0a, 0x12, 0x28, 0x25, 0x22,
    0x28, 0x18, 0x23, 0xa3, 0x96, 0xa4, 0x99, 0x1c, 0x19, 0x1c, 0xa6, 0xa2,
    0x98, 0x06, 0xa6, 0x98, 0x15, 0x20, 0x27, 0x99, 0x96, 0x1b, 0x1a, 0x1a,
    0x24, 0x93, 0xa0, 0x9d, 0xa0, 0x02, 0x1f, 0xa6, 0xa8, 0x0b, 0x9d, 0x23,
    0xa1, 0x0f, 0x8e, 0x24, 0x22, 0x11, 0x24, 0x25, 0x8d, 0xa3, 0x9b, 0xa4,
    0x20, 0xa3, 0x1b, 0xa1, 0x9a, 0x19, 0xa0, 0x19, 0x99, 0x01, 0x22, 0x18,
    0xa3, 0x29, 0xa7, 0x21, 0xa3, 0x02, 0xa3, 0xa0, 0xa5, 0x11, 0xa5, 0x8d,
    0x11, 0x92, 0x21, 0x98, 0x9e, 0x87, 0x1d, 0x8e, 0xa7, 0x0e, 0x1c, 0x22,
    0x1e, 0x24, 0x25, 0x86, 0x0c, 0x9a, 0x95, 0x0d, 0x12, 0x84, 0x8f, 0x18,
    0x21, 0x22, 0x21, 0x19, 0x89, 0x9d, 0x1a, 0x1f, 0xa1, 0x20, 0x99, 0x1a,
    0xa3, 0xa1, 0x24, 0x98, 0x0a, 0x96, 0x1a, 0x1a, 0x0d, 0x07, 0x9b, 0xa1,
    0x16, 0x27, 0x03, 0x24, 0x99, 0x9a, 0xa1, 0x9a, 0x85, 0x86, 0x9a, 0xa8,
    0x1e, 0x1e, 0x23, 0x9a, 0x13, 0x24, 0x05, 0x93, 0x81, 0x0b, 0x0a, 0x9e,
    0x1f, 0xac, 0x21, 0x1d, 0x21, 0x04, 0x8b, 0x24, 0x9d, 0x0c, 0x1b, 0x99,
    0x9a, 0xa2, 0x92, 0x04, 0x2a, 0xa0, 0x12, 0x9c, 0x21, 0xa0, 0xa1, 0xa8,
    0x18, 0x27, 0x9d, 0x18, 0x09, 0x9a, 0x22, 0x28, 0x1b, 0x94, 0x94, 0x9f,
    0x8f, 0x06, 0xa0, 0x24, 0x27, 0x00, 0x13, 0x13, 0xa2, 0x19, 0x21, 0xa1,
    0x10, 0xa6, 0x28, 0x20, 0x18, 0xa3, 0xa0, 0x9e, 0x24, 0x8a, 0x0a, 0x98,
    0xa1, 0x90, 0x17, 0x20, 0x0c, 0x19, 0x98, 0x0c, 0x95, 0x29, 0x1c, 0x88,
    0x87, 0xa3, 0xa4, 0x14, 0x11, 0x28, 0x9e, 0xa2, 0x9e, 0x9e, 0x23, 0xa3,
    0x28, 0x9d, 0x18, 0x1e, 0x0a, 0xa1, 0x9c, 0x1b, 0xa2, 0x29, 0x0c, 0x25,
    0x05, 0x03, 0x29, 0x18, 0x9a, 0x9e, 0x0c, 0x9c, 0xa3, 0x1a, 0x11, 0x07,
    0x10, 0x0f, 0x91, 0x25, 0x17, 0x20, 0x1d, 0xa9, 0x9b, 0x94, 0x9f, 0xa1,
    0x0f, 0x20, 0x9c, 0xa6, 0x0e, 0xa2, 0xa1, 0x9e, 0x88, 0x24, 0x23, 0xa6,
    0x10, 0xb0, 0xa9, 0xa0, 0xa7, 0x00, 0x8b, 0xa0, 0x10, 0x94, 0x1d, 0xa6,
    0xae, 0x93, 0x98, 0x90, 0xac, 0x9b, 0x22, 0x25, 0x93, 0x19, 0x82, 0x96,
    0x23, 0x1d, 0x08, 0xa0, 0x1c, 0x1e, 0xa3, 0x0e, 0x9b, 0x2d, 0x22, 0x80,
    0xab, 0x22, 0x07, 0xa5, 0x0a, 0x8b, 0xa0, 0xa4, 0xa1, 0x9d, 0x29, 0x07,
    0x02, 0x9c, 0x82, 0xa1, 0xa5, 0x19, 0x2a, 0x8e, 0x1c, 0x93, 0xa7, 0x1f,
    0x99, 0x24, 0x01, 0x93, 0x1b, 0x1c, 0x26, 0x8d, 0x0b, 0x27, 0x19, 0x9b,
    0x88, 0x9b, 0x11, 0x1a, 0x1d, 0x27, 0x9e, 0x1c, 0x25, 0x9e, 0x22, 0x23,
    0x97, 0x1c, 0x07, 0x0c, 0x92, 0x98, 0x25, 0x21, 0xa3, 0x9a, 0x22, 0x1a,
    0x9b, 0x22, 0xa3, 0x9e, 0x99, 0xa3, 0x89, 0x0a, 0x9a, 0x1c, 0x0f, 0x20,
    0xa5, 0x27, 0x9d, 0x05, 0x1b, 0x06, 0x1d, 0x23, 0x92, 0x03, 0x95, 0x9b,
    0x90, 0x13, 0xa1, 0x95, 0x93, 0xa0, 0xaa, 0x98, 0xa0, 0x20, 0xb1, 0x91,
    0xa9, 0x07, 0x1e, 0x12, 0x1c, 0x24, 0x83, 0x1c, 0x00, 0x19, 0x23, 0x1e,
    0x95, 0x2b, 0xa1, 0x1f, 0xa1, 0x0c, 0x9a, 0x06, 0xa1, 0x15, 0x08, 0x14,
    0x1a, 0x1b, 0x19, 0x22, 0xa0, 0x82, 0x9f, 0x94, 0x97, 0xa4, 0x17, 0x90,
    0x9e, 0x24, 0x9d, 0x8b, 0x9d, 0x23, 0x9b, 0x9b, 0x26, 0x82, 0x9e, 0x1a,
    0xab, 0x93, 0x98, 0x9b, 0x0f, 0x9f, 0xaa, 0x06, 0x18, 0xa7, 0x94, 0x9c,
    0x24, 0x2b, 0x0e, 0x1d, 0x15, 0x1f, 0x25, 0x9b, 0x21, 0x9d, 0x17, 0x8b,
    0xa3, 0xa2, 0x10, 0x14, 0x81, 0xa0, 0x18, 0x94, 0x9a, 0x89, 0xa4, 0xa0,
    0x21, 0x9c, 0x19, 0xa2, 0x95, 0x24, 0x93, 0x21, 0x9f, 0x17, 0x1d, 0x10,
    0x1f, 0xa2, 0x10, 0xa1, 0x1b, 0x01, 0x0e, 0x98, 0x13, 0x10, 0x90, 0x9a,
    0x11, 0xa3, 0x26, 0x23, 0x9b, 0x0b, 0x05, 0x1f, 0x1e, 0x9c, 0xa1, 0xa3,
    0x98, 0x84, 0xa7, 0x9f, 0x84, 0x22, 0x06, 0x96, 0x95, 0x90, 0x9e, 0x28,
    0xa1, 0x10, 0xa5, 0x23, 0x22, 0x86, 0xa3, 0x81, 0x07, 0x21, 0x1b, 0x1c,
    0x9e, 0x1e, 0x14, 0xaa, 0x25, 0xa2, 0x93, 0xa1, 0x8c, 0xa2, 0xa5, 0x22,
    0x8d, 0x26, 0x03, 0x9f, 0xa2, 0x9e, 0x12, 0x89, 0x1f, 0x2a, 0xaa, 0x2a,
    0x24, 0x21, 0x99, 0x92, 0x87, 0x19, 0x88, 0x92, 0x92, 0x1f, 0x20, 0xa3,
    0x04, 0xa6, 0x92, 0xa4, 0x23, 0xad, 0x92, 0x1b, 0x10, 0xa3, 0x91, 0x92,
    0x1e, 0x2a, 0x21, 0x2c, 0x01, 0xa1, 0x07, 0x1c, 0x04, 0x88, 0x8d, 0x22,
    0x17, 0x9c, 0x1a, 0x9f, 0x9c, 0x18, 0x1b, 0x0d, 0x1c, 0x1f, 0x90, 0x1b,
    0x25, 0x13, 0x0e, 0x19, 0x1b, 0x1f, 0x99, 0x1c, 0xa4, 0xa1, 0x89, 0x9c,
    0x94, 0xa1, 0x03, 0x9a, 0xa2, 0x1d, 0xae, 0x26, 0x08, 0x1b, 0x2b, 0xa1,
    0x0b, 0x96, 0x1a, 0x16, 0x27, 0xa0, 0x28, 0x13, 0x20, 0xa6, 0x0a, 0xa2,
    0x03, 0x17, 0xa5, 0xa3, 0xaa, 0x8b, 0x21, 0x20, 0x09, 0x21, 0xa2, 0x23,
    0x1a, 0x21, 0x02, 0x9f, 0xa2, 0x90, 0x08, 0x93, 0x95, 0x19, 0x9f, 0xa5,
    0x0f, 0x94, 0x1a, 0x1f, 0x02, 0x9c, 0x1b, 0x8b, 0x22, 0x1a, 0x11, 0x16,
    0x1c, 0x1d, 0x9b, 0xa9, 0x12, 0x96, 0xa1, 0x90, 0x23, 0xa2, 0x27, 0x25,
    0x24, 0x25, 0x23, 0x2a, 0x1d, 0x0e, 0x12, 0x17, 0x22, 0x9b, 0x17, 0x18,
    0x22, 0xa0, 0xa3, 0x21, 0x21, 0x28, 0x83, 0x9d, 0x01, 0x28, 0x03, 0x88,
    0x22, 0x81, 0xa1, 0x1d, 0x16, 0x89, 0x03, 0x94, 0x2a, 0x1f, 0x99, 0x91,
    0x94, 0x1e, 0x21, 0xa1, 0x28, 0x00, 0x91, 0x14, 0x20, 0x1f, 0x83, 0x93,
    0x1e, 0x24, 0x16, 0x97, 0x18, 0xa3, 0x18, 0x10, 0x20, 0x12, 0x9f, 0x0d,
    0x81, 0x27, 0xa1, 0x06, 0x1c, 0xa8, 0x1c, 0x20, 0xa7, 0x8e, 0x20, 0x84,
    0x9a, 0x10, 0x93, 0x8e, 0x23, 0x9c, 0x9d, 0x86, 0x9e, 0xa0, 0x9a, 0x1b,
    0x9e, 0x24, 0x85, 0x20, 0x09, 0x26, 0x98, 0x19, 0x29, 0x21, 0xa1, 0x92,
    0x8f, 0xa8, 0x1b, 0x1f, 0xa2, 0x1d, 0x27, 0x22, 0x8d, 0x16, 0x1b, 0x9f,
    0x24, 0xa9, 0x1b, 0x19, 0x1b, 0x99, 0x87, 0x1a, 0x1b, 0x17, 0x07, 0x20,
    0x18, 0x99, 0x27, 0x2d, 0x14, 0x25, 0xa8, 0x96, 0x9b, 0xab, 0x97, 0x15,
    0x1b, 0x1e, 0x00, 0x8d, 0xa4, 0xa1, 0x97, 0x03, 0x2b, 0x06, 0x82, 0x9b,
    0x91, 0x9d, 0x9e, 0x9c, 0x1c, 0x97, 0x8a, 0x9d, 0x99, 0x93, 0xa5, 0xa8,
    0x04, 0x8a, 0x16, 0x22, 0x86, 0x1f, 0x24, 0xa8, 0x27, 0x89, 0xa2, 0xa0,
    0xa8, 0x19, 0x85, 0xa3, 0x13, 0x23, 0x10, 0x97, 0x14, 0x84, 0x21, 0x24,
    0x8c, 0xa6, 0xa3, 0x10, 0xa3, 0xa9, 0x93, 0x9a, 0x1d, 0x8e, 0x83, 0xa2,
    0x92, 0x12, 0xa2, 0x23, 0x27, 0x17, 0x97, 0x25, 0x27, 0x17, 0x27, 0x9d,
    0x28, 0x1c, 0x26, 0x90, 0x23, 0xa5, 0x27, 0x21, 0xa7, 0x19, 0x16, 0x96,
    0xa9, 0x9a, 0x26, 0x19, 0xa0, 0x26, 0x0b, 0x88, 0x8c, 0x9d, 0x9f, 0x23,
    0x9d, 0x88, 0x2c, 0xa2, 0x28, 0x2c, 0xa1, 0x91, 0x02, 0x0c, 0x9d, 0x1f,
    0x14, 0x18, 0x95, 0xa2, 0x8f, 0x22, 0x17, 0x25, 0xa4, 0x16, 0x2a, 0x9a,
    0x00, 0x16, 0x22, 0x9e, 0xa2, 0xa6, 0x29, 0xa8, 0x1d, 0x28, 0x8d, 0xa2,
    0x17, 0x26, 0x81, 0x22, 0x9a, 0x28, 0x23, 0xa1, 0x95, 0x27, 0x98, 0x99,
    0x26, 0xa2, 0x23, 0x84, 0x88, 0x16, 0x20, 0x94, 0x23, 0x96, 0xa0, 0x88,
    0x29, 0x1e, 0x96, 0x24, 0x22, 0xa1, 0x1e, 0x22, 0x96, 0x20, 0x0f, 0x86,
    0x22, 0x17, 0x96, 0x23, 0x13, 0x1b, 0x97, 0x21, 0x2a, 0x1d, 0x9a, 0xa1,
    0x92, 0x8c, 0x1a, 0x1f, 0x93, 0x14, 0x03, 0x18, 0x21, 0x14, 0x9d, 0x29,
    0x8b, 0x22, 0xa8, 0x23, 0x0f, 0x0e, 0xa8, 0x9f, 0x05, 0x20, 0xa3, 0x98,
    0x20, 0x15, 0xa7, 0x05, 0xa5, 0x15, 0x26, 0x0a, 0x84, 0x18, 0x23, 0xa1,
    0xaf, 0x2a, 0x1d, 0x82, 0x00, 0x14, 0x8a, 0x98, 0x1d, 0x1d, 0x23, 0x13,
    0x89, 0x90, 0x96, 0x8c, 0x92, 0x15, 0x88, 0x85, 0xa3, 0x1e, 0x1b, 0x19,
    0x8c, 0x29, 0x1b, 0x15, 0x90, 0x26, 0xad, 0x95, 0x91, 0x21, 0x97, 0xa3,
    0x15, 0x8c, 0x19, 0xa5, 0x16, 0x23, 0x11, 0x15, 0x1f, 0x24, 0x19, 0x18,
    0x08, 0x2c, 0xa4, 0x9d, 0x28, 0xab, 0x2b, 0x16, 0x18, 0xa4, 0x82, 0xaa,
    0x12, 0x98, 0x9e, 0x1b, 0x09, 0xa2, 0x9c, 0x24, 0xa2, 0x1b, 0x92, 0x91,
    0xa2, 0x9d, 0xa1, 0x81, 0x21, 0x98, 0x1e, 0xa9, 0x1d, 0xa4, 0x1c, 0x17,
    0x90, 0x21, 0xa5, 0x1c, 0x9e, 0x99, 0x24, 0x0d, 0x0b, 0xa7, 0x1e, 0x07,
    0x07, 0x90, 0x9a, 0x9a, 0x89, 0x2b, 0x1d, 0x1b, 0x8c, 0x8e, 0x23, 0x20,
    0x9d, 0x06, 0x20, 0x20, 0x19, 0xa5, 0x9c, 0x16, 0x29, 0x2b, 0x98, 0x1b,
    0x23, 0xa6, 0x9f, 0x25, 0xa1, 0xa0, 0x1f, 0x0d, 0x24, 0x05, 0x21, 0x06,
    0x89, 0x0b, 0x9a, 0x9c, 0x27, 0x97, 0xa3, 0x2a, 0x9c, 0x11, 0x9a, 0x19,
    0x10, 0x02, 0x1a, 0x21, 0xa6, 0x8d, 0xa7, 0x99, 0x16, 0x18, 0x98, 0x03,
    0x18, 0x99, 0xa4, 0xa9, 0x9b, 0x18, 0xa9, 0x21, 0x19, 0x9d, 0x19, 0x9d,
    0x8f, 0x18, 0xa1, 0x92, 0x19, 0x29, 0x99, 0x81, 0x17, 0x29, 0xa1, 0x92,
    0x0c, 0x2f, 0x1a, 0xa1, 0x9a, 0x1a, 0x13, 0xa2, 0x21, 0x81, 0x0f, 0x94,
    0x94, 0xa3, 0x8b, 0x16, 0x9a, 0x23, 0xa4, 0x97, 0x97, 0x9e, 0xa9, 0x9f,
    0x27, 0xb1, 0xa4, 0x9f, 0xa0, 0x9c, 0x1c, 0x9c, 0x25, 0x00, 0x9c, 0x06,
    0x27, 0x02, 0x19, 0x92, 0x20, 0xa8, 0x1b, 0x12, 0x24, 0x11, 0x0c, 0xa3,
    0x25, 0xa9, 0x20, 0x07, 0xaa, 0xa0, 0x15, 0x8d, 0x93, 0x90, 0xa6, 0x23,
    0x81, 0xa8, 0xa5, 0x84, 0x00, 0x2e, 0x95, 0x07, 0xa1, 0x18, 0xa1, 0x18,
    0x0e, 0x8a, 0x99, 0x8e, 0x29, 0x1d, 0x12, 0x86, 0x0f, 0x9a, 0x17, 0x02,
    0x22, 0x9a, 0xa1, 0x2b, 0xa0, 0xaa, 0x0f, 0x1a, 0x26, 0x1e, 0x03, 0x9a,
    0x8b, 0x9d, 0x10, 0xa4, 0x26, 0x12, 0x0f, 0x1e, 0x19, 0x9b, 0x25, 0x1f,
    0x9c, 0x19, 0x26, 0x29, 0x19, 0xa1, 0xa2, 0x16, 0x8d, 0xa2, 0xa1, 0x19,
    0xa1, 0x23, 0x94, 0xa2, 0x28, 0x03, 0x05, 0x8b, 0xa2, 0x26, 0x84, 0x9e,
    0x9a, 0x1e, 0x1c, 0x8d, 0x9a, 0x1c, 0xa2, 0xa1, 0x1d, 0x25, 0x11, 0x90,
    0x92, 0x9e, 0x83, 0x9b, 0xa1, 0x2a, 0x1a, 0x11, 0xa2, 0x1c, 0x82, 0x28,
    0xaa, 0x1a, 0x21, 0xa5, 0x10, 0x9c, 0x20, 0x23, 0x21, 0x83, 0x96, 0x0f,
    0x24, 0x0b, 0x1f, 0x25, 0x25, 0x0f, 0x26, 0xa5, 0x21, 0x9f, 0xa0, 0x12,
    0x96, 0x80, 0x02, 0x02, 0x81, 0x1c, 0x18, 0x8f, 0x93, 0x25, 0x1e, 0x0f,
    0x98, 0x16, 0x24, 0x1b, 0x98, 0x98, 0x9b, 0x8f, 0x21, 0x98, 0x21, 0xa7,
    0x9a, 0x10, 0x1c, 0x24, 0x12, 0x8a, 0x16, 0x0b, 0x17, 0x0b, 0x16, 0x97,
    0x12, 0x15, 0x93, 0x19, 0x11, 0x1f, 0x09, 0x96, 0x9a, 0x84, 0x8f, 0xa3,
    0x1d, 0x19, 0x9f, 0x1d, 0x16, 0x89, 0x1c, 0x9e, 0x9a, 0x23, 0x91, 0x05,
    0x22, 0x20, 0x80, 0x23, 0x1b, 0x24, 0x9c, 0x23, 0x06, 0x1a, 0x22, 0x9b,
    0x13, 0x1d, 0x87, 0x24, 0x94, 0x9a, 0x0e, 0x15, 0x9a, 0xa2, 0x19, 0x00,
    0x9b, 0x99, 0x89, 0x1d, 0x1e, 0x9a, 0x8f, 0x91, 0x1f, 0x1b, 0x0b, 0xa0,
    0xa5, 0x04, 0x98, 0x1e, 0x23, 0x1b, 0x18, 0x11, 0x21, 0x9b, 0x02, 0x83,
    0x1b, 0x20, 0x06, 0x86, 0x00, 0x81, 0x0e, 0x13, 0x20, 0x1e, 0xa1, 0x93,
    0x23, 0x15, 0x85, 0x04, 0x98, 0x81, 0x10, 0xa4, 0x9c, 0x99, 0x19, 0x0f,
    0xa1, 0x1d, 0x99, 0x19, 0x0c, 0xa4, 0x1c, 0x9b, 0x17, 0x1a, 0x12, 0x11,
    0x9e, 0x07, 0x0a, 0x11, 0x19, 0x20, 0x02, 0x05, 0x21, 0xa0, 0xa0, 0x92,
    0x99, 0x9b, 0x10, 0xa2, 0x1e, 0x10, 0x92, 0x1b, 0x22, 0x03, 0x1a, 0x98,
    0x1d, 0x1f, 0x9a, 0xa2, 0x9d, 0x9d, 0x13, 0x1d, 0x1c, 0x12, 0x1f, 0x9a,
    0x9d, 0x9b, 0x90, 0x96, 0x9d, 0x10, 0x01, 0x1a, 0x07, 0x1f, 0x08, 0x20,
    0x03, 0x9b, 0x96, 0x03, 0x1b, 0x85, 0xa2, 0x1b, 0x96, 0x8a, 0x9f, 0xa2,
    0xa4, 0x9e, 0x1a, 0x1f, 0x0f, 0xa1, 0x87, 0x99, 0xa2, 0x9b, 0x90, 0x13,
    0x11, 0x9f, 0x08, 0x8d, 0x0a, 0x06, 0x1a, 0x94, 0xa1, 0x0d, 0x92, 0x14,
    0x9e, 0x81, 0x12, 0x1e, 0x8e, 0xa1, 0x98, 0x95, 0x92, 0x9d, 0x92, 0x87,
    0xa3, 0x9f, 0x15, 0x9a, 0x8d, 0x99, 0x8e, 0x1a, 0x9f, 0x94, 0x1a, 0x1a,
    0x83, 0x87, 0x8d, 0x0a, 0x1b, 0xa2, 0x82, 0xa0, 0x02, 0xa1, 0xa5, 0x10,
    0xa1, 0x95, 0xa1, 0xa3, 0xa0, 0x08, 0x87, 0x85, 0x1b, 0x1e, 0x9c, 0x13,
    0x1a, 0x82, 0x21, 0xa4, 0x1b, 0x8f, 0x97, 0x20, 0x91, 0x9b, 0x22, 0x17,
    0x29, 0x99, 0x00, 0x88, 0x1d, 0x91, 0x1b, 0x23, 0x05, 0x28, 0x98, 0x91,
    0x22, 0x8d, 0xa2, 0x2b, 0x88, 0x2a, 0x17, 0x24, 0x1e, 0x1b, 0x28, 0xa4,
    0xa8, 0x84, 0x28, 0x9c, 0x98, 0x9a, 0x25, 0x28, 0x96, 0x00, 0x25, 0xa5,
    0xa4, 0x0a, 0xa8, 0x2d, 0x26, 0x9a, 0x10, 0x9f, 0x84, 0x84, 0x09, 0xa4,
    0x21, 0x8c, 0x07, 0xa3, 0xa2, 0xa7, 0x1f, 0x10, 0x1f, 0x16, 0x82, 0x20,
    0x25, 0x21, 0x0e, 0x00, 0xa1, 0x17, 0x93, 0x0c, 0x23, 0x11, 0x9d, 0x20,
    0xa0, 0x8b, 0xa5, 0x96, 0x8a, 0x24, 0x19, 0x14, 0x9f, 0x90, 0x9d, 0x98,
    0x1d, 0x91, 0xa0, 0x9a, 0xa4, 0xa6, 0x96, 0x97, 0x9b, 0x18, 0x89, 0x05,
    0x07, 0x05, 0x12, 0x1d, 0x26, 0x1f, 0x91, 0x9a, 0x83, 0xa0, 0x95, 0xa0,
    0x09, 0x87, 0x1d, 0x9a, 0x99, 0x16, 0x9d, 0x9c, 0x1e, 0x1c, 0x93, 0xa4,
    0x1c, 0x1a, 0x9e, 0x04, 0x17, 0x90, 0x0d, 0x08, 0x14, 0x1a, 0x24, 0x97,
    0x1a, 0x8c, 0xa1, 0x1b, 0xa0, 0x95, 0xa3, 0xac, 0x25, 0x28, 0xa1, 0x11,
    0x10, 0x2a, 0x88, 0x1f, 0x21, 0x22, 0x1f, 0x97, 0x98, 0x9a, 0x22, 0x99,
    0x14, 0x14, 0x8d, 0xa6, 0x01, 0xa2, 0xa6, 0x18, 0x26, 0x19, 0x0d, 0x84,
    0x19, 0x29, 0x9c, 0xa5, 0x85, 0x0d, 0x22, 0xa4, 0x97, 0xa9, 0xa8, 0x94,
    0x98, 0x1a, 0x1b, 0x19, 0x1c, 0x24, 0x14, 0x1a, 0x21, 0x8d, 0x1d, 0x9e,
    0x99, 0x25, 0x90, 0x94, 0x94, 0x95, 0x20, 0x1e, 0x17, 0x19, 0x04, 0x94,
    0x8c, 0xa0, 0x9e, 0x81, 0x23, 0x11, 0x08, 0x1f, 0x90, 0x89, 0x28, 0xa6,
    0x9f, 0x0e, 0x19, 0x16, 0x13, 0x25, 0x22, 0x1a, 0xa7, 0x9d, 0x00, 0xa2,
    0x98, 0x99, 0xa5, 0x1c, 0xa8, 0x9f, 0x91, 0xa1, 0xaa, 0x91, 0x21, 0x18,
    0xa2, 0x05, 0x1e, 0xa4, 0xac, 0xa6, 0x81, 0x23, 0x1d, 0xa5, 0x22, 0x14,
    0x9a, 0x06, 0x8c, 0x94, 0x18, 0x02, 0x08, 0x1d, 0x10, 0x1e, 0x17, 0x0e,
    0x0f, 0x12, 0x10, 0x06, 0x99, 0x95, 0x99, 0x13, 0x14, 0x84, 0x8e, 0x12,
    0x99, 0x11, 0x0f, 0x13, 0x1b, 0x1f, 0x0c, 0x16, 0x92, 0x1b, 0x18, 0x8b,
    0x11, 0x9d, 0x07, 0xa1, 0x88, 0x05, 0x92, 0x08, 0x0c, 0x94, 0x99, 0x99,
    0x10, 0xa0, 0xa1, 0x8b, 0x10, 0x12, 0x93, 0x22, 0x90, 0x94, 0x1e, 0x87,
    0xa5, 0x12, 0x1a, 0x12, 0x99, 0x1f, 0x1b, 0x8c, 0x04, 0x00, 0x9a, 0x19,
    0x25, 0x98, 0x01, 0x1c, 0x18, 0x05, 0x9f, 0x05, 0x9f, 0x93, 0x82, 0x12,
    0x82, 0x90, 0x97, 0x1a, 0x08, 0x93, 0x1d, 0x19, 0x1b, 0x05, 0x81, 0x19,
    0x9a, 0x84, 0x1a, 0x83, 0x0f, 0x99, 0x02, 0x18, 0x1c, 0x15, 0x0f, 0x08,
    0x86, 0x0b, 0x93, 0x11, 0x1a, 0x92, 0x9a, 0x13, 0x98, 0x19, 0x22, 0x99,
    0x8a, 0x11, 0x82, 0x9e, 0x87, 0x08, 0x18, 0x84, 0x23, 0x02, 0x1c, 0x99,
    0x9a, 0xa4, 0x0d, 0xa0, 0x10, 0x8a, 0x04, 0x8d, 0x22, 0x1e, 0x9d, 0xa4,
    0x9d, 0x25, 0x24, 0x8f, 0x16, 0x97, 0x0b, 0xa6, 0x8d, 0x1c, 0x9f, 0x1c,
    0x2c, 0x17, 0x97, 0x05, 0x10, 0x8f, 0x9d, 0x8d, 0x0e, 0x01, 0x06, 0x20,
    0x01, 0x95, 0x0d, 0x90, 0x88, 0x12, 0x91, 0x95, 0x03, 0x8a, 0xa0, 0x9e,
    0x0e, 0x83, 0x11, 0x23, 0x22, 0x1a, 0x00, 0x8b, 0x93, 0x09, 0x99, 0xa1,
    0x92, 0x9b, 0x90, 0x1d, 0x05, 0x0e, 0x9d, 0x02, 0x97, 0xa1, 0x17, 0x19,
    0x90, 0x0f, 0x8d, 0x1b, 0x99, 0x21, 0x22, 0x16, 0x0e, 0x20, 0x93, 0x85,
    0x87, 0x99, 0x11, 0x18, 0x18, 0x14, 0x1b, 0x99, 0x20, 0x95, 0x10, 0x98,
    0x9e, 0x94, 0x95, 0x97, 0x96, 0x98, 0x8e, 0x19, 0x16, 0x91, 0x10, 0x14,
    0x15, 0xa1, 0x8b, 0x19, 0x03, 0x0a, 0x18, 0x9c, 0x9c, 0x9f, 0x1a, 0x1a,
    0x1d, 0x21, 0x22, 0x85, 0xa5, 0x9e, 0x21, 0x9a, 0x90, 0x94, 0x0b, 0x0c,
    0x13, 0x84, 0x9b, 0x22, 0xa5, 0x16, 0x20, 0xa3, 0x91, 0x1f, 0x99, 0xa1,
    0x87, 0x0d, 0x20, 0x99, 0x9a, 0xa5, 0x02, 0x25, 0xa6, 0x9d, 0x1b, 0x9c,
    0xa0, 0xa3, 0x9f, 0xaa, 0x93, 0xa4, 0x9c, 0xaa, 0xa3, 0xa1, 0x26, 0x1a,
    0xa1, 0x09, 0x0c, 0x1e, 0x9f, 0x21, 0x93, 0x91, 0x82, 0x95, 0x06, 0xa0,
    0x24, 0x99, 0x95, 0x1f, 0x26, 0x9d, 0x99, 0x15, 0x8c, 0x91, 0x00, 0xa0,
    0xa3, 0xa4, 0x25, 0x10, 0x9d, 0xa5, 0xa5, 0x28, 0xa9, 0xa0, 0x9f, 0xa0,
    0x0e, 0x2a, 0x9b, 0x19, 0x1d, 0x1a, 0xaf, 0xad, 0x25, 0x24, 0xa9, 0x16,
    0x20, 0xa0, 0x18, 0xa7, 0x95, 0x8c, 0x12, 0x9b, 0x1f, 0x0a, 0x95, 0x20,
    0x97, 0x0b, 0x17, 0xa5, 0x96, 0x18, 0x08, 0x8e, 0xa5, 0xa1, 0x12, 0xaa,
    0xa0, 0xa2, 0x2a, 0x9c, 0xa2, 0x9c, 0xa1, 0x10, 0x86, 0xa2, 0xa2, 0xa6,
    0x1e, 0x84, 0x1a, 0x23, 0x9b, 0x25, 0x1a, 0xa4, 0x24, 0x1a, 0x17, 0xa4,
    0x25, 0x00, 0x1a, 0x10, 0xa7, 0x91, 0x8b, 0x22, 0x9e, 0x83, 0x1e, 0xac,
    0x92, 0x80, 0x9c, 0x1e, 0x27, 0x91, 0x1c, 0x21, 0x89, 0x9d, 0x22, 0x20,
    0x87, 0x9a, 0xa3, 0x21, 0x19, 0x1b, 0x19, 0x87, 0x15, 0x27, 0x94, 0xa0,
    0x11, 0x19, 0x8f, 0x28, 0x22, 0x2a, 0x21, 0xa0, 0x97, 0x9a, 0x28, 0x15,
    0x21, 0x8b, 0x17, 0x25, 0x1c, 0x1c, 0x0a, 0x8e, 0x92, 0x21, 0xaa, 0x8a,
    0x28, 0x20, 0x27, 0x1b, 0x28, 0x22, 0xaa, 0x97, 0x09, 0xa3, 0x12, 0xa3,
    0xa4, 0xa7, 0x0a, 0x2c, 0x8b, 0xa8, 0x91, 0x97, 0x9a, 0x8b, 0x00, 0x1d,
    0x19, 0x9b, 0x20, 0xa3, 0xa1, 0xa7, 0x12, 0x0b, 0x95, 0x96, 0xa8, 0x1b,
    0xaa, 0x89, 0x87, 0xa7, 0xa4, 0x16, 0x81, 0x19, 0x9b, 0x17, 0x22, 0x9a,
    0x11, 0x94, 0x91, 0x9b, 0xa1, 0x9f, 0x12, 0xa0, 0xae, 0xa4, 0x94, 0x26,
    0x11, 0x06, 0x9e, 0x94, 0x2f, 0x29, 0x26, 0xa0, 0x8a, 0x11, 0x23, 0x11,
    0x1f, 0x85, 0x03, 0xac, 0x93, 0x9c, 0x99, 0x08, 0xae, 0x1b, 0x1a, 0x29,
    0x29, 0x2e, 0xa0, 0xa1, 0x23, 0x06, 0x8d, 0x19, 0x25, 0x9e, 0x9e, 0x31,
    0xa0, 0x82, 0x0c, 0x09, 0x2a, 0x20, 0x9e, 0x99, 0x9d, 0xaa, 0x2b, 0xae,
    0xaa, 0xa7, 0xa4, 0x25, 0x13, 0x96, 0xa7, 0xa3, 0xa3, 0x21, 0x03, 0x25,
    0x06, 0x22, 0x19, 0xa1, 0x06, 0xa1, 0x97, 0x1d, 0x0d, 0x00, 0x21, 0x29,
    0xa0, 0xa3, 0x19, 0x21, 0xa5, 0x27, 0x22, 0x26, 0x83, 0x17, 0x2e, 0x28,
    0xa4, 0x88, 0xa0, 0x0b, 0x8d, 0x9b, 0x1a, 0x26, 0xad, 0x28, 0xab, 0x19,
    0xa8, 0x19, 0xaa, 0x8c, 0x21, 0x9b, 0x9d, 0x1b, 0x29, 0xa8, 0x1f, 0xa3,
    0xad, 0xa2, 0x9d, 0x11, 0x24, 0x1f, 0x1b, 0x95, 0x22, 0x8f, 0x29, 0xa9,
    0x1c, 0x9d, 0x99, 0x0f, 0xaa, 0xa2, 0x2b, 0x84, 0x01, 0x9b, 0x20, 0x28,
    0xa8, 0x9d, 0xa5, 0xab, 0x24, 0x2a, 0x96, 0x1e, 0xa4, 0x1e, 0xa1, 0xa2,
    0x1e, 0x99, 0x9e, 0x06, 0x8c, 0x0f, 0x10, 0x14, 0x23, 0x23, 0x9d, 0x20,
    0x26, 0x1f, 0x29, 0xa3, 0x2a, 0xaa, 0x2e, 0xac, 0xa8, 0x0f, 0x2a, 0x93,
    0x96, 0x8c, 0x1b, 0xa1, 0x29, 0x89, 0xa3, 0x2a, 0xa0, 0x09, 0xae, 0x25,
    0xab, 0xa1, 0x1d, 0x9b, 0xaa, 0x99, 0x22, 0xb0, 0x0a, 0x9d, 0x04, 0x2d,
    0xa4, 0x2d, 0x29, 0x27, 0x28, 0x22, 0x03, 0x30, 0xa6, 0x2a, 0x9a, 0xac,
    0x1e, 0x05, 0x26, 0x2b, 0x9d, 0x22, 0x22, 0x2e, 0xaa, 0x06, 0xac, 0xa1,
    0x9e, 0x9c, 0x91, 0xa2, 0x20, 0xa1, 0xa6, 0x28, 0x1f, 0x87, 0xac, 0x1c,
    0x95, 0x1a, 0x29, 0xa8, 0xad, 0x1e, 0x27, 0xa5, 0x29, 0x21, 0x1a, 0x12,
    0x9f, 0xa4, 0x0b, 0xa6, 0x21, 0x2d, 0x27, 0xa7, 0x1f, 0x07, 0x15, 0x9e,
    0x96, 0x1f, 0x2b, 0x1e, 0x11, 0x94, 0x8e, 0x92, 0x22, 0x97, 0x9d, 0x8f,
    0x00, 0x82, 0x1e, 0x1f, 0x91, 0xa3, 0xa0, 0x21, 0x22, 0x12, 0x8f, 0x21,
    0xa3, 0x93, 0x22, 0x92, 0x9c, 0x94, 0x15, 0x99, 0x91, 0xa9, 0xa9, 0x91,
    0x90, 0x9f, 0x9c, 0x28, 0x1a, 0x20, 0x23, 0x87, 0xa9, 0x00, 0x96, 0xa9,
    0x89, 0xa8, 0xa3, 0x17, 0x99, 0x03, 0x19, 0x24, 0x18, 0x25, 0x1d, 0x98,
    0x03, 0x0e, 0x21, 0x13, 0x23, 0x18, 0x22, 0x8b, 0xa9, 0xa2, 0xa1, 0x87,
    0x1b, 0x08, 0x9b, 0x0b, 0x9d, 0x05, 0x02, 0x08, 0x26, 0x21, 0x28, 0x2a,
    0x81, 0x25, 0x9f, 0x24, 0xa3, 0xa4, 0x9c, 0xa0, 0x9d, 0xa1, 0x23, 0x1c,
    0x9a, 0xa4, 0xa5, 0x90, 0xa5, 0xa1, 0x93, 0x14, 0x00, 0x23, 0x18, 0x07,
    0x98, 0x16, 0x22, 0x9b, 0x21, 0x14, 0x20, 0xa3, 0x18, 0x21, 0x21, 0x1b,
    0x90, 0x85, 0x24, 0xa6, 0x22, 0x9a, 0x9d, 0x1e, 0x91, 0x93, 0x21, 0x1b,
    0x92, 0x91, 0x84, 0x95, 0x1c, 0xa1, 0xa2, 0x9a, 0x23, 0x12, 0x9c, 0x9d,
    0x2d, 0x0a, 0x2a, 0x24, 0x85, 0x13, 0x13, 0x29, 0x24, 0x9e, 0x23, 0xab,
    0xa5, 0xa2, 0x01, 0xa2, 0xa2, 0xaa, 0xa9, 0x9a, 0xa1, 0x9a, 0xa1, 0x25,
    0x13, 0x99, 0x23, 0x1b, 0x02, 0x22, 0x1d, 0xa5, 0x0f, 0x2b, 0x27, 0x86,
    0x22, 0x1c, 0x18, 0x89, 0x05, 0x19, 0x9a, 0x18, 0x28, 0x1f, 0xa4, 0x1a,
    0x21, 0x91, 0x2a, 0xa1, 0x0f, 0x21, 0x22, 0x01, 0xa0, 0x1f, 0x25, 0x85,
    0x1e, 0x19, 0xa4, 0x1d, 0x92, 0xa0, 0x21, 0x95, 0x98, 0xaa, 0x97, 0xa1,
    0x90, 0x0a, 0x1e, 0x9e, 0x99, 0x9f, 0x20, 0x14, 0x18, 0xa1, 0x97, 0x23,
    0x82, 0x92, 0x1a, 0x17, 0x90, 0x28, 0x87, 0x08, 0xa6, 0x9c, 0x91, 0x94,
    0x9c, 0xa2, 0x8b, 0x99, 0x94, 0x86, 0x8c, 0x9b, 0x98, 0x91, 0x21, 0x9d,
    0x90, 0x95, 0x21, 0x92, 0x9b, 0x02, 0x1a, 0x85, 0x86, 0x13, 0x8b, 0x1c,
    0x0b, 0x11, 0x8f, 0x19, 0x99, 0x9b, 0x1a, 0x8c, 0x8a, 0x16, 0x91, 0x9f,
    0x8d, 0x9f, 0x20, 0x2a, 0xa1, 0x9a, 0x12, 0x1d, 0xa7, 0x88, 0x96, 0xa1,
    0x96, 0x8b, 0xa1, 0x14, 0x91, 0x23, 0x05, 0x01, 0xa2, 0x11, 0x15, 0x8b,
    0x9d, 0x8a, 0x84, 0x19, 0x8e, 0x0b, 0x87, 0x9d, 0x94, 0x9a, 0x10, 0x15,
    0x13, 0x03, 0x09, 0x9a, 0x98, 0x19, 0x98, 0x89, 0x9d, 0x03, 0x13, 0x99,
    0x8a, 0x00, 0x19, 0x23, 0x86, 0xa0, 0x1b, 0x1e, 0xa3, 0x03, 0x19, 0x1e,
    0x9d, 0x11, 0x04, 0x97, 0x19, 0x04, 0x18, 0x1d, 0x9b, 0x1b, 0x0c, 0x96,
    0x94, 0x06, 0x01, 0x81, 0x9d, 0x9d, 0x96, 0x1e, 0x15, 0x1f, 0x19, 0x9d,
    0x96, 0x92, 0x15, 0xa1, 0x87, 0x81, 0x14, 0x22, 0x0d, 0xa5, 0x9a, 0x99,
    0x11, 0xa1, 0x8c, 0xa3, 0x9e, 0x82, 0x15, 0x9c, 0x85, 0x12, 0x96, 0x90,
    0x21, 0xa0, 0x8e, 0x8c, 0x9e, 0x22, 0x17, 0x90, 0x95, 0x04, 0x04, 0x9a,
    0xa1, 0x19, 0x21, 0x91, 0x1a, 0xa0, 0x8d, 0x15, 0x9a, 0x93, 0xa2, 0xa2,
    0x9b, 0x07, 0x17, 0x15, 0x1e, 0x8f, 0x10, 0x82, 0x86, 0x9f, 0x09, 0x17,
    0x94, 0x91, 0xa2, 0xa2, 0x93, 0x01, 0x9a, 0x01, 0x21, 0x0a, 0x12, 0x02,
    0x99, 0x9d, 0x91, 0xa1, 0x93, 0x98, 0x0b, 0x23, 0x88, 0x89, 0x06, 0x00,
    0xa2, 0x0f, 0x19, 0x21, 0x99, 0x18, 0x0b, 0x85, 0x94, 0x9a, 0x88, 0x1d,
    0x08, 0x05, 0x90, 0x10, 0x8b, 0x16, 0x9f, 0x9b, 0x9a, 0x86, 0x09, 0x88,
    0x05, 0x15, 0xa1, 0x88, 0x00, 0x81, 0x82, 0x03, 0x1c, 0x01, 0x92, 0x1e,
    0x21, 0x82, 0x15, 0x95, 0x15, 0x09, 0x94, 0x12, 0xa1, 0x19, 0x86, 0x00,
    0x81, 0xa0, 0x92, 0xa3, 0x88, 0x18, 0x15, 0x82, 0x0a, 0x9e, 0x20, 0x1c,
    0x97, 0x83, 0x99, 0x98, 0x1c, 0x0f, 0x01, 0x9b, 0x88, 0x12, 0x21, 0x9b,
    0x82, 0x19, 0x8a, 0x05, 0x1c, 0x1c, 0x0b, 0x18, 0x97, 0x20, 0x22, 0x98,
    0x91, 0x96, 0x04, 0xa1, 0x24, 0xa1, 0xa7, 0xa7, 0x05, 0x10, 0x26, 0x0e,
    0x00, 0x0c, 0x96, 0x8a, 0x06, 0xa2, 0x06, 0x24, 0x9a, 0xa7, 0x8f, 0x9b,
    0x8c, 0x1b, 0x18, 0x23, 0x26, 0x85, 0x10, 0x05, 0x1c, 0xa0, 0x16, 0x99,
    0x93, 0x9e, 0x8b, 0x1a, 0x1d, 0x86, 0x9e, 0x01, 0x19, 0x90, 0x81, 0x9d,
    0x19, 0x01, 0x1a, 0x10, 0xa8, 0xa2, 0x9c, 0x98, 0x27, 0x91, 0x18, 0x26,
    0x83, 0x8e, 0x03, 0x1e, 0xa1, 0xa1, 0x8b, 0x24, 0x83, 0xa9, 0xaa, 0xa4,
    0x92, 0x92, 0x1f, 0x99, 0x91, 0xa9, 0x0e, 0x1b, 0x21, 0x14, 0x24, 0xa7,
    0xa2, 0x00, 0x13, 0x04, 0xa0, 0xa2, 0x25, 0xa7, 0xa9, 0x90, 0x22, 0x1e,
    0xa4, 0xa9, 0x9a, 0x21, 0x85, 0x10, 0x20, 0x98, 0xa1, 0x1e, 0x1c, 0x91,
    0x20, 0xa3, 0xa1, 0x9c, 0x21, 0xa8, 0x91, 0x9f, 0x9e, 0x89, 0xa4, 0xa5,
    0x1d, 0x9d, 0x1d, 0x9c, 0x27, 0x04, 0x0a, 0x82, 0x1b, 0x13, 0x94, 0xa5,
    0x02, 0x1a, 0x27, 0x23, 0x01, 0xa3, 0x89, 0xa3, 0xa9, 0x19, 0x1d, 0x84,
    0x9b, 0x8b, 0xa2, 0x23, 0x90, 0x28, 0x23, 0x1c, 0x94, 0x9b, 0x19, 0x23,
    0x1c, 0x21, 0x1e, 0x15, 0x9d, 0xa0, 0x9a, 0x27, 0x93, 0x9c, 0x99, 0x9a,
    0x93, 0x11, 0x18, 0x21, 0x1b, 0x18, 0x18, 0x09, 0x24, 0x11, 0x21, 0xa9,
    0x87, 0x21, 0x04, 0x11, 0x18, 0x18, 0x0f, 0x0c, 0xa1, 0x26, 0x9c, 0xa2,
    0x9d, 0x97, 0xa6, 0x1c, 0x91, 0x8a, 0x03, 0x05, 0x13, 0x1f, 0x92, 0x21,
    0x25, 0x99, 0x8e, 0x93, 0x95, 0x97, 0x91, 0xa3, 0x18, 0x92, 0x9f, 0x91,
    0x09, 0x8d, 0x90, 0xa6, 0xa9, 0x95, 0x8b, 0x96, 0x9f, 0x90, 0x91, 0x1d,
    0x9a, 0x9f, 0x8e, 0x10, 0x1a, 0x94, 0x12, 0x9c, 0x20, 0x99, 0x8b, 0xa0,
    0x87, 0x94, 0x10, 0x07, 0x19, 0x88, 0x04, 0x89, 0x91, 0x06, 0x9d, 0x9c,
    0x8e, 0x9e, 0x1a, 0x8d, 0xa3, 0x97, 0xa0, 0x21, 0x10, 0x98, 0x9b, 0x16,
    0x8c, 0x86, 0x9e, 0x1d, 0x13, 0x95, 0x82, 0x11, 0x84, 0x20, 0x22, 0x9a,
    0x19, 0x99, 0x12, 0x0f, 0x0d, 0x11, 0x8e, 0xa2, 0x96, 0x0a, 0x83, 0x0a,
    0x8b, 0xa3, 0xa4, 0x9f, 0x87, 0x9f, 0x85, 0x17, 0x90, 0x14, 0x93, 0x19,
    0x1b, 0x83, 0x0c, 0x90, 0x1b, 0x8a, 0x98, 0x9a, 0x9f, 0x13, 0x84, 0x1c,
    0x83, 0x09, 0x02, 0x23, 0x1a, 0x12, 0x0a, 0x90, 0x1a, 0x9d, 0xa0, 0x85,
    0x05, 0x81, 0x08, 0x85, 0xa1, 0x02, 0x18, 0x1a, 0x0f, 0x0b, 0x16, 0x22,
    0x21, 0x9b, 0x9c, 0x09, 0x91, 0x13, 0x02, 0x11, 0x96, 0x14, 0x1b, 0x23,
    0x20, 0x9c, 0x1a, 0x99, 0x91, 0x97, 0x19, 0x9a, 0x82, 0x1f, 0x10, 0x94,
    0x93, 0x16, 0x19, 0x93, 0x07, 0x9c, 0x09, 0x23, 0x86, 0x9b, 0x1a, 0x1e,
    0x94, 0x18, 0x11, 0x0c, 0x0a, 0x99, 0x9c, 0x0b, 0x1c, 0x08, 0x09, 0x08,
    0x9f, 0x9c, 0xa3, 0xa0, 0x9c, 0xa4, 0x85, 0x19, 0x21, 0x91, 0x98, 0x05,
    0xa3, 0x1f, 0x94, 0x02, 0x0f, 0x92, 0x96, 0x1e, 0x8a, 0x19, 0x99, 0x81,
    0x9f, 0x9f, 0x19, 0x01, 0x9e, 0x1b, 0x14, 0x20, 0x08, 0x1b, 0x83, 0x0a,
    0x95, 0x94, 0x97, 0x0a, 0x01, 0x04, 0x8f, 0x03, 0x00, 0x8a, 0x86, 0x9b,
    0x92, 0x02, 0x95, 0x8d, 0x87, 0x12, 0x9b, 0x1a, 0x00, 0x8e, 0x08, 0x15,
    0x8a, 0xa1, 0x02, 0x88, 0xa0, 0x14, 0x14, 0x0a, 0x89, 0x91, 0x81, 0x0b,
    0x17, 0x17, 0x9d, 0x9a, 0x96, 0x91, 0x14, 0xa0, 0x99, 0xa1, 0x99, 0x1f,
    0x91, 0x92, 0x98, 0x90, 0x98, 0x93, 0x12, 0x0c, 0xa2, 0x95, 0x0e, 0x22,
    0x91, 0x1b, 0x15, 0x92, 0x92, 0x18, 0x92, 0x90, 0x19, 0x11, 0x1b, 0x08,
    0x96, 0x1c, 0x8d, 0x91, 0x96, 0x88, 0x8a, 0x10, 0x87, 0x10, 0xa1, 0xaa,
    0x9d, 0x20, 0x8e, 0x01, 0x15, 0x2a, 0x27, 0x9e, 0x14, 0x85, 0x21, 0x22,
    0x9d, 0x1e, 0x19, 0x1e, 0x8e, 0xa4, 0x95, 0x9e, 0xa0, 0x10, 0x9a, 0x11,
    0xa7, 0x1d, 0x26, 0x1c, 0x92, 0x1f, 0x25, 0xa5, 0x28, 0xa6, 0xa8, 0xaa,
    0x99, 0xa5, 0x98, 0xa7, 0x25, 0x24, 0x1e, 0x22, 0x98, 0x1a, 0x0b, 0x2b,
    0x14, 0x16, 0xa5, 0x00, 0x17, 0x97, 0x14, 0x1f, 0x8e, 0x22, 0x1b, 0x03,
    0x8a, 0xa9, 0x8b, 0x8e, 0x1b, 0x99, 0x1f, 0x09, 0x29, 0xa2, 0xa0, 0x11,
    0x1a, 0x8a, 0xa1, 0x20, 0x99, 0xa4, 0xa6, 0x10, 0x1b, 0x97, 0x91, 0x9b,
    0x17, 0x1b, 0x20, 0x22, 0x09, 0x9f, 0x1f, 0xa8, 0xa3, 0x21, 0xa4, 0x9a,
    0x21, 0x11, 0x1f, 0xa8, 0x24, 0x00, 0xa7, 0x9d, 0x20, 0x18, 0x19, 0x9a,
    0xa6, 0x1c, 0x01, 0x93, 0x0c, 0x08, 0x16, 0x05, 0xa0, 0x2a, 0x8c, 0x9d,
    0x95, 0x97, 0xa4, 0x99, 0x1a, 0x20, 0x2a, 0xa4, 0x97, 0x25, 0xa7, 0xa7,
    0x25, 0x23, 0xa1, 0xaa, 0x23, 0x23, 0x19, 0x14, 0x9b, 0x1f, 0x14, 0x21,
    0x1a, 0x21, 0x9f, 0x08, 0x16, 0xa1, 0x96, 0x96, 0x0f, 0x9b, 0x13, 0x9a,
    0x0f, 0x0b, 0x0d, 0x11, 0x96, 0x8a, 0x9a, 0x81, 0x05, 0x9c, 0x21, 0x99,
    0x0a, 0x84, 0x8f, 0xa9, 0x24, 0x9b, 0x22, 0x04, 0xa1, 0xa1, 0x22, 0x01,
    0x21, 0x00, 0xa4, 0x1a, 0x9c, 0x9e, 0x86, 0xa4, 0x95, 0x97, 0x99, 0x20,
    0x29, 0x0f, 0x02, 0x22, 0x2e, 0xa2, 0xa8, 0x13, 0x85, 0x06, 0x0e, 0x8c,
    0x9b, 0x23, 0x92, 0x1a, 0x22, 0x8f, 0x90, 0x1e, 0xa3, 0x20, 0x9b, 0x0f,
    0xa5, 0xa2, 0x18, 0x19, 0x83, 0x1a, 0x9f, 0x28, 0x14, 0xa9, 0xaa, 0x14,
    0x18, 0x8f, 0x12, 0x29, 0x1f, 0x22, 0x17, 0x22, 0x87, 0x96, 0x17, 0x1f,
    0x9b, 0x9a, 0x0b, 0x9f, 0x86, 0x99, 0x99, 0x1b, 0xa4, 0xa6, 0x99, 0x23,
    0x9e, 0x16, 0x19, 0x9d, 0x81, 0x16, 0x99, 0xa5, 0x8f, 0x9f, 0x0d, 0x19,
    0xa7, 0x83, 0x1f, 0x1e, 0x1c, 0x22, 0x8f, 0x1f, 0x01, 0x1a, 0x1f, 0x84,
    0x13, 0xaa, 0x86, 0x96, 0x9f, 0xa3, 0x23, 0x9f, 0x91, 0xa2, 0x06, 0x26,
    0x11, 0x1b, 0x89, 0xaa, 0x94, 0x90, 0x9a, 0x19, 0x99, 0x0f, 0x87, 0x1c,
    0x0d, 0x87, 0x86, 0x1f, 0x15, 0x92, 0x19, 0x87, 0x1e, 0x19, 0x16, 0x1a,
    0x9b, 0x11, 0x9b, 0x23, 0xa0, 0x9d, 0x8c, 0x1e, 0x16, 0x98, 0xa4, 0x26,
    0x1b, 0xa0, 0x19, 0xa0, 0xaa, 0x91, 0x99, 0x87, 0x23, 0x13, 0x92, 0x16,
    0x9a, 0x05, 0x03, 0x9f, 0x28, 0x9d, 0x1d, 0x0f, 0x9f, 0x13, 0x9d, 0x1e,
    0x22, 0x0f, 0xa0, 0xa0, 0x20, 0x04, 0x22, 0x9f, 0x8c, 0x19, 0xa2, 0x05,
    0x1b, 0x2b, 0x17, 0x1f, 0xa0, 0x27, 0x80, 0x28, 0x99, 0x25, 0x92, 0x21,
    0x27, 0x98, 0x9a, 0x0f, 0xa3, 0xaa, 0xad, 0x88, 0x99, 0xa7, 0x1e, 0x26,
    0x1a, 0xa8, 0x25, 0x20, 0x1d, 0x1b, 0x9a, 0x20, 0x1c, 0x88, 0xa0, 0x17,
    0x06, 0x81, 0x9a, 0x1f, 0x20, 0x20, 0x13, 0x91, 0x1d, 0x21, 0x13, 0x90,
    0x9b, 0x9c, 0x83, 0x9a, 0x1f, 0x92, 0xa5, 0x8b, 0x8a, 0x92, 0x9d, 0x98,
    0x16, 0x98, 0x1c, 0x9e, 0xa5, 0xa4, 0x90, 0x20, 0xa9, 0xa4, 0x91, 0x18,
    0xaa, 0x8e, 0x9b, 0x20, 0x25, 0x26, 0x1b, 0x86, 0x98, 0x86, 0x87, 0xa4,
    0x84, 0x1d, 0x05, 0x8c, 0x99, 0x0f, 0x97, 0x06, 0x99, 0x16, 0x1d, 0x93,
    0x22, 0x20, 0x8d, 0x29, 0x9d, 0xa7, 0xa3, 0x98, 0x16, 0x06, 0x9c, 0xa6,
    0x2b, 0x99, 0x22, 0x91, 0x25, 0x28, 0x02, 0xa9, 0x24, 0x11, 0x9d, 0x20,
    0x2a, 0x8c, 0xad, 0x9b, 0x11, 0x1e, 0x25, 0x23, 0x25, 0x9c, 0x98, 0x90,
    0xa1, 0x85, 0xa3, 0x1f, 0x1b, 0x1d, 0x99, 0x89, 0x0f, 0x85, 0x84, 0x04,
    0xa6, 0xa9, 0x21, 0x1d, 0x1d, 0x25, 0x18, 0x25, 0x23, 0x9d, 0x14, 0x20,
    0x9f, 0x1e, 0x22, 0x0f, 0xa8, 0xa4, 0x15, 0x97, 0x13, 0x1b, 0x83, 0x23,
    0x17, 0xa1, 0x90, 0x17, 0xa5, 0x9e, 0x96, 0x11, 0x05, 0x08, 0x14, 0x99,
    0x1a, 0x14, 0x0f, 0x9a, 0x81, 0x89, 0x20, 0x09, 0x1f, 0x80, 0x19, 0x0b,
    0xa9, 0x18, 0x03, 0x28, 0xa8, 0x07, 0xa5, 0x19, 0xa8, 0x9e, 0x9b, 0x9e,
    0x27, 0x27, 0x21, 0x9a, 0x8d, 0x1a, 0x0f, 0x04, 0x9a, 0x15, 0x10, 0x93,
    0x97, 0x14, 0x17, 0x89, 0xa3, 0x01, 0x96, 0x06, 0x2a, 0x90, 0x97, 0x9d,
    0xa3, 0x23, 0x21, 0x30, 0x1a, 0x9a, 0x25, 0x23, 0x11, 0xa6, 0x87, 0x94,
    0x21, 0xa4, 0x20, 0x28, 0x2b, 0x0c, 0xa0, 0x20, 0x9a, 0xa8, 0x9d, 0x11,
    0xa8, 0xa5, 0x9e, 0x1b, 0x27, 0x1f, 0x13, 0x27, 0x93, 0xa2, 0x0a, 0x27,
    0x1c, 0x9a, 0x9d, 0x0a, 0x9a, 0x0b, 0x14, 0x22, 0x96, 0x14, 0xac, 0x13,
    0x9e, 0xa8, 0x99, 0x9a, 0x85, 0x2b, 0x17, 0xa3, 0xa8, 0x9f, 0x23, 0xa8,
    0x25, 0x29, 0x1c, 0x28, 0x01, 0x8a, 0x97, 0x2a, 0x1f, 0x89, 0xa1, 0x19,
    0x91, 0x1c, 0x05, 0x19, 0xaa, 0x92, 0x8f, 0x1e, 0x97, 0x13, 0x9f, 0x1b,
    0xa6, 0xa1, 0x27, 0x02, 0x9c, 0x22, 0xa5, 0x04, 0x9b, 0x1c, 0x1f, 0x06,
    0x8e, 0x19, 0x23, 0x0e, 0x9b, 0x0f, 0x9d, 0x90, 0xa2, 0x9c, 0x1c, 0x01,
    0x03, 0x99, 0xa1, 0x1e, 0x23, 0x1b, 0xa5, 0x08, 0x25, 0x91, 0x97, 0x9c,
    0xa0, 0x28, 0x13, 0x96, 0x9d, 0xa2, 0x11, 0x9a, 0xa1, 0x23, 0x0a, 0x1b,
    0xa0, 0xa0, 0x9d, 0xa1, 0xa8, 0x1d, 0xa2, 0x01, 0x19, 0x21, 0x95, 0x9c,
    0x1e, 0x9c, 0xa2, 0x23, 0x1e, 0x9e, 0x08, 0x18, 0x26, 0x10, 0x15, 0x83,
    0xa4, 0x1a, 0x1a, 0x22, 0x9b, 0x13, 0xa3, 0x29, 0x87, 0x11, 0x25, 0x18,
    0x00, 0x97, 0x83, 0x90, 0x13, 0x02, 0x29, 0x29, 0x86, 0x93, 0x93, 0x2d,
    0x00, 0x2a, 0x0d, 0x18, 0x29, 0x97, 0x9f, 0xa2, 0x1a, 0x19, 0x87, 0x81,
    0x99, 0x86, 0x9d, 0x27, 0x1f, 0x22, 0x92, 0x18, 0x9c, 0x84, 0x1f, 0x1b,
    0x94, 0x98, 0x08, 0xa4, 0x15, 0x22, 0x19, 0x22, 0x8b, 0x92, 0x1b, 0x85,
    0xa3, 0xa0, 0x1c, 0xaa, 0x21, 0xa5, 0x23, 0x19, 0x1c, 0x13, 0x24, 0x20,
    0x1f, 0xa5, 0x99, 0xa0, 0xa2, 0x06, 0xa1, 0x06, 0x85, 0x23, 0x20, 0x2a,
    0x25, 0xad, 0x1f, 0x29, 0x16, 0x9b, 0x1f, 0x86, 0x24, 0x15, 0x1e, 0x97,
    0x03, 0x16, 0x09, 0x12, 0x94, 0x1a, 0x01, 0x21, 0x24, 0x99, 0x81, 0x15,
    0xa5, 0x22, 0x9b, 0x0a, 0x1e, 0x21, 0x21, 0x1f, 0x23, 0xa7, 0x95, 0x9d,
    0x13, 0x87, 0x26, 0x1d, 0x25, 0x9a, 0x9b, 0x8d, 0x85, 0x92, 0xa1, 0xa7,
    0xa6, 0x9b, 0x24, 0xa8, 0x07, 0x29, 0x8c, 0x26, 0x1e, 0x9f, 0x91, 0x0d,
    0xa3, 0x18, 0x21, 0x9e, 0x1a, 0x0f, 0x20, 0x8e, 0x9a, 0x01, 0xa2, 0x25,
    0x20, 0xa0, 0x24, 0x20, 0x1d, 0x1c, 0x04, 0x98, 0x16, 0xa0, 0x24, 0x0e,
    0x9a, 0x9a, 0x9b, 0xa1, 0x92, 0xa1, 0x94, 0x17, 0x0f, 0x93, 0x29, 0x82,
    0x23, 0xaa, 0x1c, 0xa1, 0x21, 0x21, 0x81, 0x2a, 0x9a, 0x07, 0xa9, 0xa3,
    0x05, 0x01, 0x16, 0x9c, 0x1b, 0x15, 0x21, 0x97, 0x28, 0x1e, 0x23, 0x92,
    0xa1, 0x90, 0x84, 0xa3, 0x9c, 0xa1, 0x97, 0xa1, 0x29, 0x8b, 0x99, 0x99,
    0x12, 0x0a, 0x08, 0x9c, 0x21, 0xa0, 0x24, 0xa0, 0x9f, 0x92, 0x27, 0x09,
    0x1e, 0x15, 0x15, 0x1d, 0x27, 0x02, 0x22, 0x12, 0x9c, 0x23, 0x23, 0x1f,
    0x98, 0x20, 0x26, 0x10, 0x0c, 0x1b, 0x2a, 0x22, 0x2a, 0x24, 0xab, 0xa0,
    0x22, 0x9b, 0x0e, 0x25, 0x98, 0x9a, 0x9e, 0x0b, 0x88, 0x96, 0x0d, 0x12,
    0x16, 0x8d, 0x81, 0x88, 0x1c, 0x22, 0x12, 0x81, 0xa7, 0xa8, 0x1b, 0x19,
    0xa5, 0x24, 0xaa, 0x9b, 0x18, 0x99, 0x24, 0x29, 0x12, 0x21, 0x13, 0x9c,
    0x1d, 0x28, 0x1c, 0x8a, 0x8c, 0x12, 0x00, 0x1f, 0x8a, 0x21, 0x9a, 0x89,
    0x83, 0x9d, 0x0b, 0x18, 0x1b, 0x12, 0x90, 0x10, 0x9c, 0x87, 0x12, 0x18,
    0x81, 0x87, 0x0e, 0x85, 0x92, 0x0a, 0x9a, 0x0e, 0x2b, 0x88, 0x24, 0x1a,
    0x20, 0x10, 0x26, 0x9b, 0x98, 0x23, 0x9f, 0xa5, 0x19, 0x9d, 0xa3, 0x23,
    0x1b, 0xa6, 0xaa, 0xa0, 0x27, 0x90, 0x9c, 0x2b, 0xa3, 0x14, 0x8d, 0x18,
    0x89, 0x22, 0x9a, 0x14, 0x25, 0xa4, 0x97, 0x26, 0x0b, 0x9b, 0xa2, 0x2c,
    0x23, 0x82, 0xa2, 0x91, 0x0a, 0x0a, 0x1f, 0x1c, 0x09, 0x11, 0x8a, 0x91,
    0x91, 0x87, 0x8f, 0x99, 0xa3, 0x13, 0x9a, 0x90, 0x99, 0x94, 0x90, 0x19,
    0x8a, 0xa8, 0xa2, 0x0d, 0x1e, 0xaa, 0xa6, 0x02, 0x21, 0x84, 0xa2, 0x0b,
    0x23, 0x9d, 0x22, 0x89, 0x22, 0x23, 0xa9, 0x23, 0x23, 0x24, 0x1a, 0x0c,
    0x97, 0x1d, 0xa1, 0x19, 0x25, 0x99, 0xa7, 0xaa, 0x25, 0x1f, 0x13, 0x8b,
    0x9a, 0x16, 0x97, 0x22, 0x19, 0x26, 0xa4, 0x05, 0x87, 0x9f, 0x09, 0x8e,
    0x9b, 0x22, 0xa1, 0x92, 0x9b, 0x90, 0x26, 0xa1, 0x9a, 0xa7, 0x97, 0x2a,
    0x1b, 0xaa, 0x23, 0x0c, 0x16, 0x11, 0x82, 0x9e, 0xa7, 0x20, 0x88, 0x85,
    0x1a, 0x20, 0x9a, 0x19, 0x95, 0x85, 0x8f, 0x9e, 0x12, 0x91, 0x96, 0x88,
    0x22, 0x8c, 0x92, 0x82, 0x8f, 0x82, 0x19, 0x99, 0x0b, 0x96, 0x8a, 0x16,
    0x28, 0x90, 0x96, 0x1b, 0x84, 0x9e, 0x2d, 0x03, 0x9c, 0x93, 0xa6, 0xad,
    0x28, 0x9a, 0x1a, 0x93, 0x1e, 0x16, 0x81, 0x26, 0x98, 0x0a, 0x9e, 0x95,
    0x0e, 0x9a, 0x2a, 0xa7, 0x21, 0xa6, 0x96, 0x97, 0x01, 0x05, 0x15, 0x06,
    0x1a, 0x99, 0x21, 0x94, 0x04, 0xa5, 0x21, 0x94, 0xa0, 0x25, 0x99, 0x14,
    0x99, 0xa1, 0x10, 0xa6, 0x1c, 0x28, 0x13, 0x84, 0x98, 0x88, 0x8b, 0x99,
    0x23, 0x1f, 0xa0, 0x20, 0x19, 0xa1, 0x9f, 0x16, 0x1a, 0x8c, 0x95, 0x27,
    0x1b, 0x12, 0x9f, 0x19, 0x28, 0xa7, 0x0e, 0x17, 0x9b, 0x27, 0x27, 0x1b,
    0x23, 0x23, 0xa9, 0x0a, 0x0b, 0x27, 0x02, 0x9e, 0x9c, 0x17, 0x00, 0x9a,
    0x25, 0x1c, 0x1c, 0x14, 0x01, 0x1e, 0x1b, 0x15, 0x8c, 0x23, 0x9e, 0x1d,
    0x11, 0x9c, 0x19, 0x16, 0x02, 0x1e, 0x12, 0x9b, 0xa4, 0xa9, 0xa3, 0x22,
    0x1e, 0xa3, 0x1d, 0x8f, 0x23, 0xa2, 0x0e, 0x99, 0x99, 0x26, 0x8a, 0xaa,
    0x0e, 0x11, 0x9c, 0x11, 0x12, 0x24, 0x0a, 0x92, 0xa6, 0x9c, 0x9a, 0x0a,
    0x10, 0xa7, 0x81, 0x22, 0x18, 0x8d, 0x12, 0x9e, 0x19, 0x16, 0xa6, 0x93,
    0x17, 0x17, 0x23, 0x13, 0x90, 0xa1, 0x19, 0x9c, 0xa1, 0x86, 0x13, 0x1e,
    0x18, 0xa2, 0x9c, 0x9c, 0xad, 0x03, 0xa4, 0x9a, 0x28, 0xa2, 0x1b, 0x20,
    0xa0, 0x1b, 0x9b, 0xa0, 0x2c, 0xa1, 0x12, 0x26, 0x18, 0x28, 0x07, 0x10,
    0x25, 0xa2, 0x99, 0x12, 0x9a, 0xa8, 0x9e, 0x1f, 0x1b, 0x1c, 0x99, 0x1b,
    0x19, 0x81, 0x95, 0x18, 0x24, 0xa0, 0x2c, 0x1f, 0x25, 0x95, 0x92, 0x0b,
    0x09, 0xa4, 0x20, 0xa0, 0x02, 0x29, 0x20, 0x1f, 0x21, 0x0a, 0x93, 0x01,
    0x85, 0xa7, 0x92, 0x27, 0x1e, 0x19, 0xa1, 0x15, 0x14, 0xa0, 0x12, 0x24,
    0x26, 0x9b, 0x20, 0x23, 0x98, 0x27, 0xa3, 0x89, 0x1c, 0x2c, 0xa1, 0x1a,
    0x23, 0xa8, 0x29, 0x22, 0x28, 0x9b, 0x9b, 0x90, 0x9c, 0x9c, 0xa5, 0x1c,
    0x22, 0x25, 0xa2, 0x94, 0x14, 0x95, 0x12, 0x02, 0x1c, 0x1c, 0xa2, 0x21,
    0xa1, 0x20, 0xa3, 0x14, 0xa2, 0x9e, 0x9d, 0xaa, 0x1f, 0x1d, 0x9a, 0x18,
    0x13, 0xa1, 0x8b, 0x16, 0x20, 0xa1, 0x0a, 0x22, 0x20, 0xa3, 0x1b, 0x0b,
    0x9c, 0x19, 0x1c, 0x9b, 0x06, 0x1e, 0x92, 0x1f, 0x1a, 0x26, 0x26, 0x90,
    0x19, 0x1d, 0x28, 0x0b, 0xa7, 0x0c, 0x83, 0x14, 0xa3, 0x13, 0x9a, 0xa2,
    0x20, 0x06, 0x8d, 0xa2, 0x20, 0x1b, 0x1b, 0x96, 0x91, 0xa7, 0x16, 0xa4,
    0x96, 0x8b, 0x89, 0x17, 0x92, 0x8e, 0x99, 0x1e, 0x1b, 0x94, 0xa0, 0x0e,
    0x1f, 0x91, 0x85, 0x9e, 0x8b, 0xa4, 0x1e, 0xa1, 0x26, 0x2b, 0x28, 0x1c,
    0x91, 0x14, 0x19, 0xa0, 0x22, 0x98, 0x92, 0x24, 0x19, 0x07, 0x06, 0x9c,
    0x12, 0x1d, 0x8c, 0x99, 0x85, 0x12, 0x28, 0xa4, 0x25, 0x89, 0x96, 0x1e,
    0x2e, 0x0d, 0x92, 0x20, 0x93, 0xa7, 0x08, 0x88, 0x25, 0x0e, 0x98, 0x16,
    0xa8, 0x1f, 0x10, 0x9a, 0x07, 0x1a, 0x88, 0x06, 0x9d, 0x8d, 0x13, 0x13,
    0x8e, 0x12, 0x03, 0x93, 0x12, 0x00, 0x9f, 0x12, 0xad, 0xa0, 0x20, 0x0d,
    0x98, 0xa1, 0x9a, 0x1e, 0x1c, 0xa1, 0x17, 0xa8, 0x96, 0x83, 0x87, 0x0e,
    0x11, 0x9b, 0x88, 0x9a, 0x23, 0x91, 0x94, 0x0a, 0x94, 0x12, 0x9b, 0x8a,
    0x19, 0x9f, 0x1a, 0xa1, 0x1e, 0x05, 0x13, 0x0c, 0x24, 0x9a, 0x96, 0xa2,
    0xa4, 0x16, 0xa6, 0xaa, 0x19, 0x26, 0x29, 0x1e, 0x1b, 0x24, 0xa5, 0xa0,
    0x8f, 0xa9, 0xa7, 0x8b, 0x23, 0xab, 0x21, 0xa3, 0xa6, 0x23, 0xa1, 0xa7,
    0x21, 0x26, 0x11, 0x93, 0x11, 0x18, 0x85, 0x21, 0x06, 0x25, 0xa0, 0x1f,
    0x11, 0x0d, 0x1d, 0x17, 0x28, 0xaa, 0xa4, 0xa1, 0x9f, 0xa5, 0x22, 0x01,
    0xa9, 0xa8, 0x8a, 0x1d, 0x1e, 0x85, 0x05, 0xa3, 0x28, 0x03, 0xa0, 0x84,
    0x00, 0x9c, 0xa1, 0x19, 0x15, 0x1c, 0x92, 0x17, 0x1a, 0x02, 0x15, 0x0f,
    0x9f, 0x00, 0xaa, 0x1f, 0x0e, 0x97, 0x29, 0x24, 0x26, 0x29, 0x9e, 0xa0,
    0x1c, 0x1c, 0x92, 0x0c, 0x0c, 0x96, 0x82, 0x81, 0x8e, 0x16, 0x8f, 0x15,
    0x21, 0x21, 0x80, 0x04, 0x03, 0x97, 0x91, 0x9b, 0x21, 0xa9, 0x05, 0x19,
    0x9a, 0x9f, 0x1f, 0xa2, 0x14, 0x97, 0x1d, 0x9d, 0x1a, 0x9d, 0x23, 0x2a,
    0x1d, 0xaa, 0xa1, 0x99, 0x09, 0xa2, 0x8f, 0x21, 0x22, 0x13, 0xa6, 0x02,
    0x1c, 0x06, 0x15, 0x1e, 0x9b, 0x13, 0x15, 0x21, 0xa2, 0xa0, 0x9c, 0xa3,
    0x9f, 0x0d, 0xab, 0x83, 0x9d, 0x1a, 0xa2, 0x18, 0x91, 0xa9, 0x21, 0x99,
    0x25, 0x24, 0x22, 0x15, 0x28, 0x9a, 0x14, 0x16, 0xa9, 0x1b, 0x1e, 0xa8,
    0x13, 0x23, 0x27, 0x99, 0x20, 0xa6, 0x1d, 0x1e, 0xa6, 0x25, 0x0f, 0xac,
    0xa3, 0xa8, 0x16, 0x13, 0x27, 0x20, 0x98, 0x1d, 0x9a, 0x96, 0x99, 0x1c,
    0x12, 0x1e, 0x9c, 0x1f, 0x1b, 0x18, 0x17, 0x0c, 0x9a, 0x1f, 0x1b, 0x15,
    0xa9, 0x01, 0x84, 0x18, 0x18, 0x14, 0x8b, 0x1c, 0x83, 0x19, 0x14, 0x98,
    0x92, 0x28, 0x0a, 0x0f, 0x22, 0x21, 0x9b, 0x8f, 0xa2, 0x08, 0x29, 0x29,
    0x99, 0x90, 0x02, 0x9b, 0xa3, 0xa3, 0x0c, 0xa0, 0xa0, 0xa2, 0x97, 0x8e,
    0xa2, 0x93, 0x82, 0x9d, 0x14, 0x9a, 0x27, 0x08, 0x0b, 0x8a, 0x89, 0x1c,
    0x9e, 0x87, 0x19, 0x1d, 0x92, 0xa4, 0xa7, 0x8f, 0xa1, 0x1d, 0x03, 0x1e,
    0x91, 0x07, 0x89, 0x1a, 0x9c, 0x86, 0x1b, 0x1b, 0x00, 0x1b, 0x8a, 0x13,
    0x9d, 0x93, 0x01, 0x13, 0x26, 0xa2, 0xa8, 0xa7, 0x9a, 0x9b, 0x0c, 0x0b,
    0x83, 0x1f, 0x95, 0x1a, 0x2a, 0x9c, 0x90, 0x20, 0xa4, 0x1a, 0x16, 0x8a,
    0x05, 0x11, 0x94, 0x9a, 0x99, 0x96, 0x16, 0x19, 0x11, 0x19, 0x05, 0x99,
    0x24, 0xaa, 0x9d, 0x8c, 0x99, 0x09, 0x1a, 0x25, 0x1d, 0x9a, 0xb2, 0x25,
    0xa1, 0x24, 0x1d, 0x22, 0x9b, 0x9d, 0x90, 0x1b, 0x24, 0x82, 0xa0, 0x9b,
    0x05, 0x02, 0x99, 0x05, 0x96, 0x82, 0x13, 0x93, 0xaa, 0x03, 0x9c, 0x9a,
    0x0f, 0x22, 0xae, 0x24, 0x1b, 0x1c, 0x24, 0x33, 0xa1, 0x9d, 0x13, 0xa1,
    0xa7, 0xa6, 0xa4, 0x1a, 0x8c, 0x9f, 0x19, 0x89, 0x9d, 0x1a, 0x22, 0x99,
    0xaa, 0xa7, 0x94, 0x1d, 0x8e, 0x9c, 0x0f, 0x1d, 0x19, 0x96, 0x28, 0x96,
    0x2a, 0x28, 0x9c, 0xa5, 0x1f, 0xa4, 0x0c, 0x26, 0x23, 0x19, 0x24, 0x0e,
    0xa6, 0x22, 0x21, 0x2b, 0x9e, 0xac, 0x8f, 0xab, 0x1c, 0x85, 0x27, 0x02,
    0x24, 0x23, 0x22, 0x04, 0x17, 0x22, 0x23, 0x29, 0x83, 0xa4, 0x25, 0x0f,
    0xa1, 0x1d, 0x25, 0x9e, 0xa5, 0x20, 0x9d, 0x0f, 0xa2, 0x89, 0x2b, 0x14,
    0x27, 0xb0, 0x2c, 0xa2, 0xa0, 0x15, 0xa1, 0x24, 0xb2, 0xa3, 0x96, 0x01,
    0x2d, 0x25, 0x24, 0x9a, 0x91, 0xa8, 0xa8, 0x19, 0x18, 0xa8, 0xa4, 0x1b,
    0x87, 0x87, 0x9d, 0x94, 0xa2, 0x8c, 0x09, 0x99, 0xa9, 0xa5, 0x29, 0xa2,
    0x1b, 0x23, 0x25, 0x2e, 0xa4, 0x1f, 0x12, 0x21, 0x18, 0xa7, 0x81, 0x29,
    0x21, 0x2e, 0x11, 0x9c, 0x15, 0x8c, 0x9a, 0x18, 0x1d, 0xa6, 0x14, 0x22,
    0xa6, 0x93, 0x2c, 0x27, 0x91, 0xa5, 0x21, 0x29, 0xa6, 0x12, 0x25, 0x09,
    0x17, 0x0c, 0x8f, 0x92, 0x1c, 0xa1, 0xad, 0x82, 0x2c, 0xa3, 0xb0, 0xa6,
    0x13, 0x29, 0x9e, 0x25, 0x29, 0x20, 0xa4, 0x05, 0x26, 0x19, 0x9d, 0x9d,
    0xa8, 0x21, 0x9f, 0x1e, 0xa2, 0x90, 0xa6, 0xa9, 0x9f, 0x1f, 0x15, 0x99,
    0xa1, 0x29, 0x15, 0xab, 0xa1, 0x23, 0x12, 0x18, 0x1f, 0x17, 0x21, 0x1b,
    0x20, 0x2b, 0x11, 0x02, 0x21, 0x23, 0x2b, 0x20, 0x12, 0xa8, 0x24, 0x98,
    0x99, 0x1f, 0xa2, 0xa2, 0x25, 0x18, 0x90, 0x2a, 0x9e, 0x19, 0x24, 0x12,
    0x94, 0xa1, 0xa9, 0x23, 0xad, 0x8d, 0x93, 0x1f, 0xa3, 0xa3, 0x25, 0x0b,
    0xab, 0xa8, 0x22, 0x81, 0x87, 0xaa, 0x20, 0x20, 0x9c, 0xab, 0x20, 0x14,
    0x1b, 0x22, 0x29, 0xa4, 0x14, 0x26, 0xa3, 0x8e, 0xa5, 0x8b, 0x25, 0x98,
    0xa1, 0x11, 0xb0, 0x07, 0x97, 0x2d, 0x9c, 0x84, 0x2c, 0x16, 0x0b, 0x84,
    0x9c, 0x99, 0x0e, 0x9b, 0x20, 0x88, 0xa3, 0x1e, 0x1d, 0x1a, 0xa4, 0x2c,
    0x1f, 0x13, 0x1b, 0x01, 0x95, 0x14, 0x1e, 0xa1, 0x03, 0x04, 0x81, 0x19,
    0x22, 0x9e, 0x13, 0xa2, 0x27, 0x94, 0x16, 0x9d, 0xa7, 0x29, 0x82, 0x88,
    0x01, 0x19, 0x21, 0x98, 0x1d, 0x88, 0x12, 0x26, 0x20, 0x27, 0x2d, 0x98,
    0x11, 0x1d, 0x22, 0x01, 0x13, 0x0f, 0x9f, 0x15, 0xa8, 0x98, 0x8f, 0x84,
    0x95, 0x17, 0x2d, 0xb0, 0x82, 0xac, 0x23, 0x25, 0x24, 0x9a, 0x1b, 0xa1,
    0x9c, 0x21, 0x1a, 0x23, 0x9b, 0x88, 0x9e, 0x0f, 0x9e, 0x2e, 0xb0, 0xa2,
    0x94, 0x28, 0x1b, 0xa4, 0x9e, 0xa0, 0x9b, 0x15, 0xa1, 0x07, 0x98, 0x19,
    0xa3, 0x21, 0x14, 0x11, 0x20, 0x26, 0x13, 0xad, 0x29, 0x8a, 0x23, 0xa9,
    0x98, 0x10, 0xa1, 0x2d, 0xa0, 0xa6, 0x0f, 0xa0, 0x25, 0x84, 0x20, 0x19,
    0x20, 0xa4, 0x86, 0xa4, 0x11, 0x17, 0xa8, 0x81, 0x9d, 0x9a, 0xa1, 0x84,
    0xa9, 0x16, 0x11, 0x82, 0xa0, 0x17, 0x0d, 0x99, 0xa6, 0xa1, 0x06, 0x90,
    0x33, 0x95, 0x24, 0xa0, 0x25, 0x13, 0x10, 0x29, 0x9a, 0x0c, 0x9c, 0x21,
    0x21, 0x2a, 0x22, 0x98, 0x26, 0x1f, 0xa1, 0x9e, 0x95, 0x2f, 0xaa, 0x1c,
    0x9b, 0x9e, 0xa2, 0x1a, 0x11, 0xa2, 0x2b, 0x19, 0x11, 0x20, 0xa9, 0x25,
    0x0d, 0xa2, 0x25, 0x13, 0xa6, 0x1a, 0x16, 0x91, 0x81, 0x1e, 0x10, 0x16,
    0x15, 0xa1, 0x99, 0x19, 0x2e, 0x17, 0x9d, 0xa5, 0x97, 0x1e, 0x1b, 0x93,
    0xa2, 0xa2, 0x89, 0x26, 0xaf, 0x1d, 0x05, 0x9c, 0x23, 0xab, 0x85, 0xaa,
    0x19, 0x1c, 0xa6, 0x91, 0x25, 0x07, 0xa5, 0x2b, 0x95, 0x22, 0x28, 0xad,
    0x22, 0x87, 0x26, 0x29, 0x21, 0xa6, 0x9c, 0x0f, 0xa0, 0x15, 0xa0, 0x12,
    0xa5, 0x9d, 0x8d, 0xa2, 0x2d, 0x00, 0x99, 0x82, 0x20, 0xb1, 0x1f, 0x96,
    0xb2, 0x09, 0x9b, 0x90, 0x24, 0x15, 0x0f, 0x8b, 0x27, 0x99, 0x11, 0x2f,
    0x21, 0x98, 0x95, 0xb1, 0x32, 0x2b, 0x87, 0x13, 0x12, 0x98, 0x1c, 0x83,
    0x0f, 0x25, 0xa0, 0xa4, 0x2e, 0x96, 0xac, 0x10, 0x22, 0x1f, 0xa5, 0xa8,
    0x24, 0x07, 0x1d, 0x9b, 0x95, 0x1f, 0x90, 0x9c, 0x12, 0x1b, 0x98, 0xa0,
    0x86, 0x01, 0xab, 0x15, 0x96, 0x22, 0x09, 0x19, 0x22, 0x22, 0x98, 0xa1,
    0x1b, 0x8f, 0x03, 0x1c, 0x9b, 0x11, 0x21, 0x1b, 0x87, 0x08, 0x1c, 0xae,
    0x17, 0x9e, 0x13, 0x16, 0x1e, 0xa2, 0x1d, 0xa0, 0x84, 0x08, 0x15, 0x9b,
    0x1f, 0x15, 0x9e, 0x01, 0x19, 0x14, 0x85, 0x02, 0x8a, 0x8e, 0xa0, 0x0f,
    0x20, 0x03, 0x16, 0x9d, 0x8e, 0x1e, 0x97, 0x0b, 0x05, 0x85, 0x9a, 0x9f,
    0x9b, 0xa0, 0x9e, 0x13, 0x27, 0x12, 0x92, 0x96, 0xa0, 0x92, 0x8b, 0x9b,
    0x17, 0x27, 0x9d, 0x92, 0x1d, 0x2b, 0x13, 0xa2, 0x26, 0x19, 0x8a, 0xa4,
    0x22, 0x1d, 0x19, 0x99, 0xa4, 0x15, 0xa1, 0xac, 0xa6, 0x10, 0x91, 0x22,
    0xab, 0xa7, 0x28, 0x25, 0x34, 0x9e, 0x1f, 0xa8, 0x19, 0x03, 0x02, 0x23,
    0xa3, 0xa4, 0xa5, 0x0e, 0x92, 0x94, 0xa4, 0xaa, 0xa2, 0x8e, 0x23, 0x84,
    0x1f, 0x21, 0x12, 0x87, 0x14, 0x02, 0x9c, 0xa7, 0x23, 0x20, 0x2b, 0x21,
    0x2a, 0x21, 0x95, 0x88, 0xa5, 0x17, 0xa9, 0x97, 0x94, 0xa5, 0xa6, 0x9e,
    0xa6, 0x8a, 0x09, 0x1e, 0xa1, 0x0c, 0x9a, 0x26, 0x82, 0x92, 0x16, 0x24,
    0x21, 0x19, 0x98, 0xaa, 0x29, 0x0c, 0x95, 0x1c, 0x1b, 0x1c, 0x93, 0xa5,
    0xa1, 0xa2, 0x17, 0x22, 0x28, 0x23, 0xad, 0x9e, 0xa1, 0x09, 0xa3, 0x1a,
    0x17, 0x99, 0x11, 0x24, 0x10, 0xa9, 0x23, 0x12, 0x21, 0xa4, 0x92, 0x1e,
    0x8a, 0x13, 0x9e, 0x9d, 0x27, 0x9c, 0x28, 0x20, 0x9c, 0x91, 0x20, 0x91,
    0x29, 0x91, 0x88, 0x9b, 0x99, 0x1f, 0x23, 0x21, 0x85, 0xad, 0x25, 0x96,
    0x1c, 0x8e, 0x19, 0x10, 0x28, 0x03, 0x95, 0x15, 0x80, 0x22, 0x22, 0x1c,
    0x27, 0xa2, 0xa6, 0xa1, 0xaa, 0xa8, 0x92, 0xa2, 0xab, 0x99, 0xa2, 0x13,
    0x2e, 0x27, 0x90, 0x12, 0xa6, 0x2a, 0x05, 0x23, 0xa7, 0x29, 0xa5, 0x22,
    0x1b, 0x25, 0x2c, 0xa2, 0x20, 0xa9, 0x28, 0xa2, 0x28, 0x9f, 0xa0, 0xa3,
    0x20, 0x22, 0x83, 0x00, 0x95, 0xac, 0x8a, 0xa2, 0xa8, 0x24, 0xa3, 0x94,
    0xa2, 0x10, 0x84, 0x9d, 0x01, 0x1a, 0x09, 0xa9, 0x84, 0x98, 0x14, 0xa2,
    0xa9, 0x09, 0x1f, 0x10, 0x1f, 0x04, 0x1c, 0xa4, 0x0c, 0x95, 0x12, 0x0c,
    0x18, 0x10, 0xa6, 0x27, 0xa8, 0xa6, 0x26, 0x9e, 0x9d, 0xa7, 0x23, 0x95,
    0x1a, 0xa5, 0x29, 0x1f, 0x17, 0x15, 0x24, 0x1b, 0x11, 0x2a, 0xa9, 0x03,
    0x95, 0x83, 0x29, 0xa4, 0x12, 0x91, 0xa0, 0x19, 0x0d, 0x1e, 0xa4, 0x11,
    0x10, 0x22, 0x11, 0x9c, 0x23, 0x20, 0x16, 0x1b, 0x9a, 0x29, 0x99, 0x1a,
    0x94, 0x26, 0xa7, 0x19, 0x26, 0x00, 0xa5, 0x21, 0x97, 0xa4, 0x01, 0x1d,
    0x05, 0x0d, 0x02, 0x22, 0x22, 0x9b, 0x96, 0x90, 0xa1, 0xa3, 0xa1, 0x98,
    0x9c, 0x81, 0xa0, 0x25, 0x9b, 0x9a, 0x9a, 0x99, 0x00, 0x1f, 0x94, 0x1a,
    0x10, 0x22, 0x11, 0x1c, 0xa4, 0x9b, 0x14, 0x1a, 0x83, 0x16, 0x96, 0x94,
    0xa5, 0x9d, 0x9e, 0x20, 0xa4, 0x16, 0x82, 0x99, 0x1d, 0xa5, 0x9f, 0x9d,
    0xa6, 0x1c, 0x9b, 0x2d, 0x01, 0x21, 0x95, 0xa3, 0x2b, 0xa0, 0x19, 0x20,
    0x23, 0x2a, 0x23, 0x21, 0x17, 0xa6, 0x24, 0x29, 0x18, 0xa0, 0xae, 0xa1,
    0x11, 0x24, 0x27, 0x01, 0x14, 0x9c, 0x9e, 0x9b, 0xa0, 0x29, 0xac, 0xa3,
    0x20, 0x1b, 0x24, 0x94, 0x10, 0xad, 0x21, 0x23, 0x20, 0xac, 0xab, 0x92,
    0xa2, 0x98, 0xad, 0x04, 0x83, 0x05, 0x14, 0xa8, 0x0a, 0x19, 0x8a, 0x8e,
    0xa1, 0x9d, 0x8c, 0x11, 0x1f, 0x21, 0x99, 0x21, 0x18, 0x22, 0x14, 0x90,
    0x21, 0x22, 0x96, 0x91, 0x9f, 0x0f, 0x9a, 0x96, 0x0e, 0x97, 0x13, 0x87,
    0x1b, 0x28, 0x12, 0xa0, 0x90, 0x14, 0xa6, 0x0b, 0x9b, 0x1c, 0x14, 0xa0,
    0x10, 0x1a, 0x24, 0x15, 0x16, 0x98, 0xa3, 0x28, 0x0b, 0x9a, 0x91, 0x88,
    0x15, 0x1d, 0x1f, 0x26, 0x21, 0xa7, 0xa5, 0x2a, 0x09, 0x81, 0x21, 0xa2,
    0x8d, 0x0a, 0x93, 0xa3, 0x17, 0x9b, 0x0e, 0x2a, 0x1a, 0x28, 0xa3, 0xa7,
    0xa4, 0x26, 0x10, 0x90, 0xa0, 0x16, 0x2a, 0x1e, 0x13, 0x23, 0x9b, 0x1c,
    0xa5, 0x83, 0x94, 0xa2, 0xa9, 0x9e, 0xaa, 0x1c, 0x9c, 0xaa, 0x03, 0x9b,
    0xab, 0x99, 0x1a, 0x87, 0x21, 0x93, 0x29, 0x0c, 0xa7, 0x28, 0x93, 0x99,
    0x14, 0xa7, 0x9f, 0x8a, 0x29, 0x1d, 0x03, 0xa7, 0xa9, 0x8d, 0xa5, 0x22,
    0x8a, 0x12, 0x1a, 0x26, 0x20, 0x26, 0x98, 0x94, 0xa1, 0x94, 0x8d, 0xa5,
    0x20, 0xa9, 0x1a, 0x15, 0x89, 0xa8, 0x1d, 0x13, 0x11, 0x14, 0x1b, 0xa5,
    0x86, 0x8b, 0x0e, 0x01, 0x97, 0x1e, 0x1c, 0x06, 0x99, 0xab, 0x23, 0x25,
    0x09, 0x1e, 0x1a, 0x19, 0x98, 0x84, 0x9b, 0x8d, 0x21, 0x20, 0x13, 0x87,
    0x92, 0x21, 0x99, 0xa3, 0x27, 0x9e, 0x0f, 0x88, 0x20, 0x83, 0x13, 0x90,
    0x97, 0x1e, 0xb2, 0x15, 0x9a, 0xa8, 0x0a, 0x12, 0x9e, 0x2e, 0x21, 0x89,
    0xa4, 0xa3, 0x22, 0xa3, 0xa5, 0x25, 0xa1, 0x0a, 0x22, 0x99, 0x29, 0x9f,
    0x05, 0x12, 0x22, 0xa2, 0x91, 0x82, 0x9a, 0x28, 0x16, 0x8d, 0xa3, 0x84,
    0x15, 0xa0, 0x96, 0x22, 0x8a, 0x1b, 0xa6, 0x96, 0x9b, 0x99, 0x11, 0x9c,
    0x23, 0x25, 0x9e, 0x01, 0x15, 0x0f, 0x8c, 0x20, 0x27, 0x9a, 0x21, 0x90,
    0x22, 0x20, 0x9e, 0x19, 0x9c, 0x1e, 0xad, 0xa8, 0x9b, 0x92, 0xa3, 0x03,
    0x1f, 0xad, 0x94, 0x16, 0x1f, 0x1d, 0x9e, 0x1b, 0x87, 0x26, 0x28, 0x1b,
    0x95, 0x14, 0x12, 0x21, 0x9b, 0xa5, 0x8f, 0x1f, 0x9d, 0x93, 0x21, 0x92,
    0x21, 0x0e, 0xa0, 0x97, 0x95, 0x1a, 0x9c, 0x9f, 0x0a, 0xa0, 0x26, 0x1d,
    0x21, 0x97, 0xa5, 0x24, 0xa2, 0x16, 0x8f, 0xa3, 0xa1, 0x21, 0x18, 0x21,
    0x16, 0xa2, 0x23, 0x0d, 0xa5, 0x9b, 0x11, 0xa5, 0x23, 0x22, 0x2b, 0x1d,
    0xa2, 0x13, 0x21, 0x25, 0x90, 0x21, 0x8d, 0x9a, 0xa0, 0x88, 0x99, 0x8d,
    0x1a, 0x24, 0x1d, 0x04, 0x17, 0x27, 0x8a, 0x9a, 0x09, 0x1e, 0x0b, 0xa1,
    0x15, 0x99, 0x17, 0x90, 0x85, 0x99, 0xa4, 0x0e, 0x8b, 0xa6, 0x0e, 0x2b,
    0x91, 0x21, 0x23, 0x18, 0x8e, 0x8a, 0x13, 0xa1, 0x2b, 0x21, 0x22, 0x18,
    0x02, 0xab, 0x9c, 0x87, 0x28, 0x8f, 0x04, 0x84, 0x1e, 0x9c, 0x1b, 0x88,
    0x95, 0x83, 0xab, 0xa3, 0xa2, 0x95, 0x87, 0x28, 0x0e, 0x20, 0x07, 0xa6,
    0xa2, 0x94, 0x9b, 0xa6, 0x18, 0x9a, 0x2a, 0x9b, 0x92, 0x22, 0x9b, 0x15,
    0xa2, 0x8b, 0x20, 0xa5, 0x88, 0x8d, 0x98, 0x87, 0x81, 0x8a, 0x20, 0x05,
    0xa0, 0x05, 0x13, 0x2a, 0x21, 0x22, 0x09, 0x1c, 0xa5, 0x1b, 0x16, 0x01,
    0x26, 0x23, 0x13, 0x95, 0x90, 0x8f, 0x82, 0x27, 0x11, 0x98, 0x27, 0xa0,
    0x23, 0xa1, 0x86, 0x1d, 0xa4, 0x01, 0xb1, 0x2e, 0x15, 0xa1, 0x96, 0x0d,
    0x92, 0xa2, 0x12, 0x14, 0xa2, 0x87, 0xa4, 0x13, 0x84, 0xac, 0x1b, 0x99,
    0x1b, 0x9f, 0x9c, 0x9c, 0xa5, 0x84, 0x9c, 0x9f, 0xa5, 0x01, 0x90, 0x21,
    0x19, 0x20, 0x22, 0x9a, 0xa5, 0xa6, 0x8b, 0x0b, 0x86, 0x04, 0x91, 0x1c,
    0x9b, 0x8e, 0xa0, 0x04, 0x9a, 0x99, 0xa7, 0x94, 0x28, 0x1d, 0x26, 0x1d,
    0xa0, 0x9f, 0x97, 0x86, 0xaa, 0x12, 0x99, 0x10, 0x18, 0x09, 0xa8, 0x92,
    0x98, 0x99, 0x20, 0x81, 0x01, 0x2b, 0x8e, 0x98, 0x13, 0x90, 0x21, 0x18,
    0x93, 0x2e, 0x9b, 0x19, 0x1a, 0x2b, 0x9d, 0x15, 0x1a, 0x18, 0x84, 0x87,
    0x8f, 0x18, 0x1a, 0x93, 0x19, 0x93, 0xaa, 0x87, 0x97, 0xa9, 0x91, 0x9a,
    0x15, 0x09, 0x9a, 0x16, 0x21, 0x07, 0x1f, 0x1a, 0x90, 0x1e, 0x98, 0x1c,
    0x21, 0x1b, 0x17, 0x1a, 0x17, 0x9e, 0x1b, 0x14, 0x02, 0x15, 0x0b, 0x28,
    0x1b, 0x9c, 0xae, 0x1e, 0x14, 0xa7, 0x91, 0x1b, 0x87, 0x2d, 0x03, 0x9c,
    0xa9, 0x1c, 0x9d, 0xaa, 0x95, 0xa7, 0x0a, 0x82, 0x11, 0x9f, 0x18, 0xa1,
    0x9a, 0x8e, 0x1f, 0xa4, 0xa0, 0x1c, 0x1f, 0xa1, 0x10, 0x87, 0x1d, 0x12,
    0x99, 0xa9, 0xa3, 0x86, 0xa2, 0x04, 0x8d, 0x1e, 0x06, 0xa2, 0xa1, 0x23,
    0x1a, 0x1d, 0x08, 0x20, 0x99, 0x23, 0xa1, 0xa0, 0x20, 0x99, 0x14, 0x9a,
    0x22, 0x1b, 0x83, 0x11, 0x07, 0x9f, 0xaf, 0x06, 0x21, 0x28, 0x87, 0xa2,
    0x1f, 0x1e, 0x18, 0xa3, 0x23, 0x9a, 0x8f, 0x26, 0x15, 0xab, 0xa4, 0x8e,
    0x9c, 0x18, 0xa7, 0x16, 0x11, 0x1a, 0x99, 0x21, 0x99, 0xa1, 0x0e, 0x82,
    0x82, 0x20, 0x92, 0x95, 0x0b, 0xa8, 0x17, 0x14, 0x16, 0x14, 0xab, 0x99,
    0x19, 0x1b, 0x85, 0x87, 0x1a, 0x1d, 0x27, 0x98, 0x92, 0x94, 0x88, 0x8a,
    0x98, 0x19, 0x09, 0x01, 0x2a, 0x96, 0x00, 0xa3, 0x00, 0x17, 0x1e, 0xa0,
    0x17, 0x86, 0x1a, 0xab, 0x11, 0x1e, 0x95, 0x12, 0xa2, 0x01, 0x99, 0x28,
    0x93, 0x23, 0x93, 0x14, 0x18, 0x09, 0x28, 0x19, 0x12, 0x85, 0x99, 0x22,
    0x93, 0x97, 0x85, 0xa1, 0x1e, 0x20, 0x05, 0x83, 0x16, 0x0a, 0x13, 0x9a,
    0x19, 0x06, 0x13, 0x97, 0x98, 0x23, 0x91, 0x99, 0x15, 0x1a, 0x87, 0x0e,
    0x1a, 0x21, 0x9d, 0x21, 0x81, 0x8a, 0x16, 0x05, 0x19, 0x9d, 0x9b, 0x1d,
    0x1e, 0x93, 0x0c, 0xaa, 0x97, 0xa6, 0x92, 0x27, 0xa1, 0xaa, 0x24, 0x89,
    0x9c, 0x9b, 0x05, 0x12, 0x1c, 0x9b, 0xaa, 0x1f, 0x1f, 0xa5, 0x12, 0x9d,
    0x21, 0x26, 0x22, 0x06, 0xaa, 0x98, 0x24, 0xa6, 0x9c, 0x96, 0x1b, 0x94,
    0x19, 0x1a, 0x9e, 0x06, 0x8c, 0x14, 0x26, 0x0d, 0xa5, 0x24, 0xa1, 0x22,
    0x0a, 0x88, 0x22, 0x9c, 0x19, 0x15, 0x83, 0x93, 0x9a, 0x19, 0x99, 0x96,
    0x24, 0x93, 0x22, 0x83, 0x18, 0x0e, 0x2a, 0x2b, 0x8d, 0x9f, 0x04, 0x9a,
    0xa6, 0xa7, 0x1e, 0x1b, 0x25, 0x20, 0x22, 0x93, 0x10, 0xa9, 0x9c, 0x9a,
    0x1c, 0xaf, 0x22, 0x9e, 0x0e, 0x11, 0xa6, 0x18, 0x18, 0x99, 0x93, 0x27,
    0x06, 0x9b, 0x1f, 0x1d, 0x1f, 0x89, 0x91, 0x1a, 0x82, 0x90, 0x2b, 0x8b,
    0x11, 0x9a, 0x1d, 0x94, 0xa0, 0x9f, 0x98, 0x16, 0x21, 0x1d, 0x1f, 0xa4,
    0xa0, 0x18, 0xa9, 0x16, 0xa2, 0x95, 0x9e, 0x9b, 0x9f, 0xa6, 0x86, 0x2a,
    0x09, 0x10, 0xa4, 0x08, 0x9b, 0x1a, 0x07, 0x01, 0x88, 0x9c, 0x9e, 0x9f,
    0x81, 0xab, 0x9f, 0x16, 0x0c, 0x9a, 0xab, 0x81, 0x10, 0x91, 0x84, 0x0c,
    0x21, 0x01, 0x0a, 0x97, 0x18, 0x85, 0x22, 0x15, 0x8e, 0x99, 0x0d, 0xa2,
    0x8d, 0x83, 0x86, 0x02, 0x9f, 0x03, 0x90, 0x14, 0x88, 0x13, 0x09, 0x85,
    0x85, 0x07, 0x02, 0xa0, 0x99, 0x05, 0x11, 0x0e, 0x13, 0x95, 0x89, 0x0f,
    0x09, 0x9c, 0x16, 0x08, 0x9a, 0x8f, 0x20, 0x21, 0x0d, 0x99, 0x89, 0x14,
    0x9f, 0x98, 0x13, 0x0a, 0x96, 0x84, 0x8f, 0x92, 0x92, 0xa8, 0x13, 0x12,
    0xa1, 0x9a, 0x08, 0x9e, 0x9f, 0x96, 0x9c, 0x99, 0x90, 0x20, 0xa7, 0x96,
    0x9c, 0x19, 0x85, 0x21, 0x23, 0x11, 0x22, 0x18, 0xa1, 0x22, 0xa8, 0xa2,
    0x92, 0x84, 0x9b, 0x91, 0x1a, 0xa9, 0x96, 0x99, 0x27, 0x9d, 0x21, 0xa5,
    0x8c, 0x1d, 0x9b, 0x9e, 0x0b, 0xa8, 0x22, 0x05, 0x16, 0x95, 0x8f, 0x85,
    0x9b, 0x1b, 0x8f, 0x1d, 0x9a, 0x18, 0x18, 0x15, 0x19, 0x9c, 0x12, 0x84,
    0xa0, 0x1c, 0x14, 0x9a, 0xa4, 0x9d, 0x1a, 0xa3, 0x9d, 0x93, 0x98, 0xa1,
    0x07, 0x98, 0x1c, 0x97, 0x14, 0x9b, 0x8e, 0x10, 0x87, 0x9a, 0x1f, 0xa2,
    0x8c, 0xa0, 0x8a, 0x09, 0x1d, 0x9e, 0x0d, 0x8f, 0x02, 0x1d, 0x1b, 0x0c,
    0x05, 0x99, 0x20, 0x9d, 0x12, 0x94, 0x07, 0x11, 0x98, 0x8c, 0x10, 0xa0,
    0x19, 0x1d, 0x85, 0x83, 0x1b, 0x8b, 0x98, 0x94, 0x03, 0x18, 0x99, 0x9c,
    0x92, 0x22, 0x93, 0x15, 0x94, 0x12, 0x10, 0x8d, 0x0f, 0x16, 0x9d, 0x1c,
    0x9a, 0x22, 0x0d, 0x9f, 0x04, 0x20, 0x19, 0x8b, 0x11, 0x94, 0x91, 0x95,
    0x0a, 0x11, 0x9a, 0x13, 0x81, 0x92, 0x19, 0x87, 0x11, 0x01, 0x95, 0x01,
    0x96, 0x1d, 0x86, 0x81, 0x10, 0x18, 0x9f, 0x22, 0x14, 0x23, 0x9f, 0xa0,
    0x92, 0x14, 0x93, 0x1d, 0x9c, 0x04, 0x89, 0x02, 0x0b, 0x1b, 0x0c, 0x1a,
    0x1a, 0x0d, 0x94, 0x92, 0x1c, 0x9b, 0x1a, 0x89, 0x98, 0x1d, 0x18, 0x9a,
    0x12, 0x1b, 0xa5, 0x23, 0x97, 0x28, 0x98, 0xa8, 0x82, 0x1f, 0x95, 0x19,
    0x16, 0x07, 0x8b, 0x8f, 0x12, 0x10, 0x1b, 0x8c, 0x15, 0x1b, 0x84, 0x05,
    0x82, 0x96, 0x1c, 0x02, 0x0d, 0x96, 0x8f, 0x82, 0x18, 0x99, 0x8e, 0x94,
    0x1b, 0xa4, 0x06, 0x11, 0x83, 0x98, 0x9d, 0x86, 0x08, 0x15, 0x0c, 0x81,
    0x83, 0x1f, 0x02, 0x1a, 0x0e, 0x1a, 0x01, 0x9f, 0x20, 0x92, 0x8c, 0x02,
    0x99, 0x83, 0x86, 0x14, 0x82, 0x92, 0x09, 0x99, 0x89, 0x9c, 0x0d, 0x1f,
    0x8a, 0x86, 0x19, 0x0b, 0xa1, 0x1a, 0x1e, 0x8c, 0x0a, 0x18, 0x85, 0x9c,
    0x1b, 0x18, 0x90, 0x10, 0x9a, 0x98, 0x24, 0x9d, 0x8d, 0x01, 0x0a, 0x05,
    0x18, 0x1f, 0x94, 0x03, 0x83, 0x96, 0x1d, 0x18, 0x96, 0x9c, 0x0a, 0xa3,
    0x20, 0x9b, 0x99, 0x95, 0x1b, 0x27, 0x00, 0x93, 0x9f, 0x22, 0x1b, 0xa4,
    0x9f, 0x00, 0x11, 0x14, 0x97, 0x1f, 0x99, 0x0a, 0xa6, 0x9c, 0x86, 0x1f,
    0x89, 0x04, 0x85, 0xa6, 0x13, 0x86, 0x97, 0x9b, 0x9e, 0x98, 0x05, 0x1e,
    0x25, 0xa2, 0x9c, 0x00, 0xa0, 0xa1, 0x00, 0x93, 0x20, 0xa2, 0x9a, 0x98,
    0x9d, 0x18, 0x1d, 0x8a, 0x0e, 0xa6, 0x21, 0x22, 0x95, 0x87, 0x0d, 0x20,
    0x24, 0x1a, 0x88, 0xa0, 0x23, 0x23, 0xa8, 0x14, 0x14, 0x8a, 0x14, 0x81,
    0x0f, 0x84, 0x93, 0xa3, 0x97, 0x9a, 0x90, 0x9a, 0xa4, 0xa1, 0x1c, 0x0d,
    0x21, 0x9b, 0x16, 0x10, 0xa4, 0x1b, 0x97, 0xa1, 0x11, 0x18, 0x14, 0x9d,
    0x27, 0x81, 0x9d, 0x9f, 0x08, 0x29, 0x14, 0x01, 0x92, 0x1c, 0x24, 0x96,
    0x94, 0x22, 0x1e, 0x07, 0x95, 0x96, 0x19, 0x16, 0x13, 0x9e, 0x23, 0x01,
    0x22, 0x0b, 0x9c, 0x25, 0x8f, 0x99, 0xa1, 0x17, 0x1e, 0x94, 0x10, 0x12,
    0x99, 0x17, 0x28, 0x9c, 0x20, 0x21, 0x89, 0x11, 0xa5, 0x86, 0x92, 0x22,
    0x1e, 0x9a, 0x94, 0x1d, 0x03, 0x18, 0x1c, 0x09, 0x25, 0x96, 0x15, 0x98,
    0x0c, 0x9d, 0x26, 0x9d, 0x8d, 0x81, 0x23, 0x9e, 0x0e, 0x16, 0x1f, 0x97,
    0x05, 0x29, 0x9b, 0x1a, 0x17, 0x1b, 0x19, 0x86, 0x1b, 0x18, 0x14, 0x88,
    0x1b, 0x0e, 0xa3, 0x1f, 0x22, 0x1c, 0x0a, 0x9e, 0x81, 0x8b, 0x9d, 0x16,
    0x19, 0x1a, 0x88, 0x90, 0x93, 0x0c, 0x25, 0x89, 0xa4, 0x05, 0x19, 0x1b,
    0x9f, 0x03, 0x06, 0x19, 0x0e, 0x86, 0x13, 0x8a, 0x17, 0x1b, 0x95, 0x15,
    0x15, 0x21, 0x97, 0x96, 0x16, 0x27, 0x93, 0x16, 0x18, 0x2a, 0xa3, 0x9b,
    0x18, 0x1e, 0x23, 0x84, 0x23, 0x1c, 0x19, 0xa5, 0xa8, 0x91, 0x29, 0x94,
    0x23, 0x18, 0x8b, 0x06, 0x1d, 0x25, 0x25, 0x94, 0xa3, 0x25, 0x26, 0x96,
    0xa8, 0x12, 0x81, 0x9d, 0x98, 0x95, 0x15, 0x96, 0x1e, 0x17, 0x15, 0x9b,
    0x19, 0x81, 0x1b, 0x98, 0x9b, 0x9a, 0x83, 0x88, 0x87, 0x13, 0x81, 0x8c,
    0x9e, 0xa3, 0x96, 0x1f, 0x8e, 0x97, 0x0b, 0x07, 0x1f, 0x10, 0x8f, 0x14,
    0x0b, 0x8a, 0x0d, 0x18, 0x28, 0x90, 0x16, 0x08, 0x9b, 0x84, 0x14, 0x99,
    0x1a, 0x99, 0x9f, 0x02, 0x06, 0x1d, 0x8b, 0x8f, 0x1a, 0xa0, 0x94, 0x1e,
    0x98, 0x9b, 0x06, 0x1c, 0x24, 0x11, 0x86, 0x86, 0x18, 0x00, 0x03, 0x12,
    0x11, 0x9a, 0x98, 0x10, 0xa0, 0x9c, 0x1b, 0x05, 0x1e, 0x86, 0x97, 0x11,
    0x93, 0x88, 0x95, 0x0b, 0x11, 0x18, 0x15, 0x0f, 0x83, 0x0d, 0x11, 0x8f,
    0x92, 0x06, 0x1e, 0x9c, 0x9c, 0x91, 0x06, 0x93, 0x17, 0x05, 0x24, 0x9e,
    0x09, 0x1c, 0x11, 0x0d, 0x9f, 0x94, 0xa0, 0x1b, 0x85, 0x06, 0x03, 0x11,
    0x08, 0x1d, 0x9c, 0x86, 0x20, 0xa3, 0x8f, 0x1c, 0x21, 0x10, 0x94, 0x9e,
    0x97, 0x90, 0x15, 0x84, 0x90, 0x83, 0x09, 0x98, 0x21, 0x95, 0x85, 0x81,
    0x1d, 0x13, 0x09, 0x87, 0x8c, 0x20, 0x81, 0x0d, 0x0b, 0x1a, 0x17, 0x94,
    0x83, 0x04, 0x0b, 0x20, 0x15, 0x9a, 0x83, 0x9f, 0x0e, 0x92, 0x1a, 0xa2,
    0x04, 0x97, 0x07, 0x03, 0x16, 0x1a, 0x1a, 0x80, 0x94, 0x02, 0x0c, 0x0a,
    0x1e, 0x05, 0x9a, 0x9c, 0x9c, 0x99, 0x24, 0x8a, 0x1e, 0x1a, 0x0b, 0x10,
    0xa5, 0x8e, 0x19, 0x14, 0x9c, 0x9d, 0x9a, 0x84, 0x11, 0x16, 0x9a, 0x93,
    0x88, 0x8b, 0x8d, 0x1e, 0x01, 0x01, 0x98, 0x95, 0x83, 0x84, 0x18, 0x93,
    0x01, 0xa2, 0x21, 0x90, 0x04, 0x14, 0x1b, 0x93, 0x87, 0x18, 0x13, 0x21,
    0x92, 0x22, 0x8b, 0x9f, 0x0f, 0xa4, 0x04, 0x1c, 0x96, 0x8c, 0x18, 0x14,
    0x19, 0x11, 0x1e, 0x01, 0x86, 0x87, 0x0f, 0x10, 0x8a, 0x99, 0xa3, 0x0f,
    0x01, 0x9e, 0x13, 0x05, 0x02, 0x88, 0x14, 0x9b, 0x24, 0x28, 0x9c, 0x23,
    0x20, 0x22, 0x07, 0x24, 0x16, 0x1c, 0x90, 0x94, 0x2a, 0x9d, 0xa0, 0x0b,
    0xa0, 0xa2, 0x21, 0x9b, 0xa4, 0x0b, 0x20, 0xa8, 0x0c, 0x8a, 0x22, 0xa2,
    0x86, 0x03, 0x9d, 0x1a, 0x9f, 0xa5, 0x0b, 0xa9, 0x23, 0xa3, 0x1c, 0x92,
    0x98, 0x8f, 0x9a, 0x9a, 0x99, 0xa3, 0x08, 0x03, 0xa4, 0xa2, 0x21, 0x00,
    0x19, 0x22, 0x20, 0x93, 0x26, 0x12, 0x26, 0x9b, 0x98, 0x11, 0x00, 0x96,
    0x05, 0xa1, 0x11, 0x9d, 0x11, 0x9c, 0x21, 0xa6, 0x94, 0x18, 0x06, 0x06,
    0xa1, 0x24, 0x9c, 0x9b, 0x1c, 0x90, 0x11, 0x1a, 0x0f, 0x1d, 0x19, 0xa8,
    0xa5, 0x1b, 0x8b, 0x1a, 0x06, 0x09, 0x26, 0x13, 0x8f, 0x85, 0x97, 0x82,
    0x15, 0x9e, 0x1a, 0x84, 0x02, 0x96, 0x1f, 0x21, 0x24, 0x1a, 0xa5, 0x1f,
    0x98, 0x03, 0x0e, 0x9b, 0x1f, 0x8b, 0x21, 0xa3, 0x93, 0x86, 0x9d, 0x1b,
    0x98, 0xa0, 0x85, 0x93, 0x90, 0x21, 0x15, 0x26, 0x85, 0x24, 0x13, 0xa0,
    0x15, 0x13, 0x87, 0x0e, 0x2b, 0x9a, 0x0d, 0x1b, 0x86, 0xa2, 0x1d, 0x9b,
    0x97, 0x05, 0x1e, 0xa8, 0x14, 0xa7, 0x1b, 0x19, 0x92, 0x9d, 0x25, 0x98,
    0x19, 0x99, 0x16, 0xa3, 0x84, 0x9f, 0x93, 0x08, 0xa1, 0x25, 0x15, 0x20,
    0x22, 0x15, 0x90, 0x1e, 0x0e, 0x91, 0x9c, 0x83, 0x81, 0xa1, 0x95, 0x12,
    0x87, 0x9e, 0x1d, 0x12, 0xa0, 0xa3, 0x93, 0x83, 0xa3, 0xa6, 0x9f, 0xaa,
    0x94, 0xa9, 0x24, 0x27, 0x91, 0xa5, 0x94, 0x97, 0xa1, 0x10, 0x82, 0x11,
    0x93, 0x1b, 0x1b, 0x92, 0x09, 0x19, 0x9a, 0x9e, 0xa2, 0x25, 0x94, 0x89,
    0x08, 0x1f, 0x82, 0x14, 0x96, 0x18, 0x13, 0x22, 0x07, 0x29, 0x11, 0x9c,
    0x1c, 0x1b, 0x04, 0x93, 0x1e, 0x99, 0x22, 0x0a, 0x91, 0x9c, 0x9a, 0x1b,
    0x8e, 0x98, 0x9b, 0x92, 0x95, 0xa2, 0x09, 0x1d, 0xa1, 0x84, 0x12, 0x9b,
    0x93, 0x88, 0x16, 0xa8, 0x9a, 0x28, 0x1d, 0x0a, 0xb2, 0xa1, 0xa1, 0x1a,
    0x28, 0x85, 0x9a, 0x16, 0xa9, 0x19, 0x25, 0x05, 0x8a, 0x0c, 0x21, 0x18,
    0x81, 0x0e, 0x12, 0xa1, 0x9e, 0xa6, 0xa4, 0x8c, 0xa1, 0x8a, 0xa2, 0x1f,
    0x19, 0x05, 0x1b, 0x92, 0x96, 0x28, 0x1a, 0xa3, 0x1f, 0xa1, 0x17, 0x1c,
    0x86, 0x1b, 0x23, 0xae, 0x23, 0x91, 0x9d, 0xa6, 0x21, 0x26, 0x24, 0x20,
    0x21, 0x2b, 0x9c, 0xa9, 0x89, 0x9f, 0x23, 0xa4, 0x23, 0xa3, 0xa0, 0x9f,
    0x19, 0xa4, 0x26, 0x19, 0x83, 0x9b, 0x25, 0xa1, 0x14, 0x89, 0x1c, 0xa4,
    0x29, 0xa1, 0xa9, 0x98, 0xa7, 0xab, 0x95, 0xa8, 0x17, 0x01, 0x26, 0xa6,
    0x24, 0xa2, 0x28, 0x20, 0x16, 0xa3, 0x02, 0x2b, 0x23, 0xa0, 0x20, 0xa8,
    0x8d, 0x08, 0xa0, 0x25, 0xa5, 0x98, 0x2c, 0x0f, 0x18, 0x9b, 0x22, 0x28,
    0x96, 0xa2, 0x1c, 0x20, 0x9d, 0x20, 0xa3, 0x2e, 0x1a, 0x1a, 0x9f, 0xa9,
    0x05, 0xa1, 0xac, 0xa4, 0x1f, 0x28, 0x1f, 0xa5, 0x24, 0x12, 0x12, 0x29,
    0x23, 0x21, 0xa3, 0x1b, 0x9f, 0xa5, 0x22, 0x04, 0xa2, 0x29, 0x98, 0x8f,
    0x2c, 0x1b, 0x9b, 0x0f, 0x24, 0x14, 0x24, 0x9e, 0xa1, 0x86, 0x2e, 0x26,
    0x17, 0x02, 0xab, 0x25, 0x2b, 0x8b, 0x26, 0xa3, 0x21, 0x18, 0x22, 0xac,
    0x97, 0x21, 0x98, 0xa9, 0xa9, 0x22, 0xaf, 0x20, 0xa9, 0x1e, 0x88, 0x06,
    0xa5, 0x84, 0x8d, 0xa4, 0x9e, 0x20, 0x92, 0x9b, 0x0b, 0xa5, 0x18, 0x27,
    0x1f, 0x9b, 0x1c, 0x21, 0xab, 0x1f, 0xa9, 0x03, 0x26, 0x29, 0x2a, 0x9b,
    0x1b, 0xa4, 0x01, 0x2f, 0x1c, 0x0d, 0x14, 0xa7, 0x1a, 0x20, 0x22, 0x1a,
    0x80, 0xa0, 0x0b, 0x1b, 0x23, 0xaa, 0xab, 0x98, 0x9c, 0x01, 0x8a, 0x0a,
    0x27, 0x15, 0x93, 0x26, 0x90, 0x14, 0x1f, 0x22, 0xac, 0x2b, 0x8d, 0x0e,
    0x9f, 0x22, 0xa5, 0x85, 0x97, 0xa6, 0xa2, 0xa2, 0x1a, 0xa7, 0x24, 0xa1,
    0x1e, 0x24, 0x27, 0xa3, 0xa5, 0x9f, 0x92, 0x87, 0x8c, 0x85, 0xa1, 0x0f,
    0xa5, 0x1d, 0x05, 0x24, 0x84, 0x9a, 0x8b, 0x00, 0x2a, 0x14, 0x8e, 0x1d,
    0x02, 0x24, 0x29, 0x02, 0x21, 0x25, 0x09, 0x17, 0x9b, 0x9c, 0xa1, 0x8b,
    0x28, 0xa9, 0x18, 0x1d, 0x1e, 0x04, 0xa1, 0x1c, 0x17, 0x82, 0x20, 0x26,
    0x90, 0x8e, 0x1a, 0x22, 0x28, 0x24, 0x0f, 0x19, 0x29, 0x1b, 0x25, 0x21,
    0x94, 0x23, 0x19, 0x98, 0x06, 0x06, 0x8c, 0x0f, 0x92, 0x18, 0x8a, 0x82,
    0xa3, 0x9b, 0xa9, 0x15, 0x1b, 0x01, 0x94, 0x17, 0xa8, 0x20, 0xa7, 0x19,
    0x1b, 0x21, 0x8b, 0x9e, 0xac, 0x11, 0x07, 0x9b, 0x19, 0x24, 0xa5, 0xa0,
    0x15, 0x96, 0x02, 0x0b, 0x20, 0x17, 0xa5, 0xa1, 0x17, 0x87, 0x9d, 0x92,
    0x1c, 0x9c, 0x22, 0x83, 0x13, 0x20, 0x89, 0x05, 0x9d, 0x8c, 0x96, 0x1c,
    0x9d, 0x1d, 0x20, 0x92, 0x03, 0x1a, 0x91, 0x03, 0x20, 0xa6, 0x92, 0x98,
    0x21, 0xa5, 0x14, 0x82, 0x9f, 0x93, 0xa2, 0x9d, 0x96, 0xa0, 0xa1, 0x82,
    0x1b, 0x9d, 0x22, 0x1d, 0x04, 0x94, 0x0e, 0x07, 0x83, 0x10, 0x1b, 0x8f,
    0x14, 0x20, 0x06, 0x09, 0x1a, 0x1d, 0x94, 0x19, 0x1c, 0x9e, 0x17, 0x99,
    0xa1, 0x15, 0xa5, 0x82, 0x1e, 0x09, 0xa6, 0x18, 0x82, 0x01, 0xa0, 0x21,
    0x09, 0x95, 0x9c, 0xa3, 0x9f, 0x29, 0x2a, 0x1c, 0x81, 0x2a, 0x87, 0x99,
    0x97, 0x12, 0xa4, 0x9c, 0x25, 0x89, 0x91, 0x19, 0xa1, 0x08, 0x0d, 0x99,
    0x8f, 0x1f, 0xa2, 0x1c, 0x03, 0xa4, 0x85, 0x84, 0x1a, 0x18, 0x1f, 0x98,
    0x19, 0x92, 0xaa, 0x96, 0x9c, 0xa6, 0x00, 0x21, 0x8d, 0x14, 0x1b, 0x1e,
    0x13, 0x10, 0x28, 0x1e, 0x1f, 0x22, 0x21, 0x26, 0x14, 0x22, 0xa1, 0x1b,
    0x8b, 0xa6, 0x92, 0x18, 0x9e, 0x9b, 0x1b, 0xa3, 0x97, 0x06, 0x15, 0x13,
    0x13, 0xa2, 0x9b, 0x05, 0x85, 0x16, 0x1d, 0x8b, 0x23, 0x95, 0x97, 0x9b,
    0x97, 0x9f, 0x90, 0x91, 0x99, 0x19, 0x9a, 0x96, 0x18, 0x8a, 0x04, 0xa0,
    0xa0, 0x96, 0x95, 0x1b, 0x93, 0x8e, 0x91, 0x9b, 0x24, 0x8d, 0x19, 0x16,
    0x90, 0x9b, 0x08, 0x9a, 0x05, 0x9d, 0x9e, 0x0d, 0x88, 0xa0, 0x1c, 0x10,
    0x1e, 0x22, 0x8d, 0xa4, 0x86, 0x19, 0x07, 0x9b, 0x93, 0x8e, 0x82, 0x20,
    0x0e, 0x88, 0xa4, 0x98, 0x06, 0x04, 0x04, 0x1a, 0x11, 0xa2, 0x90, 0x96,
    0x9e, 0x95, 0x83, 0x05, 0x94, 0x8b, 0xa0, 0x93, 0x1b, 0x14, 0x17, 0x0b,
    0x9e, 0x8d, 0x9c, 0x00, 0x9e, 0x87, 0x00, 0x98, 0x94, 0x1a, 0x84, 0x11,
    0x18, 0x91, 0x19, 0x14, 0x88, 0x81, 0x03, 0x85, 0x1a, 0x07, 0x9d, 0x08,
    0x9a, 0x01, 0xa0, 0x9c, 0x89, 0x95, 0x8b, 0x16, 0x1d, 0xa3, 0x09, 0x16,
    0x8d, 0x93, 0x8b, 0x83, 0x8c, 0x98, 0x0a, 0x92, 0x9a, 0x9e, 0x91, 0x07,
    0x1f, 0x95, 0x1c, 0x1a, 0x1c, 0x8f, 0x85, 0x11, 0x8d, 0x08, 0xa0, 0x0d,
    0x92, 0x1e, 0x21, 0x19, 0x1c, 0xa2, 0x12, 0x1d, 0x06, 0x90, 0x11, 0x90,
    0x14, 0x0f, 0x0c, 0x94, 0x92, 0x95, 0x19, 0x1e, 0x11, 0x19, 0x8b, 0x00,
    0x13, 0x01, 0x19, 0x01, 0x1e, 0x88, 0x03, 0x0c, 0x93, 0x0c, 0x96, 0x9b,
    0x0d, 0x1a, 0x91, 0x1b, 0x06, 0x98, 0x97, 0x8f, 0x8a, 0x1c, 0x1c, 0x19,
    0x18, 0x12, 0x82, 0x9a, 0x84, 0x20, 0x89, 0x1a, 0x20, 0x1a, 0x83, 0x84,
    0x99, 0x96, 0x96, 0x9b, 0x86, 0x97, 0x12, 0x22, 0x14, 0x90, 0x0e, 0x89,
    0x9a, 0x04, 0x09, 0x0c, 0x8d, 0xa0, 0x1d, 0x19, 0x1e, 0x24, 0x83, 0x9e,
    0x89, 0x21, 0x07, 0x09, 0x00, 0x0e, 0x1f, 0x1a, 0x1d, 0x86, 0x98, 0x0d,
    0x10, 0x82, 0xa3, 0x18, 0x87, 0x8a, 0x85, 0x15, 0x9a, 0x98, 0x09, 0x98,
    0x94, 0x86, 0x16, 0x24, 0x0b, 0xa9, 0x0c, 0x9c, 0x8f, 0x1a, 0x13, 0x00,
    0x24, 0xa0, 0x8f, 0xa6, 0x1d, 0xa2, 0x92, 0x95, 0xa0, 0x27, 0x9c, 0x91,
    0x99, 0x98, 0x12, 0xa2, 0x94, 0x98, 0x94, 0x23, 0x12, 0x1b, 0x93, 0x89,
    0x28, 0x1f, 0x0c, 0x1c, 0x9f, 0xa2, 0x1c, 0xa0, 0x9b, 0xa1, 0x03, 0x11,
    0x1b, 0xa8, 0x9b, 0x94, 0x16, 0x2a, 0x1a, 0x24, 0x91, 0x0e, 0x14, 0x1b,
    0x0c, 0x12, 0x1a, 0x21, 0x1e, 0x0a, 0x14, 0x16, 0x11, 0xa0, 0xa4, 0xa8,
    0x9c, 0x10, 0x13, 0x9c, 0x0e, 0x9d, 0x8f, 0x20, 0x05, 0x1b, 0xa1, 0x9a,
    0x1f, 0x28, 0x13, 0x23, 0xa9, 0x94, 0x14, 0x98, 0xa1, 0x12, 0x8a, 0x93,
    0x06, 0x19, 0x82, 0x08, 0x15, 0xa1, 0x20, 0xa0, 0x98, 0x1a, 0x18, 0x1a,
    0x22, 0x20, 0xa0, 0x9b, 0x8d, 0x1c, 0x13, 0xa3, 0x1b, 0x1e, 0x02, 0x1b,
    0x1f, 0x13, 0x95, 0x83, 0xa8, 0x05, 0x95, 0x18, 0x8e, 0x84, 0x9b, 0x98,
    0x90, 0x05, 0x93, 0x1f, 0x26, 0xa1, 0x9a, 0x97, 0x81, 0x92, 0x14, 0x13,
    0x21, 0xa2, 0x1d, 0x22, 0x0b, 0x9b, 0x8e, 0xa2, 0x8a, 0x21, 0x81, 0x1e,
    0x23, 0x94, 0x9a, 0x15, 0x17, 0x26, 0x1c, 0xaa, 0x83, 0x22, 0x20, 0x0b,
    0x8b, 0x87, 0x99, 0x02, 0x9f, 0x18, 0x25, 0x14, 0x1c, 0x01, 0x90, 0x15,
    0x14, 0x86, 0x86, 0x98, 0x1c, 0x1d, 0x8c, 0x20, 0x0a, 0x9e, 0xa2, 0x0f,
    0x9b, 0xa2, 0x97, 0x16, 0x9d, 0xa0, 0x08, 0x91, 0x96, 0x1f, 0x9a, 0x1c,
    0x1c, 0x0f, 0x8e, 0x9d, 0x11, 0x18, 0x0f, 0x12, 0x0b, 0x89, 0x9b, 0x9b,
    0x00, 0xa1, 0x1c, 0x08, 0x21, 0x1d, 0x22, 0x24, 0x94, 0xad, 0x97, 0x23,
    0x84, 0x9b, 0xa1, 0x92, 0x06, 0x1d, 0xa2, 0x1a, 0x25, 0x9e, 0x16, 0x1f,
    0x82, 0xa0, 0x07, 0x13, 0x1a, 0x98, 0xa3, 0x1f, 0x91, 0x09, 0x1b, 0x15,
    0x07, 0x8a, 0x81, 0x9c, 0xa4, 0x94, 0x83, 0x85, 0x88, 0x99, 0x03, 0x91,
    0x8b, 0x1f, 0x0d, 0x9b, 0x13, 0x0e, 0x98, 0xa1, 0x1d, 0xa6, 0xa1, 0x98,
    0xa1, 0x0a, 0x92, 0x11, 0xa4, 0x12, 0x9c, 0x15, 0x21, 0x8a, 0x88, 0x22,
    0x22, 0x0f, 0x8f, 0x84, 0x13, 0x1c, 0x17, 0x19, 0x9b, 0x96, 0x97, 0x05,
    0x14, 0x9e, 0x89, 0x01, 0x21, 0x9b, 0x9e, 0x84, 0x17, 0x13, 0x04, 0x18,
    0x99, 0x96, 0x91, 0x22, 0x1a, 0x1b, 0x19, 0x22, 0x13, 0x9b, 0xa2, 0x82,
    0x08, 0x0f, 0x10, 0x03, 0x0b, 0x23, 0xa2, 0x18, 0x99, 0x21, 0x98, 0x11,
    0x14, 0x92, 0x19, 0x85, 0x0e, 0x87, 0x07, 0x9a, 0x9f, 0x16, 0x0d, 0x81,
    0x1c, 0x18, 0x12, 0x94, 0x14, 0x1e, 0x1c, 0x04, 0x82, 0x11, 0x10, 0x9c,
    0x18, 0x9e, 0x18, 0x9c, 0x91, 0x8f, 0x94, 0x99, 0x9c, 0x87, 0x90, 0x9a,
    0x16, 0x93, 0x84, 0x8e, 0x09, 0x20, 0xa1, 0x06, 0x02, 0x02, 0x93, 0x1b,
    0x9c, 0x17, 0x89, 0x88, 0x01, 0x96, 0x1a, 0x81, 0x89, 0x20, 0xa1, 0x88,
    0x17, 0x9c, 0x9d, 0x17, 0x16, 0x03, 0x14, 0x10, 0x00, 0x85, 0x8d, 0x10,
    0x05, 0x95, 0x12, 0x04, 0x13, 0x8a, 0x1d, 0x0e, 0x8c, 0x81, 0x86, 0xa1,
    0x8a, 0x9d, 0x18, 0x9c, 0x13, 0x24, 0x95, 0x81, 0x09, 0x9a, 0x13, 0x96,
    0x20, 0x18, 0x19, 0x03, 0x0a, 0x98, 0x92, 0x9a, 0x1c, 0x9d, 0x17, 0x0d,
    0x95, 0xa2, 0x84, 0x86, 0x03, 0x1b, 0x14, 0x99, 0x8b, 0x04, 0x1d, 0x84,
    0x8b, 0x96, 0x06, 0x9c, 0x0d, 0x9e, 0x11, 0x85, 0x98, 0x82, 0x93, 0x15,
    0x0a, 0x82, 0x88, 0x85, 0x03, 0x1f, 0x9f, 0x1c, 0x13, 0x1c, 0x96, 0x09,
    0x0b, 0x99, 0xa1, 0x8d, 0x12, 0x8d, 0x04, 0x21, 0x85, 0x87, 0x95, 0x23,
    0x17, 0x18, 0x22, 0x23, 0xa0, 0xa1, 0xa0, 0x07, 0x10, 0x9d, 0x91, 0x15,
    0x9d, 0x1f, 0x05, 0x1c, 0x0e, 0x17, 0x9d, 0xa2, 0x19, 0x88, 0x1b, 0x12,
    0x0c, 0xa3, 0x9c, 0x1f, 0xa5, 0x0d, 0xa1, 0x8b, 0x11, 0x20, 0x9c, 0x9e,
    0x03, 0xaa, 0x15, 0x9a, 0xa2, 0x22, 0x09, 0x9c, 0xa0, 0x83, 0xa1, 0xa2,
    0xa6, 0x89, 0x9c, 0xa2, 0x29, 0x2c, 0x18, 0x96, 0xa2, 0x02, 0x25, 0xa5,
    0x9c, 0x9f, 0x8c, 0x23, 0x24, 0x9c, 0x1b, 0xa3, 0xa2, 0x1f, 0x1c, 0x07,
    0x98, 0x1a, 0x16, 0x1a, 0x11, 0x13, 0x9b, 0x0b, 0x87, 0x16, 0x04, 0x98,
    0x28, 0x9e, 0x1e, 0x01, 0x9e, 0x01, 0x11, 0x99, 0x1c, 0x24, 0x84, 0x21,
    0x98, 0xa1, 0x1b, 0x21, 0x90, 0xa8, 0x1e, 0x26, 0x16, 0x10, 0x95, 0x9e,
    0x99, 0x93, 0x26, 0x11, 0x2b, 0x95, 0x87, 0x1f, 0x21, 0x1a, 0x9f, 0x1b,
    0x20, 0x20, 0xa9, 0xaa, 0x26, 0xac, 0xa6, 0x98, 0x1b, 0x9d, 0xa3, 0x28,
    0x81, 0x20, 0x82, 0x96, 0xa0, 0x97, 0x92, 0x91, 0x9a, 0x06, 0xa2, 0x89,
    0x9d, 0x1a, 0x01, 0x99, 0x90, 0x22, 0xa1, 0xa1, 0x20, 0xa9, 0xa9, 0xa1,
    0x8d, 0x99, 0x0e, 0x21, 0x9c, 0x29, 0x9e, 0x1a, 0x0e, 0x06, 0x90, 0x96,
    0xa6, 0x18, 0x94, 0x9c, 0x81, 0x06, 0x9e, 0x9a, 0xa1, 0x24, 0x9b, 0xa0,
    0x0e, 0x2b, 0x11, 0xa1, 0x15, 0xab, 0x1b, 0x81, 0x28, 0xa3, 0x29, 0x92,
    0xa3, 0x23, 0x10, 0xa3, 0x1f, 0x1e, 0x81, 0x23, 0x9d, 0x95, 0x97, 0x1e,
    0x07, 0x1a, 0x9e, 0x98, 0x21, 0x07, 0x1b, 0x06, 0x8d, 0x96, 0x0d, 0x20,
    0x85, 0xab, 0x1b, 0x01, 0xa2, 0x9a, 0x20, 0xab, 0xa4, 0xa9, 0x99, 0x19,
    0x18, 0x8c, 0x93, 0x84, 0x16, 0xa0, 0x92, 0x99, 0x0e, 0x27, 0x1a, 0x1d,
    0x2d, 0x9f, 0x22, 0x21, 0xa5, 0x98, 0x19, 0x9f, 0xa4, 0x08, 0x9d, 0x9d,
    0x92, 0x12, 0x26, 0xa0, 0x23, 0x19, 0x9e, 0x14, 0xa1, 0x1c, 0x97, 0x1b,
    0x2a, 0xa2, 0x83, 0x19, 0x95, 0x1d, 0xa9, 0x8e, 0x27, 0x1e, 0x2a, 0x1f,
    0x96, 0x9b, 0x94, 0x0c, 0x1e, 0x22, 0x1e, 0x0c, 0xa2, 0xa8, 0x11, 0x29,
    0x21, 0x1a, 0x17, 0x9f, 0x9d, 0x1b, 0x95, 0x95, 0x9f, 0x23, 0xa7, 0x0d,
    0x02, 0x23, 0x21, 0x1d, 0x27, 0xa1, 0x09, 0x98, 0x11, 0x20, 0x9e, 0x1f,
    0xab, 0x99, 0x20, 0x26, 0xa9, 0x8c, 0x93, 0x9d, 0x23, 0x21, 0x96, 0x1e,
    0x06, 0x8c, 0x18, 0x93, 0xa2, 0x1f, 0x87, 0x18, 0x94, 0x1e, 0x9e, 0x00,
    0x98, 0x0d, 0x9a, 0xa1, 0xab, 0x12, 0xa0, 0x9b, 0x83, 0x81, 0x13, 0x9b,
    0x11, 0x0d, 0x11, 0x00, 0x94, 0xab, 0x9a, 0x8a, 0x1d, 0x9a, 0x8a, 0x90,
    0x9a, 0x94, 0x18, 0x9e, 0x9b, 0x94, 0xa7, 0x9d, 0x9e, 0x1d, 0x98, 0x8d,
    0xa1, 0x1b, 0xa5, 0xa6, 0x25, 0xa1, 0x8d, 0x20, 0x1c, 0x21, 0x18, 0x14,
    0x27, 0x17, 0x1e, 0x9c, 0x8d, 0x16, 0x01, 0x20, 0x18, 0x9a, 0x99, 0x22,
    0x9a, 0x98, 0xa3, 0xa1, 0x87, 0x18, 0x1f, 0x0b, 0x11, 0x20, 0x9d, 0xa5,
    0x1c, 0x11, 0x92, 0xa3, 0x8a, 0x8d, 0x02, 0x0f, 0x20, 0x99, 0x25, 0x09,
    0x99, 0xa1, 0x18, 0x24, 0x9b, 0x21, 0xa1, 0x27, 0x08, 0x14, 0xa4, 0x22,
    0x99, 0x00, 0x16, 0x90, 0x1a, 0x01, 0xa1, 0x22, 0xa4, 0x1b, 0x1f, 0x07,
    0x13, 0x85, 0x9b, 0x9f, 0xa0, 0x1f, 0x8a, 0x84, 0x8d, 0x94, 0x8a, 0x25,
    0x94, 0x92, 0xa2, 0x22, 0x15, 0x20, 0xa4, 0x20, 0x20, 0x0b, 0x1a, 0x92,
    0xa7, 0x98, 0x83, 0x9c, 0x94, 0x98, 0x1b, 0x0c, 0x92, 0x9e, 0xa6, 0x96,
    0x09, 0x1d, 0x13, 0x8f, 0xa1, 0x1e, 0x12, 0x1e, 0x1f, 0x1c, 0x95, 0x91,
    0x90, 0x81, 0x22, 0x80, 0x8a, 0x8f, 0x99, 0x9d, 0x91, 0x9c, 0x09, 0x22,
    0x22, 0x01, 0x22, 0x84, 0x23, 0x90, 0x9f, 0x08, 0xa0, 0x22, 0x9d, 0xa1,
    0x08, 0x26, 0x18, 0x21, 0xa4, 0x9b, 0x28, 0x0f, 0x89, 0xa2, 0x9f, 0x1e,
    0x9e, 0x28, 0x9c, 0x21, 0x1c, 0x23, 0xa1, 0xa2, 0x8c, 0x86, 0x0b, 0x98,
    0x9a, 0x0e, 0x89, 0x8b, 0x95, 0x88, 0x1e, 0x88, 0x12, 0x26, 0x22, 0x98,
    0x9d, 0x1f, 0x98, 0x22, 0x0a, 0x2c, 0xa6, 0x2b, 0xa2, 0x21, 0x1b, 0x28,
    0x21, 0x26, 0x27, 0xa8, 0x94, 0x2a, 0x80, 0x99, 0xa3, 0xa3, 0xaa, 0xa5,
    0x19, 0x0e, 0x18, 0x23, 0x8c, 0x27, 0x1b, 0x10, 0x1c, 0x12, 0x9e, 0x2d,
    0x9b, 0x10, 0xa5, 0xa2, 0xa9, 0xa3, 0x1f, 0x86, 0x0d, 0x95, 0x02, 0x9d,
    0x12, 0x01, 0x0c, 0x98, 0x19, 0x0d, 0x84, 0x96, 0x85, 0x88, 0x92, 0x09,
    0xa0, 0xa0, 0x24, 0x8f, 0xaa, 0x1c, 0x87, 0x23, 0x1d, 0x27, 0x1d, 0x30,
    0x99, 0x23, 0x1c, 0x09, 0x11, 0x29, 0x1b, 0x99, 0x13, 0x19, 0x99, 0x1f,
    0x23, 0x1d, 0x95, 0xa9, 0x1b, 0x99, 0xa4, 0x8b, 0x9b, 0x1e, 0x99, 0x12,
    0x02, 0x13, 0x9a, 0x86, 0xa2, 0x8c, 0x8e, 0x87, 0x96, 0x12, 0x12, 0x99,
    0x27, 0x1a, 0xa7, 0x29, 0xa4, 0xa1, 0x89, 0x8c, 0x96, 0x96, 0x95, 0x95,
    0xa2, 0x94, 0xa4, 0x90, 0x91, 0x86, 0x98, 0x8c, 0xa3, 0x1f, 0x0e, 0x10,
    0x15, 0x1d, 0xa2, 0x24, 0x03, 0x21, 0x0a, 0x14, 0xa7, 0x8c, 0x94, 0xa2,
    0xa7, 0x9e, 0xa2, 0x84, 0x00, 0x06, 0x01, 0x14, 0x92, 0xa1, 0x01, 0xa9,
    0x0a, 0x23, 0x16, 0x20, 0x07, 0x17, 0x94, 0x24, 0x92, 0x0d, 0x99, 0x98,
    0x99, 0x0f, 0x83, 0x8b, 0xa8, 0x05, 0xaa, 0x10, 0x0b, 0x9a, 0x1b, 0xa4,
    0xa4, 0x94, 0x8d, 0x0b, 0x03, 0x01, 0xa5, 0x22, 0x19, 0x2b, 0x9b, 0x99,
    0x90, 0x95, 0x9d, 0x22, 0x15, 0x23, 0xaa, 0xa0, 0xa4, 0x81, 0x1c, 0x0a,
    0x25, 0x1e, 0x1c, 0x20, 0x14, 0x1b, 0x08, 0x96, 0x8a, 0x0a, 0x0d, 0x96,
    0x12, 0x97, 0x9b, 0x0a, 0x11, 0xa5, 0x0d, 0xa1, 0x25, 0x14, 0x23, 0xa3,
    0xa2, 0xa5, 0x8f, 0x1b, 0x94, 0x12, 0x92, 0x22, 0xa2, 0x99, 0xab, 0x21,
    0x12, 0x08, 0x21, 0x14, 0xa0, 0x99, 0xa1, 0x96, 0x97, 0x21, 0xa1, 0x20,
    0x16, 0x27, 0x0a, 0x8e, 0xa6, 0x9a, 0x93, 0x16, 0x92, 0x1e, 0x9f, 0x16,
    0xa8, 0x11, 0x93, 0x9a, 0x22, 0x25, 0x1d, 0x9b, 0x9f, 0x09, 0xa9, 0xa5,
    0x93, 0x27, 0xa0, 0x1b, 0x22, 0x12, 0xa0, 0xa8, 0x88, 0x22, 0x02, 0x08,
    0x11, 0x93, 0x0a, 0x85, 0x08, 0x17, 0x9a, 0xa1, 0x94, 0x97, 0x03, 0x93,
    0x24, 0x10, 0x16, 0x97, 0x25, 0x1a, 0x20, 0x29, 0x9c, 0x0e, 0x98, 0xa1,
    0x15, 0x9b, 0x17, 0x91, 0xa4, 0x20, 0x0e, 0x1a, 0x8c, 0x0d, 0xa2, 0x15,
    0x17, 0x11, 0x20, 0x23, 0x22, 0xa4, 0x22, 0x1f, 0xaa, 0x05, 0xa1, 0xaa,
    0x91, 0xa2, 0x99, 0x26, 0x21, 0xa1, 0x88, 0x1d, 0x18, 0x15, 0x27, 0xa7,
    0x29, 0x1c, 0x16, 0x20, 0x94, 0x20, 0xa5, 0x2c, 0x17, 0x23, 0xaa, 0xa2,
    0xa1, 0x85, 0x16, 0x99, 0x99, 0x15, 0x9a, 0xa4, 0x1c, 0x20, 0x93, 0xa4,
    0xac, 0x28, 0x9f, 0x16, 0xa4, 0xa0, 0xa2, 0x01, 0x96, 0x22, 0x01, 0x97,
    0x9c, 0x07, 0x93, 0x83, 0xa0, 0x1f, 0x9b, 0x98, 0x00, 0x81, 0x00, 0x03,
    0x1c, 0x06, 0x86, 0x13, 0x0a, 0x9a, 0x90, 0x9f, 0x83, 0x24, 0x29, 0x1b,
    0x9c, 0xa3, 0x96, 0x1e, 0x27, 0x1f, 0x9d, 0x97, 0x94, 0xa5, 0x20, 0x21,
    0xa8, 0x92, 0xaa, 0x92, 0x95, 0x13, 0x05, 0x07, 0x9e, 0x25, 0x8b, 0x9e,
    0x90, 0x1e, 0xa9, 0x9b, 0x15, 0x01, 0x24, 0x12, 0x9a, 0x9a, 0xa6, 0x97,
    0x9a, 0x9a, 0xa4, 0xa1, 0x91, 0x98, 0xa6, 0x8e, 0xa6, 0xa1, 0xa4, 0x9f,
    0x1f, 0x1d, 0x0b, 0x19, 0x15, 0x9e, 0x1e, 0x83, 0x1d, 0x97, 0x11, 0x26,
    0x82, 0x9b, 0x13, 0x1d, 0x87, 0x97, 0x9d, 0x17, 0x89, 0x25, 0x0b, 0xad,
    0x1b, 0x21, 0x90, 0x83, 0x0e, 0x9a, 0x1d, 0x9a, 0xa4, 0x92, 0x85, 0x23,
    0x87, 0x28, 0x91, 0xa3, 0x9b, 0x22, 0x21, 0x9b, 0x2a, 0xa3, 0x17, 0xa1,
    0x06, 0xac, 0x24, 0x12, 0x9f, 0x1e, 0x89, 0x8c, 0xa0, 0x94, 0x0d, 0x17,
    0x83, 0xa0, 0xa2, 0x14, 0xa3, 0x19, 0x8a, 0x0a, 0xa0, 0x24, 0x02, 0x0f,
    0x06, 0x14, 0x89, 0x1c, 0x9d, 0xa0, 0x99, 0x12, 0x0e, 0x0d, 0x14, 0x12,
    0xa5, 0x83, 0x1a, 0x28, 0x26, 0x92, 0x86, 0xa4, 0x21, 0x21, 0xab, 0x97,
    0x1d, 0x28, 0x09, 0x13, 0xa2, 0x11, 0x1d, 0x21, 0x1a, 0x05, 0x03, 0xa1,
    0x18, 0x19, 0x9c, 0x9b, 0x94, 0x0e, 0x21, 0x98, 0x0d, 0x9b, 0x22, 0x1c,
    0x83, 0x25, 0x26, 0x98, 0x21, 0x23, 0x87, 0xa5, 0xa9, 0x9d, 0xa1, 0x84,
    0x20, 0x20, 0xa1, 0x1c, 0x1a, 0xa0, 0x9b, 0x15, 0x22, 0x25, 0x9d, 0x1a,
    0x2c, 0xa5, 0x99, 0xad, 0x14, 0x02, 0x0d, 0x19, 0x9b, 0x1b, 0x8e, 0x0c,
    0x8c, 0x07, 0x9b, 0x00, 0x96, 0x1b, 0x83, 0x89, 0x04, 0x22, 0x19, 0x14,
    0x9a, 0x9b, 0x96, 0x09, 0x83, 0x19, 0x03, 0x15, 0x14, 0x9b, 0x83, 0x1f,
    0xa8, 0x29, 0x99, 0x85, 0x28, 0x1c, 0x9d, 0x27, 0x27, 0x09, 0x25, 0x85,
    0x93, 0x22, 0xa3, 0x8d, 0x9e, 0x9d, 0x15, 0x07, 0x0b, 0x19, 0x96, 0x9b,
    0x8d, 0x09, 0x11, 0xa1, 0x16, 0x1e, 0x0f, 0x95, 0x1c, 0x99, 0xa6, 0x0e,
    0x22, 0xac, 0xab, 0x99, 0x12, 0x0e, 0x86, 0x2c, 0x9d, 0x9b, 0x27, 0xa1,
    0x07, 0x28, 0x20, 0x83, 0x11, 0x03, 0x02, 0x02, 0x85, 0x81, 0x21, 0x89,
    0x85, 0x99, 0xa4, 0x8d, 0xa7, 0x23, 0x9e, 0x99, 0x24, 0x98, 0x8a, 0x11,
    0x9d, 0x96, 0xa9, 0xa9, 0x0d, 0x1e, 0x1d, 0x0f, 0x21, 0x19, 0x97, 0x0d,
    0x1c, 0x9e, 0x07, 0xa9, 0x19, 0x24, 0x9b, 0x94, 0xa3, 0x98, 0x1a, 0x9e,
    0x0e, 0x81, 0xa4, 0x99, 0x23, 0xa2, 0xa0, 0x9c, 0x0b, 0x18, 0x19, 0x14,
    0x18, 0x9d, 0x1a, 0x9c, 0xa1, 0x1e, 0x16, 0x99, 0x15, 0x12, 0x15, 0x10,
    0x16, 0xa0, 0xa3, 0x99, 0x98, 0x02, 0xa7, 0x9e, 0x9b, 0xa3, 0x15, 0x0c,
    0xa4, 0x27, 0x9a, 0x9e, 0x21, 0x1d, 0x9d, 0x20, 0x97, 0x23, 0x18, 0x88,
    0x0b, 0x05, 0x8a, 0x93, 0x17, 0x19, 0x8d, 0x09, 0xa0, 0x95, 0x21, 0x99,
    0x1f, 0x13, 0x1f, 0x9e, 0x13, 0x0a, 0x96, 0xa3, 0x98, 0x9a, 0xa4, 0x05,
    0x0d, 0xa4, 0x21, 0x2a, 0xac, 0x1e, 0x84, 0xa2, 0x22, 0x25, 0x0d, 0x26,
    0x93, 0xa6, 0x2a, 0x22, 0x1b, 0x1c, 0x0d, 0xa5, 0x20, 0x24, 0x9d, 0xa8,
    0x1e, 0x2b, 0x89, 0x0a, 0x11, 0xa2, 0x1c, 0x28, 0x1a, 0x25, 0xa7, 0x91,
    0xa1, 0x98, 0x20, 0x21, 0x1b, 0x1e, 0xa4, 0x9f, 0x22, 0x99, 0x98, 0x1f,
    0x1b, 0x0a, 0x8c, 0x1b, 0x11, 0x92, 0x19, 0x11, 0xa4, 0x1c, 0x06, 0xa1,
    0xa1, 0x21, 0x14, 0x8f, 0x9b, 0x9a, 0x10, 0x21, 0xa3, 0x01, 0xa1, 0x92,
    0x1a, 0x0e, 0xac, 0x99, 0x24, 0x03, 0x9e, 0x19, 0x91, 0x84, 0x90, 0x9e,
    0xa2, 0x0c, 0xa1, 0x18, 0x16, 0x1c, 0x08, 0x21, 0x87, 0x98, 0x99, 0x1b,
    0x06, 0x22, 0xa3, 0x0b, 0x19, 0x20, 0x1f, 0x8e, 0x94, 0x22, 0xa3, 0x24,
    0x9d, 0x9b, 0x22, 0x95, 0x1b, 0x06, 0x98, 0xa4, 0x1e, 0x1a, 0xa8, 0x1f,
    0x20, 0x23, 0xa3, 0x09, 0xa2, 0x89, 0x9b, 0x9b, 0x92, 0x18, 0x91, 0x18,
    0x85, 0x21, 0x17, 0x14, 0x9b, 0x2a, 0xaa, 0xa7, 0xa0, 0x9d, 0x8e, 0x9e,
    0xa2, 0x81, 0x82, 0x9d, 0x21, 0x10, 0xa5, 0x04, 0x83, 0x27, 0x95, 0x24,
    0x25, 0x95, 0x82, 0x2d, 0x17, 0x10, 0xa0, 0x8e, 0x95, 0x05, 0x26, 0x15,
    0x1d, 0x8f, 0x96, 0xa1, 0xa4, 0x95, 0x88, 0x00, 0x13, 0x13, 0x15, 0x21,
    0x8c, 0x98, 0xa4, 0x18, 0x07, 0x12, 0x2a, 0xa0, 0x22, 0xa1, 0x9d, 0x12,
    0x1b, 0x27, 0x21, 0x23, 0xa0, 0x28, 0x28, 0x22, 0x09, 0x8a, 0x96, 0x1d,
    0x1b, 0x1d, 0x98, 0x90, 0x1b, 0x12, 0x88, 0x10, 0x9e, 0x1a, 0x94, 0x9d,
    0xa9, 0xab, 0x15, 0x9f, 0x14, 0x18, 0x1d, 0x28, 0xa3, 0x8b, 0xa1, 0x9b,
    0xa8, 0x18, 0x93, 0xa1, 0x9d, 0xa0, 0x1b, 0x8b, 0x12, 0xa4, 0x24, 0x85,
    0x1f, 0x90, 0xa3, 0x8e, 0x12, 0x8d, 0xa8, 0x1c, 0xad, 0x9f, 0x10, 0x17,
    0xa0, 0x20, 0xa2, 0x2a, 0x9d, 0x1a, 0x24, 0xa2, 0x8e, 0x0f, 0x23, 0x13,
    0x86, 0x9f, 0x16, 0xa4, 0x97, 0x92, 0x1b, 0x16, 0x0e, 0x8c, 0x00, 0x90,
    0x20, 0x88, 0xa2, 0x0c, 0x87, 0xa0, 0x1c, 0xa1, 0xa7, 0x92, 0x83, 0x29,
    0x0f, 0x24, 0x28, 0x1c, 0x22, 0x28, 0x2b, 0x18, 0xa3, 0x26, 0x95, 0xad,
    0xa1, 0x18, 0xa7, 0x11, 0x0c, 0x95, 0xa1, 0x13, 0x16, 0x94, 0x19, 0x90,
    0x14, 0x08, 0x0c, 0x15, 0x18, 0x8f, 0x98, 0x22, 0xa3, 0x11, 0xa2, 0x90,
    0xa2, 0x9c, 0x84, 0x01, 0x22, 0x86, 0xa2, 0x06, 0x1c, 0x85, 0x1d, 0x21,
    0x9b, 0xa8, 0xa1, 0x17, 0x9a, 0x04, 0x92, 0x9f, 0xab, 0x98, 0x21, 0x88,
    0x24, 0x23, 0x0f, 0x23, 0x88, 0x25, 0x96, 0xac, 0x1f, 0x01, 0x23, 0x25,
    0x8f, 0x2a, 0x20, 0xa7, 0x9b, 0x9e, 0x27, 0x8c, 0xa1, 0x1c, 0x23, 0xa6,
    0xa8, 0x9b, 0x1c, 0x10, 0x95, 0x17, 0x11, 0x0d, 0xa1, 0x96, 0x18, 0x98,
    0x8a, 0x9c, 0x9c, 0x95, 0xa7, 0x13, 0x93, 0x8f, 0x9e, 0x91, 0xaa, 0x99,
    0x22, 0x0a, 0x12, 0x1b, 0x93, 0x22, 0x9a, 0x8f, 0x97, 0xab, 0x12, 0x9c,
    0x11, 0x1f, 0x83, 0x0a, 0x9e, 0x87, 0x9a, 0x81, 0x1a, 0x91, 0x93, 0x15,
    0xa2, 0x1d, 0x03, 0x93, 0x94, 0x92, 0x14, 0x19, 0x91, 0x90, 0x19, 0x24,
    0x9c, 0x9e, 0x09, 0x10, 0x00, 0x17, 0x1c, 0x86, 0xa3, 0x21, 0x9f, 0x9f,
    0x21, 0x1a, 0x2b, 0x8f, 0x13, 0x9d, 0x84, 0x8a, 0x14, 0x25, 0x8f, 0xa1,
    0x09, 0x95, 0x13, 0x86, 0x0c, 0x97, 0x82, 0x8c, 0x81, 0x03, 0x0d, 0x1e,
    0x96, 0x8e, 0x8e, 0x13, 0xac, 0x8f, 0xa4, 0x8a, 0xa0, 0x1a, 0x9a, 0x23,
    0x28, 0x13, 0x27, 0x28, 0x1a, 0x9b, 0x1b, 0x8f, 0x99, 0x1f, 0x91, 0x23,
    0x14, 0x9d, 0x20, 0x99, 0x9e, 0x1b, 0x1c, 0x85, 0x25, 0x03, 0xa4, 0x22,
    0x14, 0x13, 0x96, 0x1b, 0x9e, 0xa0, 0x94, 0x93, 0x96, 0x8c, 0xa3, 0x9c,
    0x1f, 0x21, 0x0c, 0x00, 0x0f, 0x8d, 0xa0, 0x02, 0x02, 0x12, 0x16, 0x85,
    0x90, 0x98, 0x14, 0x8c, 0x11, 0x85, 0xa0, 0x9e, 0x25, 0x91, 0xaa, 0x22,
    0x23, 0x27, 0xa6, 0x99, 0x21, 0x9d, 0xa5, 0x2c, 0xaa, 0xa4, 0xa3, 0x07,
    0x98, 0x8c, 0x06, 0x18, 0x12, 0x09, 0x0b, 0x08, 0x97, 0x8a, 0x82, 0x88,
    0x12, 0x19, 0x88, 0x89, 0x1f, 0xa3, 0xa3, 0xa2, 0xa4, 0x9d, 0x16, 0x21,
    0x1a, 0x9c, 0x19, 0x18, 0x27, 0x97, 0xa5, 0x1d, 0x92, 0x1d, 0x81, 0x22,
    0x99, 0x92, 0x96, 0x13, 0x07, 0x1b, 0x94, 0x23, 0x8a, 0x94, 0x15, 0x1e,
    0xa9, 0x99, 0x93, 0x88, 0x21, 0xa1, 0x26, 0x24, 0x0f, 0xa4, 0x21, 0xaa,
    0x25, 0x98, 0x89, 0xa2, 0x04, 0x29, 0xa8, 0x1e, 0xa2, 0x29, 0x28, 0x1a,
    0x23, 0x28, 0x13, 0x24, 0xa4, 0x16, 0xaa, 0x10, 0x9f, 0x27, 0x84, 0xa1,
    0xa4, 0x25, 0x08, 0x8a, 0x98, 0x22, 0x8c, 0x20, 0x1e, 0x12, 0x9c, 0x02,
    0xa0, 0xa1, 0x18, 0xa3, 0x94, 0xa4, 0x94, 0x0b, 0x23, 0x27, 0x84, 0x07,
    0x9f, 0x99, 0x20, 0x25, 0x94, 0xa9, 0x91, 0x99, 0x26, 0x14, 0x98, 0x9c,
    0x05, 0x1c, 0x96, 0xa1, 0x2a, 0xa0, 0x1d, 0x84, 0x1e, 0x9c, 0x98, 0xa0,
    0x8b, 0x11, 0x1f, 0x12, 0x8d, 0x90, 0x13, 0x86, 0x10, 0x14, 0x83, 0x04,
    0xa8, 0x10, 0x21, 0x92, 0x24, 0x20, 0x1b, 0x08, 0x0c, 0x22, 0x1f, 0xa7,
    0x8a, 0x2b, 0x2b, 0x1c, 0x1b, 0x25, 0x97, 0x9e, 0x21, 0x1a, 0x9a, 0x96,
    0x82, 0x26, 0xac, 0x28, 0x28, 0x24, 0x1e, 0xa2, 0x08, 0x1c, 0x9a, 0x13,
    0x31, 0xaa, 0x9a, 0xa0, 0x0d, 0x1b, 0x26, 0x19, 0x82, 0xab, 0xa1, 0x9b,
    0xa4, 0x98, 0x0c, 0x25, 0x23, 0x8c, 0xa6, 0x9a, 0x0f, 0x22, 0x1c, 0x29,
    0x1d, 0x96, 0x9c, 0x93, 0x94, 0x24, 0x21, 0x99, 0x96, 0xa3, 0x9f, 0x0b,
    0x96, 0xb0, 0x17, 0x21, 0x90, 0xab, 0xa6, 0x05, 0x91, 0x97, 0xa1, 0xa9,
    0x28, 0x16, 0x28, 0x89, 0xa3, 0x25, 0xa1, 0xad, 0x25, 0x9d, 0x89, 0xa5,
    0x0e, 0x91, 0x2a, 0xaa, 0x26, 0xa8, 0x98, 0xaa, 0x83, 0x23, 0x2a, 0x96,
    0x24, 0x82, 0x05, 0x1c, 0xaa, 0x23, 0x24, 0x8e, 0x19, 0x11, 0x98, 0x93,
    0x94, 0x22, 0x9e, 0x09, 0x98, 0x13, 0x01, 0xa1, 0x29, 0x9a, 0x0e, 0x1d,
    0x94, 0x15, 0xa7, 0x9b, 0x97, 0x8a, 0x07, 0xa6, 0x23, 0xad, 0x9b, 0xab,
    0x27, 0x99, 0x1f, 0x23, 0x20, 0xaa, 0x0a, 0xa4, 0x1c, 0x0b, 0x9a, 0x8f,
    0x1a, 0x8e, 0x12, 0xa6, 0x95, 0xac, 0x04, 0x28, 0x9d, 0x16, 0x29, 0x24,
    0x29, 0x28, 0xa4, 0x10, 0xa8, 0x20, 0x23, 0x9e, 0xa9, 0x20, 0x22, 0x21,
    0x26, 0x21, 0xa0, 0x20, 0x1c, 0x9c, 0xa3, 0xa5, 0x21, 0x07, 0xa5, 0x9c,
    0xa4, 0xa7, 0xa1, 0x9b, 0x28, 0x07, 0xa1, 0xa4, 0x91, 0x2b, 0x9f, 0x9c,
    0x28, 0xac, 0x92, 0x9b, 0xa5, 0x01, 0x18, 0xae, 0x28, 0x24, 0xa2, 0x8f,
    0x23, 0x27, 0x9e, 0x28, 0x26, 0x8a, 0xab, 0x0b, 0x27, 0xa5, 0xa7, 0xab,
    0x1d, 0xab, 0xa1, 0x1d, 0x0e, 0x9a, 0x9c, 0x86, 0x07, 0x24, 0xa5, 0x21,
    0xa6, 0x87, 0x92, 0xa8, 0x92, 0x16, 0x04, 0x2a, 0xa3, 0x21, 0x19, 0x25,
    0x0a, 0xa7, 0x04, 0x1b, 0x1d, 0x24, 0x94, 0x87, 0xa1, 0x2a, 0x97, 0x0e,
    0x8a, 0x9c, 0x9f, 0x01, 0x1d, 0x29, 0xa7, 0xa2, 0xa7, 0x89, 0x9c, 0xa2,
    0x2d, 0x25, 0x19, 0x8d, 0xa9, 0x28, 0xaa, 0xa4, 0x11, 0x1d, 0x83, 0xaa,
    0x0d, 0x85, 0x14, 0x23, 0x2a, 0x17, 0x81, 0xb0, 0xaa, 0x2d, 0xa4, 0x9c,
    0x22, 0x23, 0x27, 0xaa, 0xaa, 0x1b, 0xa3, 0xa1, 0x1c, 0xac, 0x17, 0x29,
    0x8b, 0x1c, 0x14, 0x2c, 0x21, 0x19, 0x18, 0xa6, 0xa4, 0x0c, 0xaa, 0x19,
    0x21, 0x0d, 0xa1, 0x8a, 0x01, 0x24, 0x94, 0x0e, 0x0d, 0xa9, 0xa4, 0x11,
    0xa7, 0x28, 0x16, 0x8d, 0x2c, 0xaa, 0x24, 0x1d, 0xa4, 0x29, 0x90, 0x2d,
    0x9c, 0xa9, 0x98, 0x00, 0x25, 0xa4, 0x1e, 0x0d, 0x1d, 0x07, 0x1f, 0x1a,
    0x96, 0x2d, 0x22, 0x92, 0x28, 0x9a, 0x22, 0x8c, 0xb1, 0xa4, 0x00, 0x19,
    0xa3, 0xa2, 0x00, 0x8a, 0x20, 0x9a, 0x8f, 0xa2, 0x24, 0xa5, 0x90, 0x24,
    0xa4, 0x09, 0x11, 0x98, 0x23, 0x1d, 0xa8, 0x1a, 0x9d, 0x19, 0x90, 0xa1,
    0x05, 0xb1, 0x25, 0x05, 0xab, 0xa3, 0x9a, 0x13, 0x9e, 0xaf, 0x13, 0x94,
    0x26, 0x90, 0x8d, 0x22, 0xa5, 0xa1, 0x09, 0x2c, 0x99, 0x18, 0x0c, 0x30,
    0x96, 0x30, 0x22, 0x1a, 0x21, 0x22, 0xab, 0x17, 0xa2, 0x9d, 0x2a, 0xa2,
    0x01, 0x96, 0x16, 0x23, 0x19, 0x15, 0xa0, 0xa5, 0x23, 0x99, 0x02, 0x91,
    0x9e, 0x1d, 0x1f, 0xa4, 0x21, 0x1d, 0x21, 0x21, 0xa4, 0xa4, 0x27, 0x9a,
    0x20, 0x24, 0x87, 0x9b, 0x18, 0x9e, 0x9a, 0x1a, 0x14, 0x25, 0xa0, 0x29,
    0x15, 0xb4, 0x2a, 0xa0, 0xaf, 0xac, 0x25, 0x8c, 0x19, 0x16, 0x17, 0x2b,
    0x0b, 0x23, 0x9f, 0x1b, 0x27, 0x2b, 0x9a, 0xa9, 0x9f, 0xa2, 0x27, 0x04,
    0xae, 0x1f, 0x96, 0x05, 0x24, 0x87, 0x96, 0x2f, 0x05, 0xa6, 0x08, 0x90,
    0xa5, 0x1d, 0x0c, 0x0a, 0x10, 0x92, 0x09, 0x0b, 0x29, 0x20, 0x9c, 0x1a,
    0xad, 0xad, 0xa6, 0x9e, 0x1a, 0x9a, 0x12, 0x01, 0x99, 0xb2, 0x2b, 0x1f,
    0x19, 0x20, 0x24, 0xa2, 0x27, 0x15, 0x19, 0xa0, 0xa9, 0x2d, 0xa4, 0x29,
    0x20, 0x15, 0x91, 0xad, 0x21, 0x06, 0xae, 0x9e, 0x98, 0xa9, 0x20, 0x2d,
    0x14, 0x11, 0x1c, 0xa9, 0x2b, 0x25, 0x1d, 0xa1, 0x99, 0x9c, 0xa0, 0xa6,
    0x9a, 0xa3, 0x95, 0x93, 0x20, 0x98, 0x97, 0x0e, 0x20, 0x08, 0x21, 0x95,
    0x93, 0x1c, 0x91, 0xa0, 0xa9, 0x20, 0xab, 0x96, 0x1d, 0x9c, 0x11, 0x1b,
    0x91, 0xab, 0x81, 0x1a, 0xa0, 0x20, 0x85, 0x11, 0x8c, 0x23, 0x9b, 0x24,
    0x25, 0x1c, 0x9f, 0x21, 0xa7, 0xa3, 0x93, 0x81, 0xa7, 0x04, 0x1e, 0x21,
    0xa3, 0x27, 0x25, 0x9e, 0x1d, 0x90, 0x23, 0x18, 0x22, 0xa4, 0x03, 0x1f,
    0x95, 0x20, 0xa7, 0x94, 0xa6, 0x26, 0x13, 0x02, 0x9a, 0x2d, 0x1c, 0x85,
    0x22, 0x1e, 0x97, 0x94, 0xa8, 0xac, 0xa3, 0x13, 0x2b, 0x12, 0x15, 0x27,
    0xa2, 0xa5, 0x1c, 0x28, 0x9b, 0x99, 0xa0, 0x17, 0x9a, 0x83, 0x22, 0x12,
    0x91, 0x12, 0xaa, 0x1b, 0x21, 0x98, 0x86, 0x16, 0x25, 0x22, 0xa5, 0x99,
    0x20, 0x1f, 0xad, 0xa9, 0x1e, 0x01, 0xaa, 0xa9, 0xa3, 0x0a, 0xaa, 0x13,
    0x1f, 0x1e, 0x9f, 0x84, 0x19, 0x98, 0x88, 0x89, 0x93, 0x19, 0x20, 0x1e,
    0xa3, 0x99, 0x09, 0x28, 0x25, 0xa0, 0x8a, 0x22, 0xa3, 0x93, 0xa3, 0x10,
    0x24, 0x89, 0x06, 0x20, 0x16, 0xaf, 0xa2, 0x20, 0x1a, 0x19, 0x1c, 0x21,
    0xa9, 0x20, 0x8b, 0x96, 0xa8, 0x20, 0xa8, 0xa1, 0xa6, 0x9b, 0x26, 0x10,
    0x1d, 0x14, 0x21, 0x27, 0x0d, 0x24, 0xaa, 0x92, 0xa7, 0x86, 0x9b, 0x03,
    0x86, 0x9a, 0x0f, 0x9e, 0x18, 0x9a, 0x1b, 0x98, 0x26, 0x9b, 0x06, 0xa4,
    0x23, 0x9a, 0xa2, 0x20, 0x22, 0x9b, 0x22, 0xa6, 0x94, 0x21, 0x1a, 0x95,
    0x9c, 0x25, 0x08, 0x05, 0xa9, 0x23, 0x2d, 0xa2, 0x1f, 0x9a, 0x9b, 0x97,
    0x0b, 0x2f, 0x1b, 0x0d, 0x95, 0x0a, 0x96, 0xb3, 0xa6, 0x32, 0xae, 0xa1,
    0x21, 0x24, 0x25, 0xa4, 0x08, 0x22, 0x03, 0xa9, 0x15, 0x13, 0x09, 0x11,
    0xae, 0x9e, 0x12, 0xa2, 0x1d, 0xae, 0x20, 0x94, 0x32, 0x00, 0x11, 0x1c,
    0x25, 0x82, 0x98, 0xb2, 0x9a, 0xa5, 0xa1, 0x01, 0x93, 0x8b, 0xa5, 0x12,
    0x94, 0x9f, 0x20, 0x08, 0x09, 0x18, 0x1d, 0x21, 0x1d, 0x30, 0x21, 0xa0,
    0x11, 0x9c, 0x1a, 0x1f, 0x26, 0x33, 0x91, 0x1b, 0x22, 0x04, 0x0c, 0x95,
    0x1d, 0x28, 0x8d, 0x22, 0x8f, 0x16, 0x90, 0x81, 0x98, 0xa1, 0xa2, 0xa6,
    0xa4, 0xa8, 0xa6, 0x83, 0x99, 0x90, 0x26, 0x2d, 0x24, 0x0d, 0x11, 0x22,
    0x0d, 0x8f, 0x29, 0x18, 0xa3, 0x9b, 0x94, 0x22, 0xa4, 0x20, 0xa5, 0x0c,
    0x23, 0x9a, 0x9d, 0x11, 0x95, 0x26, 0x15, 0x20, 0xa1, 0x03, 0x25, 0x25,
    0x23, 0x83, 0xa8, 0x9e, 0xa2, 0xa0, 0x1d, 0xa2, 0x07, 0xa5, 0x1f, 0x1f,
    0x1f, 0xa8, 0xa7, 0x99, 0x1f, 0x1b, 0x20, 0x9e, 0x19, 0x26, 0xa0, 0xa4,
    0xa2, 0x1d, 0x92, 0xa9, 0x0b, 0x28, 0x8f, 0x11, 0x17, 0xa5, 0xac, 0xa5,
    0x98, 0x07, 0x22, 0x17, 0x29, 0xa1, 0xa5, 0x9a, 0x86, 0xa1, 0x9f, 0x09,
    0x1e, 0x9f, 0x93, 0xa4, 0x98, 0x8d, 0x22, 0x18, 0xa1, 0x85, 0x21, 0x99,
    0x21, 0x17, 0x22, 0x22, 0x12, 0x89, 0x9f, 0x8a, 0x11, 0x22, 0xa9, 0x9b,
    0x2b, 0x9c, 0x9e, 0x18, 0x1a, 0x18, 0x21, 0x1e, 0x05, 0x1f, 0x21, 0x1c,
    0x22, 0x15, 0xa5, 0xa3, 0x83, 0x91, 0xa6, 0x14, 0x29, 0xa9, 0x2a, 0x92,
    0x89, 0x97, 0x28, 0x29, 0x26, 0x00, 0xa6, 0x23, 0x23, 0x84, 0x0f, 0x9f,
    0x9f, 0x9a, 0x0e, 0x1b, 0xa6, 0x18, 0x10, 0x20, 0x93, 0x9c, 0xaa, 0x05,
    0x24, 0x9f, 0x8a, 0x2e, 0x19, 0x9e, 0x20, 0x8a, 0x99, 0x02, 0x1b, 0x8e,
    0x99, 0x1c, 0x1d, 0xa1, 0xaa, 0x97, 0x9f, 0x23, 0x84, 0x8d, 0x8a, 0x81,
    0x19, 0x21, 0x9a, 0x04, 0x86, 0x9a, 0x15, 0x28, 0xa4, 0xab, 0x21, 0x84,
    0xa1, 0x95, 0x94, 0x24, 0x9b, 0x98, 0x25, 0x2a, 0x95, 0x9c, 0x93, 0x2b,
    0x22, 0x99, 0x21, 0x1d, 0x9c, 0x1c, 0x15, 0x92, 0x29, 0x9d, 0x1c, 0x10,
    0x85, 0xa3, 0xaa, 0xa6, 0x9a, 0xa6, 0xa1, 0xa6, 0x20, 0x11, 0x06, 0x9f,
    0xa3, 0x0a, 0x8b, 0x14, 0x20, 0x22, 0xa2, 0xa5, 0x19, 0x1a, 0x92, 0xaa,
    0x29, 0x2a, 0x29, 0xa5, 0x1a, 0x2b, 0x96, 0xa3, 0xaa, 0x87, 0x83, 0x19,
    0x14, 0xa4, 0x9f, 0xa1, 0x8f, 0xaa, 0x2d, 0x1e, 0x27, 0x20, 0x29, 0x26,
    0x04, 0x94, 0xa1, 0x15, 0x29, 0x9b, 0x29, 0x87, 0x95, 0x9e, 0x24, 0xa5,
    0x02, 0x23, 0xa1, 0x05, 0x23, 0x26, 0x9b, 0xa4, 0x22, 0xa4, 0x9a, 0x9f,
    0x1b, 0x9a, 0x15, 0xa8, 0x26, 0x27, 0x10, 0xa6, 0x83, 0x9d, 0x88, 0x1a,
    0x1a, 0x25, 0x26, 0x18, 0x10, 0x23, 0x8f, 0x10, 0x01, 0x97, 0x11, 0x94,
    0x97, 0x92, 0x9b, 0x1d, 0x23, 0x1e, 0x83, 0x18, 0x1e, 0x8e, 0x9f, 0xa9,
    0x26, 0xac, 0xa7, 0x8a, 0x10, 0x98, 0x98, 0x1d, 0x9b, 0xa2, 0xa8, 0x95,
    0x03, 0x1f, 0x9b, 0x0e, 0x86, 0x0a, 0xa4, 0x28, 0xa6, 0x1c, 0x9f, 0x26,
    0x25, 0x9f, 0xa1, 0x13, 0xa3, 0x0d, 0xa6, 0x03, 0x23, 0x81, 0x22, 0x80,
    0xa5, 0xa3, 0x14, 0x1b, 0x17, 0x1f, 0x1c, 0x95, 0x15, 0x20, 0x97, 0x91,
    0x1b, 0x8c, 0x16, 0x8e, 0x86, 0x90, 0x99, 0x20, 0x05, 0xa2, 0x8f, 0x9c,
    0x84, 0x30, 0xb0, 0xaa, 0x28, 0xab, 0xa8, 0x20, 0xa4, 0x1e, 0x97, 0x2c,
    0x25, 0x84, 0xaa, 0x23, 0x92, 0x92, 0xa7, 0x9a, 0x18, 0x11, 0x84, 0x25,
    0x9b, 0x24, 0xa6, 0x29, 0x01, 0xa1, 0x20, 0x9e, 0x89, 0x28, 0x8d, 0x2a,
    0xa9, 0x1a, 0x17, 0x1c, 0x0a, 0xa9, 0xa5, 0x25, 0x1d, 0x1c, 0x8a, 0x9b,
    0x12, 0x9c, 0x9d, 0x84, 0x8b, 0xa8, 0x13, 0xae, 0x1e, 0x1b, 0x94, 0xac,
    0x00, 0x11, 0x24, 0x11, 0x9f, 0x9b, 0xaa, 0x1f, 0x13, 0x1a, 0x14, 0x94,
    0x23, 0x98, 0x92, 0x22, 0xab, 0x21, 0x22, 0x05, 0x1a, 0x25, 0x1c, 0x81,
    0x1d, 0xa1, 0x95, 0x9d, 0x27, 0x98, 0x9e, 0x24, 0x9b, 0x24, 0x23, 0xa8,
    0x26, 0x13, 0x17, 0x1f, 0xaa, 0x93, 0x03, 0x9b, 0x27, 0x15, 0xa8, 0x94,
    0x83, 0x02, 0xa3, 0xaa, 0xa3, 0x1c, 0x98, 0x1b, 0xa3, 0x98, 0x11, 0x83,
    0xa2, 0x9b, 0x99, 0x22, 0x2a, 0x29, 0xa9, 0x11, 0x82, 0xa2, 0xa6, 0xab,
    0x23, 0xa9, 0x14, 0x1a, 0x23, 0xa0, 0xa9, 0x19, 0xa9, 0x98, 0xa3, 0x9f,
    0x20, 0x99, 0x9a, 0x1c, 0xa5, 0x26, 0xa8, 0x21, 0xa1, 0x20, 0x9c, 0x16,
    0x25, 0x20, 0x1d, 0xa1, 0x9e, 0x93, 0xa3, 0x23, 0xa1, 0x96, 0x1c, 0x9b,
    0x9b, 0xae, 0x07, 0x1a, 0x27, 0x08, 0x85, 0x9b, 0x8e, 0x22, 0x96, 0x11,
    0x00, 0x1d, 0x87, 0x28, 0xa2, 0x21, 0x03, 0x2b, 0x27, 0x24, 0xa2, 0x8f,
    0xa4, 0x91, 0xa7, 0xa7, 0x8e, 0xa9, 0x86, 0xa4, 0x21, 0x15, 0x9f, 0xa9,
    0x15, 0x99, 0xa3, 0x8c, 0x1b, 0x1c, 0x9f, 0x11, 0x9a, 0x2b, 0x20, 0x29,
    0x8b, 0x1b, 0x2a, 0x02, 0x28, 0x1c, 0x21, 0x1d, 0xa9, 0xa9, 0x1e, 0x9d,
    0x28, 0x80, 0x20, 0xa2, 0xa9, 0xa9, 0x22, 0x96, 0x02, 0x94, 0x1d, 0x23,
    0x01, 0x2a, 0x28, 0x22, 0x27, 0x9e, 0x2a, 0x1d, 0xa1, 0x14, 0x88, 0x2a,
    0x2a, 0x20, 0xa1, 0x9e, 0x14, 0x03, 0xa5, 0xac, 0x2d, 0xad, 0xa3, 0x2a,
    0x14, 0x20, 0x11, 0x29, 0x1d, 0x17, 0xa9, 0x21, 0x9f, 0x1a, 0x1b, 0x23,
    0x86, 0x2c, 0x9e, 0x25, 0xa2, 0x1b, 0xa9, 0x26, 0x25, 0x82, 0x02, 0x20,
    0x98, 0xa2, 0x12, 0x1c, 0x21, 0x95, 0x9b, 0x0d, 0x99, 0xa5, 0x29, 0x1d,
    0x82, 0x99, 0x2d, 0x2b, 0x91, 0x92, 0x81, 0x93, 0x12, 0x9b, 0x04, 0x8d,
    0x12, 0x07, 0x1b, 0x89, 0x27, 0x83, 0x1d, 0x84, 0xa6, 0x01, 0xa1, 0x11,
    0x1e, 0x9b, 0x06, 0x17, 0x02, 0x09, 0x19, 0x8e, 0x92, 0x10, 0x1d, 0x19,
    0x0f, 0x27, 0x1c, 0x9b, 0x20, 0x17, 0x16, 0x19, 0xa0, 0x1a, 0x12, 0x18,
    0xa1, 0x9c, 0x9c, 0xae, 0x19, 0x98, 0xa5, 0x9c, 0x11, 0x19, 0x86, 0x1f,
    0x8a, 0x17, 0xa8, 0xa2, 0x28, 0x10, 0x1a, 0xa8, 0x07, 0x2c, 0x23, 0x98,
    0x9e, 0xa0, 0x9e, 0x26, 0xa0, 0x8b, 0x1c, 0x2f, 0x16, 0x23, 0xa1, 0x22,
    0x0f, 0xa1, 0x10, 0xa4, 0x1b, 0xa7, 0x93, 0x86, 0x12, 0xa1, 0x9d, 0x99,
    0x9a, 0x96, 0xa8, 0x23, 0x17, 0x1b, 0x96, 0x8c, 0x84, 0x00, 0x1c, 0x28,
    0xa9, 0x20, 0x99, 0x1f, 0x28, 0xaa, 0xab, 0x1e, 0xa3, 0xa4, 0xa7, 0xa3,
    0x90, 0x19, 0x28, 0x24, 0x89, 0xad, 0x05, 0x1b, 0x9a, 0x17, 0x1d, 0x19,
    0x00, 0x18, 0xa2, 0x1e, 0x8d, 0x1d, 0xa7, 0xa2, 0x92, 0x99, 0x25, 0xa0,
    0x98, 0x1c, 0x1c, 0x18, 0xa2, 0xa8, 0xb0, 0x29, 0x93, 0x2b, 0x2c, 0x2c,
    0x2c, 0x01, 0xa4, 0x2a, 0x8d, 0x1b, 0x24, 0x9f, 0x0d, 0x94, 0xa1, 0xa6,
    0x98, 0xa8, 0xa4, 0x9a, 0x0f, 0xa3, 0x0d, 0xa0, 0x1d, 0x27, 0x27, 0x8e,
    0xa0, 0x28, 0x16, 0x26, 0xa9, 0x21, 0x8b, 0xa5, 0x91, 0x01, 0x99, 0x93,
    0xa2, 0x18, 0x9c, 0x93, 0x20, 0x94, 0x9a, 0x95, 0x1a, 0x99, 0x11, 0xa9,
    0x9a, 0x1b, 0x23, 0x9c, 0x9e, 0x9b, 0x1a, 0x8d, 0x11, 0x86, 0xab, 0xa6,
    0xa2, 0xa2, 0x95, 0xa4, 0x17, 0x1f, 0x1b, 0xa3, 0x0c, 0x1a, 0x21, 0x1c,
    0x94, 0x24, 0x12, 0x09, 0x26, 0xa7, 0x1b, 0x22, 0x28, 0xa8, 0x28, 0x07,
    0xa1, 0x1e, 0x1a, 0x1e, 0x84, 0x19, 0x9b, 0x88, 0xb0, 0x17, 0x02, 0x06,
    0x29, 0x1c, 0xa4, 0x22, 0x95, 0x93, 0x19, 0xb1, 0x19, 0x94, 0xa7, 0xa1,
    0x8a, 0x9f, 0xa2, 0x04, 0xaa, 0x91, 0x2b, 0xaa, 0xa7, 0xa9, 0x92, 0x1d,
    0x24, 0x28, 0x29, 0x9e, 0xa6, 0xa4, 0x96, 0x89, 0x9a, 0x98, 0xa1, 0x29,
    0x0f, 0x18, 0x20, 0x15, 0x21, 0x26, 0x25, 0xa1, 0x88, 0x21, 0x26, 0xa9,
    0x20, 0x1f, 0xa8, 0x9b, 0xa2, 0x11, 0x25, 0x1d, 0x14, 0xae, 0x91, 0x28,
    0x2e, 0x26, 0x8a, 0x13, 0xa9, 0x2b, 0x20, 0xad, 0xa0, 0x23, 0xa2, 0x06,
    0x20, 0xa3, 0x25, 0x9f, 0x13, 0x20, 0x1a, 0x02, 0x24, 0x14, 0x9a, 0xa8,
    0xaa, 0xa5, 0x99, 0xa0, 0x8f, 0x1a, 0x9a, 0x1a, 0xac, 0x99, 0x14, 0x06,
    0x16, 0x1f, 0x21, 0x21, 0x10, 0x20, 0x25, 0x89, 0xa2, 0x16, 0x22, 0xa3,
    0x9b, 0x18, 0x22, 0x93, 0x8b, 0x05, 0x16, 0x81, 0x9b, 0x1e, 0x25, 0x17,
    0xa0, 0xb1, 0xa9, 0x16, 0x23, 0x19, 0x99, 0x8a, 0x9d, 0x29, 0x15, 0x18,
    0xa5, 0x99, 0x07, 0x9f, 0x22, 0x8b, 0x12, 0x0b, 0x06, 0x25, 0x82, 0x15,
    0x83, 0x9a, 0x15, 0x17, 0xa0, 0x99, 0x16, 0x13, 0x96, 0x07, 0x14, 0x27,
    0x98, 0x24, 0x8f, 0x85, 0xa0, 0x08, 0x93, 0x98, 0x28, 0x1d, 0x11, 0x17,
    0x92, 0xab, 0x96, 0x10, 0x9e, 0x9c, 0x86, 0xa2, 0x19, 0x98, 0x0f, 0xa6,
    0x06, 0x94, 0x14, 0x26, 0x08, 0x25, 0x26, 0x9d, 0x20, 0x1b, 0x8e, 0x84,
    0x91, 0x28, 0x29, 0x21, 0x8b, 0x8d, 0x9a, 0x28, 0x1c, 0x0e, 0x9f, 0x10,
    0x20, 0x92, 0x1a, 0x90, 0x88, 0x21, 0x0c, 0x83, 0x16, 0x1b, 0x9b, 0x9b,
    0x1b, 0x21, 0x2a, 0xa2, 0x07, 0x9d, 0x98, 0x94, 0x21, 0x17, 0x9b, 0x8b,
    0x16, 0xa4, 0x20, 0xa5, 0x18, 0x15, 0x20, 0x14, 0xa0, 0x1c, 0x1f, 0x88,
    0x8a, 0x18, 0x23, 0x22, 0x9a, 0x27, 0x8f, 0xa2, 0x1a, 0xa6, 0x99, 0x1c,
    0x99, 0x07, 0x8c, 0x1a, 0x9f, 0x95, 0xa0, 0xa2, 0x95, 0x8f, 0x1f, 0x9f,
    0x9a, 0x8a, 0xa5, 0x93, 0x0f, 0x8b, 0x17, 0x20, 0x04, 0xa0, 0x18, 0x13,
    0x93, 0x1f, 0x19, 0x9d, 0xa2, 0x0b, 0x07, 0x1f, 0x08, 0x94, 0x17, 0x9a,
    0x8f, 0x15, 0x09, 0x05, 0x99, 0x1b, 0x9f, 0x9b, 0x99, 0x04, 0x06, 0x24,
    0x11, 0x97, 0x9d, 0xa0, 0x1e, 0x0e, 0x9f, 0x12, 0x92, 0x20, 0xa0, 0x91,
    0x1e, 0x99, 0x92, 0xa2, 0x02, 0x22, 0x16, 0x21, 0x88, 0x08, 0xa3, 0x8c,
    0x1a, 0x94, 0x95, 0x1d, 0xa0, 0x82, 0x16, 0x90, 0x94, 0x9a, 0x91, 0x91,
    0x0c, 0x1d, 0x93, 0x9c, 0x8e, 0x19, 0x91, 0x1f, 0x90, 0x87, 0x91, 0x95,
    0x20, 0x14, 0x07, 0x22, 0x97, 0x1c, 0x9d, 0x12, 0x20, 0x12, 0x0d, 0x20,
    0x23, 0x9b, 0x9e, 0x9f, 0x24, 0xa4, 0x22, 0x91, 0x19, 0x93, 0x9b, 0x81,
    0x08, 0x9b, 0x06, 0x1b, 0x05, 0x9a, 0x06, 0x9f, 0x16, 0x1e, 0x82, 0x9a,
    0x9a, 0x0d, 0x0b, 0x89, 0x18, 0x9e, 0x0a, 0x23, 0x19, 0x01, 0x22, 0x24,
    0x1c, 0x24, 0x22, 0x25, 0x92, 0x0e, 0x11, 0x98, 0x21, 0x22, 0x19, 0x9e,
    0x20, 0x82, 0x20, 0x28, 0x8b, 0x91, 0xa2, 0xa1, 0x18, 0x19, 0x92, 0x0b,
    0x15, 0x82, 0x0a, 0x91, 0x99, 0x19, 0x28, 0x18, 0x99, 0xa1, 0x9e, 0x9e,
    0x8e, 0x9a, 0x98, 0xa2, 0x9b, 0x13, 0x88, 0x21, 0x8e, 0x0f, 0x1d, 0x17,
    0x94, 0x82, 0x0f, 0x9b, 0x98, 0x8b, 0x0b, 0x91, 0x8e, 0x14, 0x95, 0x83,
    0x96, 0x1e, 0x9a, 0x22, 0x9d, 0x98, 0x9b, 0x88, 0x03, 0x94, 0x19, 0x14,
    0x9a, 0x1b, 0x8e, 0x9a, 0x10, 0x8e, 0x22, 0x8b, 0x90, 0xa4, 0x17, 0xa2,
    0x12, 0x1b, 0x12, 0x05, 0x90, 0x9a, 0x8d, 0x0a, 0x9a, 0x83, 0x91, 0x1a,
    0x1a, 0x02, 0x01, 0x85, 0x8c, 0x04, 0x1d, 0x17, 0x1f, 0x17, 0x93, 0xa0,
    0x16, 0x89, 0xa2, 0x92, 0x90, 0xa1, 0x9b, 0x9b, 0x85, 0x86, 0xa0, 0x1a,
    0x03, 0x89, 0x93, 0x18, 0xa5, 0x9a, 0xa5, 0xa1, 0x1d, 0x9d, 0xa9, 0x29,
    0x14, 0x1f, 0x9b, 0x8b, 0xa0, 0x10, 0x82, 0x87, 0xa3, 0x25, 0xa8, 0x1d,
    0x1e, 0x08, 0x8b, 0x23, 0xa1, 0x8b, 0xa6, 0x9a, 0x8c, 0x9e, 0x99, 0x81,
    0x9f, 0xa2, 0x23, 0xa3, 0x10, 0x28, 0x28, 0x05, 0x1b, 0x16, 0x99, 0x1d,
    0x18, 0x20, 0x95, 0x1d, 0x94, 0x8c, 0xa4, 0x81, 0x01, 0x18, 0xa6, 0x23,
    0x87, 0x1b, 0xa0, 0x81, 0x9f, 0x98, 0x8f, 0x1f, 0xa4, 0x9f, 0x90, 0xa5,
    0x9c, 0x1c, 0x9e, 0x26, 0xa0, 0x12, 0x9d, 0x86, 0x24, 0x9c, 0x02, 0x1b,
    0x9d, 0x8a, 0x9c, 0x99, 0x81, 0x14, 0x13, 0x1a, 0x93, 0x1d, 0xa1, 0x1c,
    0x19, 0x0e, 0x9b, 0x1c, 0x27, 0x22, 0x30, 0x2a, 0x06, 0xa1, 0x26, 0x9f,
    0x89, 0xaa, 0x25, 0x19, 0x9a, 0x9b, 0xa0, 0x9a, 0x1d, 0x9e, 0x21, 0x03,
    0x1d, 0x92, 0x11, 0xa1, 0xa2, 0xa0, 0x0a, 0x9e, 0x02, 0x18, 0xa1, 0x93,
    0x18, 0xa4, 0xa1, 0x9f, 0x96, 0x23, 0x22, 0xa0, 0x98, 0x9e, 0x93, 0x8b,
    0x22, 0xa1, 0x01, 0x98, 0x2d, 0x9c, 0x9a, 0x10, 0x18, 0x2d, 0x2b, 0x92,
    0x8d, 0x22, 0x19, 0x19, 0x24, 0x0c, 0x14, 0x87, 0xa1, 0x21, 0x23, 0x84,
    0x92, 0xa9, 0xac, 0x00, 0x07, 0x9d, 0x95, 0x99, 0x8e, 0x20, 0x00, 0x03,
    0x9e, 0x1b, 0x86, 0x16, 0x12, 0x91, 0x20, 0x17, 0x91, 0x8e, 0x20, 0x98,
    0x9b, 0x1a, 0x96, 0x12, 0x29, 0x9d, 0x99, 0x9d, 0x0f, 0x20, 0x19, 0x14,
    0x0f, 0x24, 0x9d, 0x20, 0x1e, 0xa4, 0x9c, 0x8e, 0x23, 0x9d, 0x2c, 0x9a,
    0x99, 0xa9, 0x8e, 0xa0, 0x17, 0x99, 0x1d, 0x20, 0x8b, 0x9b, 0xa2, 0x17,
    0xad, 0x83, 0x99, 0x90, 0x09, 0xa7, 0xa2, 0x04, 0x89, 0xa4, 0xa1, 0x15,
    0x97, 0x9a, 0x88, 0x99, 0x21, 0xa3, 0x1b, 0xa3, 0x0e, 0x1b, 0x84, 0x22,
    0x8a, 0x99, 0x19, 0x22, 0x8c, 0x99, 0x98, 0x92, 0x91, 0x8a, 0x9f, 0x0c,
    0x18, 0x82, 0x97, 0x94, 0x10, 0x8b, 0x04, 0x17, 0x94, 0x1b, 0x1b, 0x99,
    0x9d, 0x03, 0x96, 0x84, 0x21, 0x1e, 0x19, 0x18, 0x9e, 0x1e, 0x96, 0x98,
    0x05, 0x97, 0x83, 0x98, 0x9b, 0x98, 0x16, 0x98, 0x22, 0xa1, 0x90, 0x18,
    0x84, 0x9d, 0x93, 0x92, 0x18, 0x13, 0x95, 0x10, 0x98, 0x93, 0x14, 0x17,
    0x08, 0x08, 0x9d, 0x12, 0x92, 0x1c, 0x9e, 0x12, 0x22, 0x13, 0x8e, 0xa0,
    0xa4, 0x91, 0x10, 0xa0, 0x89, 0x99, 0x84, 0x1e, 0x18, 0x1d, 0x9f, 0x99,
    0x16, 0x19, 0x16, 0x25, 0x84, 0x12, 0x15, 0x21, 0x0c, 0x11, 0x1a, 0x97,
    0x03, 0x06, 0x9c, 0x1c, 0x1c, 0x22, 0x14, 0x89, 0xa5, 0x91, 0x82, 0x23,
    0x9b, 0x15, 0x1b, 0xa6, 0x1b, 0x0b, 0x93, 0x18, 0x20, 0x21, 0xa0, 0xab,
    0x1d, 0x9d, 0x1c, 0x18, 0x87, 0x04, 0x9d, 0xa0, 0x9d, 0x82, 0x0e, 0x12,
    0x0d, 0x9a, 0x9f, 0x18, 0x1e, 0x89, 0x23, 0x19, 0x14, 0x9b, 0x9b, 0x95,
    0x8b, 0x19, 0x99, 0x9c, 0x1a, 0x09, 0x99, 0x91, 0x19, 0x9d, 0x9e, 0x13,
    0x0b, 0x17, 0x22, 0x1d, 0x97, 0xa0, 0x96, 0x81, 0x20, 0x8b, 0x14, 0x03,
    0x19, 0x90, 0x24, 0x97, 0x17, 0x1d, 0x0c, 0x12, 0x8f, 0x9a, 0x0b, 0x9c,
    0x02, 0x0a, 0x1a, 0x19, 0x99, 0x13, 0x05, 0x9d, 0x08, 0x1c, 0x8e, 0x84,
    0x83, 0x21, 0x92, 0x95, 0x04, 0x14, 0x9c, 0x9e, 0x10, 0x12, 0x0d, 0xa0,
    0x95, 0x91, 0x99, 0x91, 0x01, 0x00, 0x95, 0x1d, 0x98, 0x0b, 0x9a, 0x1a,
    0x0d, 0x08, 0x21, 0x8b, 0x0f, 0x98, 0x18, 0x8c, 0x99, 0x0e, 0x13, 0x04,
    0x09, 0x90, 0x98, 0x93, 0x8a, 0x16, 0x97, 0x1c, 0x98, 0x85, 0x29, 0x88,
    0x08, 0x99, 0x8c, 0x06, 0x0a, 0x11, 0x9c, 0x96, 0x9a, 0x0f, 0xa1, 0xa4,
    0x09, 0xa0, 0xa6, 0x1a, 0x92, 0x92, 0x92, 0x1b, 0x85, 0x89, 0x94, 0x86,
    0xaa, 0x14, 0x96, 0x23, 0x91, 0x0a, 0x19, 0x12, 0x02, 0xa2, 0x1c, 0x96,
    0x9b, 0x05, 0x90, 0x00, 0x94, 0xa3, 0x9e, 0xa5, 0x1a, 0x18, 0x25, 0x18,
    0x8a, 0x17, 0x07, 0x27, 0x20, 0x0c, 0x1f, 0x9c, 0x23, 0x83, 0x22, 0x9a,
    0x09, 0x93, 0x86, 0x0a, 0x02, 0x0d, 0x96, 0x9e, 0x1c, 0x9f, 0xa4, 0x9d,
    0x14, 0x12, 0x21, 0x1c, 0x96, 0x0a, 0x9b, 0xa5, 0x91, 0x85, 0x24, 0x02,
    0x81, 0x10, 0x0f, 0xa0, 0x97, 0x88, 0x03, 0x15, 0x8e, 0x22, 0x1f, 0x22,
    0x8b, 0x94, 0x15, 0x9d, 0x24, 0x9b, 0x9e, 0x01, 0xa0, 0x23, 0x9b, 0x26,
    0x09, 0x9b, 0x26, 0x00, 0x84, 0x1c, 0x91, 0xa0, 0xa0, 0x9e, 0x8d, 0x96,
    0x1e, 0x27, 0xa3, 0xa3, 0x13, 0xa0, 0x9e, 0x9e, 0x10, 0x11, 0xa4, 0x1c,
    0x1f, 0x27, 0x1e, 0x1b, 0xa3, 0x9e, 0x98, 0x13, 0x1d, 0xa0, 0x9a, 0xa3,
    0x95, 0xa6, 0x23, 0x86, 0x09, 0x21, 0x89, 0x9a, 0xab, 0x26, 0x1a, 0x29,
    0x9b, 0x98, 0x92, 0x18, 0x94, 0xa8, 0x1e, 0xa3, 0x89, 0xa3, 0x91, 0xab,
    0xa0, 0x99, 0x14, 0xaa, 0x03, 0x8c, 0x9b, 0x9c, 0x1c, 0x0d, 0x18, 0x20,
    0x11, 0x0f, 0x09, 0x1d, 0x9e, 0x92, 0xa1, 0xa6, 0x9a, 0x25, 0x28, 0x06,
    0x94, 0x02, 0x1b, 0x84, 0x9c, 0x9c, 0x99, 0x27, 0x94, 0x90, 0x81, 0x27,
    0x0c, 0x06, 0x8b, 0x24, 0x99, 0x98, 0x0b, 0x10, 0x11, 0x1c, 0x96, 0xa1,
    0xa3, 0x1a, 0x1f, 0x1c, 0x02, 0xa5, 0xa1, 0x89, 0x10, 0x9c, 0x9b, 0x06,
    0x9d, 0xa5, 0x97, 0x9b, 0x06, 0x8e, 0xa1, 0x9a, 0x1e, 0x1f, 0x27, 0x1b,
    0x08, 0x27, 0x12, 0x06, 0x1f, 0x24, 0x1b, 0x25, 0x23, 0x0c, 0xa7, 0x10,
    0x11, 0x2a, 0x21, 0x20, 0x9a, 0x92, 0x81, 0x17, 0x1a, 0xa0, 0x99, 0x9a,
    0x1f, 0x1b, 0x07, 0xa3, 0x17, 0xa6, 0x16, 0xa9, 0x93, 0x94, 0x07, 0x86,
    0x08, 0x10, 0x06, 0x02, 0xa8, 0x29, 0xa8, 0x22, 0x2a, 0xaa, 0x30, 0x2e,
    0x06, 0x30, 0xac, 0x9d, 0xb1, 0xb1, 0x10, 0x30, 0xa4, 0xb3, 0x15, 0xb1,
    0x0a, 0x29, 0x13, 0x25, 0x1b, 0xab, 0x32, 0xa6, 0xa9, 0x1c, 0xa7, 0x1b,
    0xa5, 0x1d, 0x24, 0x38, 0x1f, 0x33, 0x24, 0x33, 0x27, 0x38, 0x29, 0x20,
    0xb7, 0x9f, 0x9d, 0x2c, 0x84, 0x32, 0xa7, 0x36, 0xa3, 0x8c, 0xac, 0xab,
    0x9d, 0xab, 0x30, 0xb2, 0xab, 0xb0, 0x14, 0x9e, 0x1a, 0x10, 0xa7, 0xa9,
    0x91, 0x2d, 0x0a, 0x34, 0xa9, 0x1a, 0x1e, 0x9b, 0x02, 0xb2, 0x99, 0x20,
    0xad, 0x99, 0x31, 0xa9, 0x98, 0xb1, 0xad, 0xa6, 0x9b, 0xa8, 0x30, 0xb0,
    0xb0, 0x1e, 0xa5, 0x28, 0x1e, 0xaf, 0xb5, 0xa7, 0x89, 0x38, 0x33, 0x28,
    0x21, 0x2d, 0x22, 0x00, 0x9e, 0xa7, 0x13, 0x2c, 0xab, 0x9a, 0x20, 0x1b,
    0x23, 0x86, 0x2b, 0x28, 0x96, 0x92, 0xac, 0x28, 0x0b, 0x2e, 0xa6, 0xa4,
    0x9e, 0x0d, 0xa6, 0xb4, 0x9b, 0x98, 0x16, 0x9f, 0xa7, 0xad, 0x26, 0x23,
    0x10, 0x9e, 0x34, 0x98, 0xac, 0x2a, 0x04, 0xaa, 0x9c, 0xb4, 0xab, 0xa9,
    0xa5, 0xaf, 0xa6, 0xae, 0xb0, 0xb1, 0x9a, 0xa3, 0x13, 0x33, 0xa9, 0x30,
    0x99, 0xa4, 0x33, 0xb2, 0x92, 0x23, 0x99, 0xb2, 0x28, 0xa2, 0x9d, 0xab,
    0x9f, 0x29, 0x18, 0x98, 0x21, 0xb4, 0x92, 0x30, 0xa7, 0xad, 0xa3, 0x27,
    0x88, 0xa5, 0x21, 0x92, 0x19, 0x17, 0xb3, 0x33, 0x28, 0x33, 0x1a, 0x25,
    0x24, 0x12, 0x24, 0xb7, 0x8b, 0x30, 0xa4, 0x21, 0xb0, 0xa8, 0xa5, 0x27,
    0x85, 0x30, 0xac, 0xa1, 0x28, 0x2b, 0xad, 0xac, 0xac, 0x2b, 0xad, 0x2d,
    0x29, 0x18, 0xa6, 0xb2, 0x1d, 0xa5, 0x86, 0x2b, 0xa9, 0xb2, 0xa1, 0x0a,
    0x86, 0xa9, 0x2a, 0xa9, 0x28, 0x13, 0x25, 0xa5, 0x87, 0xb1, 0x30, 0xb3,
    0xa8, 0xb7, 0x1e, 0xa1, 0x35, 0x2f, 0x1c, 0xaa, 0x9a, 0x17, 0xa7, 0x17,
    0x06, 0x1b, 0x27, 0x81, 0x03, 0x0d, 0x10, 0x9f, 0xa2, 0x85, 0x83, 0x20,
    0x9b, 0x14, 0xa2, 0xa4, 0x0e, 0x16, 0x20, 0x25, 0x9d, 0x29, 0x99, 0x20,
    0x93, 0x21, 0x01, 0x1b, 0x93, 0x23, 0xa0, 0x2c, 0x94, 0x10, 0x9e, 0x9b,
    0x99, 0x21, 0x8b, 0xa9, 0x99, 0xa0, 0xa2, 0xa6, 0x1b, 0x0a, 0x05, 0x04,
    0x95, 0x28, 0x23, 0x24, 0x99, 0x19, 0x1f, 0x00, 0x1a, 0x98, 0x94, 0x9c,
    0x99, 0x23, 0x94, 0xa3, 0x12, 0x8d, 0xa7, 0x2a, 0x87, 0x20, 0x1f, 0x9f,
    0x99, 0xa1, 0x87, 0x1b, 0xa2, 0x1b, 0x23, 0x83, 0x16, 0x9e, 0x20, 0x9e,
    0x8d, 0x18, 0x10, 0x86, 0x11, 0x1b, 0x93, 0x91, 0xa4, 0xa2, 0x99, 0xab,
    0x16, 0x00, 0xae, 0x2b, 0x1b, 0x1e, 0x9d, 0x2b, 0x1c, 0x23, 0x23, 0x8e,
    0x99, 0x9f, 0x9b, 0xa2, 0x1a, 0x91, 0x94, 0x1d, 0x9b, 0x8f, 0x1d, 0x83,
    0x87, 0x28, 0xa2, 0x8a, 0x95, 0x23, 0xa7, 0x23, 0x9a, 0x25, 0x26, 0xa0,
    0x86, 0x1f, 0x00, 0xa5, 0x98, 0xa7, 0x94, 0x19, 0xa2, 0x16, 0x02, 0x9d,
    0x84, 0x93, 0xa9, 0x26, 0x81, 0x8e, 0x0d, 0x13, 0x9b, 0x24, 0x29, 0x95,
    0x8f, 0x9c, 0x23, 0x01, 0x12, 0x1c, 0x28, 0xa7, 0x91, 0xaa, 0x1e, 0x03,
    0x24, 0x16, 0x19, 0xa0, 0x8e, 0x9c, 0x8e, 0x07, 0x16, 0x06, 0x98, 0x29,
    0x96, 0x11, 0x09, 0x19, 0x0e, 0x1f, 0x16, 0x9a, 0x9e, 0x15, 0x29, 0x95,
    0x05, 0xab, 0x03, 0xa4, 0x89, 0xa2, 0x8c, 0x1b, 0x8d, 0x11, 0xa1, 0x9b,
    0x02, 0x22, 0xa9, 0x22, 0x1b, 0x21, 0x2a, 0x21, 0x88, 0x26, 0x9a, 0xa4,
    0x9f, 0x9d, 0x03, 0x23, 0x24, 0x17, 0xa9, 0x1e, 0x86, 0x87, 0x1c, 0x8c,
    0x9a, 0x98, 0x1b, 0x86, 0x1f, 0x9d, 0x95, 0xa3, 0xa0, 0x23, 0xaa, 0x1f,
    0x1f, 0x0f, 0x98, 0x1b, 0x85, 0x05, 0xa3, 0x99, 0xa7, 0x92, 0x12, 0x1f,
    0x82, 0x88, 0x15, 0x0f, 0x05, 0x94, 0x04, 0x89, 0x10, 0x8b, 0x1a, 0x05,
    0x9f, 0x1a, 0x87, 0xa0, 0x89, 0x1c, 0x9a, 0xa1, 0x15, 0x90, 0x08, 0x97,
    0x99, 0x18, 0x99, 0x9c, 0x18, 0x10, 0x95, 0x15, 0x17, 0x21, 0xa8, 0x1e,
    0x1b, 0x24, 0x8e, 0x1d, 0x91, 0x03, 0x91, 0x1a, 0x18, 0x19, 0x19, 0x95,
    0x08, 0x95, 0x17, 0x06, 0x15, 0x08, 0x91, 0x9b, 0x18, 0x24, 0xa6, 0x8c,
    0x1c, 0x13, 0x94, 0x1b, 0x82, 0x83, 0x15, 0x13, 0x99, 0x18, 0x91, 0x93,
    0x8a, 0x19, 0x06, 0x85, 0x01, 0x80, 0x8d, 0x84, 0x0e, 0x8c, 0x1c, 0x1f,
    0x98, 0x1f, 0x99, 0x95, 0x01, 0x1d, 0x9a, 0x25, 0x90, 0x97, 0x92, 0x98,
    0x9d, 0x9d, 0x8e, 0xa0, 0x84, 0xa2, 0x90, 0xa3, 0x1c, 0x06, 0x13, 0x23,
    0x18, 0x12, 0xa0, 0xa0, 0x85, 0x16, 0x96, 0xa0, 0x88, 0x16, 0xa1, 0xa3,
    0x83, 0x03, 0x03, 0x1a, 0x80, 0x84, 0x06, 0x1f, 0x18, 0x1c, 0x81, 0x24,
    0x15, 0x22, 0x11, 0x22, 0x91, 0x24, 0x92, 0x9e, 0x22, 0x1d, 0x09, 0xa1,
    0x16, 0x84, 0xa2, 0x86, 0x19, 0x0c, 0x26, 0x1d, 0x11, 0xa1, 0x98, 0x92,
    0x05, 0x85, 0x1e, 0x02, 0x9f, 0x9a, 0x21, 0xa0, 0x06, 0x09, 0x8e, 0x00,
    0x95, 0x98, 0x06, 0x98, 0x16, 0x16, 0x04, 0x1c, 0x92, 0x03, 0x21, 0x08,
    0x94, 0x1f, 0x03, 0x17, 0x9c, 0x20, 0x1b, 0x90, 0x0c, 0x82, 0xa1, 0xa4,
    0x93, 0x04, 0x92, 0x13, 0x05, 0x18, 0x15, 0x1a, 0x09, 0x87, 0x1b, 0x18,
    0x99, 0x14, 0x0c, 0x98, 0x20, 0x10, 0x99, 0x1f, 0x9b, 0x10, 0x92, 0x21,
    0x04, 0x87, 0x07, 0x15, 0x21, 0x8b, 0x92, 0xa1, 0x1e, 0x03, 0x9a, 0x1f,
    0x10, 0x94, 0x9a, 0x1b, 0x84, 0x9a, 0x19, 0x1b, 0x0a, 0x11, 0x13, 0x10,
    0x97, 0x15, 0x9a, 0x15, 0x10, 0x1a, 0x1c, 0x03, 0x84, 0x1c, 0x85, 0x09,
    0x98, 0x12, 0x17, 0x9e, 0x1c, 0x9f, 0x11, 0x8a, 0x1a, 0x9e, 0x99, 0x20,
    0x03, 0x18, 0x1a, 0x10, 0x91, 0x01, 0x0f, 0x9b, 0x17, 0x28, 0xa9, 0x11,
    0x91, 0xa3, 0xa0, 0xa7, 0x9c, 0x01, 0xa1, 0xa0, 0x17, 0x0a, 0x9b, 0x21,
    0x9c, 0x9b, 0x21, 0xa7, 0x93, 0x97, 0x07, 0x98, 0x13, 0xa2, 0x0e, 0x21,
    0x11, 0x18, 0x9d, 0xa0, 0x99, 0x19, 0xa8, 0x8e, 0x93, 0x19, 0x07, 0x9d,
    0x95, 0x99, 0x9e, 0x1f, 0x1e, 0x20, 0x12, 0x14, 0x21, 0x05, 0x25, 0x23,
    0xa2, 0x27, 0x07, 0x1c, 0x9d, 0x00, 0x1a, 0x8d, 0x19, 0xa4, 0x9e, 0x9f,
    0x06, 0x93, 0x9e, 0x9b, 0x86, 0x14, 0x21, 0x8c, 0x91, 0x95, 0x95, 0x24,
    0x24, 0x1e, 0x8c, 0x1d, 0x00, 0x9e, 0x28, 0x14, 0x99, 0x22, 0x1b, 0x25,
    0x1d, 0xa1, 0x21, 0x25, 0x94, 0x90, 0x17, 0x91, 0x19, 0x24, 0xa8, 0x1d,
    0x1d, 0x19, 0x0a, 0x99, 0xa4, 0x9a, 0x8f, 0x93, 0x04, 0x1c, 0x9f, 0x1a,
    0xa0, 0xa4, 0x16, 0x9f, 0x99, 0x25, 0x1d, 0x1c, 0x94, 0xa0, 0x21, 0x24,
    0x27, 0x12, 0x13, 0xa3, 0x20, 0x1d, 0xa4, 0x27, 0x89, 0x22, 0x26, 0x1e,
    0x94, 0x82, 0x1a, 0xa0, 0x98, 0x9b, 0x22, 0x17, 0x84, 0x93, 0x03, 0xac,
    0x90, 0xa9, 0xa5, 0x9a, 0x8f, 0xa8, 0xa0, 0x12, 0x25, 0x26, 0x91, 0x14,
    0xa3, 0x9a, 0x19, 0x0b, 0x16, 0x12, 0x01, 0x28, 0xa0, 0x8f, 0x28, 0x1e,
    0x91, 0x1d, 0x87, 0xa4, 0x24, 0x13, 0x9f, 0x9a, 0x18, 0x0a, 0x81, 0x1d,
    0x8c, 0x1c, 0x95, 0x21, 0x1f, 0x94, 0x8d, 0x9c, 0x85, 0x9c, 0x2b, 0x1c,
    0x8b, 0x20, 0xa1, 0x2c, 0x19, 0x91, 0x1f, 0x29, 0x88, 0xa2, 0x8e, 0xa4,
    0xa2, 0x86, 0x0c, 0x14, 0x02, 0x99, 0x9f, 0x8e, 0x01, 0x9c, 0x06, 0x1a,
    0x9c, 0x8e, 0x9d, 0x88, 0x14, 0xab, 0x28, 0x15, 0x16, 0x13, 0x04, 0x25,
    0x12, 0xa5, 0x17, 0x29, 0xa7, 0x9c, 0xa0, 0xa6, 0x13, 0x19, 0x9c, 0x1d,
    0x06, 0x13, 0x19, 0x82, 0x1a, 0x9e, 0x07, 0x0a, 0xa4, 0x09, 0x21, 0x15,
    0x88, 0x91, 0x15, 0x91, 0x85, 0x19, 0x05, 0x9f, 0x94, 0x1d, 0x0c, 0x21,
    0x15, 0x1e, 0x95, 0x0e, 0x94, 0x90, 0x95, 0x99, 0x9d, 0x18, 0xa2, 0x98,
    0x1c, 0x12, 0x9d, 0x28, 0x19, 0x22, 0x9b, 0x89, 0x05, 0x12, 0x9d, 0x1c,
    0x0e, 0x99, 0x22, 0x09, 0x84, 0x99, 0xa3, 0x9d, 0x09, 0x9e, 0x08, 0x92,
    0x92, 0x09, 0x1d, 0x87, 0x00, 0x14, 0x9a, 0x03, 0x01, 0x22, 0x0d, 0x9b,
    0x0b, 0x13, 0x92, 0x08, 0x89, 0x1f, 0x9e, 0x1b, 0x1a, 0x8e, 0x8b, 0x13,
    0x97, 0x06, 0xa1, 0x9f, 0x15, 0x96, 0x19, 0x0c, 0xa9, 0x1d, 0xa5, 0x96,
    0x15, 0x87, 0x08, 0x26, 0x98, 0x95, 0x04, 0x01, 0x1f, 0x24, 0xa0, 0x9e,
    0x14, 0x1b, 0x90, 0x91, 0x00, 0x01, 0x9d, 0x14, 0xa1, 0x8c, 0x0a, 0x98,
    0x19, 0xa2, 0x8c, 0x21, 0x8a, 0x00, 0x12, 0x83, 0x8c, 0x93, 0x16, 0x95,
    0x91, 0x12, 0x9b, 0x91, 0x1c, 0x17, 0x98, 0x08, 0x9e, 0x85, 0x06, 0x0a,
    0x89, 0x15, 0x10, 0x93, 0x15, 0x1b, 0x13, 0x18, 0x26, 0x0f, 0x9b, 0x9c,
    0x1b, 0x9a, 0x1e, 0xa1, 0x09, 0x1c, 0x9a, 0x17, 0x02, 0x98, 0x11, 0x12,
    0x22, 0x1e, 0x1d, 0x8e, 0x94, 0x8a, 0x16, 0x98, 0x90, 0x1e, 0x01, 0x01,
    0x99, 0x89, 0x17, 0x20, 0x0d, 0x1a, 0x9c, 0x95, 0x95, 0x91, 0x0e, 0x92,
    0x94, 0x89, 0x1a, 0x93, 0x0e, 0x81, 0x1a, 0x1b, 0x97, 0x1a, 0x0c, 0x16,
    0x82, 0x1a, 0x14, 0x17, 0x0d, 0x84, 0x9b, 0x16, 0x96, 0x21, 0x21, 0x19,
    0x19, 0x03, 0x9a, 0xa1, 0x82, 0x0c, 0x8a, 0x22, 0x09, 0x0e, 0x92, 0x07,
    0x10, 0x85, 0x11, 0x18, 0x20, 0x13, 0x12, 0x85, 0xa2, 0x0e, 0x9c, 0x9a,
    0x07, 0x83, 0x9b, 0x92, 0x8a, 0x12, 0x09, 0x1d, 0x99, 0x1f, 0x96, 0x8f,
    0xa3, 0x94, 0xa3, 0x84, 0x0b, 0x1d, 0xa7, 0x27, 0x06, 0x9e, 0x28, 0x30,
    0x1e, 0xa2, 0x04, 0x23, 0x2a, 0x23, 0x24, 0xa6, 0xb1, 0x29, 0x0e, 0x27,
    0xa4, 0x84, 0x99, 0x14, 0x10, 0x28, 0xa5, 0x90, 0x2a, 0x0e, 0x2c, 0x29,
    0x23, 0x20, 0x9a, 0x9e, 0xa2, 0x97, 0x22, 0x98, 0x28, 0x13, 0x99, 0xac,
    0x25, 0xa3, 0x22, 0x99, 0x99, 0x9a, 0x98, 0x28, 0x0f, 0x9c, 0x18, 0x2d,
    0xa0, 0xa5, 0x12, 0x85, 0x22, 0xad, 0x1f, 0x9e, 0x81, 0xa8, 0x9c, 0x04,
    0x9c, 0x9b, 0x0e, 0x22, 0xab, 0xa2, 0x96, 0x9c, 0xa8, 0xa4, 0x23, 0x9b,
    0x90, 0xa3, 0x1a, 0x20, 0x23, 0xa6, 0x96, 0xa7, 0x2d, 0xaa, 0x23, 0x9c,
    0x19, 0xad, 0x23, 0x21, 0x9e, 0xa4, 0x1a, 0x9c, 0x23, 0xa8, 0x2f, 0xa8,
    0x28, 0x2c, 0x1c, 0x2d, 0x18, 0xa3, 0xaa, 0x15, 0x99, 0x20, 0x28, 0x11,
    0xa4, 0xa7, 0x24, 0x9b, 0x1e, 0xa6, 0xaa, 0x1f, 0x1d, 0x1d, 0x28, 0x1c,
    0x18, 0x23, 0x9e, 0x25, 0x97, 0x9f, 0x21, 0x98, 0x1c, 0x1d, 0x9f, 0xa9,
    0x2c, 0x1e, 0x02, 0xa0, 0xa6, 0x8d, 0x11, 0x27, 0xa8, 0x85, 0xa0, 0x2f,
    0x2b, 0x99, 0x2b, 0x29, 0x8c, 0x9f, 0xaa, 0x2c, 0xa1, 0x28, 0xa9, 0x98,
    0x0d, 0x2c, 0x1f, 0x2a, 0xa3, 0x9b, 0x29, 0x23, 0x25, 0xa8, 0xa9, 0xa0,
    0x16, 0x29, 0x26, 0x18, 0x06, 0x04, 0x8f, 0x22, 0x24, 0x20, 0x1f, 0xae,
    0x17, 0x9e, 0x09, 0x98, 0xa1, 0xa7, 0x96, 0x95, 0x2b, 0x16, 0x9c, 0x29,
    0x28, 0x29, 0x99, 0xa1, 0x28, 0x9b, 0x2a, 0x27, 0x02, 0x86, 0x83, 0x0e,
    0xa8, 0x1c, 0x2a, 0xa3, 0x2a, 0x28, 0xab, 0xa9, 0x9e, 0xa2, 0xa9, 0x23,
    0xaa, 0x25, 0xac, 0x9a, 0x8a, 0x18, 0x28, 0x23, 0x98, 0xa7, 0x22, 0x25,
    0x1c, 0x23, 0x26, 0xa7, 0x1e, 0x22, 0xa0, 0xa8, 0xa5, 0x20, 0x20, 0x1b,
    0x0a, 0xa2, 0x21, 0x9c, 0xa2, 0x1a, 0x99, 0xa3, 0x1c, 0x1a, 0x17, 0x1e,
    0x8d, 0x99, 0x9a, 0x27, 0x9f, 0x1b, 0xa4, 0x29, 0x22, 0x21, 0xa8, 0xa7,
    0x20, 0x9e, 0xa6, 0x23, 0x02, 0xa2, 0x88, 0xab, 0x9b, 0xa1, 0x07, 0x12,
    0xa1, 0x9c, 0x15, 0x1a, 0x8b, 0x19, 0x24, 0x9c, 0xa3, 0x2a, 0x1d, 0x29,
    0xa0, 0x21, 0x9a, 0x1f, 0xa3, 0x14, 0x8c, 0x26, 0x1c, 0x07, 0x9b, 0x9a,
    0xa0, 0x99, 0xa0, 0x25, 0xa6, 0x1f, 0x2d, 0xa6, 0xa3, 0x9b, 0x90, 0xaa,
    0x99, 0xa1, 0x9e, 0x97, 0xa4, 0x25, 0x23, 0x9f, 0x23, 0x84, 0x12, 0x22,
    0x87, 0x92, 0x9e, 0x1f, 0xa6, 0x9c, 0x16, 0xad, 0x24, 0x1a, 0x1f, 0xa2,
    0xa1, 0xa4, 0x94, 0x02, 0xa1, 0x10, 0x19, 0x1c, 0x90, 0xa2, 0x11, 0x15,
    0xac, 0xa6, 0xa1, 0x03, 0x1f, 0x12, 0x17, 0xa6, 0x1d, 0x87, 0x03, 0xa9,
    0x1e, 0x2c, 0xa7, 0xa3, 0x29, 0xa6, 0xa7, 0x21, 0xa4, 0x24, 0x20, 0x09,
    0x84, 0x23, 0x24, 0x90, 0xa1, 0x9a, 0x1e, 0x98, 0x1f, 0xa1, 0x28, 0x86,
    0x9e, 0xa1, 0x10, 0x9c, 0xa8, 0x30, 0x9e, 0x20, 0x82, 0x2c, 0x21, 0x88,
    0x1d, 0x1e, 0x93, 0xa8, 0x2e, 0x27, 0x20, 0x1e, 0x92, 0x0d, 0x8d, 0x91,
    0xa6, 0x2b, 0xa4, 0x16, 0x97, 0x1f, 0x22, 0x9e, 0xa8, 0x85, 0x19, 0xa0,
    0x12, 0xa4, 0x1a, 0x22, 0x16, 0x2d, 0xa4, 0x1c, 0x29, 0x2f, 0xaa, 0x2c,
    0x1c, 0x99, 0xa8, 0x08, 0xaa, 0xa4, 0x10, 0x2b, 0xaa, 0x2c, 0xab, 0x0f,
    0x23, 0x25, 0xa5, 0x0d, 0x19, 0xab, 0xa9, 0x2b, 0x2a, 0xa1, 0x29, 0x2a,
    0x2b, 0x10, 0x91, 0xa8, 0x11, 0xa9, 0x28, 0x10, 0x27, 0x21, 0x23, 0x2b,
    0x02, 0x05, 0x9e, 0x0a, 0x1d, 0x93, 0x19, 0x89, 0x2c, 0x24, 0x24, 0x25,
    0xa0, 0xa8, 0x27, 0x1b, 0x27, 0x12, 0x1a, 0x90, 0x27, 0x9d, 0x1e, 0x8a,
    0xa7, 0x24, 0x21, 0x1f, 0x29, 0xa4, 0x9a, 0xa1, 0x1c, 0x25, 0x9c, 0x9b,
    0x88, 0x9f, 0x9c, 0x18, 0x11, 0x2a, 0x20, 0x9d, 0x87, 0x1d, 0xa3, 0x22,
    0x21, 0x8c, 0xa9, 0x9a, 0x9d, 0xa1, 0x27, 0x12, 0x21, 0x9f, 0x27, 0x2c,
    0xa6, 0x92, 0x21, 0x00, 0xa9, 0xa9, 0x11, 0x9a, 0x9b, 0xa0, 0x1c, 0x19,
    0x8a, 0xa9, 0xa6, 0x18, 0x83, 0xa1, 0x21, 0x08, 0xa7, 0x83, 0x1c, 0x16,
    0x22, 0x12, 0x94, 0x21, 0xa6, 0x20, 0x9a, 0x86, 0x0b, 0x8f, 0xa8, 0x98,
    0xa0, 0x9e, 0xaa, 0x89, 0x03, 0x16, 0x14, 0x1b, 0x26, 0x20, 0x29, 0x93,
    0x25, 0x23, 0xa7, 0x16, 0x05, 0x2a, 0x9b, 0x97, 0xa2, 0x24, 0x9f, 0xa5,
    0xa0, 0x26, 0x11, 0x10, 0xa5, 0x23, 0x01, 0x24, 0x9a, 0x20, 0xa3, 0x84,
    0xa0, 0xa4, 0xa4, 0xa2, 0x9f, 0x18, 0x8b, 0x29, 0xad, 0x27, 0x89, 0xaa,
    0x13, 0x21, 0x19, 0xa5, 0x2a, 0x1f, 0x03, 0x26, 0x08, 0x20, 0x21, 0x1c,
    0xa6, 0x26, 0x2a, 0x9e, 0x98, 0x19, 0x98, 0x29, 0x20, 0x86, 0x08, 0x10,
    0x0e, 0xa6, 0x12, 0x97, 0x0d, 0x1f, 0x88, 0x0c, 0x98, 0x83, 0x9c, 0x0a,
    0x87, 0x99, 0x17, 0x82, 0x9a, 0x2b, 0x09, 0x06, 0x88, 0x9a, 0x25, 0xa2,
    0x16, 0xb0, 0x22, 0x09, 0x24, 0xab, 0xa6, 0x15, 0xa7, 0x9e, 0xa6, 0x0c,
    0x19, 0x9d, 0x2b, 0x9c, 0x1d, 0x20, 0x26, 0xad, 0x9c, 0xa8, 0x10, 0x1c,
    0x25, 0x9b, 0x2a, 0x1d, 0xa2, 0x26, 0x9b, 0x24, 0x18, 0x23, 0x22, 0xa8,
    0x88, 0x18, 0xa8, 0x9a, 0x26, 0x1f, 0x92, 0x91, 0x92, 0xa2, 0x8c, 0x19,
    0x1f, 0xa2, 0x20, 0x24, 0x1d, 0x9f, 0x98, 0x18, 0x96, 0x99, 0x29, 0x19,
    0x18, 0x19, 0xa1, 0xa9, 0xa4, 0x2b, 0xb0, 0x19, 0xa2, 0xa8, 0x26, 0x17,
    0x26, 0x1a, 0xa9, 0x99, 0x1e, 0x2c, 0x2c, 0x04, 0x97, 0x19, 0x1a, 0xa3,
    0x98, 0x14, 0xa7, 0x25, 0xa8, 0x19, 0x07, 0xab, 0x2a, 0x9a, 0x06, 0x1c,
    0x82, 0x9b, 0x1f, 0x84, 0x9b, 0x84, 0x97, 0x87, 0x10, 0x20, 0x06, 0x89,
    0x13, 0x98, 0x88, 0x94, 0x0e, 0x89, 0x96, 0x8a, 0x9a, 0x05, 0x9a, 0x98,
    0x81, 0xa0, 0x8c, 0x14, 0x99, 0x14, 0x20, 0x90, 0x2e, 0x84, 0x99, 0x0f,
    0xa7, 0x27, 0x13, 0x0b, 0xaf, 0x23, 0x21, 0x0c, 0x26, 0x28, 0xa4, 0x93,
    0x1e, 0x1f, 0xa7, 0x24, 0x89, 0xa0, 0x06, 0x82, 0xa1, 0x23, 0xa8, 0x9d,
    0xa2, 0x23, 0x91, 0x9e, 0x1e, 0x21, 0x9c, 0x10, 0x23, 0xa1, 0x2a, 0xa1,
    0x21, 0x0a, 0x95, 0x26, 0xaa, 0x91, 0x19, 0xa5, 0x9d, 0x23, 0xa4, 0x97,
    0x2a, 0x9e, 0xa0, 0x9b, 0x17, 0x05, 0xa2, 0x28, 0xa9, 0xab, 0x96, 0x15,
    0x9f, 0xaa, 0x19, 0xa7, 0xab, 0x20, 0x8f, 0x98, 0x1e, 0xa9, 0xa7, 0x22,
    0xa5, 0xa4, 0x2b, 0xa8, 0xa8, 0x28, 0x9e, 0x1a, 0x23, 0xa8, 0xa3, 0x9c,
    0xa8, 0x2c, 0x97, 0xa1, 0x11, 0x1b, 0x25, 0x15, 0x05, 0x98, 0xa0, 0x28,
    0x97, 0x04, 0xa2, 0x93, 0x25, 0x1c, 0x27, 0x1f, 0xa8, 0x19, 0xac, 0xa1,
    0xa9, 0x0a, 0x29, 0xa2, 0x25, 0x12, 0x23, 0x2c, 0x22, 0x27, 0x03, 0x18,
    0x12, 0x0c, 0xa5, 0xa2, 0x9e, 0x2c, 0x2a, 0x15, 0x23, 0x94, 0x9b, 0x85,
    0x8f, 0x92, 0x87, 0x22, 0x25, 0xaf, 0x93, 0x98, 0x9a, 0x8f, 0x04, 0x1c,
    0x8a, 0x90, 0xa9, 0xa6, 0xa6, 0x9e, 0x89, 0x18, 0x9e, 0x24, 0x24, 0x29,
    0x15, 0x84, 0x8a, 0x19, 0xa3, 0x18, 0x97, 0xa4, 0x92, 0xa2, 0x0e, 0x25,
    0x0c, 0x08, 0x10, 0x9a, 0x1a, 0x1b, 0x1e, 0x95, 0x04, 0x23, 0x96, 0x19,
    0x1e, 0x9d, 0x82, 0x1e, 0x87, 0x0b, 0xa9, 0x87, 0x01, 0xa9, 0x85, 0x0c,
    0x17, 0x21, 0x1a, 0xad, 0x94, 0x25, 0x26, 0x2b, 0xa6, 0x06, 0xa7, 0xa8,
    0x22, 0x21, 0x21, 0x23, 0x1f, 0xa0, 0x23, 0xa9, 0x1b, 0x94, 0x22, 0xa0,
    0x24, 0x98, 0x1a, 0x23, 0x08, 0x19, 0x11, 0x0e, 0x9a, 0x0c, 0x9f, 0x87,
    0x1b, 0x84, 0x02, 0x1a, 0x87, 0x20, 0x1a, 0x8d, 0x89, 0x0e, 0x86, 0xa1,
    0x87, 0x92, 0x8e, 0x93, 0x03, 0x03, 0x8c, 0x84, 0x09, 0xa1, 0x0a, 0x85,
    0x9b, 0x9a, 0x19, 0x00, 0x90, 0x11, 0x04, 0x85, 0x9b, 0x95, 0x86, 0x98,
    0x8e, 0x92, 0x9e, 0x9b, 0x91, 0x01, 0x97, 0x1b, 0xa2, 0x14, 0x11, 0x10,
    0x97, 0x99, 0x10, 0x95, 0x18, 0x0b, 0x21, 0x15, 0x1d, 0x90, 0x9f, 0x15,
    0x19, 0x06, 0x83, 0x12, 0x87, 0x92, 0x98, 0x04, 0x14, 0x96, 0x95, 0x99,
    0x09, 0x21, 0x21, 0xa2, 0x9a, 0x88, 0x03, 0x95, 0x22, 0x15, 0x16, 0x07,
    0x92, 0x0e, 0x1b, 0x88, 0x90, 0x81, 0x99, 0x19, 0x8c, 0x17, 0x02, 0x0c,
    0x96, 0x9c, 0x85, 0x8f, 0x96, 0x95, 0x1c, 0x1c, 0x18, 0x0a, 0x0d, 0x9e,
    0x93, 0x02, 0x95, 0x9d, 0x10, 0x00, 0x04, 0x92, 0x07, 0x0a, 0x8e, 0x98,
    0x1a, 0x10, 0x99, 0x11, 0x20, 0x20, 0x82, 0x10, 0x07, 0x8a, 0x94, 0x1c,
    0x89, 0x89, 0x94, 0x81, 0x0b, 0x15, 0x24, 0x98, 0x91, 0x9b, 0x8e, 0x8a,
    0x05, 0x05, 0x9d, 0x89, 0x9f, 0x93, 0x1e, 0x82, 0x21, 0x90, 0x12, 0xa0,
    0xa2, 0x02, 0x9c, 0x9c, 0x9a, 0x82, 0x0a, 0x98, 0x17, 0x9c, 0x95, 0xa1,
    0x04, 0x9c, 0x02, 0x10, 0xa6, 0x06, 0x9a, 0x21, 0x98, 0x1d, 0x16, 0x0b,
    0x89, 0x91, 0x9e, 0x1e, 0x88, 0x1b, 0x87, 0x9a, 0x14, 0x05, 0x0d, 0x93,
    0x0d, 0x82, 0x07, 0x19, 0x00, 0x83, 0x03, 0x8d, 0x1b, 0x07, 0x9c, 0x8a,
    0x12, 0x1f, 0x1a, 0x1b, 0x18, 0x99, 0x11, 0x9b, 0x1e, 0x11, 0x14, 0x07,
    0x82, 0x0d, 0x1a, 0x1c, 0x0e, 0x85, 0x18, 0x8f, 0x12, 0x00, 0x06, 0x18,
    0x8a, 0x9e, 0x87, 0x08, 0x95, 0x84, 0x93, 0x14, 0x1e, 0x1b, 0x04, 0x21,
    0x14, 0x00, 0x10, 0x97, 0x16, 0x0e, 0x12, 0x08, 0x92, 0x8a, 0x19, 0x1e,
    0xa5, 0x9a, 0xa5, 0x9a, 0x82, 0x1c, 0x04, 0x21, 0x24, 0x16, 0x85, 0xaa,
    0x0a, 0xa7, 0xad, 0xa6, 0x9a, 0x13, 0x1b, 0x99, 0x9a, 0x22, 0x98, 0x8f,
    0x81, 0xa2, 0x9c, 0x1f, 0xa4, 0x9f, 0x87, 0x8d, 0x9a, 0xa0, 0xa4, 0xa1,
    0x11, 0x9b, 0x97, 0x94, 0x96, 0xa2, 0x26, 0xa7, 0xa1, 0x90, 0x21, 0x99,
    0x99, 0x21, 0x1e, 0x12, 0x1b, 0x89, 0x25, 0x9b, 0x0e, 0x1c, 0x2c, 0x25,
    0x26, 0x20, 0x13, 0x23, 0xa1, 0x1c, 0x86, 0x1e, 0x86, 0xa8, 0x96, 0x2a,
    0x9e, 0xa4, 0xaa, 0x96, 0x95, 0x27, 0x17, 0x99, 0xa2, 0x12, 0x28, 0x89,
    0x12, 0x0d, 0x98, 0x18, 0x94, 0x18, 0x02, 0x0c, 0x18, 0x20, 0x8e, 0x1f,
    0x82, 0x91, 0xa2, 0x95, 0x16, 0x99, 0x02, 0x04, 0x95, 0x13, 0x22, 0x19,
    0x0a, 0x98, 0x1a, 0x99, 0x99, 0x9b, 0x9b, 0x94, 0x90, 0x9c, 0x9c, 0x96,
    0x8e, 0x9a, 0x9a, 0x9c, 0x27, 0x92, 0x11, 0x1c, 0x23, 0x28, 0x14, 0x13,
    0x92, 0x8f, 0x24, 0x07, 0x86, 0x0b, 0xa8, 0x21, 0x1f, 0x10, 0x25, 0xa6,
    0x1b, 0x16, 0x23, 0x91, 0x12, 0x1f, 0x9f, 0x1c, 0x98, 0x9e, 0x9b, 0x1e,
    0x11, 0x23, 0x84, 0x15, 0x90, 0x1f, 0x19, 0x20, 0x82, 0xa0, 0x15, 0x97,
    0x8f, 0x9b, 0x23, 0xa7, 0xab, 0x85, 0x98, 0x1e, 0x15, 0x94, 0x8f, 0x21,
    0x9b, 0x8d, 0x96, 0x07, 0x81, 0x01, 0x89, 0x23, 0x11, 0x1c, 0x91, 0x22,
    0x1d, 0x9e, 0x08, 0x8b, 0x03, 0x9c, 0x0f, 0x21, 0x99, 0x24, 0x9a, 0x98,
    0x21, 0x26, 0x16, 0xa4, 0xa6, 0x24, 0x20, 0x95, 0x97, 0x24, 0x20, 0x9f,
    0x24, 0x81, 0x1b, 0x8e, 0x1c, 0x21, 0x29, 0x82, 0x91, 0xa6, 0x27, 0x16,
    0x8f, 0x13, 0x99, 0x9a, 0x1f, 0x01, 0xa5, 0x1d, 0x22, 0x85, 0x9c, 0x18,
    0x97, 0x24, 0x9a, 0x1c, 0x03, 0x19, 0x16, 0x1d, 0x99, 0xa2, 0x9c, 0x1e,
    0xa0, 0x98, 0x96, 0x8b, 0x98, 0x09, 0xa1, 0x1d, 0x1c, 0x10, 0x00, 0x8d,
    0x1a, 0x1a, 0x24, 0x99, 0x8e, 0x83, 0x9a, 0x9d, 0x1c, 0x88, 0x16, 0x14,
    0x82, 0x95, 0x98, 0x86, 0x05, 0x91, 0x0a, 0x13, 0xa2, 0x93, 0x08, 0x85,
    0x01, 0x0b, 0x96, 0x82, 0x1f, 0x8b, 0x85, 0x82, 0x90, 0x05, 0x11, 0x93,
    0x0e, 0x93, 0xa0, 0x18, 0x8d, 0x11, 0x9f, 0x91, 0x82, 0x92, 0x25, 0x99,
    0x1d, 0x0d, 0x26, 0x1c, 0x07, 0x86, 0x88, 0x10, 0x96, 0x11, 0x16, 0x1e,
    0x04, 0x04, 0x01, 0x9b, 0x10, 0x09, 0x93, 0x8c, 0x91, 0x12, 0x1c, 0x0d,
    0x9a, 0x8e, 0x21, 0x93, 0x95, 0x15, 0x1d, 0x02, 0x1c, 0x19, 0x10, 0x81,
    0x19, 0x1a, 0x18, 0x0a, 0x9f, 0x86, 0x84, 0x9e, 0x8f, 0x94, 0x03, 0x0c,
    0x83, 0x9c, 0x16, 0x00, 0x83, 0x93, 0x8c, 0x9a, 0x98, 0x9a, 0x86, 0x9a,
    0x8b, 0x8f, 0x98, 0x86, 0x07, 0x8e, 0x9d, 0x85, 0x0e, 0x0c, 0x02, 0x84,
    0x0a, 0x14, 0x8f, 0x92, 0x02, 0x07, 0x93, 0x14, 0x99, 0x91, 0x95, 0x1b,
    0x0a, 0x13, 0x21, 0xa2, 0x14, 0x13, 0x1a, 0x13, 0x90, 0x0d, 0x93, 0x05,
    0xa7, 0x03, 0x98, 0x1b, 0x08, 0x11, 0x22, 0x9c, 0x91, 0x0d, 0x15, 0x88,
    0x0d, 0x9a, 0x21, 0x91, 0x92, 0x10, 0x96, 0x9f, 0x88, 0x98, 0x13, 0x17,
    0x90, 0x84, 0x9c, 0x18, 0x1d, 0x0d, 0x22, 0x1a, 0x8b, 0x97, 0x9a, 0x00,
    0x96, 0x15, 0x00, 0x8e, 0x0d, 0x02, 0x89, 0x9a, 0x86, 0x9b, 0x91, 0x1a,
    0x06, 0x94, 0x11, 0x8a, 0x19, 0x17, 0x8a, 0x9a, 0x98, 0x1c, 0x1d, 0x19,
    0x94, 0x9a, 0x16, 0x9b, 0x0c, 0x19, 0x17, 0x19, 0x11, 0x18, 0x22, 0x1b,
    0x07, 0x16, 0x0d, 0x92, 0x99, 0x99, 0x0b, 0x1a, 0x06, 0x97, 0xa0, 0x0b,
    0x99, 0x12, 0x8b, 0x0e, 0x8c, 0x1b, 0x90, 0x1b, 0x95, 0x11, 0x19, 0x9b,
    0x1b, 0x89, 0x1c, 0x8a, 0x9e, 0x18, 0xa7, 0x19, 0x1c, 0x98, 0xa4, 0x8b,
    0x13, 0xa0, 0xa7, 0x1e, 0x1e, 0x26, 0xa3, 0x92, 0x98, 0x17, 0x1f, 0x9d,
    0x9b, 0x1e, 0x0a, 0xa6, 0x86, 0x88, 0x95, 0xa0, 0x0c, 0xaa, 0x14, 0x86,
    0xa3, 0xa8, 0x04, 0x1f, 0x9c, 0x26, 0x89, 0x20, 0x94, 0xa2, 0x12, 0x98,
    0xa3, 0x96, 0x07, 0x9f, 0x21, 0x26, 0x86, 0x22, 0xa9, 0x9d, 0xa4, 0xa3,
    0xa2, 0xa5, 0x92, 0x1a, 0x1e, 0xa6, 0x1c, 0x1e, 0x29, 0x1d, 0x12, 0x91,
    0x13, 0x19, 0x9f, 0x12, 0x90, 0x99, 0x16, 0x94, 0x22, 0x84, 0x97, 0x1b,
    0x1b, 0x28, 0x18, 0xa5, 0xa2, 0x99, 0x0b, 0x9b, 0x25, 0x1c, 0x20, 0x19,
    0x97, 0x1c, 0x24, 0x1c, 0x00, 0xa2, 0x98, 0x13, 0x92, 0x90, 0x11, 0xa3,
    0x85, 0x82, 0x9c, 0x14, 0x07, 0x9b, 0x1c, 0x27, 0x21, 0x03, 0x18, 0x81,
    0x20, 0x9e, 0x03, 0x8b, 0x14, 0x8d, 0x8c, 0x97, 0x94, 0x1c, 0x82, 0x82,
    0x20, 0xa2, 0xa1, 0x20, 0x21, 0x0e, 0x8a, 0x23, 0x95, 0x9d, 0x19, 0x9e,
    0x03, 0x02, 0xac, 0x07, 0x94, 0x25, 0x20, 0x01, 0x10, 0x9f, 0x19, 0x23,
    0x20, 0x15, 0x9e, 0x21, 0xa8, 0x9c, 0x0f, 0x03, 0x24, 0x86, 0x81, 0xa6,
    0x9a, 0x11, 0xa4, 0x89, 0x9b, 0x1a, 0x0a, 0x0e, 0x1e, 0x9e, 0x86, 0x07,
    0xa2, 0x8b, 0x1b, 0x09, 0xa1, 0x1b, 0xa8, 0x9b, 0xa4, 0x1b, 0x21, 0x21,
    0x99, 0x1d, 0xa2, 0x15, 0x26, 0x20, 0x9c, 0x0e, 0x22, 0x0d, 0x17, 0x88,
    0x0d, 0x0e, 0x1a, 0x19, 0x86, 0x22, 0x8a, 0x96, 0x20, 0x17, 0xa4, 0x1f,
    0x13, 0x24, 0x0a, 0x1c, 0x1e, 0xa9, 0x8f, 0x97, 0x86, 0x16, 0xa1, 0x15,
    0x20, 0x15, 0x11, 0x1f, 0x86, 0x26, 0x25, 0x25, 0x21, 0x1c, 0xa7, 0x21,
    0x20, 0x8a, 0x95, 0x20, 0x19, 0x91, 0x1d, 0x21, 0x20, 0x9a, 0x95, 0x22,
    0x0c, 0x92, 0x14, 0xa4, 0x21, 0x21, 0x89, 0x19, 0x2f, 0xa2, 0xac, 0x24,
    0x11, 0x25, 0x2b, 0x94, 0x8c, 0x2e, 0xae, 0x27, 0x21, 0x17, 0xa6, 0x20,
    0x2c, 0xa1, 0x26, 0x32, 0x89, 0x9b, 0x0b, 0x98, 0x1f, 0x2c, 0xb4, 0xac,
    0xb0, 0xb5, 0xab, 0x2c, 0x32, 0x29, 0x22, 0xa9, 0x99, 0x9f, 0x30, 0x25,
    0x8a, 0x08, 0x97, 0xa6, 0x27, 0xb1, 0xa6, 0x27, 0x83, 0xa2, 0x29, 0x10,
    0x17, 0x92, 0x2c, 0xaa, 0x19, 0xac, 0x1e, 0x06, 0x2d, 0x29, 0x20, 0x32,
    0x22, 0xa3, 0x24, 0xaf, 0xa6, 0x11, 0x95, 0x96, 0xa3, 0x96, 0x29, 0x29,
    0x2e, 0xb2, 0x2d, 0xb2, 0x1c, 0xaa, 0x8d, 0x27, 0xa5, 0x12, 0x9a, 0x13,
    0x00, 0x2f, 0x2a, 0xac, 0xa1, 0xa9, 0x29, 0x8e, 0x32, 0x95, 0xb0, 0x32,
    0x9c, 0xac, 0xb4, 0x84, 0x95, 0x84, 0x9f, 0x93, 0x34, 0x14, 0x9f, 0x2a,
    0x28, 0xa1, 0x3b, 0x96, 0x96, 0xaa, 0xa8, 0xa1, 0x99, 0xa8, 0xa9, 0x99,
    0x2e, 0x17, 0x9d, 0x00, 0x2a, 0xb2, 0x1f, 0x28, 0x20, 0x23, 0xa3, 0x29,
    0x15, 0x33, 0x24, 0xa4, 0xb1, 0xb2, 0xa5, 0x2b, 0x98, 0xad, 0x84, 0xac,
    0x20, 0xb0, 0xae, 0x2e, 0x16, 0x18, 0xa7, 0x1e, 0x83, 0x2d, 0xa9, 0xae,
    0x2b, 0x9d, 0xac, 0xae, 0x20, 0x31, 0xa7, 0x18, 0x1a, 0xad, 0xac, 0xa5,
    0xac, 0x1e, 0xa8, 0xaa, 0x1d, 0x1e, 0x2e, 0x26, 0x26, 0xaf, 0x07, 0x29,
    0xab, 0x2b, 0x18, 0x9a, 0x23, 0xb0, 0x90, 0x89, 0x1b, 0xa9, 0xab, 0x2f,
    0x18, 0xae, 0x0c, 0xab, 0x21, 0xb1, 0x2b, 0x2d, 0xa9, 0x2c, 0xaf, 0xab,
    0xa8, 0x25, 0x27, 0x28, 0xa2, 0xa8, 0x04, 0xa5, 0xa2, 0x21, 0x24, 0xa5,
    0x91, 0xaa, 0x90, 0xb7, 0xb1, 0xab, 0x21, 0x2c, 0x08, 0x17, 0x1c, 0x2e,
    0x15, 0x02, 0xab, 0x26, 0x98, 0xa4, 0x30, 0xa9, 0x05, 0x21, 0x23, 0x34,
    0x83, 0x28, 0xac, 0x38, 0x01, 0xa9, 0x1e, 0x30, 0xb2, 0xa7, 0x95, 0x9a,
    0xa3, 0x90, 0xaf, 0x86, 0x15, 0x1e, 0x9c, 0x12, 0x21, 0x8a, 0xa7, 0x9c,
    0x1a, 0x92, 0x21, 0x95, 0x86, 0x0a, 0x09, 0x1d, 0x07, 0x20, 0x97, 0xa6,
    0x06, 0x9c, 0x01, 0x99, 0x85, 0xab, 0x9b, 0x9a, 0xa7, 0xaa, 0x9a, 0x1f,
    0x99, 0x12, 0x9c, 0x16, 0x23, 0x9b, 0x0b, 0x89, 0x03, 0x1f, 0x29, 0xa8,
    0x20, 0x19, 0xa2, 0x17, 0x13, 0x9b, 0x9b, 0x00, 0x92, 0x19, 0x13, 0x99,
    0xa6, 0xac, 0x13, 0x23, 0x25, 0x26, 0x8f, 0xa2, 0x9b, 0x1e, 0x16, 0x05,
    0x93, 0x1a, 0x06, 0x8c, 0x03, 0xa6, 0x21, 0x14, 0x10, 0x23, 0x20, 0x9e,
    0x9d, 0x1a, 0x1b, 0x11, 0x96, 0x1a, 0x20, 0x1b, 0x07, 0x22, 0x0f, 0x19,
    0x13, 0x16, 0x09, 0x0b, 0x93, 0x97, 0x18, 0xa1, 0x09, 0x9c, 0x07, 0x28,
    0x94, 0x0f, 0xa3, 0x21, 0x1e, 0x98, 0x1b, 0x97, 0x86, 0x99, 0x9e, 0x8e,
    0x15, 0x9e, 0xa5, 0x10, 0x81, 0x01, 0x8a, 0x13, 0x19, 0xa0, 0x10, 0x20,
    0x02, 0x8f, 0x9c, 0x1c, 0x92, 0x90, 0x90, 0x93, 0x9f, 0x9e, 0xa5, 0x1c,
    0x27, 0x20, 0x25, 0x9e, 0x1a, 0x1b, 0x00, 0x16, 0x96, 0x27, 0x9f, 0x9a,
    0xa9, 0x92, 0xa2, 0x17, 0x29, 0x92, 0x92, 0xa7, 0x96, 0x17, 0x9f, 0x9f,
    0x0a, 0x9d, 0x95, 0x81, 0x1f, 0x20, 0x9a, 0xaa, 0x05, 0xa4, 0x1c, 0x08,
    0x00, 0x8f, 0xa9, 0x1a, 0x12, 0xa3, 0x23, 0x21, 0x85, 0x1d, 0x9b, 0xa4,
    0x1b, 0x8c, 0x9d, 0x24, 0x21, 0x82, 0x1d, 0x97, 0x91, 0x9e, 0x1a, 0x18,
    0x1d, 0x20, 0x9b, 0x94, 0x25, 0x25, 0xa5, 0x1e, 0x8a, 0x24, 0x25, 0x95,
    0x90, 0x9f, 0x8c, 0x8e, 0x89, 0x18, 0xaa, 0x95, 0x20, 0x87, 0x16, 0x26,
    0x04, 0x00, 0x27, 0x23, 0x8e, 0x01, 0xa6, 0x25, 0x24, 0x1b, 0xa6, 0x1c,
    0xa5, 0x23, 0x06, 0x1f, 0x92, 0x92, 0x24, 0x22, 0x91, 0x25, 0x16, 0xa6,
    0x14, 0x18, 0x1b, 0x00, 0x12, 0x0a, 0x92, 0x95, 0x1a, 0x11, 0x95, 0x89,
    0x05, 0x98, 0x02, 0x83, 0x13, 0x17, 0x05, 0x82, 0x1d, 0x0d, 0x92, 0x9a,
    0x83, 0x1d, 0x99, 0x9e, 0x8a, 0x9d, 0x95, 0x8e, 0x8e, 0x9a, 0x8c, 0x95,
    0x9f, 0x02, 0x09, 0x86, 0x9b, 0x1f, 0x10, 0x90, 0x8e, 0x88, 0x02, 0x02,
    0x84, 0x9e, 0x92, 0x95, 0x08, 0x90, 0x93, 0x1b, 0xa2, 0x07, 0x04, 0x90,
    0x9f, 0x18, 0x1f, 0x19, 0x22, 0x9a, 0x11, 0x98, 0x1e, 0x9e, 0x96, 0x15,
    0x18, 0x1a, 0x04, 0x1a, 0x94, 0x82, 0x90, 0x95, 0x16, 0x8e, 0x99, 0x93,
    0x8b, 0x23, 0x16, 0x9d, 0xa1, 0x97, 0x90, 0x95, 0x20, 0x0b, 0x16, 0x1f,
    0x05, 0x03, 0x22, 0x1e, 0x9b, 0x9e, 0x02, 0x19, 0x04, 0x8c, 0x1a, 0x82,
    0x8e, 0x84, 0x10, 0x89, 0x87, 0x95, 0x18, 0x03, 0x12, 0x00, 0x96, 0x9b,
    0x0c, 0x11, 0x01, 0x92, 0x12, 0x9e, 0x0d, 0x95, 0x8c, 0x01, 0x02, 0x01,
    0x0e, 0x8a, 0x8e, 0x0f, 0x1b, 0x1d, 0x0e, 0x18, 0x88, 0x00, 0x00, 0x0c,
    0x8f, 0x02, 0x91, 0x87, 0x81, 0x19, 0x1b, 0x8f, 0x82, 0x00, 0x0d, 0x0f,
    0x01, 0x19, 0x9a, 0x0b, 0x9e, 0x87, 0x1b, 0x9c, 0x1a, 0x82, 0x9e, 0x98,
    0x18, 0x19, 0x84, 0x14, 0x09, 0x98, 0x97, 0x89, 0x19, 0x8e, 0x90, 0x9a,
    0x99, 0x91, 0x85, 0x1c, 0xa5, 0x96, 0x91, 0x0a, 0x96, 0x1c, 0x96, 0x1c,
    0x11, 0x93, 0xa1, 0x0f, 0x8e, 0x1b, 0x98, 0xa1, 0x10, 0x0d, 0x19, 0x01,
    0x12, 0x82, 0x82, 0x8e, 0x83, 0x84, 0x14, 0x1a, 0x22, 0x19, 0xa4, 0x01,
    0x8b, 0x07, 0x07, 0x0a, 0x0d, 0x95, 0x93, 0x05, 0x19, 0x81, 0x13, 0x97,
    0x8d, 0x05, 0x19, 0x12, 0x88, 0x0e, 0x0f, 0x8a, 0x17, 0x85, 0x90, 0x0e,
    0x02, 0xa0, 0x1b, 0x92, 0x0c, 0x1f, 0x94, 0x1b, 0x11, 0x8e, 0x95, 0x19,
    0x92, 0x16, 0x16, 0x13, 0x14, 0x8c, 0x14, 0x88, 0x21, 0xa2, 0x86, 0x1e,
    0x93, 0x9d, 0x9e, 0x18, 0x9d, 0x15, 0x09, 0x1a, 0x27, 0x85, 0x12, 0xa8,
    0x91, 0xa8, 0xa2, 0x0d, 0x95, 0x09, 0x9b, 0x9f, 0x0d, 0x9c, 0xa2, 0x1b,
    0x0b, 0x05, 0xa4, 0x13, 0xa8, 0x8f, 0x19, 0xa0, 0xa5, 0x14, 0x93, 0x9c,
    0x05, 0x8f, 0x19, 0x98, 0x9a, 0xa6, 0x25, 0x9e, 0x94, 0xa8, 0x1d, 0x0a,
    0x1f, 0x92, 0x28, 0x22, 0x1a, 0x01, 0x1e, 0x1e, 0x1f, 0x0a, 0x23, 0xa1,
    0x1b, 0xa1, 0x1e, 0x22, 0x9e, 0x23, 0x04, 0x21, 0x0a, 0x8e, 0x9c, 0x22,
    0x98, 0xa9, 0x9d, 0x00, 0x91, 0x27, 0xa1, 0xa3, 0xa4, 0x8d, 0x1f, 0x8b,
    0x16, 0x19, 0x9c, 0x1d, 0x8c, 0x0a, 0x1d, 0x1a, 0x1a, 0x0c, 0x99, 0x22,
    0x21, 0x10, 0x94, 0x1b, 0x96, 0x15, 0x15, 0x9b, 0x06, 0x90, 0x06, 0x03,
    0x21, 0x9d, 0x0b, 0x88, 0x83, 0x14, 0xa1, 0x91, 0x87, 0xa3, 0x97, 0x85,
    0x11, 0x0f, 0x03, 0x02, 0x0f, 0x9b, 0x22, 0x08, 0x11, 0x22, 0x16, 0x1d,
    0x1a, 0x99, 0x20, 0x95, 0x97, 0x95, 0x8e, 0x13, 0x90, 0x04, 0x28, 0xa2,
    0x1c, 0x00, 0x21, 0x8d, 0x16, 0x24, 0x83, 0x20, 0xa1, 0x22, 0x96, 0x93,
    0x1c, 0x11, 0xa0, 0x04, 0x21, 0x1e, 0x16, 0x19, 0x18, 0x15, 0x98, 0xa4,
    0x92, 0x8f, 0x98, 0x9d, 0xa5, 0x1a, 0xa6, 0x82, 0x21, 0xa2, 0x23, 0x18,
    0xa1, 0x1e, 0x96, 0xa0, 0x8c, 0x82, 0xa2, 0x9d, 0x90, 0x8e, 0xa3, 0x87,
    0x1f, 0xa0, 0x21, 0x0a, 0x17, 0x05, 0x11, 0x0f, 0x94, 0x19, 0x97, 0x1b,
    0x27, 0x28, 0x9a, 0x9d, 0x11, 0x93, 0x15, 0x1b, 0x92, 0x82, 0x8a, 0x16,
    0x28, 0x15, 0x08, 0x9b, 0x1f, 0x22, 0x1e, 0x16, 0x90, 0x90, 0x22, 0x1b,
    0x13, 0x22, 0x08, 0xa3, 0x10, 0x9c, 0x16, 0x1b, 0x22, 0x25, 0x92, 0x1b,
    0x9d, 0x07, 0x9e, 0x15, 0x91, 0x02, 0x18, 0x28, 0x18, 0x9f, 0x1b, 0x98,
    0x12, 0x81, 0x9a, 0x96, 0x93, 0x16, 0x99, 0x08, 0x1a, 0x94, 0x92, 0x8d,
    0x1e, 0x09, 0x1a, 0x97, 0x03, 0x9a, 0x83, 0x84, 0x1c, 0x87, 0x07, 0x89,
    0x8a, 0x98, 0x0a, 0x93, 0x15, 0x9a, 0x93, 0x97, 0x98, 0x07, 0x10, 0x9b,
    0x94, 0x1b, 0x92, 0x96, 0x88, 0x04, 0x06, 0x11, 0x8e, 0x99, 0x88, 0x96,
    0x9e, 0x9f, 0x12, 0x8d, 0x12, 0x16, 0x93, 0x8b, 0x16, 0x95, 0x17, 0x11,
    0x0d, 0x1e, 0x93, 0x98, 0x0c, 0x9b, 0x98, 0x17, 0x89, 0x1a, 0x81, 0x11,
    0x12, 0x8c, 0x0f, 0x96, 0x0b, 0x87, 0x96, 0x01, 0x0a, 0x04, 0x1a, 0xa0,
    0x9f, 0x92, 0x8b, 0x8c, 0x05, 0x13, 0x90, 0x07, 0x07, 0x10, 0x14, 0x83,
    0x96, 0x98, 0x85, 0x11, 0x0e, 0x0a, 0x11, 0x93, 0x11, 0x99, 0x12, 0x05,
    0x84, 0x19, 0x0c, 0x1a, 0x19, 0x98, 0x97, 0x96, 0x9f, 0x98, 0x82, 0x88,
    0x91, 0x8e, 0x8d, 0x91, 0x14, 0x9f, 0x13, 0x90, 0x99, 0x8a, 0x0b, 0x01,
    0x07, 0x14, 0x02, 0x8c, 0x18, 0x07, 0x83, 0x12, 0x97, 0x8c, 0x81, 0x11,
    0x87, 0x20, 0x1e, 0x9a, 0x0f, 0x90, 0x98, 0x00, 0x98, 0x20, 0x8e, 0x81,
    0x9e, 0x9b, 0x8f, 0x9d, 0x20, 0x1b, 0x08, 0x9d, 0x83, 0x04, 0x8c, 0x84,
    0x8e, 0x91, 0x17, 0x91, 0x10, 0xa5, 0x86, 0xa8, 0x8c, 0x8c, 0x1a, 0x9d,
    0x9a, 0x87, 0x89, 0x91, 0x20, 0x8a, 0x85, 0x1a, 0x97, 0x9a, 0x9a, 0x96,
    0x9b, 0x93, 0x99, 0x9d, 0x20, 0x8a, 0x1c, 0x94, 0x05, 0x97, 0x04, 0x8a,
    0x8c, 0x8a, 0x0d, 0x14, 0x1e, 0x1b, 0x9f, 0x97, 0x0c, 0x18, 0x0c, 0x86,
    0x19, 0x9b, 0x0b, 0x89, 0x19, 0x0b, 0x1f, 0x98, 0x91, 0x92, 0x14, 0x05,
    0x18, 0x15, 0x86, 0x8f, 0x02, 0x92, 0x14, 0x10, 0x81, 0x97, 0x07, 0x8f,
    0x8a, 0x23, 0x0c, 0x0a, 0x97, 0x12, 0x93, 0x18, 0x07, 0x19, 0x90, 0x0f,
    0x0c, 0x85, 0x19, 0x8e, 0x8a, 0x1c, 0xa9, 0xa2, 0x22, 0x2c, 0x97, 0x9f,
    0x24, 0x16, 0x07, 0x0a, 0x17, 0x2b, 0x25, 0x24, 0x9c, 0x92, 0x0a, 0xab,
    0x99, 0x24, 0x21, 0xad, 0x26, 0xa4, 0x17, 0x90, 0xa4, 0xa4, 0x1b, 0xab,
    0xa3, 0xa5, 0xad, 0x03, 0x20, 0x84, 0x1f, 0x95, 0x96, 0x2c, 0x92, 0xa4,
    0x03, 0x91, 0x29, 0x8c, 0x21, 0x93, 0xa3, 0x9b, 0x9c, 0xa3, 0x21, 0x1a,
    0x26, 0x01, 0x1e, 0x96, 0x23, 0x93, 0x98, 0x19, 0x27, 0x90, 0xa8, 0x28,
    0xac, 0x9a, 0x23, 0xad, 0x0c, 0x2c, 0x2a, 0x30, 0x2d, 0x21, 0xa4, 0x99,
    0x1b, 0x17, 0x29, 0x16, 0x29, 0x28, 0xb0, 0xa0, 0x1d, 0xae, 0x23, 0x1a,
    0x8e, 0x2c, 0x2a, 0x19, 0x9f, 0xb1, 0x89, 0x21, 0x23, 0xa3, 0x26, 0x9f,
    0xad, 0xa3, 0x2e, 0xaf, 0x2e, 0x2c, 0x9e, 0xb0, 0x17, 0x1e, 0x9d, 0xa6,
    0xad, 0xa0, 0xaa, 0x21, 0x0a, 0x24, 0x33, 0xad, 0x1f, 0xa7, 0x22, 0x0f,
    0xb1, 0xaa, 0x98, 0x11, 0x27, 0x2d, 0xa3, 0xa8, 0x02, 0xa0, 0x21, 0x0e,
    0x95, 0x1a, 0xb4, 0x1f, 0x99, 0xa1, 0xa8, 0xa1, 0x11, 0xa5, 0x98, 0x88,
    0x99, 0x9e, 0x8d, 0x1a, 0xa6, 0x17, 0xa3, 0x9b, 0x1f, 0xab, 0x1d, 0x25,
    0x2e, 0x9c, 0x9b, 0x25, 0xa3, 0x27, 0x9c, 0x9a, 0x2d, 0x99, 0x17, 0x87,
    0xaa, 0xab, 0x13, 0xa9, 0x26, 0x1e, 0x2c, 0x29, 0xaa, 0x9c, 0x2b, 0x29,
    0x2c, 0xa8, 0x2a, 0x9a, 0x10, 0x21, 0x9a, 0x1f, 0xa8, 0x27, 0x25, 0x24,
    0x03, 0x29, 0xa2, 0x0d, 0x26, 0x9f, 0x05, 0xa1, 0x06, 0x1f, 0x0b, 0xa9,
    0x87, 0x9e, 0xab, 0x22, 0x17, 0x2c, 0x34, 0x9b, 0x92, 0x95, 0x9d, 0x9d,
    0x21, 0x99, 0x25, 0x9a, 0x95, 0x28, 0x04, 0xad, 0xad, 0x16, 0x90, 0xa2,
    0x9a, 0x1e, 0x05, 0x82, 0x26, 0x9c, 0xa2, 0xb0, 0x2f, 0x9a, 0x95, 0xb4,
    0xb0, 0xad, 0x30, 0xa4, 0x11, 0x16, 0xaa, 0x36, 0xa1, 0xae, 0x25, 0xa3,
    0xa9, 0x1a, 0xaa, 0xaf, 0x27, 0x28, 0xa1, 0x28, 0x06, 0x84, 0x1e, 0x29,
    0xac, 0xb3, 0x27, 0xab, 0xb3, 0xa2, 0xb6, 0x96, 0xaa, 0x1d, 0xb0, 0x17,
    0x29, 0x30, 0x22, 0x32, 0xa0, 0x11, 0x25, 0x24, 0x94, 0x0d, 0x2b, 0x92,
    0x8e, 0x26, 0x21, 0xa3, 0x15, 0x89, 0xa8, 0x20, 0xa6, 0x9c, 0xaf, 0x18,
    0xb1, 0x24, 0xb1, 0xad, 0xa6, 0x1c, 0x06, 0x15, 0x19, 0xa9, 0x14, 0xad,
    0x85, 0x0a, 0x1f, 0xa1, 0x85, 0xa1, 0x97, 0xa8, 0x23, 0x20, 0x99, 0x9a,
    0x2e, 0x89, 0x0e, 0x93, 0x2a, 0x9a, 0xa6, 0xae, 0x13, 0x1f, 0x1f, 0x1e,
    0x12, 0x15, 0xa7, 0xa6, 0x32, 0x94, 0xb1, 0x26, 0x2d, 0x01, 0x06, 0x9d,
    0xa6, 0x9e, 0x11, 0x97, 0xa3, 0x18, 0x94, 0x98, 0x10, 0x12, 0x28, 0x02,
    0x23, 0x24, 0x2d, 0x8a, 0x9f, 0x82, 0x9a, 0x0e, 0x16, 0xaa, 0x10, 0x23,
    0x04, 0x0f, 0xa8, 0x17, 0x08, 0x9b, 0x29, 0x22, 0xa1, 0xac, 0x18, 0x1f,
    0xa5, 0x99, 0x84, 0x92, 0x92, 0xac, 0xa6, 0xa5, 0x2b, 0xa1, 0x12, 0x00,
    0x25, 0x22, 0xa3, 0xa7, 0x2b, 0x19, 0x93, 0x90, 0xa7, 0xa8, 0x98, 0xa1,
    0x18, 0xa0, 0x9d, 0x21, 0xad, 0x83, 0xa0, 0x9b, 0x12, 0xa0, 0x2c, 0xb0,
    0x1e, 0xa2, 0x82, 0x2a, 0x24, 0xa1, 0xac, 0x32, 0xac, 0x16, 0x23, 0xac,
    0x81, 0xb1, 0xa8, 0xaa, 0x1f, 0xac, 0x29, 0x31, 0x0e, 0xac, 0xad, 0x1b,
    0x12, 0x94, 0xb2, 0x25, 0xb1, 0x21, 0xad, 0xa3, 0x2d, 0x13, 0xac, 0xa6,
    0x9f, 0x23, 0x9a, 0x0f, 0x1c, 0xa4, 0xa2, 0x99, 0x1e, 0x11, 0x9c, 0x22,
    0x29, 0x99, 0x91, 0x9b, 0x25, 0xab, 0x1f, 0xac, 0x8d, 0x81, 0x1d, 0x08,
    0xa7, 0x1a, 0xaf, 0x2a, 0x0c, 0x34, 0xa7, 0xae, 0x1c, 0x99, 0xa9, 0x22,
    0xa6, 0x88, 0x9c, 0xa6, 0x04, 0xaf, 0x2b, 0xad, 0x20, 0x32, 0xa9, 0xad,
    0x28, 0xa6, 0x25, 0x24, 0x03, 0x11, 0xa4, 0x23, 0x28, 0x9e, 0x9a, 0x24,
    0xa6, 0x27, 0x99, 0x29, 0x9f, 0xa5, 0x95, 0xb2, 0x22, 0x2f, 0xa1, 0xa7,
    0xa7, 0x0e, 0x8f, 0xa3, 0xb2, 0x20, 0x87, 0x9a, 0x2c, 0x11, 0x15, 0xa8,
    0xab, 0xa5, 0x27, 0xa2, 0x22, 0x22, 0x9b, 0x0a, 0x22, 0x22, 0x27, 0x2a,
    0x2b, 0x2d, 0x24, 0x2a, 0xa5, 0xa8, 0xa3, 0x9f, 0xa8, 0x2d, 0xa0, 0x1a,
    0x82, 0xa0, 0x1d, 0xa6, 0x91, 0x2d, 0x12, 0xa3, 0xa3, 0x13, 0xb5, 0x27,
    0x1a, 0xa6, 0x11, 0xa1, 0x21, 0x22, 0x8b, 0xa9, 0x30, 0x32, 0x12, 0x24,
    0x27, 0x25, 0x97, 0x9e, 0x0f, 0x9e, 0x1b, 0xa7, 0x2b, 0x24, 0x9b, 0xb3,
    0x99, 0xa5, 0x96, 0x2f, 0xa8, 0x26, 0xab, 0xad, 0x9a, 0xaa, 0xab, 0x28,
    0xac, 0xa9, 0x98, 0x2f, 0x22, 0x15, 0x85, 0xb3, 0x2a, 0x33, 0x24, 0x17,
    0x1c, 0x1e, 0x1e, 0x2d, 0xb5, 0x06, 0x14, 0xb1, 0x99, 0x9b, 0x1f, 0x16,
    0x18, 0x9c, 0xa0, 0x0b, 0x8b, 0xa5, 0x9b, 0x9b, 0x9a, 0x88, 0x98, 0x98,
    0x0c, 0x86, 0x8c, 0x92, 0x1c, 0x15, 0x1a, 0x9a, 0x06, 0x01, 0x1e, 0x0c,
    0x98, 0x1c, 0x9c, 0x94, 0xa1, 0xa2, 0xa4, 0x92, 0x8d, 0xa2, 0x34, 0x11,
    0x05, 0x27, 0x22, 0x2d, 0x18, 0xa3, 0xa7, 0x22, 0xa4, 0xa0, 0x2b, 0x1a,
    0xa9, 0x9f, 0xa4, 0x22, 0x21, 0x9a, 0x2c, 0x9c, 0x27, 0x1e, 0xaf, 0x2e,
    0x23, 0x1e, 0x1f, 0x1b, 0x2b, 0x9a, 0xa1, 0xa3, 0x93, 0x9a, 0xa8, 0x28,
    0x2c, 0xa6, 0x1d, 0xb2, 0x9f, 0x9d, 0x9f, 0x30, 0x13, 0xac, 0x08, 0x9e,
    0x9f, 0x99, 0x9b, 0x29, 0x24, 0x15, 0x22, 0x1d, 0xa6, 0x21, 0x11, 0x24,
    0x24, 0xab, 0xb0, 0x0f, 0x95, 0xa8, 0xb2, 0x90, 0x0c, 0xa1, 0xab, 0xa3,
    0x29, 0x16, 0x24, 0xa2, 0x25, 0x26, 0x0b, 0x96, 0x27, 0x2b, 0x26, 0x98,
    0xae, 0x26, 0xa8, 0xae, 0x89, 0x11, 0x0f, 0x10, 0x87, 0x11, 0x93, 0x0f,
    0x92, 0x05, 0x83, 0x02, 0x00, 0x8f, 0x87, 0x87, 0x0f, 0x1b, 0x08, 0x03,
    0x0b, 0x07, 0x0d, 0x00, 0x0b, 0x83, 0x13, 0x06, 0x19, 0x1d, 0x9a, 0x94,
    0xae, 0x9b, 0x97, 0x1a, 0x2b, 0xa5, 0x81, 0x99, 0x07, 0xab, 0x22, 0x9f,
    0x1a, 0x15, 0x1d, 0xa6, 0xa6, 0xad, 0x28, 0xac, 0x2c, 0x24, 0x22, 0x19,
    0x2e, 0xa9, 0xa4, 0x1b, 0xa3, 0x11, 0x2b, 0x9e, 0x93, 0x8b, 0xa2, 0x91,
    0x16, 0x20, 0xa2, 0xa8, 0x37, 0x99, 0xa4, 0x91, 0x11, 0x24, 0x9c, 0xa6,
    0x96, 0x90, 0x22, 0x0a, 0x8d, 0x18, 0xb3, 0x22, 0x12, 0x94, 0x99, 0x2d,
    0x9a, 0x22, 0x06, 0x23, 0x89, 0x1c, 0xa6, 0xab, 0xb4, 0x23, 0xaa, 0x99,
    0x9b, 0x2f, 0x94, 0x03, 0xa5, 0xa3, 0x29, 0x38, 0x2c, 0x37, 0x19, 0x81,
    0xad, 0xa1, 0x18, 0x2b, 0x95, 0x1d, 0x96, 0x1f, 0x9b, 0xa8, 0x16, 0x0c,
    0x18, 0x16, 0xa4, 0x1d, 0x1d, 0x0b, 0x9b, 0x96, 0x94, 0xa4, 0xab, 0x1f,
    0x97, 0x19, 0x98, 0xa1, 0x99, 0x9a, 0xa8, 0x92, 0x20, 0x24, 0x18, 0x1f,
    0x9f, 0x9e, 0xa3, 0x13, 0xa3, 0x11, 0x2c, 0x9c, 0x27, 0x28, 0xa9, 0x9b,
    0xaa, 0x9e, 0xa9, 0x9a, 0x07, 0x9a, 0x29, 0x8d, 0x24, 0xa3, 0xa7, 0xa2,
    0x2a, 0x31, 0xa3, 0x2b, 0x87, 0xa5, 0x9b, 0x29, 0xa0, 0x95, 0x09, 0x23,
    0x28, 0x2a, 0xa2, 0xae, 0x26, 0x19, 0x21, 0x97, 0x8e, 0xa1, 0x16, 0xa0,
    0x20, 0x1e, 0x12, 0x22, 0x24, 0xa0, 0x07, 0x82, 0x14, 0x12, 0x23, 0x1e,
    0x95, 0x92, 0x9f, 0xa4, 0xa4, 0x8c, 0x0c, 0x20, 0x06, 0x9a, 0x88, 0x12,
    0x20, 0x07, 0x2a, 0x17, 0x09, 0x21, 0x13, 0xa4, 0x95, 0x0b, 0x27, 0xa9,
    0xa3, 0xab, 0xa8, 0x1a, 0x95, 0xa3, 0x1b, 0xa8, 0x0d, 0x20, 0x1a, 0xa8,
    0xa2, 0xa9, 0x27, 0x27, 0x25, 0x10, 0xa7, 0x21, 0x09, 0x9d, 0x03, 0x86,
    0x1e, 0x93, 0x1e, 0x16, 0x09, 0x17, 0x86, 0x1e, 0x18, 0x92, 0x98, 0x99,
    0x18, 0x15, 0x0c, 0x80, 0x12, 0x21, 0x1f, 0x14, 0x19, 0x12, 0x8e, 0x0f,
    0x19, 0x12, 0x15, 0x04, 0x93, 0x98, 0x04, 0x8c, 0x05, 0x81, 0x15, 0x17,
    0x95, 0x1c, 0x94, 0x19, 0x80, 0x98, 0x91, 0x80, 0x1a, 0x0b, 0x98, 0x16,
    0x14, 0x93, 0x05, 0x88, 0x8e, 0x88, 0x80, 0x9b, 0x89, 0x1a, 0x12, 0x1c,
    0x19, 0x96, 0x8c, 0x01, 0x96, 0x0f, 0x9f, 0x90, 0x13, 0x97, 0x90, 0x8c,
    0x85, 0x9a, 0x97, 0x14, 0xa0, 0x18, 0x10, 0x17, 0x90, 0xa1, 0x18, 0x1a,
    0x16, 0x12, 0xa0, 0x92, 0x1c, 0x06, 0x89, 0x84, 0x85, 0x15, 0x99, 0x99,
    0x07, 0x97, 0x86, 0x02, 0x08, 0x1d, 0x1d, 0x9b, 0x12, 0x15, 0x19, 0x9c,
    0x9d, 0x0d, 0x1c, 0x98, 0x84, 0x1a, 0x9b, 0x9b, 0x83, 0x15, 0x10, 0x11,
    0x95, 0x0b, 0x09, 0x1c, 0x96, 0x1b, 0x10, 0x12, 0x9b, 0x8f, 0x87, 0x8f,
    0x98, 0x89, 0x11, 0x0d, 0x99, 0x95, 0x92, 0x12, 0x91, 0x85, 0x10, 0x8c,
    0x87, 0x02, 0x87, 0x87, 0x97, 0x03, 0x14, 0x12, 0x98, 0x14, 0x11, 0x10,
    0x1f, 0x8f, 0x1b, 0x83, 0x90, 0x03, 0x94, 0x8d, 0x0a, 0x18, 0x18, 0x97,
    0x8f, 0x9b, 0x83, 0x16, 0x0a, 0x01, 0x16, 0x17, 0x12, 0x02, 0x8e, 0x99,
    0x82, 0x81, 0x02, 0x8e, 0x90, 0x91, 0x8a, 0x87, 0x87, 0x93, 0x93, 0x8e,
    0x87, 0x8e, 0x06, 0x03, 0x08, 0x89, 0x85, 0x11, 0x90, 0x18, 0x01, 0x0f,
    0x07, 0x96, 0x8c, 0x03, 0x11, 0x98, 0x88, 0x84, 0x92, 0x02, 0x93, 0x86,
    0x88, 0x0c, 0x92, 0x00, 0x94, 0x12, 0x03, 0x10, 0x87, 0x88, 0x85, 0x81,
    0x08, 0x99, 0x02, 0x06, 0x83, 0x1b, 0x8c, 0x90, 0x8b, 0x11, 0x97, 0x8d,
    0x14, 0x0f, 0x0d, 0x82, 0x1c, 0x08, 0x07, 0x83, 0x82, 0x8a, 0x09, 0x99,
    0x8d, 0x11, 0x09, 0x16, 0x13, 0x98, 0x16, 0x9b, 0x95, 0x13, 0x16, 0x9b,
    0x0e, 0xa2, 0x8d, 0x19, 0x07, 0x12, 0x1e, 0x89, 0x1e, 0x98, 0x03, 0x96,
    0x8a, 0x8f, 0x19, 0x17, 0x06, 0x90, 0x8c, 0x1a, 0x95, 0x12, 0x0a, 0x18,
    0x1d, 0x99, 0x90, 0xa1, 0x03, 0x21, 0x13, 0x1c, 0x9c, 0x15, 0x90, 0x94,
    0x12, 0x18, 0x92, 0x17, 0x84, 0x92, 0x06, 0x00, 0x18, 0x82, 0x13, 0x8b,
    0x19, 0x04, 0x1e, 0xa2, 0x97, 0x10, 0x1b, 0x17, 0x08, 0x12, 0x8d, 0x13,
    0x87, 0x1a, 0x10, 0x10, 0x0f, 0x19, 0x14, 0x9b, 0x05, 0x94, 0x95, 0x0c,
    0x82, 0x1b, 0x91, 0x99, 0x89, 0x8f, 0x1a, 0x13, 0x8c, 0x88, 0x90, 0x93,
    0x10, 0x91, 0x1a, 0x17, 0x93, 0x17, 0x15, 0x18, 0x8c, 0x9e, 0x99, 0x8b,
    0x12, 0x99, 0x8a, 0x1c, 0x0c, 0x04, 0x84, 0x08, 0x98, 0x91, 0x05, 0x12,
    0x84, 0x83, 0x87, 0x81, 0x09, 0x83, 0x03, 0x8e, 0x86, 0x08, 0x84, 0x99,
    0x13, 0x91, 0x83, 0x91, 0x05, 0x81, 0x06, 0x98, 0x88, 0x87, 0x8e, 0x04,
    0x05, 0x8a, 0x09, 0x00, 0x04, 0x8a, 0x83, 0x05, 0x8f, 0x11, 0x13, 0x93,
    0x91, 0x94, 0x83, 0x05, 0x8e, 0x88, 0x9c, 0x12, 0x0d, 0x14, 0x88, 0x83,
    0x01, 0x83, 0x8d, 0x8c, 0x92, 0x02, 0x10, 0x12, 0x88, 0x91, 0x17, 0x05,
    0x94, 0x0a, 0x91, 0x12, 0x91, 0x83, 0x08, 0x13, 0x09, 0x8c, 0x8d, 0x81,
    0x02, 0x0a, 0x86, 0x07, 0x92, 0x19, 0x85, 0x18, 0x81, 0x93, 0x86, 0x11,
    0x81, 0x8e, 0x12, 0x85, 0x91, 0x18, 0x14, 0x88, 0x95, 0x00, 0x0a, 0x0d,
    0x03, 0x91, 0x0e, 0x13, 0x19, 0x87, 0x0c, 0x95, 0x88, 0x90, 0x19, 0x0d,
    0x01, 0x92, 0x0e, 0x02, 0x0c, 0x13, 0x0f, 0x92, 0x8c, 0x91, 0x15, 0x82,
    0x03, 0x0b, 0x92, 0x8a, 0x88, 0x8d, 0x84, 0x18, 0x1a, 0x8e, 0x83, 0x8a,
    0x91, 0x07, 0x8e, 0x17, 0x06, 0x1b, 0x06, 0x00, 0x96, 0x02, 0x8a, 0x19,
    0x9a, 0x11, 0x11, 0x82, 0x87, 0x92, 0x03, 0x1f, 0x10, 0x00, 0x15, 0x91,
    0x94, 0x13, 0x9a, 0x99, 0x91, 0x09, 0x1d, 0x8e, 0x91, 0x8f, 0x94, 0x1c,
    0x16, 0x14, 0x19, 0x07, 0x11, 0x1f, 0x91, 0x99, 0x80, 0x16, 0x90, 0x93,
    0x93, 0x92, 0x86, 0x09, 0x0d, 0x10, 0x17, 0x03, 0x12, 0x08, 0x00, 0x08,
    0x81, 0x14, 0x8b, 0x88, 0x86, 0x0e, 0x85, 0x9f, 0x11, 0x8c, 0x95, 0x1d,
    0x07, 0x81, 0x87, 0x92, 0x0a, 0x1a, 0x01, 0x83, 0x04, 0x96, 0x08, 0x20,
    0x09, 0x01, 0x1c, 0x95, 0x99, 0x9c, 0x84, 0x13, 0x83, 0x15, 0x96, 0x01,
    0x03, 0x17, 0x19, 0x8f, 0x0f, 0x9a, 0x9d, 0x9e, 0x09, 0x94, 0x21, 0xa0,
    0x21, 0x9b, 0x20, 0x08, 0x01, 0x8d, 0x15, 0x8c, 0x08, 0x91, 0x86, 0x09,
    0x13, 0x9b, 0x03, 0x97, 0x93, 0xa0, 0x0f, 0x13, 0x01, 0x9f, 0x94, 0x20,
    0x9d, 0x1b, 0x10, 0x18, 0x13, 0x8a, 0x84, 0x8d, 0x1b, 0x88, 0x1c, 0x08,
    0x9d, 0x1c, 0x1a, 0x0e, 0x81, 0x96, 0x11, 0x80, 0x04, 0x9b, 0x04, 0x07,
    0x84, 0x87, 0x90, 0x0f, 0x94, 0x08, 0x10, 0x90, 0x9a, 0x1a, 0x93, 0x1e,
    0x8d, 0x87, 0x12, 0x02, 0x93, 0x93, 0x92, 0x83, 0x19, 0x13, 0x99, 0x12,
    0x8f, 0x02, 0x97, 0x01, 0x07, 0x13, 0x9a, 0x9c, 0x1b, 0x98, 0x15, 0x96,
    0x15, 0x97, 0x80, 0x89, 0x93, 0x86, 0x08, 0x1e, 0x16, 0x94, 0x0c, 0x1d,
    0x8b, 0x02, 0x1b, 0x11, 0x80, 0x96, 0x9a, 0x91, 0x13, 0x0f, 0x1d, 0x02,
    0x11, 0x0e, 0x18, 0x93, 0x03, 0x02, 0x84, 0x1b, 0x11, 0x12, 0x18, 0x9b,
    0x1c, 0x09, 0x19, 0x19, 0x88, 0xa1, 0x01, 0x09, 0x85, 0x1c, 0x1e, 0x05,
    0x91, 0x96, 0x95, 0x0b, 0x16, 0x20, 0x91, 0x86, 0x15, 0x9b, 0x88, 0x95,
    0x11, 0x8f, 0x09, 0xa0, 0x97, 0x1a, 0x1c, 0x13, 0x11, 0x18, 0x93, 0x9b,
    0x12, 0x19, 0x81, 0x10, 0x10, 0x8d, 0x88, 0x8b, 0x05, 0x10, 0x1c, 0x87,
    0x8c, 0x12, 0x04, 0x91, 0x93, 0x16, 0x80, 0x15, 0x92, 0x02, 0x17, 0x10,
    0x03, 0x99, 0x81, 0x92, 0x9f, 0x0f, 0x87, 0x0b, 0x11, 0x1a, 0x1a, 0x86,
    0x82, 0x89, 0x99, 0x16, 0x8d, 0x83, 0x19, 0x12, 0x05, 0x9b, 0x95, 0x87,
    0x89, 0x03, 0x8c, 0x1e, 0x91, 0x8a, 0x8f, 0x11, 0x18, 0x94, 0x97, 0x12,
    0x04, 0x9f, 0x9b, 0x9a, 0x86, 0x16, 0x02, 0x0d, 0x94, 0x12, 0x83, 0x99,
    0x94, 0x19, 0x94, 0x03, 0x08, 0x82, 0x9d, 0x12, 0x14, 0x81, 0x84, 0x17,
    0x02, 0x11, 0x0d, 0x16, 0x17, 0x91, 0x9b, 0x8d, 0x81, 0x1f, 0x89, 0x87,
    0x9a, 0x9f, 0x1c, 0xa1, 0x09, 0x98, 0x1a, 0x17, 0x99, 0x13, 0x97, 0x12,
    0x97, 0x94, 0x0f, 0x9f, 0x18, 0x1a, 0x15, 0x0b, 0x07, 0x19, 0x95, 0x15,
    0x0e, 0x95, 0x89, 0x05, 0x22, 0x8e, 0x9f, 0x97, 0x13, 0x9a, 0x96, 0x1a,
    0x1c, 0x85, 0x0d, 0xa0, 0x97, 0x1a, 0x8e, 0x85, 0x11, 0x99, 0x1a, 0x89,
    0x07, 0x8a, 0x8c, 0x17, 0x9b, 0x92, 0x19, 0x89, 0x90, 0x97, 0x0c, 0x9a,
    0x92, 0x9e, 0x98, 0x1c, 0x11, 0x1a, 0x17, 0x14, 0x08, 0x0c, 0x95, 0x13,
    0xa2, 0x1b, 0x16, 0x14, 0x09, 0x9c, 0x97, 0x9f, 0x17, 0xa3, 0x84, 0x13,
    0x91, 0x14, 0x07, 0x8d, 0x11, 0x97, 0x0e, 0x84, 0xa1, 0x96, 0x14, 0x1b,
    0x15, 0x84, 0x0f, 0x94, 0x09, 0x84, 0x13, 0x03, 0x18, 0x1c, 0x96, 0xa1,
    0x10, 0x8d, 0x99, 0x03, 0x1b, 0x02, 0x81, 0x0a, 0x03, 0x8e, 0x0c, 0x94,
    0x83, 0x00, 0x09, 0x9b, 0x12, 0xa2, 0x96, 0x05, 0x83, 0x9a, 0x9b, 0x22,
    0x99, 0x9e, 0x0a, 0x16, 0x11, 0x9e, 0x9a, 0x87, 0x11, 0x1e, 0x9f, 0x94,
    0x8f, 0x9e, 0x18, 0x14, 0x14, 0x93, 0x82, 0x04, 0x10, 0x1f, 0x19, 0x95,
    0x0d, 0x0e, 0x8d, 0x8b, 0x13, 0x8d, 0x0d, 0x22, 0x98, 0x85, 0x0d, 0x8f,
    0x12, 0x98, 0x02, 0x8d, 0x05, 0x9a, 0x1a, 0x12, 0x1b, 0x08, 0x08, 0x94,
    0x99, 0x99, 0x81, 0x92, 0x81, 0x09, 0x99, 0x85, 0x93, 0x13, 0x1a, 0x16,
    0x01, 0x17, 0x98, 0x08, 0x1a, 0x88, 0x9c, 0x99, 0x01, 0x23, 0x8a, 0x89,
    0x02, 0x83, 0x01, 0x22, 0x93, 0x9a, 0x9e, 0x99, 0x18, 0x18, 0x11, 0x93,
    0x91, 0x18, 0x10, 0x97, 0xa0, 0x1a, 0x98, 0x90, 0x9a, 0x8e, 0x0b, 0x18,
    0x18, 0x11, 0x11, 0x83, 0x83, 0x93, 0x09, 0x99, 0x0d, 0xa4, 0x8f, 0x07,
    0x8e, 0x9f, 0x20, 0x18, 0xa0, 0x1b, 0x9e, 0x8e, 0x10, 0x80, 0x00, 0x99,
    0x03, 0x11, 0x9f, 0x0c, 0x8c, 0x04, 0x9d, 0x1c, 0x22, 0x99, 0x9f, 0xa0,
    0xa2, 0x20, 0x16, 0x84, 0x1b, 0x1d, 0x12, 0x18, 0x22, 0x1f, 0xa1, 0x1b,
    0x1a, 0x19, 0x9e, 0x08, 0x9b, 0x9a, 0x8a, 0x1a, 0x85, 0x15, 0x11, 0x1a,
    0x00, 0x92, 0x8d, 0x94, 0x09, 0x89, 0x0d, 0x8f, 0x11, 0xa6, 0x13, 0x25,
    0x88, 0x1c, 0x9a, 0x8b, 0xa2, 0x94, 0x9b, 0x05, 0x13, 0x12, 0x93, 0x9d,
    0x9a, 0x92, 0x99, 0x12, 0x97, 0x11, 0xa6, 0x8c, 0x9c, 0xa1, 0x80, 0x86,
    0x92, 0x18, 0xa3, 0x90, 0x03, 0x0b, 0x8b, 0x9a, 0x0a, 0x94, 0x17, 0xa7,
    0x1f, 0x21, 0x1f, 0x9a, 0xa5, 0xa1, 0x9b, 0x96, 0x03, 0x08, 0x86, 0x1c,
    0x1a, 0x1f, 0x87, 0x9b, 0x82, 0x03, 0xa7, 0x99, 0x86, 0x98, 0x9f, 0x22,
    0x88, 0x19, 0x04, 0x0d, 0x05, 0x9e, 0x0a, 0x8d, 0x94, 0x84, 0x15, 0x8d,
    0x96, 0x1a, 0x07, 0x1e, 0x1a, 0x01, 0x1b, 0xa0, 0xa0, 0xa0, 0x16, 0x16,
    0x82, 0x10, 0x21, 0xa6, 0x1c, 0xa6, 0x24, 0x07, 0x96, 0x9e, 0x21, 0x80,
    0x0b, 0x85, 0x86, 0x98, 0x0d, 0x90, 0x1c, 0x1f, 0x96, 0x85, 0x09, 0x9f,
    0x07, 0x99, 0xa0, 0x16, 0x9f, 0x22, 0x05, 0x9d, 0x9a, 0x9d, 0x9a, 0x8e,
    0x08, 0x99, 0x08, 0x9e, 0x8e, 0x11, 0x06, 0x06, 0x91, 0x1c, 0x93, 0x05,
    0x16, 0x86, 0x16, 0x82, 0x89, 0x1a, 0x88, 0xa2, 0x1a, 0x13, 0x8f, 0x0a,
    0x91, 0x86, 0x19, 0x14, 0x03, 0x14, 0x9d, 0x82, 0x1e, 0x1a, 0x8a, 0x92,
    0x80, 0x15, 0x06, 0x99, 0x1b, 0x11, 0xa2, 0x14, 0x21, 0x1f, 0x20, 0x16,
    0x93, 0x11, 0x17, 0x82, 0x98, 0x87, 0x84, 0x83, 0x0b, 0x0f, 0x01, 0x93,
    0x8d, 0x86, 0x18, 0x99, 0x1d, 0x0d, 0x8a, 0x1b, 0x98, 0x1d, 0x14, 0x21,
    0x13, 0x14, 0x1c, 0x98, 0x92, 0x85, 0x19, 0x15, 0x9b, 0x02, 0x01, 0x18,
    0x87, 0x81, 0x1a, 0x86, 0x83, 0xa3, 0x9f, 0x03, 0x82, 0x19, 0x1b, 0x8d,
    0x22, 0x89, 0x17, 0x0a, 0x18, 0x23, 0xa3, 0x0f, 0x9b, 0x81, 0x1c, 0x91,
    0x99, 0x87, 0x93, 0x91, 0x20, 0x10, 0x8d, 0x1c, 0x99, 0x17, 0x98, 0x92,
    0x18, 0x81, 0x04, 0x1a, 0x02, 0x22, 0x81, 0x05, 0x8c, 0x19, 0x0f, 0x19,
    0x90, 0x1a, 0x18, 0x92, 0x17, 0x14, 0x1a, 0x83, 0x92, 0x06, 0x1a, 0x92,
    0x85, 0x95, 0x05, 0x1b, 0x15, 0x99, 0x08, 0x17, 0x12, 0xa0, 0x1b, 0x98,
    0x11, 0xa1, 0x16, 0x98, 0x16, 0x9b, 0x22, 0x19, 0x94, 0x22, 0x87, 0x19,
    0x17, 0x9b, 0x90, 0x89, 0x95, 0x80, 0xa0, 0xa2, 0x80, 0x08, 0x07, 0x14,
    0x91, 0x19, 0x9b, 0x91, 0x8c, 0x8a, 0x98, 0x1d, 0x9a, 0x1f, 0x1d, 0x15,
    0x86, 0x11, 0x19, 0x1a, 0xa3, 0x9d, 0x96, 0x8b, 0x03, 0x13, 0x86, 0x05,
    0x10, 0x83, 0x84, 0x11, 0x18, 0x90, 0x80, 0x8d, 0x9e, 0x1d, 0x11, 0x18,
    0x1f, 0x22, 0x96, 0x9e, 0x20, 0x22, 0x97, 0x16, 0x03, 0xa1, 0x17, 0x17,
    0x98, 0x91, 0x16, 0x21, 0x17, 0x19, 0x9a, 0x99, 0x20, 0x22, 0x17, 0x02,
    0x92, 0x10, 0x19, 0x10, 0x97, 0x8b, 0x92, 0x15, 0x9f, 0x88, 0x9b, 0x0c,
    0x1b, 0x11, 0x84, 0xa1, 0x1a, 0xa0, 0x88, 0x89, 0x86, 0x11, 0x9e, 0x84,
    0x01, 0x05, 0x8d, 0x9b, 0x21, 0x86, 0x0b, 0x1f, 0x9b, 0x93, 0x05, 0x97,
    0x8d, 0x1c, 0x03, 0xa1, 0x97, 0x9c, 0x8f, 0x25, 0x09, 0xa0, 0x1c, 0xa3,
    0x22, 0x09, 0x97, 0x9e, 0x1a, 0x93, 0x93, 0x1b, 0x85, 0x1b, 0xa0, 0x1f,
    0x87, 0x26, 0x8e, 0x00, 0x92, 0x18, 0x06, 0x21, 0x89, 0x93, 0x1c, 0x13,
    0x93, 0x1b, 0x96, 0x0e, 0x98, 0x93, 0x02, 0x0e, 0x14, 0x1e, 0x99, 0x1a,
    0x82, 0xa4, 0x9b, 0x87, 0x91, 0x89, 0x1c, 0x12, 0x94, 0x05, 0x01, 0x1a,
    0x10, 0x0a, 0x0e, 0x8b, 0x1f, 0x98, 0x84, 0x88, 0x8d, 0x90, 0x05, 0x8c,
    0x1a, 0x21, 0x96, 0x93, 0x93, 0x99, 0x23, 0x11, 0x9e, 0x9f, 0x1a, 0x0f,
    0x8f, 0x85, 0xa3, 0x1e, 0x27, 0xa1, 0x16, 0x07, 0x1c, 0x98, 0x0a, 0x08,
    0x21, 0xa3, 0x97, 0x1d, 0x1c, 0x89, 0x1c, 0x10, 0x0f, 0x86, 0x8b, 0x1a,
    0x9d, 0x21, 0x96, 0x1d, 0x17, 0x8d, 0x92, 0x98, 0x92, 0x84, 0x13, 0x07,
    0x9a, 0x8c, 0x93, 0xa3, 0x82, 0x95, 0x07, 0x11, 0x05, 0x8b, 0x07, 0x9d,
    0x9c, 0x8d, 0x28, 0x14, 0x16, 0x19, 0x20, 0x09, 0x8d, 0x85, 0x27, 0x13,
    0x1c, 0x93, 0x10, 0x1c, 0x83, 0x93, 0x0e, 0x92, 0x11, 0x18, 0xa4, 0x13,
    0x90, 0x0d, 0x0d, 0x8d, 0x03, 0x0f, 0x98, 0x83, 0x88, 0x18, 0x06, 0x96,
    0x91, 0x8e, 0x8b, 0x1c, 0x83, 0x80, 0x0b, 0x9b, 0x05, 0x11, 0x10, 0x19,
    0x8b, 0x11, 0x80, 0x0b, 0x9d, 0x84, 0x95, 0x07, 0x0e, 0x11, 0x15, 0x92,
    0x93, 0x0f, 0x9b, 0x06, 0x89, 0x18, 0x92, 0x9d, 0xa5, 0x86, 0x96, 0x18,
    0x20, 0x02, 0x17, 0x99, 0x8b, 0x97, 0x9e, 0xa2, 0x8b, 0x81, 0x19, 0x1a,
    0x90, 0x9b, 0x0c, 0x1b, 0x91, 0x89, 0x04, 0xa2, 0x9c, 0x94, 0x94, 0x15,
    0x91, 0x09, 0x19, 0x09, 0xa0, 0x17, 0x98, 0x09, 0x15, 0x14, 0x87, 0x1f,
    0x9a, 0xa1, 0x98, 0x20, 0x91, 0x9a, 0x91, 0x9d, 0x21, 0x82, 0x9a, 0x08,
    0x1a, 0x13, 0x85, 0xa0, 0x96, 0x18, 0x99, 0x12, 0x9a, 0x28, 0x91, 0x1a,
    0x80, 0x81, 0x95, 0x1c, 0x0d, 0x9f, 0xa0, 0x11, 0x9e, 0xa1, 0x9e, 0x94,
    0x95, 0x19, 0x0f, 0x8f, 0xa0, 0x10, 0x09, 0x1a, 0x8d, 0x88, 0x23, 0x16,
    0x1a, 0x08, 0x20, 0x1b, 0x01, 0x9f, 0x21, 0x08, 0x93, 0x22, 0x05, 0x01,
    0x18, 0x27, 0x8c, 0x0e, 0x8c, 0x93, 0x02, 0x85, 0x96, 0x22, 0x9f, 0x96,
    0x8f, 0x1c, 0x93, 0x04, 0x1a, 0x1d, 0x96, 0x04, 0x16, 0x92, 0x9e, 0x0e,
    0x02, 0x92, 0x23, 0xa0, 0xa1, 0x19, 0x16, 0x22, 0x14, 0x11, 0x08, 0xa6,
    0x87, 0x87, 0x99, 0x04, 0x0b, 0x96, 0x18, 0x91, 0x11, 0x08, 0x06, 0x9a,
    0x0e, 0x0b, 0x09, 0x97, 0xa2, 0xa1, 0x09, 0x22, 0x1d, 0x99, 0x8a, 0x97,
    0x1b, 0x0e, 0x8c, 0x1a, 0xa8, 0x18, 0x92, 0x1b, 0x15, 0xa4, 0x99, 0x20,
    0x89, 0x9d, 0x1a, 0x84, 0xa2, 0x04, 0x98, 0x8e, 0x8a, 0x15, 0x9c, 0x03,
    0x13, 0x18, 0x0b, 0x99, 0x10, 0x1d, 0x0f, 0xa0, 0x23, 0x1a, 0x97, 0x22,
    0x12, 0x04, 0x17, 0x94, 0x20, 0x16, 0xa3, 0x09, 0x9d, 0x07, 0x1d, 0x93,
    0x8a, 0x08, 0x93, 0x11, 0x0d, 0x94, 0x86, 0x86, 0x1a, 0x80, 0x9e, 0x8d,
    0x19, 0x91, 0x87, 0x94, 0x00, 0x9e, 0x0d, 0x23, 0x0d, 0x92, 0x8e, 0x12,
    0x02, 0x92, 0xa0, 0x05, 0x97, 0x10, 0x98, 0x1e, 0x02, 0x16, 0x96, 0x9c,
    0x11, 0x09, 0x07, 0x9a, 0x82, 0x9c, 0x06, 0x88, 0x18, 0x8c, 0x99, 0x24,
    0x9e, 0x21, 0x01, 0x9e, 0x13, 0x9b, 0x0f, 0x8f, 0x1a, 0x06, 0x0b, 0x1f,
    0xa6, 0x1e, 0x85, 0x9c, 0x8c, 0xa3, 0x95, 0x94, 0x23, 0x83, 0x9b, 0x22,
    0x96, 0x1e, 0x1e, 0x0d, 0x18, 0x99, 0x88, 0x92, 0x21, 0x95, 0x1d, 0x15,
    0x0e, 0x19, 0x89, 0x14, 0x03, 0x9c, 0x98, 0x98, 0x11, 0x1a, 0x0a, 0x87,
    0x0c, 0x1f, 0x20, 0x10, 0x11, 0x19, 0x90, 0x83, 0x18, 0x0e, 0x19, 0x15,
    0xa0, 0x97, 0x92, 0x8b, 0x8c, 0x07, 0x17, 0x0d, 0x83, 0x21, 0x93, 0x12,
    0x02, 0x92, 0x83, 0x90, 0x1b, 0x10, 0x9b, 0x0b, 0x10, 0x88, 0x87, 0x83,
    0x86, 0x89, 0x94, 0x92, 0x01, 0x18, 0x18, 0x13, 0x19, 0x9a, 0x92, 0x03,
    0x9c, 0x0f, 0x8e, 0x8d, 0x0e, 0x9e, 0x9d, 0x86, 0x1a, 0x9b, 0x05, 0x1a,
    0x92, 0x19, 0x18, 0x14, 0x0d, 0xa0, 0x13, 0x03, 0x11, 0x11, 0xa0, 0x9e,
    0x1a, 0x95, 0x85, 0x89, 0x1a, 0x1c, 0x9a, 0x90, 0x13, 0x93, 0x9b, 0x0e,
    0x03, 0x1b, 0x22, 0x98, 0x80, 0x06, 0x8b, 0x99, 0x9a, 0x8a, 0x1c, 0x9d,
    0x9a, 0x06, 0x92, 0x9a, 0x8a, 0x16, 0x1e, 0x94, 0x99, 0x85, 0x93, 0x21,
    0x96, 0x1a, 0x0f, 0x18, 0x96, 0x87, 0x91, 0x8d, 0x94, 0x0b, 0x0d, 0x17,
    0x83, 0x8f, 0x93, 0x12, 0x89, 0x04, 0x81, 0x91, 0x89, 0x15, 0x80, 0x84,
    0x99, 0x8c, 0x18, 0x1c, 0x9a, 0x09, 0x0d, 0x09, 0x1e, 0x80, 0x16, 0x8b,
    0x91, 0x8a, 0x92, 0x91, 0x05, 0x16, 0x13, 0x91, 0x8f, 0x99, 0x8b, 0x14,
    0x11, 0x80, 0x11, 0x16, 0x16, 0x0a, 0x87, 0x99, 0x98, 0x15, 0x01, 0x96,
    0x8e, 0x8d, 0x09, 0x87, 0x04, 0x91, 0x92, 0x91, 0x85, 0x92, 0x12, 0x83,
    0x85, 0x82, 0x93, 0x12, 0x06, 0x18, 0x06, 0x12, 0x06, 0x93, 0x88, 0x8e,
    0x0e, 0x94, 0x80, 0x89, 0x87, 0x09, 0x8f, 0x8e, 0x03, 0x04, 0x96, 0x08,
    0x87, 0x16, 0x04, 0x0b, 0x80, 0x84, 0x88, 0x00, 0x07, 0x98, 0x86, 0x0a,
    0x81, 0x1c, 0x90, 0x8c, 0x88, 0x11, 0x99, 0x95, 0x17, 0x03, 0x12, 0x01,
    0x1a, 0x82, 0x0f, 0x8b, 0x86, 0x90, 0x03, 0x99, 0x07, 0x11, 0x0a, 0x1e,
    0x11, 0x95, 0x96, 0x9c, 0x9a, 0x1d, 0x1d, 0x99, 0x0b, 0x9e, 0x94, 0x0d,
    0x92, 0x16, 0x18, 0x05, 0x1d, 0x9c, 0x15, 0x86, 0x88, 0x03, 0x13, 0x0c,
    0x83, 0x02, 0x93, 0x0c, 0x82, 0x0d, 0x80, 0x1a, 0x19, 0x91, 0x87, 0xa1,
    0x0a, 0x1f, 0x11, 0x20, 0x99, 0x05, 0x97, 0x8c, 0x0f, 0x16, 0x86, 0x1c,
    0x81, 0x8e, 0x12, 0x05, 0x19, 0x01, 0x13, 0x03, 0x16, 0x17, 0x1a, 0xa2,
    0x99, 0x16, 0x1c, 0x10, 0x19, 0x05, 0x91, 0x0f, 0x07, 0x1d, 0x15, 0x09,
    0x01, 0x1b, 0x0f, 0x9a, 0x06, 0x94, 0x99, 0x04, 0x97, 0x1e, 0x89, 0x91,
    0x05, 0x91, 0x1b, 0x1d, 0x90, 0x87, 0x01, 0x89, 0x99, 0x95, 0x17, 0x09,
    0x95, 0x09, 0x19, 0x01, 0x89, 0x9c, 0x9e, 0x8c, 0x1a, 0x96, 0x00, 0x13,
    0x12, 0x0c, 0x96, 0x83, 0x88, 0x83, 0x84, 0x0b, 0x82, 0x84, 0x9b, 0x06,
    0x13, 0x88, 0x13, 0x94, 0x8d, 0x0e, 0x0e, 0x97, 0x08, 0x8a, 0x08, 0x91,
    0x09, 0x8c, 0x80, 0x88, 0x86, 0x8b, 0x85, 0x84, 0x83, 0x87, 0x01, 0x00,
    0x0a, 0x90, 0x8e, 0x07, 0x85, 0x11, 0x17, 0x95, 0x89, 0x90, 0x06, 0x84,
    0x0a, 0x92, 0x98, 0x11, 0x10, 0x13, 0x8f, 0x11, 0x94, 0x83, 0x97, 0x82,
    0x94, 0x0a, 0x05, 0x16, 0x8d, 0x8d, 0x17, 0x07, 0x91, 0x83, 0x95, 0x14,
    0x8a, 0x87, 0x15, 0x06, 0x85, 0x85, 0x8f, 0x0a, 0x10, 0x00, 0x83, 0x08,
    0x94, 0x15, 0x97, 0x14, 0x81, 0x94, 0x80, 0x84, 0x0c, 0x8a, 0x0e, 0x86,
    0x82, 0x1a, 0x13, 0x0d, 0x91, 0x85, 0x01, 0x07, 0x89, 0x00, 0x89, 0x0e,
    0x11, 0x8b, 0x11, 0x94, 0x86, 0x8e, 0x17, 0x17, 0x04, 0x92, 0x0b, 0x85,
    0x19, 0x18, 0x19, 0x95, 0x81, 0x91, 0x0b, 0x0f, 0x05, 0x03, 0x8c, 0x02,
    0x8b, 0x86, 0x0b, 0x12, 0x15, 0x87, 0x88, 0x89, 0x86, 0x84, 0x8e, 0x17,
    0x85, 0x19, 0x07, 0x0f, 0x97, 0x01, 0x9d, 0x16, 0x91, 0x15, 0x0f, 0x85,
    0x90, 0x93, 0x10, 0x1d, 0x10, 0x00, 0x16, 0x02, 0x91, 0x17, 0x93, 0x98,
    0x9b, 0x91, 0x1a, 0x11, 0x92, 0x88, 0x93, 0x1a, 0x13, 0x12, 0x19, 0x12,
    0x0e, 0x1e, 0x90, 0x96, 0x8b, 0x15, 0x94, 0x91, 0x94, 0x93, 0x94, 0x09,
    0x0f, 0x06, 0x15, 0x0c, 0x0c, 0x0a, 0x0f, 0x0d, 0x8a, 0x14, 0x87, 0x87,
    0x87, 0x17, 0x84, 0x9c, 0x06, 0x84, 0x92, 0x1a, 0x14, 0x10, 0x04, 0x90,
    0x01, 0x1b, 0x91, 0x88, 0x0b, 0x93, 0x0a, 0x20, 0x87, 0x86, 0x1d, 0x93,
    0x9b, 0x9a, 0x02, 0x0c, 0x97, 0x07, 0x8b, 0x13, 0x10, 0x10, 0x14, 0x84,
    0x05, 0x99, 0x9e, 0x9f, 0x05, 0x95, 0x21, 0x9f, 0x20, 0x9b, 0x1d, 0x12,
    0x90, 0x8e, 0x15, 0x99, 0x11, 0x8d, 0x87, 0x83, 0x16, 0x9a, 0x8d, 0x9c,
    0x93, 0x9f, 0x0f, 0x14, 0x09, 0x9e, 0x90, 0x1e, 0x9c, 0x1c, 0x12, 0x19,
    0x16, 0x8b, 0x05, 0x8c, 0x1a, 0x00, 0x1b, 0x1b, 0x8c, 0x1f, 0x1b, 0x07,
    0x89, 0x95, 0x80, 0x02, 0x12, 0x9b, 0x86, 0x12, 0x11, 0x02, 0x81, 0x06,
    0x98, 0x02, 0x0b, 0x94, 0x84, 0x19, 0x8d, 0x19, 0x91, 0x8a, 0x14, 0x15,
    0x95, 0x93, 0x91, 0x10, 0x16, 0x1a, 0x96, 0x19, 0x82, 0x0e, 0x95, 0x0b,
    0x12, 0x11, 0x96, 0x9d, 0x18, 0x90, 0x18, 0x9d, 0x15, 0x99, 0x0c, 0x04,
    0x8d, 0x85, 0x8b, 0x1d, 0x19, 0x92, 0x92, 0x1e, 0x8e, 0x13, 0x1c, 0x86,
    0x08, 0x96, 0x9c, 0x8a, 0x80, 0x15, 0x1a, 0x11, 0x18, 0x07, 0x17, 0x8c,
    0x8b, 0x91, 0x86, 0x1b, 0x04, 0x06, 0x14, 0x98, 0x12, 0x14, 0x13, 0x14,
    0x92, 0xa1, 0x06, 0x85, 0x0a, 0x1c, 0x20, 0x0a, 0x93, 0x93, 0x8e, 0x11,
    0x17, 0x20, 0x89, 0x84, 0x17, 0x94, 0x06, 0x93, 0x06, 0x07, 0x8b, 0x9c,
    0x91, 0x1c, 0x1b, 0x0d, 0x1a, 0x15, 0x8d, 0x9a, 0x10, 0x19, 0x82, 0x10,
    0x11, 0x8f, 0x90, 0x89, 0x11, 0x11, 0x1e, 0x01, 0x90, 0x17, 0x87, 0x82,
    0x96, 0x03, 0x8a, 0x10, 0x8d, 0x17, 0x13, 0x03, 0x86, 0x91, 0x0a, 0x96,
    0x9b, 0x06, 0x89, 0x16, 0x12, 0x19, 0x19, 0x8a, 0x0e, 0x88, 0x99, 0x15,
    0x82, 0x02, 0x17, 0x19, 0x03, 0x9c, 0x93, 0x00, 0x84, 0x89, 0x84, 0x1c,
    0x8c, 0x93, 0x82, 0x0d, 0x18, 0x96, 0x95, 0x14, 0x06, 0xa0, 0x9a, 0x94,
    0x91, 0x15, 0x10, 0x10, 0x97, 0x08, 0x95, 0x93, 0x06, 0x17, 0x01, 0x08,
    0x03, 0x89, 0x99, 0x19, 0x16, 0x14, 0x97, 0x0b, 0x02, 0x00, 0x12, 0x0d,
    0x13, 0x93, 0x95, 0x88, 0x80, 0x21, 0x09, 0x85, 0x97, 0x9d, 0x18, 0x9a,
    0x15, 0x99, 0x1c, 0x18, 0x9a, 0x12, 0x8a, 0x1b, 0x94, 0x8c, 0x1a, 0x9e,
    0x16, 0x17, 0x1b, 0x08, 0x07, 0x0b, 0x83, 0x16, 0x06, 0x98, 0x8f, 0x8d,
    0x24, 0x81, 0x99, 0x9a, 0x18, 0x8d, 0x9a, 0x1f, 0x1b, 0x11, 0x11, 0x99,
    0x96, 0x19, 0x96, 0x87, 0x93, 0x8a, 0x08, 0x07, 0x07, 0x99, 0x07, 0x16,
    0x8e, 0x93, 0x10, 0x91, 0x90, 0x80, 0x92, 0xa0, 0x18, 0xa0, 0x95, 0x1e,
    0x03, 0x14, 0x04, 0x11, 0x08, 0x0d, 0x9c, 0x19, 0xa0, 0x1c, 0x09, 0x19,
    0x07, 0x9b, 0x99, 0x9f, 0x11, 0xa5, 0x06, 0x18, 0x95, 0x15, 0x05, 0x92,
    0x0c, 0x9a, 0x10, 0x0a, 0xa2, 0x93, 0x16, 0x19, 0x0b, 0x83, 0x09, 0x85,
    0x02, 0x88, 0x1d, 0x96, 0x88, 0x18, 0xa0, 0xa1, 0x06, 0x89, 0x95, 0x8f,
    0x1b, 0x8e, 0x11, 0x18, 0x05, 0x99, 0x8e, 0x8b, 0x07, 0x13, 0x8d, 0x99,
    0x8f, 0xa4, 0x90, 0x92, 0x86, 0x9c, 0x88, 0x21, 0x99, 0x9a, 0x09, 0x84,
    0x0c, 0x9a, 0x86, 0x80, 0x87, 0x21, 0xa0, 0x92, 0x86, 0x96, 0x82, 0x17,
    0x1a, 0x92, 0x9b, 0x19, 0x0d, 0x1f, 0x19, 0x92, 0x18, 0x0e, 0x87, 0x07,
    0x16, 0x8c, 0x87, 0x21, 0x9d, 0x0b, 0x08, 0x87, 0x10, 0x98, 0x0b, 0x90,
    0x89, 0x91, 0x12, 0x10, 0x1b, 0x02, 0x12, 0x86, 0x10, 0x93, 0x90, 0x94,
    0x02, 0x11, 0xa0, 0x84, 0x15, 0x12, 0x1d, 0x14, 0x85, 0x1a, 0x9b, 0x04,
    0x18, 0x85, 0x9f, 0x92, 0x01, 0x24, 0x93, 0x11, 0x85, 0x81, 0x83, 0x21,
    0x97, 0x9a, 0x99, 0x94, 0x16, 0x19, 0x11, 0x99, 0x8f, 0x13, 0x0a, 0x93,
    0x9a, 0x16, 0x95, 0x90, 0x9b, 0x8d, 0x1e, 0x16, 0x15, 0x16, 0x93, 0x14,
    0x1e, 0x96, 0x1b, 0x8b, 0x0d, 0xa4, 0x05, 0x92, 0x8b, 0x9e, 0x20, 0x06,
    0x9a, 0x16, 0x93, 0x89, 0x1a, 0x81, 0x81, 0x99, 0x21, 0x13, 0x9a, 0x09,
    0x09, 0x83, 0xa3, 0x1c, 0x1e, 0x9d, 0xa1, 0x9d, 0xa5, 0x21, 0x85, 0x08,
    0x1a, 0x1a, 0x10, 0x12, 0x1d, 0x10, 0x9f, 0x20, 0x17, 0x87, 0x86, 0x95,
    0xa0, 0x9d, 0x99, 0x21, 0x9a, 0x12, 0x94, 0x15, 0x8f, 0x88, 0x99, 0x92,
    0x81, 0x95, 0x01, 0x12, 0x1c, 0xa1, 0x14, 0x23, 0x17, 0x12, 0x97, 0x1c,
    0xa2, 0x96, 0x06, 0x8d, 0xa1, 0x05, 0x13, 0x90, 0x9a, 0x9c, 0x90, 0x06,
    0xa2, 0x06, 0xa7, 0x90, 0x9e, 0xa0, 0x19, 0x0d, 0x94, 0x12, 0xa1, 0x07,
    0x95, 0x92, 0x95, 0x9f, 0x18, 0x92, 0x0a, 0xa0, 0x1a, 0x22, 0x1d, 0x9a,
    0xa3, 0xa3, 0x9a, 0x05, 0x91, 0x1c, 0x83, 0x1c, 0x19, 0x21, 0x18, 0x99,
    0x86, 0x88, 0x9e, 0x9d, 0x89, 0x9a, 0xa1, 0x22, 0x14, 0x0c, 0x13, 0x16,
    0x05, 0x9f, 0x13, 0x9c, 0x98, 0x0b, 0x95, 0x92, 0x13, 0x0b, 0x03, 0x1e,
    0x1a, 0x11, 0x1a, 0x99, 0x97, 0x9c, 0x1c, 0x06, 0x13, 0x12, 0x1e, 0xa4,
    0x1d, 0xa6, 0x21, 0x87, 0x96, 0x9a, 0x23, 0x0f, 0x00, 0x01, 0x01, 0xa0,
    0x18, 0x96, 0x19, 0x1a, 0x98, 0x87, 0x13, 0xa2, 0x0c, 0x9f, 0xa1, 0x10,
    0x98, 0x22, 0x8f, 0x9a, 0x9f, 0x99, 0x8b, 0x82, 0x07, 0x9e, 0x0a, 0x90,
    0x95, 0x10, 0x87, 0x83, 0x85, 0x1d, 0x93, 0x84, 0x14, 0x8f, 0x19, 0x99,
    0x94, 0x17, 0x04, 0xa0, 0x20, 0x13, 0x8e, 0x03, 0x15, 0x01, 0x13, 0x14,
    0x01, 0x07, 0x9f, 0x91, 0x19, 0x19, 0x89, 0x87, 0x8b, 0x19, 0x99, 0x9d,
    0x13, 0x11, 0xa4, 0x14, 0x19, 0x14, 0x11, 0x1c, 0x95, 0x8b, 0x1e, 0x94,
    0x9c, 0x88, 0x92, 0x19, 0x17, 0x1a, 0x12, 0x91, 0x88, 0x81, 0x1f, 0x99,
    0x1c, 0x18, 0x98, 0x1c, 0x99, 0x1a, 0x1c, 0x1c, 0x88, 0x16, 0x1e, 0x9a,
    0x99, 0x83, 0x19, 0x1a, 0x06, 0x04, 0x90, 0x18, 0x0c, 0x06, 0x12, 0x11,
    0x1e, 0xa3, 0x9a, 0x10, 0x83, 0x19, 0x81, 0x94, 0x24, 0x02, 0x06, 0x11,
    0x15, 0x22, 0xa5, 0x15, 0x98, 0x8d, 0x1a, 0x9e, 0x98, 0x95, 0x8f, 0x97,
    0x21, 0x12, 0x92, 0x14, 0x94, 0x0b, 0x9a, 0x87, 0x1a, 0x11, 0x11, 0x14,
    0x14, 0x22, 0x8e, 0x10, 0x02, 0x1e, 0x14, 0x11, 0x98, 0x19, 0x18, 0x97,
    0x04, 0x15, 0x1a, 0x05, 0x98, 0x0d, 0x13, 0x85, 0x19, 0x8b, 0x8f, 0x11,
    0x09, 0x8e, 0x87, 0x1d, 0x19, 0xa2, 0x1a, 0x8f, 0x02, 0xa0, 0x02, 0x9c,
    0x1b, 0x9a, 0x21, 0x14, 0x93, 0x21, 0x03, 0x1b, 0x19, 0xa0, 0x8e, 0x94,
    0x92, 0x87, 0x9e, 0xa4, 0x09, 0x17, 0x8a, 0x11, 0x83, 0x14, 0x9b, 0x95,
    0x80, 0x8e, 0x9c, 0x1a, 0x97, 0x1e, 0x1a, 0x1d, 0x07, 0x17, 0x12, 0x13,
    0xa3, 0x9f, 0x97, 0x06, 0x88, 0x15, 0x03, 0x83, 0x15, 0x83, 0x08, 0x0f,
    0x8b, 0x89, 0x13, 0x0d, 0x98, 0x1c, 0x08, 0x19, 0x13, 0x23, 0x99, 0x9a,
    0x1f, 0x20, 0x8e, 0x14, 0x8a, 0xa1, 0x14, 0x12, 0x99, 0x93, 0x1a, 0x1c,
    0x1b, 0x16, 0x9c, 0x98, 0x21, 0x21, 0x1c, 0x08, 0x94, 0x13, 0x11, 0x18,
    0x95, 0x82, 0x89, 0x14, 0x95, 0x8a, 0x9a, 0x19, 0x15, 0x17, 0x1b, 0xa2,
    0x12, 0x9b, 0x98, 0x19, 0x15, 0x05, 0x91, 0x80, 0x84, 0x0f, 0x93, 0x9a,
    0x22, 0x8b, 0x0b, 0x1a, 0x92, 0x85, 0x8c, 0x95, 0x0a, 0x1d, 0x8b, 0xa5,
    0x22, 0x9d, 0x11, 0x27, 0x0b, 0x9e, 0x05, 0xa2, 0x1f, 0x89, 0xa0, 0x99,
    0x13, 0x94, 0xa4, 0x1f, 0x93, 0x16, 0x9e, 0x1a, 0x97, 0x21, 0x81, 0x02,
    0x95, 0x13, 0x1d, 0x0d, 0x93, 0x96, 0x0d, 0x21, 0x90, 0x17, 0x94, 0x06,
    0x96, 0x96, 0x88, 0x18, 0x1b, 0x13, 0x95, 0x14, 0x92, 0xa7, 0x9f, 0x09,
    0x94, 0x07, 0x1d, 0x86, 0x90, 0x83, 0x98, 0x12, 0x89, 0x8f, 0x12, 0x84,
    0x20, 0x95, 0x01, 0x89, 0x99, 0x09, 0x94, 0x02, 0x18, 0x1f, 0x95, 0x98,
    0x97, 0x8f, 0x25, 0x09, 0x9a, 0x9c, 0x20, 0x06, 0x89, 0x07, 0xa1, 0x1f,
    0x25, 0xa3, 0x0d, 0x09, 0x16, 0x98, 0x0b, 0x0d, 0x20, 0xa2, 0x96, 0x1c,
    0x1c, 0x0c, 0x1a, 0x01, 0x1b, 0x95, 0x8f, 0x19, 0x96, 0x24, 0x83, 0x19,
    0x93, 0x96, 0x99, 0x9a, 0x8d, 0x0b, 0x0a, 0x94, 0x9d, 0x82, 0x98, 0x9f,
    0x18, 0x07, 0x81, 0x10, 0x02, 0x8e, 0x81, 0x98, 0x9a, 0x87, 0x27, 0x1b,
    0x0f, 0x1b, 0x1b, 0x98, 0x90, 0x07, 0x26, 0x07, 0x22, 0x90, 0x12, 0x18,
    0x83, 0x9c, 0x05, 0x9b, 0x11, 0x1b, 0xa2, 0x11, 0x91, 0x19, 0x88, 0x93,
    0x13, 0x83, 0x91, 0x91, 0x8a, 0x12, 0x0f, 0x93, 0x9b, 0x86, 0x00, 0x1b,
    0x91, 0x96, 0x83, 0x9a, 0x04, 0x14, 0x10, 0x1b, 0x83, 0x04, 0x0c, 0x0e,
    0xa0, 0x08, 0x83, 0x07, 0x03, 0x92, 0x13, 0x81, 0x88, 0x0a, 0x98, 0x08,
    0x99, 0x17, 0x86, 0xa3, 0xa5, 0x01, 0x84, 0x1b, 0x20, 0x07, 0x12, 0x98,
    0x94, 0x95, 0x99, 0xa3, 0x91, 0x14, 0x18, 0x1b, 0x86, 0x97, 0x92, 0x19,
    0x86, 0x91, 0x82, 0xa0, 0x9c, 0x89, 0x92, 0x0c, 0x9a, 0x8e, 0x14, 0x04,
    0x9f, 0x17, 0x9d, 0x04, 0x10, 0x18, 0x8b, 0x1e, 0x8f, 0x9b, 0x92, 0x21,
    0x01, 0x9e, 0x02, 0x01, 0x20, 0x07, 0x95, 0x87, 0x8a, 0x11, 0x02, 0x9e,
    0x99, 0x04, 0x8a, 0x0f, 0xa3, 0x27, 0x97, 0x1b, 0x05, 0x01, 0x80, 0x1c,
    0x13, 0xa0, 0x9c, 0x11, 0x9e, 0xa5, 0x9e, 0x9a, 0x90, 0x12, 0x07, 0x02,
    0xa1, 0x15, 0x13, 0x13, 0x84, 0x8c, 0x22, 0x1b, 0x18, 0x0e, 0x1f, 0x16,
    0x0c, 0xa3, 0x18, 0x02, 0x96, 0x1f, 0x16, 0x89, 0x1c, 0x21, 0x87, 0x05,
    0x8f, 0x90, 0x91, 0x81, 0x1c, 0x22, 0x90, 0x8e, 0x99, 0x22, 0x99, 0x9b,
    0x93, 0x19, 0x85, 0x19, 0x16, 0xa0, 0x91, 0x18, 0xa4, 0x81, 0x1f, 0x9e,
    0x9f, 0x17, 0x1e, 0x22, 0x17, 0x1a, 0x1c, 0xa9, 0x06, 0x94, 0x81, 0x8e,
    0x14, 0x8d, 0x18, 0x01, 0x08, 0x14, 0x8b, 0x9d, 0x0f, 0x85, 0x85, 0x80,
    0xa2, 0xa1, 0x15, 0x1e, 0x1a, 0x9c, 0x91, 0x93, 0x1b, 0x08, 0x8d, 0x1e,
    0xa8, 0x1b, 0x9c, 0x0a, 0x94, 0xa4, 0x91, 0x20, 0x8f, 0x9c, 0x19, 0x86,
    0xa2, 0x07, 0x8d, 0x12, 0x8f, 0x11, 0x91, 0x0b, 0x14, 0x12, 0x14, 0x84,
    0x97, 0x1a, 0x0d, 0xa1, 0x24, 0x1b, 0x92, 0x1f, 0x11, 0x07, 0x14, 0x97,
    0x1f, 0x0e, 0x9c, 0x05, 0x9b, 0x08, 0x17, 0x95, 0x02, 0x15, 0x92, 0x12,
    0x1a, 0x8f, 0x94, 0x17, 0x1c, 0x07, 0x9c, 0x97, 0x1d, 0x97, 0x04, 0x87,
    0x83, 0x9e, 0x20, 0x24, 0x0b, 0x8c, 0x9d, 0x10, 0x04, 0x99, 0x9a, 0x0e,
    0x97, 0x18, 0x91, 0x07, 0x88, 0x18, 0x98, 0x9d, 0x1c, 0x93, 0x13, 0x8f,
    0x13, 0x9f, 0x85, 0x0c, 0x21, 0x84, 0x94, 0x24, 0x99, 0x20, 0x8d, 0xa0,
    0x81, 0x9b, 0x89, 0x89, 0x16, 0x10, 0x8b, 0x1f, 0xa8, 0x1d, 0x94, 0xa2,
    0x90, 0xa5, 0x99, 0x84, 0x23, 0x91, 0x93, 0x1f, 0x98, 0x18, 0x1b, 0x18,
    0x12, 0x9a, 0x19, 0x92, 0x18, 0x99, 0x20, 0x8f, 0x92, 0x13, 0x85, 0x1f,
    0x14, 0x8c, 0x92, 0x93, 0x17, 0x19, 0x0b, 0x8a, 0x09, 0x20, 0x1e, 0x15,
    0x13, 0x16, 0x04, 0x16, 0x1d, 0x0f, 0x12, 0x0a, 0x04, 0x93, 0x98, 0x89,
    0x09, 0x8c, 0x12, 0x04, 0x05, 0x1a, 0x99, 0x0f, 0x0e, 0x8a, 0x99, 0x91,
    0x04, 0x93, 0x92, 0x1c, 0x15, 0x16, 0x8f, 0x92, 0x04, 0x8f, 0x85, 0x9a,
    0x8f, 0x1e, 0x1b, 0x18, 0x1e, 0x8b, 0x85, 0x14, 0x82, 0x12, 0x9a, 0x89,
    0x0b, 0x8a, 0x0d, 0x89, 0x82, 0x8a, 0x92, 0x84, 0x9a, 0x19, 0x83, 0x11,
    0x81, 0x8f, 0x1c, 0x82, 0x21, 0x10, 0x9c, 0x8e, 0x1b, 0x92, 0x81, 0x05,
    0x9b, 0x0f, 0x98, 0xa1, 0x11, 0x1a, 0x95, 0x81, 0x06, 0x1b, 0x19, 0x8e,
    0x0f, 0x19, 0x07, 0x9b, 0x92, 0x1b, 0x0b, 0x9e, 0x83, 0x18, 0x9d, 0x02,
    0x12, 0x17, 0x0d, 0x12, 0x94, 0x98, 0x0b, 0x0f, 0x94, 0x18, 0x03, 0x05,
    0x96, 0x01, 0x91, 0x05, 0x98, 0x04, 0x01, 0x14, 0x8f, 0x93, 0x92, 0x19,
    0x84, 0x8f, 0x07, 0x07, 0x93, 0x94, 0x8e, 0x8b, 0x95, 0x82, 0x1b, 0x10,
    0x9f, 0x81, 0x04, 0x1a, 0x1f, 0x86, 0x14, 0x02, 0x8c, 0x81, 0x8f, 0x92,
    0x0e, 0x15, 0x14, 0x98, 0x95, 0x96, 0x05, 0x18, 0x07, 0x83, 0x0b, 0x1a,
    0x07, 0x0d, 0x90, 0x95, 0x8b, 0x05, 0x0f, 0x8c, 0x94, 0x93, 0x8f, 0x8c,
    0x8e, 0x86, 0x8a, 0x0c, 0x89, 0x82, 0x09, 0x05, 0x0d, 0x18, 0x88, 0x07,
    0x04, 0x16, 0x89, 0x0e, 0x82, 0x96, 0x92, 0x8c, 0x05, 0x8a, 0x8e, 0x8a,
    0x8b, 0x08, 0x94, 0x92, 0x00, 0x06, 0x89, 0x8a, 0x98, 0x07, 0x16, 0x0b,
    0x82, 0x0c, 0x85, 0x08, 0x81, 0x99, 0x81, 0x0c, 0x8a, 0x19, 0x06, 0x83,
    0x80, 0x12, 0x99, 0x98, 0x1a, 0x06, 0x83, 0x04, 0x19, 0x06, 0x11, 0x86,
    0x06, 0x92, 0x0e, 0x9a, 0x12, 0x8c, 0x11, 0x13, 0x80, 0x98, 0x0e, 0x9c,
    0x82, 0x02, 0x16, 0x96, 0x8c, 0x9b, 0x95, 0x1b, 0x86, 0x94, 0x1e, 0x18,
    0x16, 0x96, 0x8b, 0x95, 0x8a, 0x90, 0x19, 0x9b, 0x88, 0x03, 0x12, 0x8f,
    0x9d, 0x90, 0x82, 0x1a, 0x1c, 0xa1, 0x8d, 0x9b, 0x01, 0x1c, 0x1d, 0x20,
    0x9e, 0x0a, 0x9b, 0x95, 0x03, 0x19, 0x01, 0x1b, 0x90, 0x99, 0x0c, 0x85,
    0x0c, 0x99, 0x1a, 0x03, 0x14, 0x16, 0x1a, 0x9f, 0x99, 0x0e, 0x12, 0x8e,
    0x06, 0x11, 0x93, 0x14, 0x8c, 0x0e, 0x8f, 0x02, 0x0e, 0x0f, 0x12, 0x92,
    0x84, 0x83, 0x8c, 0x07, 0x89, 0x83, 0x84, 0x8b, 0x8d, 0x8b, 0x18, 0x19,
    0x8d, 0x92, 0x97, 0x0a, 0x17, 0x01, 0x1a, 0x1c, 0x8a, 0x80, 0x17, 0x12,
    0x92, 0x9b, 0x9d, 0x96, 0x10, 0x94, 0x09, 0x1e, 0x80, 0x91, 0x8c, 0x04,
    0x96, 0x86, 0x0e, 0x11, 0x85, 0x8a, 0x85, 0x8d, 0x05, 0x89, 0x93, 0x0b,
    0x91, 0x8d, 0x07, 0x81, 0x10, 0x8f, 0x81, 0x8e, 0x13, 0x91, 0x12, 0x98,
    0x91, 0x93, 0x92, 0x05, 0x80, 0x90, 0x0a, 0x8c, 0x16, 0x86, 0x11, 0x04,
    0x96, 0x12, 0x01, 0x8f, 0x8b, 0x10, 0x0c, 0x9b, 0x93, 0x8a, 0x97, 0x0a,
    0x8b, 0x03, 0x89, 0x82, 0x90, 0x05, 0x0a, 0x87, 0x8f, 0x92, 0x03, 0x06,
    0x04, 0x09, 0x1e, 0x07, 0x9a, 0x93, 0x85, 0x90, 0x95, 0x80, 0x85, 0x0d,
    0x09, 0x09, 0x01, 0x18, 0x18, 0x08, 0x01, 0x86, 0x87, 0x1b, 0x81, 0x04,
    0x87, 0x85, 0x84, 0x02, 0x02, 0x07, 0x0e, 0x87, 0x00, 0x1a, 0x06, 0x82,
    0x93, 0x84, 0x11, 0x0b, 0x00, 0x92, 0x11, 0x20, 0x13, 0x98, 0x04, 0x93,
    0x92, 0x01, 0x05, 0x12, 0x11, 0x98, 0x02, 0x12, 0x0c, 0x13, 0x0a, 0x91,
    0x80, 0x84, 0x90, 0x87, 0x94, 0x09, 0x99, 0x89, 0x94, 0x0e, 0x82, 0x1d,
    0x1b, 0x93, 0x89, 0x05, 0x8f, 0x84, 0x88, 0x10, 0x89, 0x17, 0x85, 0x8c,
    0x87, 0x86, 0x9d, 0x0e, 0x8d, 0x8e, 0x06, 0x17, 0x8b, 0x97, 0x12, 0x20,
    0x17, 0x95, 0x19, 0x0c, 0x88, 0x86, 0x8f, 0x8e, 0x91, 0x85, 0x1c, 0x94,
    0x99, 0x8f, 0x98, 0x19, 0x12, 0x1a, 0x14, 0x05, 0x04, 0x16, 0x8c, 0x8f,
    0x05, 0x1a, 0x12, 0x8b, 0x91, 0x95, 0x87, 0x0e, 0x19, 0x14, 0x1b, 0x13,
    0x0d, 0x02, 0x0a, 0x92, 0x8b, 0x18, 0x86, 0x86, 0x89, 0x16, 0x96, 0x95,
    0x19, 0x89, 0x97, 0x17, 0x0d, 0x12, 0x80, 0x07, 0x93, 0x15, 0x05, 0x91,
    0x8c, 0x97, 0x05, 0x1c, 0x88, 0x0e, 0x19, 0x91, 0x9c, 0x9a, 0x8c, 0x0f,
    0x81, 0x15, 0x8b, 0x8f, 0x12, 0x0b, 0x17, 0x1a, 0x11, 0x9a, 0xa3, 0x9d,
    0x03, 0x8c, 0x22, 0xa2, 0x22, 0x91, 0x17, 0x0a, 0x89, 0x01, 0x18, 0x90,
    0x11, 0x8a, 0x8e, 0x81, 0x09, 0x98, 0x82, 0x8e, 0x95, 0x9f, 0x0e, 0x12,
    0x0a, 0xa3, 0x92, 0x20, 0x8e, 0x1a, 0x91, 0x1c, 0x15, 0x18, 0x83, 0x88,
    0x16, 0x80, 0x15, 0x96, 0x98, 0x1d, 0x15, 0x1a, 0x83, 0x92, 0x06, 0x95,
    0x13, 0x92, 0x15, 0x8c, 0x16, 0x83, 0x95, 0x14, 0x06, 0x0f, 0x03, 0x93,
    0x9c, 0x18, 0x83, 0x1b, 0x93, 0x1c, 0x16, 0x8a, 0x9b, 0x8b, 0x9a, 0x87,
    0x13, 0x17, 0x9c, 0x17, 0x06, 0x09, 0x9a, 0x93, 0x83, 0x0c, 0x9b, 0x96,
    0x19, 0x99, 0x12, 0x97, 0x15, 0xa2, 0x08, 0x8e, 0x1b, 0x80, 0x94, 0x11,
    0x11, 0x14, 0x07, 0x12, 0x9d, 0x11, 0x0c, 0x86, 0x06, 0x93, 0x95, 0x14,
    0x0d, 0x16, 0x06, 0x81, 0x95, 0x0c, 0x1a, 0x88, 0x19, 0x80, 0x10, 0x1f,
    0x13, 0xa1, 0x0a, 0x19, 0x17, 0x13, 0x97, 0x1b, 0x0b, 0x94, 0x0a, 0x98,
    0x10, 0x1c, 0x01, 0x09, 0x9a, 0x0e, 0x98, 0x19, 0x82, 0x0d, 0xa2, 0x91,
    0x11, 0x14, 0x9a, 0x1a, 0x13, 0x94, 0x18, 0x9b, 0x9a, 0x98, 0x1a, 0x92,
    0x0a, 0x10, 0x14, 0x94, 0x0f, 0x85, 0x15, 0x02, 0x13, 0x9d, 0x0c, 0x0c,
    0x81, 0x1a, 0x16, 0x8f, 0x04, 0x10, 0x0b, 0x90, 0x0b, 0x0c, 0x06, 0x10,
    0x9e, 0x07, 0x15, 0x1f, 0x01, 0x13, 0x84, 0xa1, 0x9c, 0x15, 0x11, 0x0b,
    0x12, 0x90, 0x09, 0x15, 0x94, 0x82, 0x00, 0x0e, 0x18, 0x01, 0x93, 0x95,
    0x96, 0x8d, 0x16, 0x0e, 0x97, 0x92, 0x11, 0x04, 0x8f, 0x8f, 0x9c, 0x13,
    0x16, 0x1c, 0x83, 0x1a, 0x98, 0x96, 0x8f, 0x93, 0x08, 0x19, 0x93, 0x02,
    0x8f, 0x15, 0x8b, 0x9c, 0x8b, 0x00, 0x9a, 0x16, 0x06, 0x91, 0x9c, 0x06,
    0x09, 0x18, 0x02, 0x0c, 0x8a, 0x15, 0x81, 0x0d, 0x13, 0x91, 0x99, 0x95,
    0x01, 0x1b, 0x12, 0x91, 0x9d, 0x9e, 0x0a, 0x9d, 0x0f, 0x97, 0x16, 0x14,
    0x95, 0x13, 0x93, 0x17, 0x84, 0x08, 0x11, 0xa1, 0x14, 0x12, 0x14, 0x8b,
    0x07, 0x17, 0x99, 0x03, 0x12, 0x97, 0x0c, 0x0a, 0x21, 0x09, 0x85, 0x17,
    0x98, 0x9d, 0x10, 0x05, 0x01, 0x00, 0x18, 0x9b, 0x92, 0x1d, 0x90, 0x14,
    0x1a, 0x93, 0x02, 0x02, 0x15, 0x88, 0x9a, 0x1c, 0xa2, 0x07, 0x11, 0x1b,
    0x05, 0x0a, 0x0b, 0xa5, 0x97, 0x94, 0x9b, 0x20, 0x84, 0x02, 0x84, 0x19,
    0x88, 0x14, 0x9c, 0x08, 0x9a, 0x0e, 0x09, 0x80, 0x94, 0x99, 0x8c, 0x9b,
    0x12, 0xa2, 0x01, 0x96, 0x90, 0x0d, 0x8d, 0x0d, 0x0c, 0x85, 0x1b, 0x91,
    0x9a, 0x90, 0x8d, 0x12, 0x8c, 0x0b, 0x12, 0x96, 0x99, 0x91, 0x95, 0x94,
    0x13, 0x15, 0x96, 0x98, 0x02, 0x00, 0x99, 0x91, 0x13, 0x8f, 0x86, 0x1e,
    0x14, 0x8b, 0x8e, 0x95, 0x10, 0x95, 0x08, 0x0a, 0x19, 0xa2, 0x99, 0x1a,
    0x0b, 0x97, 0x93, 0x1a, 0x9c, 0x9d, 0x9b, 0x0e, 0x96, 0x9b, 0x81, 0x11,
    0x92, 0x92, 0xa3, 0x97, 0x0e, 0x90, 0x0b, 0x1b, 0x19, 0x97, 0x08, 0x82,
    0x05, 0x19, 0x82, 0x9b, 0x11, 0x13, 0x8b, 0x12, 0x85, 0x95, 0x16, 0x21,
    0x97, 0x8e, 0x13, 0x8b, 0x0a, 0x9a, 0x87, 0x96, 0x06, 0x93, 0x15, 0x18,
    0x20, 0x14, 0x15, 0x90, 0x98, 0x90, 0x89, 0x97, 0x08, 0x83, 0x98, 0x08,
    0x9c, 0x1c, 0x19, 0x07, 0x8d, 0x1b, 0x9a, 0x08, 0x16, 0x0e, 0x95, 0x8c,
    0x07, 0x22, 0x0f, 0x02, 0x08, 0x0d, 0x93, 0x1c, 0x99, 0x9e, 0x92, 0x95,
    0x15, 0x1b, 0x12, 0x01, 0x8e, 0x07, 0x8c, 0x97, 0xa1, 0x1c, 0x84, 0x17,
    0x07, 0x8b, 0x84, 0x1b, 0x20, 0x19, 0x1c, 0x83, 0x86, 0x93, 0x91, 0x9d,
    0x11, 0xa6, 0x86, 0x03, 0x84, 0x91, 0x1f, 0x16, 0x9c, 0x19, 0xa0, 0x94,
    0x1c, 0x09, 0x01, 0x9e, 0x9a, 0x14, 0x9a, 0x94, 0x82, 0x12, 0xa3, 0x24,
    0x21, 0x90, 0x96, 0x9d, 0xa0, 0x1e, 0x15, 0x82, 0x23, 0x26, 0x15, 0x09,
    0x22, 0x15, 0x9b, 0x19, 0x0a, 0x1a, 0xa1, 0x09, 0x99, 0x9d, 0x9a, 0x1d,
    0x96, 0x12, 0x96, 0x1b, 0x15, 0x0e, 0x96, 0x0e, 0x25, 0x8d, 0x90, 0x14,
    0x19, 0x17, 0x19, 0x09, 0x84, 0x19, 0x19, 0x1c, 0x96, 0x91, 0x99, 0x97,
    0x12, 0x1a, 0x04, 0x9a, 0x98, 0x9a, 0x18, 0x96, 0x12, 0x98, 0x8b, 0x0d,
    0x87, 0x96, 0x24, 0x99, 0x03, 0x9f, 0x12, 0x08, 0xa2, 0x0c, 0xa4, 0x90,
    0x25, 0x9a, 0x1e, 0x9e, 0x24, 0x8f, 0x12, 0x8a, 0xa1, 0xa3, 0x9f, 0x95,
    0x04, 0x1a, 0x1b, 0x1a, 0x13, 0x22, 0x1d, 0x9e, 0x81, 0x94, 0xa6, 0x85,
    0x97, 0x8b, 0x98, 0x1c, 0x98, 0x9d, 0x87, 0x13, 0x88, 0x9d, 0x89, 0x9c,
    0xa1, 0x84, 0x94, 0x86, 0xa0, 0x19, 0x8c, 0x16, 0x0f, 0x09, 0x16, 0x12,
    0xa1, 0x9e, 0x94, 0x0e, 0x90, 0x81, 0x1a, 0xa3, 0x1e, 0xa2, 0x03, 0x96,
    0x81, 0x9a, 0x27, 0x8e, 0x9b, 0x08, 0x9a, 0x9d, 0x81, 0x85, 0x21, 0x1c,
    0x99, 0x11, 0x88, 0xa1, 0x10, 0x9c, 0xa6, 0x14, 0x9a, 0x1e, 0x96, 0x99,
    0x12, 0x99, 0x9e, 0x12, 0x1a, 0x90, 0x92, 0x8b, 0x0d, 0x1b, 0x11, 0x01,
    0x8f, 0x11, 0x01, 0x14, 0x81, 0x80, 0x91, 0x93, 0x83, 0x18, 0x0a, 0x9a,
    0x82, 0x10, 0x09, 0x12, 0x98, 0x0f, 0x16, 0x18, 0x11, 0x07, 0x9a, 0x1e,
    0x1e, 0x11, 0x17, 0x07, 0x9b, 0x18, 0x0f, 0x95, 0x13, 0x13, 0xa0, 0x1f,
    0x22, 0x1b, 0x20, 0x15, 0x91, 0x09, 0x1a, 0x0a, 0x9a, 0x16, 0x9a, 0x96,
    0x99, 0x1d, 0x10, 0x13, 0x9b, 0x8c, 0x19, 0x9d, 0x20, 0x0f, 0x82, 0x0c,
    0x9e, 0x9e, 0x03, 0x21, 0x10, 0x1b, 0x1b, 0x96, 0x80, 0x0d, 0x18, 0x14,
    0x81, 0x0c, 0x89, 0x0e, 0x13, 0x16, 0x14, 0x04, 0x9d, 0xa2, 0xa2, 0x92,
    0x9e, 0x20, 0x11, 0x83, 0x1e, 0x21, 0x18, 0x14, 0x1e, 0x18, 0x07, 0x1a,
    0x81, 0x1a, 0x19, 0xa1, 0x9b, 0x09, 0x02, 0x9c, 0x13, 0x1e, 0x80, 0x1c,
    0x06, 0x93, 0x9b, 0x81, 0x14, 0x05, 0x09, 0x0c, 0x98, 0x22, 0x12, 0x83,
    0x9a, 0x8f, 0x17, 0x0f, 0x9f, 0x8a, 0x04, 0x12, 0x0f, 0x15, 0x11, 0x92,
    0x98, 0x93, 0x1b, 0x8a, 0x0f, 0x98, 0x0a, 0x0a, 0x1a, 0x8b, 0x95, 0x17,
    0x82, 0xa1, 0x06, 0x9a, 0x8d, 0xa5, 0x90, 0x99, 0x0a, 0x0e, 0x1f, 0x16,
    0x08, 0x1f, 0x14, 0x14, 0x10, 0x92, 0x90, 0x9a, 0x9d, 0x16, 0x9e, 0xa5,
    0x94, 0x09, 0x02, 0x14, 0x89, 0x12, 0x9d, 0x12, 0x8f, 0x95, 0x9a, 0x16,
    0x94, 0x1b, 0x08, 0x04, 0x90, 0x15, 0x18, 0x19, 0xa0, 0x97, 0x90, 0x14,
    0x07, 0x0a, 0x02, 0x0e, 0x08, 0x90, 0x85, 0x15, 0x0d, 0x91, 0x10, 0x06,
    0x9b, 0x16, 0x9b, 0x11, 0x20, 0x23, 0x9c, 0x9e, 0x21, 0x1f, 0x9a, 0x18,
    0x0f, 0xa2, 0x18, 0x11, 0x8a, 0x03, 0x8e, 0x20, 0x12, 0x16, 0x8c, 0x94,
    0x1d, 0x23, 0x15, 0x8e, 0x94, 0x0e, 0x13, 0x0f, 0x93, 0x0d, 0x04, 0x17,
    0x99, 0x8a, 0x8f, 0x1d, 0x23, 0x13, 0x81, 0x85, 0x24, 0x98, 0x8d, 0x1d,
    0x02, 0x19, 0xa2, 0x90, 0x0f, 0x95, 0x84, 0x0b, 0x1d, 0x14, 0x98, 0x20,
    0x9d, 0x06, 0x0b, 0x00, 0x8a, 0x1c, 0x13, 0xa1, 0xa3, 0x97, 0x8a, 0x23,
    0x0f, 0x9b, 0x19, 0x06, 0x1b, 0x06, 0x16, 0x9a, 0x8e, 0x9e, 0x94, 0x1f,
    0x07, 0x22, 0xa0, 0x20, 0x81, 0x1e, 0x13, 0x95, 0x9a, 0x19, 0x88, 0x1e,
    0x03, 0x83, 0x9b, 0x84, 0x08, 0x08, 0x97, 0x93, 0x8d, 0x92, 0x99, 0x9a,
    0x9f, 0x17, 0x8c, 0x12, 0x8b, 0xa2, 0x8b, 0x23, 0x96, 0x92, 0x8b, 0x05,
    0x9f, 0x07, 0x9a, 0x1c, 0x99, 0x8b, 0x83, 0x07, 0x08, 0x94, 0x9a, 0x9a,
    0x95, 0x03, 0xa2, 0x10, 0x18, 0x86, 0xa3, 0x92, 0x06, 0x9e, 0x11, 0x0e,
    0x11, 0x91, 0x88, 0x96, 0xa6, 0x97, 0x98, 0x24, 0x21, 0x84, 0x0e, 0x88,
    0x1e, 0xa0, 0x04, 0x11, 0x1a, 0x9b, 0x12, 0x1c, 0x21, 0x90, 0x15, 0x9c,
    0x02, 0x94, 0x97, 0x04, 0xa1, 0x06, 0x91, 0x12, 0x83, 0x9d, 0x95, 0x14,
    0x8f, 0x0d, 0x94, 0x94, 0x9c, 0x8c, 0x03, 0xa4, 0x0a, 0x9c, 0x03, 0x89,
    0x87, 0x81, 0x9c, 0x99, 0xa0, 0x07, 0x1f, 0x04, 0x13, 0x14, 0x03, 0x03,
    0x92, 0x18, 0x23, 0x16, 0x25, 0x86, 0x13, 0x18, 0x9b, 0x91, 0x0a, 0x9d,
    0x98, 0x1d, 0xa1, 0x16, 0x99, 0x13, 0x11, 0x05, 0x02, 0x8a, 0x95, 0x11,
    0x91, 0x1c, 0x8e, 0x93, 0x99, 0x8b, 0x91, 0x20, 0x13, 0x16, 0x96, 0x9e,
    0x11, 0x83, 0x13, 0x0c, 0x90, 0x12, 0x1a, 0x0f, 0x99, 0x12, 0x93, 0x07,
    0x0f, 0x16, 0x81, 0x99, 0x05, 0x19, 0x8b, 0x13, 0x1a, 0x13, 0x11, 0x98,
    0xa7, 0x09, 0x08, 0x11, 0x21, 0x09, 0x12, 0x98, 0x9d, 0x98, 0x8a, 0xa0,
    0x12, 0x89, 0x11, 0x18, 0x10, 0xa2, 0x01, 0x1a, 0x03, 0x05, 0x01, 0xa4,
    0x9a, 0x8c, 0x94, 0x13, 0x98, 0x11, 0x16, 0x04, 0x97, 0x1b, 0x9d, 0x0d,
    0x22, 0x1a, 0x97, 0x22, 0x86, 0x8e, 0x94, 0x07, 0x82, 0xa1, 0x13, 0x92,
    0x23, 0x84, 0x8c, 0x82, 0x1b, 0x11, 0x15, 0xa1, 0x94, 0x0c, 0x8a, 0x8c,
    0x98, 0x24, 0x11, 0x19, 0x17, 0x85, 0x0a, 0x1e, 0x13, 0xa4, 0x07, 0x0f,
    0xa1, 0x9d, 0xa6, 0x89, 0x0f, 0x16, 0x11, 0x06, 0x9b, 0x8a, 0x93, 0x19,
    0x08, 0x98, 0x22, 0x10, 0x1c, 0x07, 0x21, 0x20, 0x83, 0xa1, 0x1c, 0x9d,
    0x17, 0x20, 0x9d, 0x93, 0x19, 0x29, 0x9e, 0x16, 0x14, 0x16, 0x13, 0x0f,
    0x87, 0x24, 0x99, 0x00, 0x92, 0x1a, 0x99, 0x0b, 0x8d, 0x12, 0x0f, 0x21,
    0x97, 0x9e, 0xa0, 0x12, 0x18, 0x84, 0x20, 0x97, 0x98, 0x03, 0x16, 0x22,
    0x19, 0x8d, 0x09, 0xa7, 0x0b, 0x16, 0x9f, 0x04, 0x95, 0xa1, 0x1f, 0x19,
    0x19, 0x1f, 0x8d, 0x99, 0x1d, 0x94, 0x12, 0x9c, 0xa3, 0x95, 0x17, 0x20,
    0x8d, 0x13, 0x98, 0x84, 0x96, 0x94, 0x88, 0x00, 0xa4, 0x12, 0x9a, 0x0f,
    0x10, 0xaa, 0x98, 0x13, 0x93, 0x88, 0x1c, 0x95, 0x86, 0x92, 0x8c, 0x85,
    0x01, 0x0b, 0x97, 0x9c, 0x01, 0x03, 0x13, 0x96, 0x17, 0x15, 0x1c, 0xa2,
    0x1f, 0x24, 0x94, 0x95, 0x12, 0x83, 0x12, 0x00, 0x23, 0x81, 0x83, 0x19,
    0x04, 0x98, 0x18, 0x9b, 0x0c, 0x17, 0x8d, 0x1f, 0x81, 0x19, 0x14, 0x82,
    0x21, 0x91, 0x0e, 0x81, 0x0c, 0x8d, 0x82, 0x85, 0x13, 0xa1, 0x96, 0x23,
    0x11, 0x01, 0x88, 0x84, 0x08, 0xa0, 0xa1, 0x06, 0x92, 0x18, 0x9f, 0x19,
    0x81, 0x1c, 0x9c, 0x9b, 0x06, 0x84, 0x04, 0x9f, 0x94, 0xa3, 0x95, 0x1a,
    0x8b, 0x03, 0xa1, 0x21, 0x9c, 0x22, 0x9b, 0x9c, 0x14, 0x97, 0x06, 0x05,
    0x21, 0x11, 0x17, 0x20, 0xa7, 0x22, 0x85, 0xa3, 0x92, 0xa3, 0x07, 0x03,
    0x1f, 0x19, 0x96, 0x23, 0x86, 0x12, 0x1a, 0x0b, 0x1b, 0x9d, 0x05, 0x94,
    0x1d, 0x95, 0x1b, 0x0b, 0x94, 0x14, 0x8a, 0x1b, 0x07, 0x85, 0x89, 0x98,
    0x14, 0x18, 0x07, 0x15, 0x05, 0x18, 0x20, 0x14, 0x88, 0x18, 0x05, 0x0c,
    0x19, 0x0b, 0x1a, 0x0e, 0x9d, 0x8e, 0x9a, 0x89, 0x85, 0x92, 0x1b, 0x04,
    0x17, 0x1b, 0x92, 0x0e, 0x04, 0x92, 0x85, 0x91, 0x14, 0x90, 0x8e, 0x21,
    0x13, 0x18, 0x92, 0x95, 0x0a, 0x90, 0x92, 0x87, 0x8f, 0x20, 0x1d, 0x13,
    0x1c, 0x90, 0x06, 0x0c, 0x88, 0x18, 0x93, 0x01, 0x14, 0x99, 0x95, 0x93,
    0x17, 0x93, 0x10, 0x15, 0x8a, 0x17, 0x05, 0x0b, 0x11, 0x8e, 0x10, 0x97,
    0x1d, 0x14, 0xa0, 0x97, 0x1a, 0x92, 0x02, 0x85, 0x8f, 0x18, 0x9a, 0x9c,
    0x1b, 0x12, 0x9d, 0x10, 0x82, 0x18, 0x1f, 0x92, 0x0a, 0x15, 0x96, 0x9c,
    0x94, 0x15, 0x06, 0xa2, 0x90, 0x87, 0x97, 0x88, 0x0f, 0x19, 0x18, 0x86,
    0x9a, 0x9c, 0x8b, 0x10, 0x97, 0x1b, 0x05, 0x12, 0x93, 0x86, 0x83, 0x91,
    0x93, 0x07, 0x05, 0x14, 0x93, 0x97, 0x8d, 0x16, 0x85, 0x92, 0x04, 0x98,
    0x93, 0x0b, 0x86, 0x07, 0x91, 0x8f, 0x19, 0x14, 0x9c, 0x81, 0x01, 0x1a,
    0x21, 0x83, 0x07, 0x92, 0x94, 0x07, 0x99, 0x94, 0x0f, 0x13, 0x06, 0x91,
    0x96, 0x91, 0x90, 0x10, 0x0f, 0x83, 0x02, 0x10, 0x09, 0x00, 0x8a, 0x8d,
    0x94, 0x10, 0x83, 0x86, 0x88, 0x94, 0x8d, 0x88, 0x86, 0x85, 0x91, 0x0b,
    0x8d, 0x87, 0x0e, 0x0b, 0x0a, 0x17, 0x8f, 0x07, 0x09, 0x13, 0x05, 0x12,
    0x02, 0x92, 0x96, 0x87, 0x10, 0x92, 0x91, 0x8a, 0x87, 0x04, 0x97, 0x94,
    0x81, 0x08, 0x86, 0x86, 0x94, 0x0e, 0x11, 0x10, 0x85, 0x03, 0x02, 0x06,
    0x82, 0x98, 0x01, 0x08, 0x89, 0x19, 0x81, 0x80, 0x85, 0x12, 0x9a, 0x9a,
    0x1a, 0x02, 0x03, 0x08, 0x1a, 0x0a, 0x10, 0x89, 0x09, 0x92, 0x07, 0x9a,
    0x10, 0x11, 0x11, 0x0b, 0x04, 0x93, 0x87, 0x99, 0x86, 0x05, 0x1e, 0x99,
    0x98, 0xa0, 0x9a, 0x18, 0x9a, 0x85, 0x16, 0x17, 0x15, 0xa1, 0x84, 0x8e,
    0x80, 0x0a, 0x11, 0x99, 0x91, 0x08, 0x93, 0x82, 0x95, 0x89, 0x83, 0x1b,
    0x1b, 0x9b, 0x90, 0x9d, 0x09, 0x1d, 0x19, 0x21, 0x99, 0x03, 0x9c, 0x96,
    0x83, 0x17, 0x83, 0x19, 0x99, 0x98, 0x0e, 0x02, 0x12, 0x8a, 0x17, 0x86,
    0x19, 0x0c, 0x0d, 0x9f, 0x95, 0x0a, 0x0f, 0x87, 0x10, 0x06, 0x94, 0x0c,
    0x90, 0x17, 0x81, 0x01, 0x0f, 0x13, 0x0d, 0x8e, 0x82, 0x80, 0x91, 0x86,
    0x95, 0x1a, 0x04, 0x02, 0x06, 0x95, 0x1a, 0x19, 0x81, 0x89, 0x8d, 0x10,
    0x07, 0x89, 0x12, 0x14, 0x9a, 0x09, 0x1c, 0x87, 0x05, 0x9a, 0xa2, 0x8e,
    0x12, 0x94, 0x14, 0x1d, 0x0c, 0x92, 0x96, 0x0a, 0x8a, 0x02, 0x0b, 0x0f,
    0x8a, 0x8e, 0x97, 0x03, 0x07, 0x0d, 0x10, 0x03, 0x97, 0x01, 0x16, 0x84,
    0x05, 0x91, 0x10, 0x97, 0x16, 0x92, 0x0b, 0x90, 0x81, 0x8a, 0x93, 0x83,
    0x88, 0x91, 0x0e, 0x91, 0x18, 0x8d, 0x0e, 0x80, 0x8b, 0x0e, 0x04, 0x92,
    0x84, 0x0b, 0x09, 0x9c, 0x08, 0x8f, 0x8b, 0x05, 0x06, 0x85, 0x91, 0x0e,
    0x9a, 0x04, 0x06, 0x85, 0x91, 0x84, 0x8e, 0x10, 0x85, 0x0c, 0x1e, 0x82,
    0x98, 0x91, 0x8a, 0x8c, 0x97, 0x03, 0x08, 0x89, 0x06, 0x03, 0x83, 0x1b,
    0x1b, 0x07, 0x0c, 0x8c, 0x8d, 0x18, 0x90, 0x07, 0x86, 0x8e, 0x02, 0x8d,
    0x09, 0x04, 0x0a, 0x8b, 0x0f, 0x18, 0x11, 0x0e, 0x93, 0x05, 0x01, 0x07,
    0x86, 0x04, 0x84, 0x1b, 0x0c, 0x96, 0x09, 0x8f, 0x8a, 0x04, 0x01, 0x18,
    0x12, 0x90, 0x87, 0x14, 0x1a, 0x16, 0x13, 0x92, 0x85, 0x87, 0x8c, 0x09,
    0x8c, 0x06, 0x94, 0x06, 0x95, 0x08, 0x0a, 0x16, 0x1a, 0x91, 0x89, 0x05,
    0x89, 0x8a, 0x8d, 0x0a, 0x90, 0x19, 0x84, 0x84, 0x86, 0x8e, 0x9a, 0x01,
    0x03, 0x0a, 0x08, 0x11, 0x92, 0x9b, 0x12, 0x1d, 0x11, 0x96, 0x1d, 0x8f,
    0x93, 0x0d, 0x86, 0x94, 0x91, 0x94, 0x1d, 0x08, 0x94, 0x01, 0x9a, 0x18,
    0x17, 0x1a, 0x13, 0x10, 0x07, 0x1b, 0x9a, 0x8c, 0x86, 0x1b, 0x03, 0x92,
    0x88, 0x91, 0x98, 0x88, 0x18, 0x0d, 0x19, 0x01, 0x8b, 0x02, 0x12, 0x88,
    0x96, 0x11, 0x05, 0x88, 0x87, 0x14, 0x94, 0x93, 0x16, 0x97, 0x9a, 0x1c,
    0x0f, 0x12, 0x82, 0x01, 0x93, 0x1b, 0x91, 0x97, 0x02, 0x98, 0x02, 0x1f,
    0x8b, 0x0d, 0x19, 0x8f, 0x9d, 0x97, 0x01, 0x11, 0x8d, 0x05, 0x00, 0x02,
    0x17, 0x85, 0x13, 0x17, 0x85, 0x9d, 0xa3, 0x9f, 0x87, 0x8d, 0x20, 0xa3,
    0x21, 0x93, 0x16, 0x19, 0x8e, 0x90, 0x12, 0x96, 0x12, 0x02, 0x93, 0x81,
    0x0a, 0x9a, 0x82, 0x92, 0x97, 0xa0, 0x14, 0x18, 0x0e, 0xa3, 0x8e, 0x20,
    0x92, 0x1f, 0x0d, 0x1b, 0x19, 0x13, 0x0a, 0x92, 0x1b, 0x8b, 0x18, 0x04,
    0x95, 0x21, 0x19, 0x17, 0x93, 0x99, 0x91, 0x98, 0x11, 0x90, 0x10, 0x0a,
    0x1d, 0x00, 0x97, 0x14, 0x05, 0x16, 0x83, 0x99, 0x83, 0x14, 0x82, 0x14,
    0x90, 0x19, 0x17, 0x10, 0x9e, 0x8c, 0x9b, 0x02, 0x0c, 0x1e, 0x9b, 0x19,
    0x81, 0x10, 0x9a, 0x97, 0x13, 0x02, 0x9c, 0x98, 0x18, 0x92, 0x05, 0x97,
    0x17, 0xa2, 0x12, 0x83, 0x1b, 0x88, 0x9b, 0x13, 0x18, 0x14, 0x93, 0x1b,
    0x9e, 0x08, 0x12, 0x91, 0x00, 0x93, 0x90, 0x12, 0x00, 0x12, 0x02, 0x12,
    0x96, 0x86, 0x19, 0x85, 0x0e, 0x00, 0x07, 0x1e, 0x04, 0x9d, 0x81, 0x16,
    0x04, 0x12, 0x9a, 0x19, 0x82, 0x95, 0x07, 0x97, 0x1b, 0x1c, 0x07, 0x12,
    0x9a, 0x04, 0x8a, 0x18, 0x0b, 0x14, 0xa0, 0x84, 0x0f, 0x04, 0x97, 0x19,
    0x14, 0x94, 0x10, 0x8b, 0x98, 0x8c, 0x1a, 0x94, 0x11, 0x16, 0x1a, 0x96,
    0x06, 0x82, 0x0c, 0x84, 0x18, 0x9a, 0x0b, 0x05, 0x85, 0x1b, 0x14, 0x8d,
    0x02, 0x0b, 0x13, 0x83, 0x17, 0x12, 0x80, 0x10, 0x99, 0x12, 0x0b, 0x1a,
    0x0a, 0x15, 0x02, 0xa2, 0x96, 0x17, 0x15, 0x11, 0x14, 0x8f, 0x82, 0x17,
    0x8e, 0x8c, 0x0b, 0x0f, 0x14, 0x04, 0x92, 0x89, 0x92, 0x92, 0x1a, 0x13,
    0x97, 0x89, 0x18, 0x01, 0x8d, 0x90, 0x9a, 0x02, 0x18, 0x16, 0x8f, 0x1c,
    0x92, 0x9a, 0x91, 0x84, 0x86, 0x1b, 0x0e, 0x07, 0x96, 0x0e, 0x95, 0x99,
    0x12, 0x07, 0x8d, 0x0d, 0x03, 0x92, 0x9f, 0x08, 0x0b, 0x09, 0x90, 0x09,
    0x8f, 0x82, 0x01, 0x84, 0x84, 0x91, 0x83, 0x92, 0x84, 0x1e, 0x14, 0x92,
    0x98, 0x9d, 0x11, 0x98, 0x09, 0x99, 0x1c, 0x11, 0x9a, 0x13, 0x94, 0x1d,
    0x91, 0x0c, 0x19, 0xa0, 0x17, 0x13, 0x18, 0x82, 0x0e, 0x12, 0x8e, 0x0b,
    0x10, 0x95, 0x87, 0x04, 0x23, 0x19, 0x11, 0x18, 0x97, 0x9a, 0x8a, 0x11,
    0x0a, 0x13, 0x17, 0x91, 0x90, 0x1c, 0x9b, 0x10, 0x04, 0x91, 0x94, 0x82,
    0x14, 0x9a, 0x89, 0x20, 0x96, 0x15, 0x86, 0x16, 0x10, 0x1a, 0x95, 0xa6,
    0x17, 0x9b, 0x8b, 0x21, 0x94, 0x13, 0x91, 0x1e, 0x8b, 0x16, 0xa1, 0x15,
    0x9b, 0x15, 0x04, 0x0d, 0x8a, 0x9a, 0x91, 0x9a, 0x16, 0xa3, 0x0e, 0x88,
    0x93, 0x19, 0x96, 0x93, 0x08, 0x93, 0x18, 0x81, 0x98, 0x99, 0x96, 0x0d,
    0x91, 0x07, 0x89, 0x05, 0x9b, 0x93, 0x84, 0x90, 0x0a, 0x17, 0x9d, 0x94,
    0x03, 0x0c, 0x96, 0x01, 0x09, 0x97, 0x0b, 0x1a, 0x03, 0x85, 0x8d, 0x92,
    0x0d, 0x05, 0x93, 0x8b, 0x80, 0xa5, 0x96, 0x17, 0x87, 0x99, 0x0b, 0x1f,
    0x95, 0x9a, 0x9b, 0x02, 0x92, 0x9b, 0x19, 0x19, 0x88, 0x12, 0xa3, 0x01,
    0x0e, 0x86, 0x90, 0x1b, 0x1a, 0x9a, 0x8e, 0x15, 0x89, 0x1d, 0x17, 0x99,
    0x1b, 0x17, 0x04, 0x15, 0x0b, 0x93, 0x10, 0x22, 0x99, 0x82, 0x17, 0x0e,
    0x0b, 0x9c, 0x0a, 0x97, 0x8f, 0x91, 0x82, 0x16, 0x1e, 0x04, 0x14, 0x87,
    0x05, 0x07, 0x8c, 0x97, 0x81, 0x16, 0x9f, 0x07, 0x0b, 0x13, 0x1b, 0x09,
    0x92, 0x1f, 0x9d, 0x11, 0x12, 0x0c, 0x9d, 0x82, 0x05, 0x23, 0x85, 0x0a,
    0x03, 0x0c, 0x8a, 0x1f, 0x9c, 0xa1, 0x02, 0x90, 0x11, 0x1d, 0x19, 0x92,
    0x92, 0x13, 0x92, 0x8d, 0x9c, 0x1b, 0x05, 0x19, 0x07, 0x8b, 0x1b, 0x19,
    0x1e, 0x1c, 0x10, 0x0f, 0x1d, 0x96, 0x13, 0x96, 0x08, 0xa6, 0x03, 0x95,
    0x82, 0x93, 0x1c, 0x85, 0x92, 0x0f, 0x9a, 0x8d, 0x1c, 0x08, 0x06, 0x9d,
    0x13, 0x18, 0x99, 0x94, 0x09, 0x14, 0xa5, 0x24, 0x19, 0x8e, 0x96, 0x9b,
    0xa3, 0x21, 0x8d, 0x0a, 0x21, 0x26, 0x13, 0x8e, 0x1f, 0x08, 0x9a, 0x1b,
    0x8a, 0x0e, 0x96, 0x98, 0x9d, 0xa0, 0x9e, 0x21, 0x90, 0x1b, 0xa0, 0x87,
    0x1a, 0x81, 0x86, 0x12, 0x27, 0x96, 0x96, 0x8c, 0x96, 0x88, 0x94, 0x13,
    0x9e, 0x10, 0x1e, 0x9e, 0x9c, 0x86, 0x9c, 0x9c, 0x19, 0x88, 0x89, 0x90,
    0x95, 0x9b, 0x08, 0x06, 0x8d, 0x91, 0x96, 0x8b, 0x8b, 0x99, 0x23, 0x9c,
    0x9a, 0x93, 0x15, 0x91, 0xa3, 0x16, 0xa2, 0x9e, 0x21, 0x9a, 0x14, 0xa5,
    0x24, 0x00, 0x99, 0x97, 0xa3, 0xa5, 0xa2, 0x02, 0x12, 0x0a, 0x1b, 0x05,
    0x13, 0x1c, 0x21, 0x84, 0x8c, 0x92, 0xa3, 0x97, 0x9b, 0x81, 0x9c, 0x23,
    0x22, 0x8b, 0x18, 0x19, 0x1d, 0x9a, 0x93, 0x05, 0xa0, 0x0c, 0x92, 0x00,
    0xa0, 0x0c, 0x14, 0x16, 0x09, 0x8a, 0x20, 0x88, 0x9f, 0xa0, 0x91, 0x0e,
    0x88, 0x04, 0x17, 0xa0, 0x1f, 0xa5, 0x02, 0x0d, 0x07, 0x9d, 0x25, 0x11,
    0x96, 0x12, 0x99, 0x98, 0x09, 0x88, 0x24, 0x1e, 0x9b, 0x03, 0x18, 0xa3,
    0x01, 0x96, 0xa5, 0x1c, 0x94, 0x21, 0x98, 0x99, 0x0a, 0x99, 0x85, 0x0c,
    0x17, 0x9a, 0x95, 0x97, 0x8a, 0x13, 0x0c, 0x83, 0x8f, 0x16, 0x11, 0x9b,
    0x02, 0x85, 0x8c, 0x9f, 0x02, 0x16, 0x04, 0x98, 0x11, 0x03, 0x91, 0x14,
    0x09, 0x18, 0x11, 0x0a, 0x15, 0x02, 0x9d, 0x07, 0x14, 0x19, 0x13, 0x85,
    0x9d, 0x20, 0x99, 0x9d, 0x04, 0x18, 0xa2, 0x16, 0x1a, 0x17, 0x09, 0x14,
    0x9a, 0x89, 0x1d, 0x86, 0x9b, 0x02, 0xa1, 0x06, 0x81, 0x1a, 0x0c, 0x1c,
    0x9b, 0x83, 0x19, 0x9b, 0x19, 0x17, 0x90, 0x19, 0x81, 0x99, 0x13, 0x1b,
    0x0d, 0x1d, 0x12, 0x05, 0x01, 0x86, 0x19, 0x1a, 0x06, 0x09, 0x8a, 0x0e,
    0x18, 0x14, 0x08, 0x02, 0x03, 0xa2, 0xa0, 0x08, 0x9e, 0x1d, 0x01, 0x0f,
    0x20, 0x1f, 0x13, 0x1e, 0x1e, 0x17, 0x9b, 0x1a, 0x0c, 0x16, 0x1c, 0x9f,
    0x9f, 0x8e, 0x1f, 0x99, 0x10, 0x20, 0x15, 0x12, 0x82, 0x04, 0x9c, 0x18,
    0x13, 0x02, 0x08, 0x17, 0x94, 0x23, 0x87, 0x82, 0x9c, 0x02, 0x1b, 0x16,
    0x99, 0x03, 0x0e, 0x03, 0x13, 0x17, 0x88, 0x19, 0x98, 0x93, 0x1c, 0x0e,
    0x11, 0x81, 0x00, 0x88, 0x18, 0x0a, 0x94, 0x17, 0x14, 0xa3, 0x0e, 0x8e,
    0x95, 0xa3, 0x94, 0x94, 0x1a, 0x88, 0x1f, 0x1a, 0x13, 0x19, 0x12, 0x19,
    0x18, 0x99, 0x02, 0x90, 0x9e, 0x10, 0x87, 0xa5, 0x89, 0x19, 0x06, 0x0b,
    0x8b, 0x19, 0x9f, 0x11, 0x97, 0x97, 0xa1, 0x14, 0x90, 0x1e, 0x05, 0x10,
    0x90, 0x18, 0x0e, 0x10, 0xa3, 0x9a, 0x84, 0x13, 0x8f, 0x03, 0x06, 0x15,
    0x0f, 0x8b, 0x0c, 0x14, 0x91, 0x93, 0x19, 0x1b, 0x89, 0x15, 0x98, 0x13,
    0x1c, 0x24, 0x9c, 0x9b, 0x21, 0x1b, 0x91, 0x18, 0x09, 0xa4, 0x19, 0x0f,
    0x91, 0x88, 0x10, 0x1b, 0x18, 0x11, 0x93, 0x92, 0x20, 0x24, 0x17, 0x81,
    0x8e, 0x11, 0x0d, 0x1b, 0x91, 0x10, 0x0f, 0x0f, 0x81, 0x80, 0x8c, 0x21,
    0x22, 0x15, 0x1d, 0x98, 0x20, 0x9b, 0x98, 0x1f, 0x18, 0x11, 0x9c, 0x83,
    0x88, 0x02, 0x93, 0x9a, 0x1e, 0x05, 0x96, 0x1a, 0x03, 0x07, 0x8a, 0x8e,
    0x07, 0x1b, 0x02, 0xa4, 0x15, 0x96, 0x12, 0x23, 0x14, 0x9b, 0x8f, 0x8b,
    0x11, 0x02, 0x81, 0x92, 0x84, 0x98, 0xa6, 0x21, 0x83, 0x21, 0xa2, 0x15,
    0x95, 0x15, 0x12, 0x84, 0x9e, 0x13, 0x1b, 0x0a, 0x8a, 0x97, 0xa1, 0x1f,
    0x94, 0x83, 0x97, 0x82, 0x97, 0x8a, 0x95, 0x9a, 0x9f, 0x0a, 0x99, 0x03,
    0x00, 0xa3, 0x06, 0x22, 0x02, 0x93, 0x88, 0x16, 0x9c, 0x86, 0x96, 0x1d,
    0x9f, 0x86, 0x0a, 0x0f, 0x18, 0x96, 0x96, 0x98, 0x99, 0x12, 0xa3, 0x12,
    0x1b, 0x00, 0xa1, 0x93, 0x09, 0x9f, 0x19, 0x0c, 0x0b, 0x97, 0x17, 0x98,
    0xa4, 0x91, 0x96, 0x25, 0x20, 0x84, 0x01, 0x8a, 0x1e, 0x9a, 0x81, 0x13,
    0x1a, 0x9d, 0x88, 0x1c, 0x21, 0x8f, 0x0f, 0x9a, 0x15, 0x8e, 0x9d, 0x08,
    0xa1, 0x17, 0x8b, 0x18, 0x8c, 0x97, 0x90, 0x85, 0x09, 0x0e, 0x98, 0x16,
    0x9d, 0x88, 0x0f, 0x9d, 0x07, 0x8d, 0x10, 0x00, 0x03, 0x85, 0x98, 0x98,
    0x9e, 0x88, 0x1e, 0x16, 0x0d, 0x16, 0x09, 0x81, 0x83, 0x10, 0x22, 0x15,
    0x26, 0x95, 0x11, 0x13, 0x95, 0x9b, 0x10, 0x97, 0x97, 0x1c, 0x99, 0x16,
    0x92, 0x1b, 0x11, 0x85, 0x83, 0x0a, 0x95, 0x12, 0x8e, 0x1a, 0x8a, 0x91,
    0x9a, 0x89, 0x8b, 0x20, 0x12, 0x10, 0x92, 0x9f, 0x10, 0x81, 0x0e, 0x19,
    0x8c, 0x14, 0x1b, 0x93, 0x9d, 0x11, 0x97, 0x93, 0x04, 0x8d, 0x10, 0x8d,
    0x8b, 0x16, 0x89, 0x0b, 0x85, 0x15, 0x14, 0x9f, 0xa6, 0x08, 0x17, 0x08,
    0x1e, 0x0e, 0x13, 0x98, 0x9d, 0x93, 0x00, 0x9e, 0x08, 0x0d, 0x12, 0x1a,
    0x12, 0x9c, 0x95, 0x19, 0x81, 0x95, 0x0c, 0xa0, 0x9c, 0x8b, 0x01, 0x10,
    0x99, 0x10, 0x01, 0x92, 0x93, 0x19, 0x9e, 0x08, 0x22, 0x17, 0x8d, 0x19,
    0x99, 0x98, 0x9b, 0x15, 0x92, 0xa3, 0x1a, 0x9b, 0x22, 0x0b, 0x9c, 0x96,
    0x19, 0x81, 0x04, 0xa2, 0x97, 0x0a, 0x0b, 0x08, 0xa0, 0x25, 0x01, 0x19,
    0x16, 0x09, 0x16, 0x1d, 0x16, 0xa3, 0x11, 0x03, 0xa0, 0x9e, 0xa2, 0x98,
    0x05, 0x0f, 0x09, 0x8a, 0x9b, 0x04, 0x99, 0x11, 0x07, 0x99, 0x21, 0x19,
    0x1e, 0x05, 0x23, 0x16, 0x86, 0xa2, 0x07, 0x9f, 0x0c, 0x1e, 0x81, 0x98,
    0x12, 0x23, 0x9c, 0x91, 0x80, 0x18, 0x01, 0x89, 0x1e, 0x20, 0x09, 0x8e,
    0x9a, 0x20, 0x9a, 0x94, 0x9a, 0x85, 0x12, 0x1f, 0x01, 0xa2, 0x97, 0x1e,
    0x9a, 0x07, 0x16, 0x9b, 0x92, 0x84, 0x1e, 0x20, 0x1f, 0x82, 0x1b, 0xaa,
    0x09, 0x0d, 0x91, 0x94, 0x92, 0x9b, 0x1f, 0x1a, 0x18, 0x22, 0x9d, 0xa0,
    0x1e, 0x91, 0x85, 0x88, 0xa2, 0x99, 0x1a, 0x1b, 0x8a, 0x83, 0x9b, 0x84,
    0x93, 0x83, 0x95, 0x10, 0xa6, 0x11, 0x9a, 0x16, 0x91, 0xaa, 0x98, 0x14,
    0x92, 0x92, 0x1c, 0x0c, 0x83, 0x99, 0x12, 0x13, 0x98, 0x03, 0x8e, 0x97,
    0x12, 0x06, 0x17, 0x8a, 0x92, 0x10, 0x1c, 0xa1, 0x1e, 0x23, 0x05, 0x02,
    0x18, 0x0b, 0x0a, 0x93, 0x23, 0x88, 0x09, 0x0c, 0x04, 0x98, 0x1a, 0x94,
    0x81, 0x16, 0x12, 0x1c, 0x10, 0x1b, 0x07, 0x06, 0x20, 0x0f, 0x16, 0x82,
    0x16, 0x99, 0x04, 0x0d, 0x15, 0xa0, 0x08, 0x23, 0x83, 0x83, 0x9b, 0x11,
    0x19, 0x9e, 0x98, 0x08, 0x81, 0x19, 0x9b, 0x19, 0x05, 0x1c, 0x97, 0x9e,
    0x83, 0x96, 0x18, 0x98, 0x82, 0xa4, 0x91, 0x16, 0x18, 0x06, 0x9f, 0x22,
    0x99, 0x21, 0x9a, 0x9a, 0x0a, 0x98, 0x8e, 0x12, 0x1f, 0x11, 0x87, 0x1f,
    0xa8, 0x22, 0x8b, 0xa3, 0x9a, 0xa6, 0x11, 0x09, 0x1d, 0x07, 0x09, 0x20,
    0x97, 0x16, 0x18, 0x1c, 0x11, 0x96, 0x23, 0x07, 0x0d, 0x98, 0x8d, 0x13,
    0x1a, 0x95, 0x1c, 0x9d, 0x92, 0x94, 0x01, 0x13, 0x17, 0x23, 0xa1, 0xa0,
    0x14, 0x82, 0x85, 0x83, 0x17, 0x9d, 0x97, 0x12, 0x07, 0x1e, 0x0c, 0x9b,
    0x0d, 0x95, 0x07, 0x87, 0x0e, 0x8f, 0x03, 0x04, 0x18, 0xa6, 0x15, 0x83,
    0x0b, 0x89, 0x19, 0x83, 0x0b, 0x15, 0x94, 0x9a, 0x98, 0x1b, 0xa3, 0x11,
    0x81, 0x93, 0x99, 0x8e, 0x82, 0x92, 0x03, 0x25, 0x03, 0x19, 0x13, 0x0c,
    0x88, 0x0c, 0x08, 0x9a, 0x88, 0x8d, 0x98, 0x86, 0x11, 0x21, 0x11, 0x04,
    0x03, 0x9e, 0x08, 0x8e, 0x11, 0x95, 0x20, 0x12, 0x1d, 0x9b, 0x14, 0x81,
    0x89, 0x8d, 0x03, 0x8f, 0x92, 0x11, 0x98, 0x0d, 0x12, 0x10, 0x07, 0x8c,
    0x85, 0x1c, 0x1b, 0x09, 0x08, 0x85, 0x13, 0x8f, 0x82, 0x99, 0x91, 0x14,
    0x00, 0x9c, 0x13, 0x08, 0x93, 0x95, 0x98, 0x18, 0x19, 0x1e, 0x14, 0x01,
    0x0a, 0x98, 0x89, 0x98, 0x19, 0x86, 0x92, 0x08, 0x16, 0x9a, 0x93, 0x9b,
    0x14, 0x19, 0x14, 0x14, 0x9a, 0x14, 0x9a, 0x94, 0x9d, 0x95, 0x1c, 0x19,
    0xa5, 0x0f, 0x0b, 0x9e, 0x82, 0x0c, 0x23, 0x93, 0x13, 0x02, 0x80, 0x88,
    0x10, 0x88, 0x14, 0x85, 0x18, 0x18, 0x90, 0x88, 0x14, 0x1e, 0x19, 0x86,
    0xa2, 0x91, 0x16, 0x90, 0x17, 0x0e, 0x00, 0x00, 0x80, 0xa1, 0x20, 0x97,
    0x91, 0x11, 0x8e, 0x1c, 0x8a, 0x9d, 0x1c, 0x8d, 0x12, 0x92, 0x9b, 0x12,
    0x18, 0xa0, 0x1c, 0x92, 0x17, 0x9e, 0x17, 0x85, 0x01, 0x23, 0x91, 0x09,
    0x12, 0x18, 0x9e, 0x02, 0x0b, 0x8b, 0x91, 0x13, 0x18, 0x1a, 0x12, 0x8e,
    0x9e, 0x92, 0x9b, 0x02, 0xa0, 0x90, 0x8f, 0x85, 0x90, 0x96, 0x18, 0x25,
    0x16, 0x96, 0x9d, 0x9c, 0x96, 0x95, 0x1d, 0x15, 0x17, 0x2a, 0x1b, 0x19,
    0x8f, 0x21, 0x83, 0x1a, 0x08, 0x9c, 0x9d, 0x9a, 0x08, 0x07, 0x86, 0x02,
    0x05, 0x04, 0x03, 0x83, 0x0f, 0x85, 0x90, 0x01, 0x8c, 0x10, 0x12, 0x03,
    0x18, 0x91, 0xa6, 0x19, 0x12, 0x99, 0x84, 0x01, 0x95, 0x82, 0x1a, 0x17,
    0x9b, 0x80, 0x83, 0x02, 0x03, 0x85, 0x12, 0x90, 0x17, 0x93, 0x88, 0x0f,
    0x94, 0x04, 0x80, 0x94, 0x92, 0x9f, 0x88, 0x15, 0x1f, 0x21, 0x95, 0x88,
    0x9b, 0x14, 0xa5, 0x93, 0x1a, 0x16, 0xa2, 0xa2, 0x88, 0x90, 0x13, 0x97,
    0x81, 0x95, 0x02, 0x02, 0x09, 0x18, 0x9e, 0x88, 0x0c, 0x15, 0x80, 0x82,
    0x14, 0x95, 0x98, 0x9c, 0x9c, 0x88, 0x9c, 0xa4, 0xa1, 0x9d, 0x00, 0xa2,
    0x17, 0x24, 0x9b, 0x1d, 0xa2, 0x9d, 0x1a, 0x83, 0x89, 0x0f, 0x9a, 0x02,
    0x81, 0x16, 0x07, 0x93, 0x99, 0x99, 0x86, 0x0d, 0x80, 0x91, 0x21, 0x03,
    0x14, 0x01, 0x08, 0x00, 0xa3, 0x9e, 0x86, 0x0a, 0x95, 0x91, 0x91, 0x0e,
    0x1f, 0x13, 0x91, 0x28, 0x0a, 0x83, 0x99, 0x94, 0x13, 0x8e, 0x90, 0x10,
    0x0f, 0x92, 0x09, 0x82, 0x85, 0x9d, 0x05, 0x9b, 0x12, 0x99, 0x93, 0x1c,
    0x8e, 0xa0, 0x8b, 0x11, 0x0d, 0x89, 0x92, 0x90, 0x90, 0x94, 0x21, 0x9c,
    0x18, 0x21, 0x18, 0x0d, 0x19, 0x06, 0x1b, 0x01, 0x08, 0x16, 0x0a, 0xa3,
    0x99, 0x1f, 0x92, 0x18, 0x93, 0xa1, 0xa0, 0x9c, 0x24, 0x99, 0x9a, 0x0e,
    0x87, 0xa4, 0x99, 0x1f, 0x17, 0x1a, 0x92, 0x14, 0x9c, 0x0a, 0x97, 0x00,
    0x07, 0x0a, 0x0f, 0x00, 0x9b, 0x1d, 0x0e, 0x20, 0x8a, 0x8f, 0x03, 0x93,
    0x90, 0x05, 0x99, 0x91, 0x9c, 0x23, 0x21, 0x14, 0x1e, 0x15, 0x99, 0x98,
    0x17, 0x10, 0x99, 0x19, 0x12, 0x83, 0x87, 0x86, 0x84, 0x8a, 0x8d, 0x11,
    0x18, 0x9d, 0x86, 0x85, 0x8d, 0x9a, 0x1e, 0x9b, 0xa1, 0x17, 0x91, 0x94,
    0x19, 0xa1, 0x24, 0x86, 0x13, 0xa3, 0x86, 0x1a, 0x91, 0x03, 0x12, 0x19,
    0x93, 0x93, 0x22, 0x12, 0x93, 0x0a, 0x1e, 0x21, 0x17, 0x92, 0x11, 0x01,
    0x9a, 0x9b, 0x89, 0x8c, 0x17, 0x21, 0xa0, 0xa2, 0x12, 0x0f, 0x86, 0x05,
    0x16, 0x87, 0x96, 0x12, 0x18, 0x16, 0x81, 0x9f, 0x0a, 0x81, 0x0c, 0x12,
    0x85, 0x10, 0x13, 0x15, 0x10, 0xa4, 0x19, 0x14, 0x12, 0x92, 0x19, 0x01,
    0x04, 0x01, 0x94, 0x9d, 0x98, 0x1e, 0xa4, 0x11, 0x8a, 0x92, 0x99, 0x95,
    0x0e, 0x98, 0x0a, 0x23, 0x96, 0x0c, 0x13, 0x8c, 0x96, 0x06, 0x08, 0x8a,
    0x95, 0x86, 0x97, 0x93, 0x88, 0x1e, 0x14, 0x91, 0x01, 0x9e, 0x08, 0x99,
    0x08, 0x90, 0x20, 0x15, 0x1e, 0x92, 0x1c, 0x8b, 0x81, 0x91, 0x86, 0x92,
    0x90, 0x06, 0x94, 0x96, 0x05, 0x82, 0x8a, 0x02, 0x94, 0x18, 0x18, 0x04,
    0x91, 0x99, 0x12, 0x96, 0x88, 0x9b, 0x8f, 0x05, 0x82, 0x99, 0x19, 0x81,
    0x96, 0x96, 0x85, 0x13, 0x18, 0x1c, 0x0f, 0x86, 0x88, 0x81, 0x86, 0x0b,
    0x97, 0x02, 0x19, 0x1b, 0x1b, 0x88, 0x05, 0x19, 0x97, 0x0f, 0x89, 0x1d,
    0x9a, 0x8b, 0x93, 0x9c, 0xa0, 0x0b, 0x18, 0x19, 0xa3, 0x90, 0x8b, 0xa1,
    0x02, 0x81, 0x26, 0x99, 0x01, 0x88, 0x08, 0x8c, 0x04, 0x81, 0x1a, 0x11,
    0x05, 0x18, 0x84, 0x82, 0x14, 0x20, 0x14, 0x92, 0xa2, 0x91, 0x17, 0x8e,
    0x0c, 0x15, 0x8e, 0x01, 0x05, 0x9f, 0x20, 0x96, 0x8f, 0x0f, 0x93, 0x1b,
    0x8c, 0x99, 0x19, 0x1f, 0x16, 0x0d, 0x1c, 0x18, 0x1d, 0x9e, 0x19, 0x0e,
    0x0e, 0xa1, 0x15, 0x81, 0x03, 0x1d, 0x93, 0x82, 0x13, 0x14, 0xa0, 0x05,
    0x04, 0x03, 0x92, 0x10, 0x18, 0x1c, 0x0f, 0x95, 0x19, 0x0e, 0x8f, 0x1f,
    0x13, 0x9a, 0xa2, 0xa8, 0x11, 0x92, 0x22, 0x03, 0x25, 0x81, 0x8b, 0x16,
    0x91, 0x85, 0x15, 0x21, 0x20, 0x25, 0x1e, 0x15, 0x91, 0x05, 0x92, 0x1c,
    0x91, 0x83, 0x95, 0x89, 0x88, 0x01, 0x91, 0x03, 0x98, 0x07, 0x0b, 0x0c,
    0x08, 0x84, 0x93, 0x12, 0x9a, 0x14, 0x96, 0x82, 0x15, 0x91, 0xa4, 0x18,
    0x13, 0x0c, 0x87, 0x93, 0x91, 0x9c, 0x13, 0x1b, 0x9a, 0x99, 0x1c, 0x8b,
    0x88, 0x86, 0x0f, 0x86, 0x17, 0x0e, 0x05, 0x18, 0x9a, 0x01, 0x8b, 0x90,
    0x8f, 0x9d, 0x8e, 0x89, 0x20, 0x20, 0x93, 0x90, 0x9e, 0x11, 0xa5, 0x85,
    0x1a, 0x1f, 0xa1, 0xa2, 0x05, 0x95, 0x0e, 0x9a, 0x09, 0x05, 0x0f, 0x8a,
    0x00, 0x08, 0x9e, 0x91, 0x1b, 0x1b, 0x17, 0x0e, 0x12, 0x9b, 0x99, 0x01,
    0x9a, 0x97, 0x9b, 0xa6, 0x9b, 0x9c, 0x8a, 0xa3, 0x15, 0x1e, 0x9f, 0x1c,
    0xa5, 0x9c, 0x1e, 0x0a, 0x01, 0x11, 0x9b, 0x87, 0x92, 0x18, 0x16, 0x8a,
    0x9b, 0x9a, 0x96, 0x1a, 0x92, 0x9b, 0x21, 0x88, 0x15, 0x97, 0x14, 0x94,
    0xa2, 0x9b, 0x06, 0x0d, 0x97, 0x91, 0x85, 0x04, 0x1f, 0x10, 0x8f, 0x26,
    0x13, 0x04, 0x9a, 0x88, 0x13, 0x92, 0x82, 0x16, 0x8b, 0x96, 0x09, 0x11,
    0x86, 0x9b, 0x8c, 0x90, 0x0b, 0x9a, 0x8c, 0x1d, 0x95, 0x9c, 0x8e, 0x05,
    0x0c, 0x98, 0x96, 0x91, 0x97, 0x95, 0x23, 0x9f, 0x95, 0x17, 0x0c, 0xa3,
    0x87, 0x0f, 0x14, 0x22, 0x95, 0x12, 0x97, 0xa0, 0x9d, 0x1a, 0x98, 0x96,
    0x99, 0xa0, 0x9d, 0xa1, 0x21, 0x81, 0x99, 0x11, 0x88, 0x96, 0x00, 0x1a,
    0x1f, 0x0e, 0x9f, 0x0a, 0x88, 0x04, 0x82, 0x8a, 0x06, 0x05, 0x99, 0xa1,
    0x89, 0x1a, 0x17, 0x88, 0x80, 0x8c, 0x11, 0x98, 0x8e, 0x12, 0x98, 0x09,
    0x93, 0x1f, 0x24, 0x03, 0x1d, 0x82, 0x9b, 0x96, 0x1b, 0x0e, 0x90, 0x1d,
    0x13, 0x09, 0x90, 0x84, 0x91, 0x05, 0x1c, 0x1e, 0x16, 0x9f, 0x97, 0x21,
    0x94, 0xa0, 0x1b, 0x9d, 0xa1, 0x0e, 0x84, 0x99, 0x18, 0x9b, 0x25, 0x88,
    0x09, 0xa0, 0x85, 0x1c, 0x87, 0x8e, 0x11, 0x16, 0x02, 0x8b, 0x12, 0x9b,
    0x13, 0x01, 0x9a, 0x9c, 0x02, 0x9a, 0x15, 0x11, 0x14, 0x98, 0x91, 0x0c,
    0x1a, 0x26, 0xa0, 0xa0, 0x17, 0x13, 0x92, 0x8d, 0x0d, 0x93, 0x95, 0x13,
    0x12, 0x1d, 0x04, 0xa0, 0x8c, 0x81, 0x02, 0x96, 0x02, 0x05, 0x94, 0x8c,
    0x85, 0xa4, 0x1e, 0x04, 0x0d, 0x81, 0x20, 0x03, 0x08, 0x10, 0x94, 0xa0,
    0x9a, 0x20, 0xa6, 0x14, 0x82, 0x94, 0x9a, 0x92, 0x8e, 0x92, 0x06, 0x22,
    0x8a, 0x19, 0x00, 0x82, 0x93, 0x0a, 0x88, 0x93, 0x8b, 0x90, 0x99, 0x01,
    0x1e, 0x20, 0x11, 0x94, 0x11, 0x96, 0x06, 0x94, 0x09, 0x93, 0x20, 0x11,
    0x1f, 0x90, 0x1a, 0x8a, 0x10, 0x95, 0x8a, 0x90, 0x8d, 0x07, 0x9d, 0x12,
    0x05, 0x01, 0x8f, 0x83, 0x10, 0x18, 0x14, 0x04, 0x12, 0x95, 0x06, 0x98,
    0x8a, 0x04, 0x93, 0x16, 0x83, 0x9b, 0x1c, 0x02, 0x8b, 0x85, 0x86, 0x0d,
    0x22, 0x17, 0x10, 0x0f, 0x8d, 0x93, 0x85, 0x91, 0x94, 0x18, 0x9a, 0x99,
    0x01, 0x07, 0x18, 0x95, 0x17, 0x19, 0x07, 0x14, 0x98, 0x0e, 0x94, 0x9a,
    0x9d, 0x0f, 0x17, 0x13, 0xa3, 0x97, 0x87, 0x9e, 0x13, 0x8b, 0x27, 0x9b,
    0x89, 0x08, 0x93, 0x97, 0x15, 0x08, 0x0a, 0x91, 0x14, 0x12, 0x99, 0x1a,
    0x1a, 0x21, 0x18, 0x8c, 0xa1, 0x88, 0x18, 0x90, 0x13, 0x11, 0x82, 0x07,
    0x06, 0xa0, 0x20, 0x95, 0x93, 0x11, 0x93, 0x1a, 0x90, 0x91, 0x18, 0x9a,
    0x1a, 0x83, 0x99, 0x89, 0x85, 0xa0, 0x21, 0x13, 0x00, 0x9c, 0x12, 0x88,
    0x0d, 0x24, 0x8c, 0x00, 0x10, 0x1c, 0xa0, 0x11, 0x82, 0x8a, 0x93, 0x18,
    0x06, 0x1c, 0x04, 0x93, 0x1d, 0x8a, 0x19, 0x1a, 0x99, 0x99, 0x1f, 0x23,
    0x0e, 0x99, 0x20, 0x94, 0xa3, 0x89, 0x90, 0x82, 0x9b, 0x9a, 0x1e, 0x1a,
    0x1b, 0x28, 0x1d, 0x1e, 0x94, 0x19, 0x98, 0x1c, 0x9d, 0x99, 0x99, 0x90,
    0x84, 0x8d, 0x97, 0x0c, 0x8a, 0x06, 0x04, 0x98, 0x0e, 0x83, 0x98, 0x91,
    0x14, 0x17, 0x8c, 0x87, 0x18, 0x85, 0xa4, 0x1a, 0x16, 0x05, 0x87, 0x96,
    0x93, 0x9c, 0x13, 0x1d, 0x97, 0x98, 0x1b, 0x8c, 0x04, 0x0a, 0x17, 0x93,
    0x07, 0x92, 0x94, 0x11, 0x98, 0x13, 0x15, 0x98, 0x84, 0xa2, 0x05, 0x14,
    0x21, 0x20, 0x98, 0x93, 0x9c, 0x13, 0xa6, 0x94, 0x1b, 0x1b, 0xa0, 0xa3,
    0x03, 0x8f, 0x11, 0x99, 0x03, 0x98, 0x81, 0x01, 0x15, 0x15, 0x98, 0x02,
    0x08, 0x0c, 0x08, 0x88, 0x03, 0x8f, 0x9e, 0x9c, 0xa0, 0x09, 0x99, 0xa4,
    0xa1, 0x98, 0x8d, 0xa2, 0x13, 0x23, 0x9b, 0x20, 0xa3, 0xa1, 0x1d, 0x05,
    0x8c, 0x0f, 0x98, 0x08, 0x91, 0x13, 0x91, 0x91, 0x97, 0x9a, 0x82, 0x05,
    0x01, 0x9a, 0x20, 0x89, 0x06, 0x0e, 0x07, 0x8c, 0xa4, 0x9c, 0x04, 0x0b,
    0x90, 0x84, 0x03, 0x84, 0x25, 0x01, 0x91, 0x28, 0x92, 0x89, 0x93, 0x84,
    0x06, 0x84, 0x97, 0x08, 0x86, 0x83, 0x14, 0x10, 0x87, 0x97, 0x0c, 0x97,
    0x08, 0x9f, 0x93, 0x1b, 0x93, 0x9d, 0x02, 0x16, 0x1a, 0x93, 0x90, 0x91,
    0x84, 0x98, 0x24, 0x9d, 0x9a, 0x1f, 0x9b, 0x85, 0x05, 0x05, 0x96, 0x9b,
    0x0c, 0x1a, 0x93, 0x03, 0x22, 0x15, 0x8f, 0x83, 0x01, 0x9f, 0xa1, 0xa0,
    0x24, 0x95, 0x9c, 0x8b, 0x90, 0x99, 0x89, 0x1b, 0x20, 0x1c, 0x9c, 0x02,
    0x08, 0x89, 0x8f, 0x12, 0x0a, 0x95, 0x1e, 0x15, 0x09, 0x13, 0x0c, 0x9d,
    0x98, 0x93, 0x0c, 0x84, 0x90, 0x0c, 0x90, 0x89, 0x9a, 0x21, 0x22, 0x05,
    0x1d, 0x0b, 0x9b, 0x97, 0x15, 0x06, 0x95, 0x1c, 0x95, 0x8e, 0x93, 0x93,
    0x18, 0x86, 0x91, 0x90, 0x90, 0x9c, 0x84, 0x1f, 0x06, 0x93, 0x1e, 0x9b,
    0xa2, 0x0f, 0x92, 0x97, 0x13, 0x9c, 0x22, 0x04, 0x14, 0xa2, 0x81, 0x1e,
    0x94, 0x09, 0x13, 0x13, 0x88, 0x9a, 0x17, 0x02, 0x87, 0x0a, 0x1f, 0x98,
    0x86, 0x9c, 0x18, 0x1c, 0x91, 0x9f, 0x99, 0x8b, 0x18, 0x20, 0x9f, 0xa2,
    0x1b, 0x1a, 0x8a, 0x92, 0x03, 0x01, 0x9a, 0x82, 0x19, 0x15, 0x03, 0xa1,
    0x80, 0x0a, 0x84, 0x88, 0x92, 0x1c, 0x0d, 0x93, 0x0f, 0xa5, 0x1a, 0x07,
    0x09, 0x9a, 0x1f, 0x8e, 0x0c, 0x10, 0x92, 0x9f, 0x96, 0x20, 0xa4, 0x0b,
    0x87, 0x8d, 0x99, 0x92, 0x08, 0x97, 0x81, 0x21, 0x8b, 0x12, 0x11, 0x0b,
    0x9d, 0x93, 0x11, 0x9b, 0x92, 0x86, 0x8a, 0x0a, 0x11, 0x19, 0x0a, 0x85,
    0x07, 0x9e, 0x12, 0x98, 0x15, 0x90, 0x21, 0x04, 0x1d, 0x97, 0x1b, 0x91,
    0x14, 0x9a, 0x07, 0x91, 0x06, 0x09, 0x97, 0x05, 0x8b, 0x94, 0x8b, 0x05,
    0x90, 0x19, 0x1c, 0x12, 0x07, 0x97, 0x0b, 0x91, 0x8e, 0x94, 0x92, 0x15,
    0x85, 0x9a, 0x19, 0x8d, 0x94, 0x95, 0x8f, 0x11, 0x1e, 0x19, 0x13, 0x05,
    0x13, 0x9c, 0x98, 0x04, 0x82, 0x0f, 0x17, 0x85, 0x0a, 0x90, 0x03, 0x91,
    0x1b, 0x0a, 0x1a, 0x06, 0x95, 0x03, 0x96, 0x9c, 0x98, 0x85, 0x12, 0x0e,
    0xa6, 0x19, 0x07, 0x9e, 0x83, 0x12, 0x24, 0x9c, 0x8a, 0x81, 0x89, 0x93,
    0x0a, 0x03, 0x1b, 0x93, 0x10, 0x12, 0x95, 0x1a, 0x17, 0x1c, 0x08, 0x8f,
    0xa3, 0x92, 0x19, 0x8d, 0x13, 0x17, 0x03, 0x02, 0x82, 0xa1, 0x21, 0x9b,
    0x8d, 0x05, 0x90, 0x1b, 0x99, 0x92, 0x0d, 0x15, 0x18, 0x1c, 0x15, 0x88,
    0x16, 0x9d, 0x1c, 0x1a, 0x81, 0xa1, 0x0c, 0x93, 0x0d, 0x1f, 0x8a, 0x88,
    0x0f, 0x1e, 0xa0, 0x82, 0x83, 0x86, 0x96, 0x11, 0x10, 0x1d, 0x0a, 0x9a,
    0x1d, 0x20, 0x0d, 0x18, 0x14, 0x13, 0xa6, 0x1a, 0x22, 0x81, 0x19, 0xa3,
    0x04, 0x12, 0x11, 0x0a, 0x92, 0x1b, 0x18, 0x1e, 0x18, 0x24, 0x1e, 0x20,
    0x04, 0x8f, 0x91, 0x20, 0x9a, 0x85, 0x9a, 0x07, 0x04, 0x93, 0x93, 0x83,
    0x95, 0x90, 0x15, 0x80, 0x86, 0x84, 0x91, 0x81, 0x0c, 0x09, 0x0e, 0x8b,
    0x1b, 0x94, 0xa5, 0x14, 0x15, 0x8f, 0x87, 0x92, 0x93, 0x0d, 0x1a, 0x17,
    0x99, 0x82, 0x81, 0x85, 0x85, 0x00, 0x11, 0x07, 0x0e, 0x8b, 0x0d, 0x0a,
    0x98, 0x0d, 0x0d, 0x99, 0x98, 0xa1, 0x8b, 0x0f, 0x21, 0x1f, 0x91, 0x94,
    0x9a, 0x16, 0xa6, 0x95, 0x1b, 0x1c, 0xa2, 0xa2, 0x01, 0x94, 0x10, 0x99,
    0x19, 0x8c, 0x04, 0x86, 0x16, 0x0b, 0x9e, 0x8a, 0x18, 0x11, 0x14, 0x04,
    0x18, 0x91, 0x9b, 0x92, 0x9b, 0x88, 0x99, 0xa4, 0x9a, 0x9d, 0x8c, 0xa3,
    0x13, 0x23, 0x9c, 0x20, 0xa3, 0x9f, 0x1d, 0x0b, 0x10, 0x0e, 0x99, 0x15,
    0x9a, 0x05, 0x17, 0x8f, 0x99, 0x9a, 0x04, 0x18, 0x8c, 0x9c, 0x21, 0x86,
    0x14, 0x8f, 0x13, 0x8d, 0xa3, 0x9e, 0x8c, 0x85, 0x96, 0x88, 0x92, 0x12,
    0x1f, 0x12, 0x93, 0x26, 0x05, 0x84, 0x9d, 0x90, 0x0f, 0x82, 0x8c, 0x11,
    0x00, 0x95, 0x83, 0x11, 0x06, 0x98, 0x14, 0x9b, 0x08, 0x97, 0x94, 0x1e,
    0x98, 0x9f, 0x86, 0x13, 0x17, 0x8a, 0x8d, 0x8b, 0x94, 0x8b, 0x21, 0x9e,
    0x9d, 0x05, 0x82, 0x9b, 0x9a, 0x9b, 0x1b, 0x98, 0xa0, 0x06, 0x15, 0x11,
    0x0e, 0x0d, 0xa0, 0x0e, 0x95, 0xa5, 0x9b, 0xa2, 0x24, 0x07, 0x99, 0x96,
    0x93, 0x98, 0x8d, 0x18, 0x21, 0x83, 0x98, 0x89, 0x05, 0x15, 0x0a, 0x00,
    0x86, 0x84, 0x95, 0x14, 0x0c, 0x1f, 0x1a, 0x9c, 0x8e, 0x85, 0x19, 0x91,
    0x89, 0x19, 0x99, 0x00, 0x9b, 0x1d, 0x22, 0x11, 0x1f, 0x00, 0x9c, 0x97,
    0x19, 0x14, 0x93, 0x20, 0x0e, 0x8e, 0x92, 0x8b, 0x83, 0x12, 0x20, 0x90,
    0x84, 0xa2, 0x90, 0x24, 0x8b, 0x9b, 0x15, 0xa1, 0xa2, 0x87, 0x83, 0x90,
    0x11, 0x9d, 0x23, 0x08, 0x01, 0x9f, 0x8a, 0x1d, 0x8f, 0x83, 0x0d, 0x0c,
    0xa5, 0x11, 0xa6, 0x25, 0x18, 0x89, 0x26, 0x1f, 0x14, 0x87, 0x1e, 0x1b,
    0x02, 0x11, 0x20, 0x22, 0x9e, 0x27, 0xa2, 0x20, 0x9d, 0xae, 0x28, 0x0d,
    0xa5, 0x20, 0x83, 0x23, 0x30, 0xae, 0x0b, 0xb1, 0x16, 0x23, 0x0d, 0xa0,
    0x9b, 0xab, 0x9c, 0x26, 0xa7, 0x9f, 0x34, 0x14, 0x99, 0xaf, 0x1d, 0xa1,
    0xb6, 0x2b, 0xaf, 0xb8, 0xaa, 0x33, 0x29, 0xb7, 0x0e, 0xa6, 0x87, 0x1f,
    0xb0, 0x84, 0x1e, 0x1d, 0x1d, 0xa8, 0x13, 0x92, 0xa1, 0x9b, 0x20, 0x8b,
    0xae, 0x91, 0x96, 0x1c, 0xa3, 0x0f, 0x28, 0x0d, 0x9b, 0x9a, 0x8e, 0x82,
    0xa7, 0xa0, 0x99, 0x07, 0x29, 0x05, 0x80, 0x95, 0xa4, 0x95, 0x29, 0x96,
    0x9a, 0x1b, 0x86, 0x1e, 0xae, 0x95, 0x91, 0x08, 0xa8, 0x97, 0x90, 0xa4,
    0xa2, 0x1e, 0xa6, 0x11, 0x28, 0x1a, 0xa0, 0x9d, 0xa6, 0x9d, 0x17, 0x03,
    0x12, 0xa2, 0x98, 0x9b, 0x1e, 0x28, 0x9e, 0x26, 0xa2, 0x10, 0x9d, 0x29,
    0x90, 0x1d, 0x25, 0x83, 0x09, 0x1c, 0x1d, 0x13, 0x22, 0x21, 0x28, 0x20,
    0xa5, 0x06, 0x08, 0xa1, 0x9d, 0xb5, 0x9d, 0xaa, 0xa3, 0x2c, 0x8b, 0x21,
    0x2b, 0xa4, 0x91, 0x11, 0x0a, 0x19, 0x1c, 0xa9, 0x99, 0xb0, 0xa8, 0x18,
    0xa5, 0x07, 0x34, 0x14, 0xa2, 0xab, 0x1c, 0x1e, 0x8d, 0x32, 0xb5, 0x96,
    0xaf, 0x37, 0xb0, 0xb3, 0x92, 0xaa, 0xa1, 0x32, 0xa2, 0xb1, 0x1d, 0x9f,
    0x0b, 0xa3, 0x1d, 0x1d, 0x96, 0x9d, 0x1b, 0xa2, 0xb1, 0xa8, 0x84, 0x89,
    0xa2, 0x9a, 0x11, 0x05, 0x98, 0x9c, 0xa3, 0x82, 0xa7, 0xa0, 0xa4, 0x1a,
    0x2a, 0x99, 0x8e, 0x9a, 0x92, 0x0b, 0x2b, 0x9e, 0x06, 0x21, 0xa3, 0x89,
    0xab, 0x1a, 0x96, 0x24, 0xa6, 0x27, 0x97, 0x84, 0x9e, 0x28, 0xa2, 0x99,
    0x24, 0x20, 0x97, 0x96, 0xa2, 0x9a, 0x19, 0x02, 0x19, 0x9b, 0x9b, 0x95,
    0x11, 0x0d, 0x17, 0x22, 0xa6, 0x87, 0xa1, 0x23, 0x8e, 0x96, 0x1f, 0x0e,
    0x09, 0x1d, 0x1f, 0x19, 0x16, 0x1a, 0x24, 0x2a, 0x8c, 0x24, 0xa3, 0x21,
    0x9f, 0xaa, 0x29, 0xa6, 0x9b, 0x27, 0x87, 0x20, 0x30, 0xaa, 0x00, 0xb1,
    0x2a, 0x22, 0x21, 0x12, 0xa3, 0x21, 0x90, 0xab, 0x03, 0x1e, 0x33, 0x9f,
    0x23, 0x11, 0x27, 0xab, 0xb9, 0x32, 0x34, 0xb3, 0xa3, 0x0c, 0x2a, 0xa4,
    0x0e, 0xb2, 0x01, 0x33, 0xaa, 0x30, 0x2b, 0xa9, 0x1d, 0x87, 0xa6, 0x98,
    0xa2, 0x9c, 0xa0, 0x1d, 0xb0, 0x8f, 0x9f, 0x99, 0x9b, 0x2a, 0x2c, 0x93,
    0x92, 0xa1, 0x85, 0x0c, 0xa7, 0x9c, 0x09, 0x81, 0x2e, 0xa0, 0x12, 0x02,
    0x97, 0x9e, 0x20, 0x99, 0x87, 0xa3, 0x1d, 0x13, 0xad, 0x07, 0x22, 0x88,
    0xa5, 0xa2, 0x1c, 0x13, 0x9a, 0x9a, 0xa8, 0x0c, 0x24, 0x1e, 0x8b, 0x98,
    0xa5, 0x89, 0x20, 0x06, 0x23, 0x9c, 0x90, 0x84, 0x1a, 0x13, 0x9d, 0x22,
    0xa2, 0x90, 0xa1, 0x24, 0x13, 0x80, 0x1f, 0x9e, 0x1c, 0x1e, 0x1b, 0x16,
    0x05, 0x28, 0x21, 0x28, 0x9b, 0x89, 0x03, 0xa0, 0xa3, 0xb1, 0x98, 0xb1,
    0x98, 0x2f, 0x94, 0x16, 0x2f, 0x01, 0x05, 0x92, 0x2a, 0x19, 0x26, 0x9c,
    0xa6, 0x1a, 0xa2, 0xb0, 0x11, 0x28, 0x33, 0xa2, 0x24, 0x25, 0x2a, 0xa2,
    0xa5, 0x35, 0x20, 0x25, 0xa5, 0x1b, 0xb3, 0x8c, 0x8f, 0xb4, 0xa2, 0x3a,
    0xad, 0x8b, 0x12, 0xa9, 0x80, 0x8c, 0x99, 0x19, 0xa2, 0x96, 0x93, 0x0a,
    0xb1, 0x9e, 0x99, 0xa0, 0xa1, 0x21, 0x21, 0x9a, 0x93, 0xa0, 0x93, 0x18,
    0xa7, 0x9b, 0x9a, 0x0d, 0x29, 0x9f, 0x04, 0x8d, 0x91, 0x83, 0x23, 0x9d,
    0x20, 0xa5, 0x03, 0x98, 0xad, 0x1b, 0x21, 0x20, 0xa1, 0x1b, 0x01, 0x24,
    0x92, 0x16, 0x9b, 0x08, 0x24, 0x21, 0x1b, 0x86, 0xa5, 0x01, 0x25, 0x0b,
    0x28, 0x15, 0x99, 0x07, 0x9f, 0x9e, 0x1a, 0x1f
};
